x,y,feature,timestamp
25,26,7,15082589
6,29,14,15084660
6,29,6,15084670
23,51,5,15085152
30,29,0,15085633
23,56,2,15087262
31,15,9,15088969
32,16,9,15092368
24,25,7,15093667
20,22,4,15120827
5,26,2,15121668
4,27,2,15122643
19,53,7,15149179
7,21,1,15172166
22,53,9,15179030
22,53,1,15179057
30,8,6,15182626
19,50,6,15183914
31,7,6,15184550
22,53,9,15184841
4,22,13,15186223
3,23,1,15186253
29,9,5,15187827
6,18,6,15212792
2,21,14,15212957
20,5,5,15213651
36,23,14,15217623
4,61,14,15279386
49,1,14,15311404
15,16,9,15312640
19,50,9,15332459
23,20,0,15359822
23,20,10,15436172
26,22,10,15464462
22,50,10,15468581
22,50,2,15468582
54,2,14,15498541
20,15,9,15519091
23,18,10,15526308
3,52,5,15551097
35,14,10,15556253
34,23,6,15557599
34,11,13,15557865
34,23,9,15558314
34,23,1,15558323
3,53,12,15559635
2,53,2,15562030
23,16,9,15562617
17,24,10,15571676
28,20,9,15579767
20,14,10,15581178
29,21,9,15581316
27,19,9,15582151
16,23,10,15582641
20,47,9,15583551
15,22,10,15587611
23,15,9,15593334
56,2,14,15617099
55,1,14,15617739
56,1,5,15619209
17,45,10,15622350
22,13,9,15641354
57,1,13,15652098
36,24,10,15652278
36,23,6,15654536
20,11,10,15676950
57,1,6,15677020
18,20,8,15677388
3,13,5,15680005
2,14,1,15680048
60,4,13,15681047
57,2,14,15683984
59,2,13,15684390
10,6,11,15685758
2,14,2,15687024
4,14,2,15708568
16,12,10,15717780
32,20,9,15718941
4,18,6,15734699
3,19,2,15734711
23,43,13,15741829
24,42,5,15741847
61,4,14,15748710
61,4,6,15748719
61,3,13,15749553
18,55,10,15776650
18,15,2,15796102
19,14,2,15805836
20,55,0,15812050
24,46,2,15812449
28,5,6,15813095
25,46,10,15828532
4,45,10,15832090
19,57,14,15837293
21,56,8,15837725
21,9,9,15838459
22,8,1,15838469
25,46,1,15840303
20,56,11,15840353
21,55,3,15840356
20,12,10,15844308
11,24,9,15856808
11,24,1,15856810
23,11,8,15861161
22,58,3,15869434
22,57,0,15871339
43,25,9,15873398
2,35,13,15892263
2,35,11,15896720
4,37,0,15904669
28,11,9,15904901
8,47,14,15905965
6,36,5,15906179
4,38,2,15906180
23,55,3,15906367
46,7,6,15906497
6,38,14,15924612
6,38,6,15924618
15,27,1,15927033
7,37,6,15927746
30,10,6,15927886
12,30,9,15929057
16,27,10,15929127
6,39,10,15930021
6,39,2,15930023
5,40,1,15931002
16,26,1,15931122
5,38,10,15931451
4,41,2,15931896
4,41,5,15932037
1,42,10,15932297
26,14,3,15933299
7,38,2,15935392
7,39,14,15936468
39,6,11,15937083
11,30,10,15937402
7,38,1,15937767
14,31,14,15953147
8,40,6,15954685
15,30,13,15957133
14,31,9,15957137
7,39,3,15962566
7,41,14,15964666
6,40,6,15964683
14,32,9,15964985
14,32,10,15965276
14,32,2,15965283
7,40,0,15966757
9,40,5,15968905
8,41,1,15968913
9,40,14,15981626
8,43,1,15982321
15,33,10,15984802
10,41,14,15985300
27,17,8,15986581
7,42,9,15988745
9,40,6,15989311
8,42,8,15990816
44,20,14,15990837
8,44,2,15992460
20,28,2,15994851
16,33,14,15996541
16,33,1,15997140
28,13,9,15997752
26,18,11,15999253
26,20,11,16017450
11,45,8,16026539
11,44,6,16027687
11,43,5,16029466
10,44,6,16030710
11,47,6,16046636
12,46,5,16048787
27,22,8,16053390
47,27,14,16054163
10,48,14,16054283
10,48,9,16055966
10,48,1,16055986
49,30,14,16056349
7,58,6,16058815
49,29,14,16060745
48,29,4,16061604
18,36,1,16062195
48,22,2,16062594
2,20,1,16083062
42,5,5,16083129
17,43,12,16088409
1,21,14,16088583
48,25,13,16091170
48,26,8,16091177
14,48,1,16093376
15,46,1,16094295
14,48,2,16094414
40,7,6,16112552
49,26,0,16120460
41,4,14,16122623
42,3,6,16122646
42,1,13,16146742
48,25,8,16147120
49,25,1,16152614
48,24,9,16154968
21,55,2,16155785
49,25,3,16156176
41,2,5,16156716
5,23,13,16169950
6,22,5,16169952
48,25,2,16179100
48,24,6,16180481
40,4,12,16181072
49,25,0,16181438
2,24,6,16186044
39,4,6,16186888
3,26,10,16202952
19,48,10,16211853
19,48,2,16211881
47,49,6,16238583
46,49,9,16244627
47,48,1,16244652
49,23,9,16247813
48,48,6,16249123
8,16,4,16261671
48,59,9,16263061
5,28,1,16263914
47,60,2,16264815
1,11,5,16266157
45,49,10,16266250
44,48,2,16266251
49,58,14,16266948
49,58,6,16267052
48,61,10,16267340
49,57,13,16267357
4,29,2,16268191
4,29,1,16268456
48,22,10,16268849
48,22,2,16268850
48,59,2,16268884
47,59,9,16269624
47,20,2,16269670
48,58,13,16269879
50,59,5,16269998
45,46,14,16270200
6,28,8,16270533
48,60,10,16270798
48,60,2,16270811
9,18,5,16270937
50,58,5,16271301
48,60,8,16272253
49,59,0,16272257
47,21,9,16272373
49,56,14,16272449
48,57,1,16272460
50,56,13,16272469
47,49,1,16272476
47,18,14,16272604
50,58,13,16272719
50,59,6,16272817
48,19,13,16272943
47,18,5,16272945
50,56,14,16273002
34,6,6,16273348
49,46,13,16273656
50,58,14,16274198
34,5,15,16274774
1,12,5,16274904
35,2,4,16275255
34,5,7,16275427
49,59,2,16275838
51,56,5,16275864
50,57,1,16275870
51,55,13,16277202
49,55,5,16277204
2,13,13,16277701
46,49,2,16277938
51,57,13,16278265
48,47,2,16278557
46,48,2,16278974
48,57,9,16280004
50,59,9,16280063
48,58,10,16280465
47,59,2,16280469
53,21,5,16280715
48,17,13,16280890
6,17,14,16281224
48,48,10,16281550
48,48,2,16281556
49,59,3,16281663
46,45,5,16281740
45,46,1,16281746
34,6,4,16282109
34,5,4,16282250
48,57,10,16293095
49,58,2,16295100
50,57,9,16295118
50,57,2,16297479
49,57,10,16297483
8,22,14,16297605
51,58,8,16298793
51,56,2,16303677
6,32,8,16306572
7,31,8,16312909
4,27,14,16337677
54,56,14,16338290
2,19,0,16339977
47,46,10,16342608
45,47,11,16361696
53,56,14,16366137
2,41,14,16369676
56,57,6,16375098
3,43,5,16386729
7,42,2,16389045
54,57,2,16394162
6,44,1,16399425
58,56,5,16399980
56,58,8,16401181
55,58,8,16401823
5,45,1,16402917
8,42,11,16403641
7,44,8,16404461
2,46,11,16404970
55,57,10,16405487
56,56,2,16405490
55,58,10,16406171
56,57,11,16406175
58,55,13,16406218
57,58,2,16406224
8,41,3,16406504
60,56,5,16417762
57,56,9,16418261
60,54,13,16418693
59,55,9,16418695
55,45,6,16421974
57,57,11,16422080
2,49,10,16422318
3,48,9,16422323
57,57,10,16422503
60,55,13,16423270
13,41,1,16424843
2,27,3,16425360
58,56,9,16425675
59,54,13,16425826
57,56,10,16426113
58,57,11,16426320
60,55,6,16427180
51,46,10,16427325
50,45,2,16427327
57,54,6,16427447
58,56,10,16427515
45,18,2,16427756
59,57,8,16427950
58,56,0,16427971
60,56,6,16428523
56,56,1,16429133
5,49,11,16429686
61,54,13,16429903
58,57,2,16430135
60,57,9,16430137
58,57,1,16430138
59,57,10,16430290
57,57,2,16430291
11,44,0,16430413
55,45,9,16430587
51,45,10,16430619
52,46,2,16430623
53,44,9,16431310
56,55,9,16431421
3,50,1,16431601
51,44,6,16432005
59,56,10,16432452
57,56,2,16432454
59,56,9,16432457
59,54,1,16432463
6,29,0,16432618
52,45,15,16432826
49,46,1,16432911
46,17,13,16433223
45,16,5,16433246
48,41,6,16433278
51,46,12,16433555
53,46,4,16433556
61,55,5,16433648
9,31,3,16434343
58,56,10,16434876
56,56,2,16434877
61,53,13,16435763
60,57,10,16435813
59,54,9,16435815
60,55,1,16435817
57,56,12,16436458
58,55,4,16436461
59,54,10,16436509
61,55,13,16436868
12,44,0,16437037
52,43,6,16437188
60,56,9,16437230
60,54,1,16437233
51,44,5,16437479
51,44,9,16437483
61,54,6,16437619
42,11,10,16437651
55,43,13,16437738
52,44,2,16437762
61,55,9,16446737
53,44,12,16452384
58,54,10,16452722
61,53,15,16452949
61,55,11,16452968
8,52,2,16454090
10,50,1,16454111
60,54,2,16454140
59,54,2,16454310
8,53,2,16455270
9,51,1,16455363
54,45,2,16455724
55,44,9,16455727
10,51,11,16456387
7,54,2,16458401
15,44,9,16459212
61,56,8,16460260
60,53,1,16461022
61,53,12,16461185
8,53,10,16461440
59,53,9,16462187
59,53,1,16462236
16,39,13,16462345
1,32,13,16464256
1,32,5,16464267
9,52,14,16464722
61,53,9,16465003
62,52,1,16465010
61,53,10,16467358
14,36,10,16468885
15,35,9,16481883
18,48,1,16485540
19,45,8,16487019
61,52,9,16490425
20,43,8,16490974
19,44,3,16492276
19,37,1,16496339
54,43,11,16496352
20,38,9,16497580
2,46,10,16511603
20,36,9,16513539
56,42,11,16514925
2,47,0,16516719
9,35,11,16516751
24,43,8,16517304
23,48,2,16517877
3,49,14,16518360
24,45,0,16518386
24,44,8,16519362
24,44,0,16519546
57,42,1,16519779
55,43,3,16519854
2,48,14,16519906
6,41,13,16520531
1,55,2,16522732
52,45,2,16523175
10,35,0,16523668
10,35,3,16523735
11,36,8,16524108
24,40,9,16524458
6,47,2,16525842
25,46,1,16526111
4,45,10,16527100
25,46,0,16528024
6,45,2,16528045
3,48,0,16528358
2,50,15,16528562
7,45,3,16528906
22,36,1,16529018
56,43,8,16529336
56,43,0,16529340
26,43,0,16530471
25,43,11,16530824
16,42,10,16545002
12,40,10,16548624
13,47,10,16551630
14,36,8,16551719
16,37,1,16551745
15,36,10,16553254
13,44,3,16553584
28,43,6,16553636
56,42,5,16554743
13,45,12,16554899
60,42,1,16555477
56,44,2,16555681
57,43,2,16555683
61,40,14,16556069
62,41,6,16556070
60,41,10,16556073
61,42,2,16556079
11,50,8,16556361
45,18,10,16556509
56,44,1,16556829
14,36,11,16556857
56,42,6,16556946
54,44,1,16557217
14,46,2,16557676
57,42,0,16558042
57,43,11,16558063
53,44,1,16558489
58,41,1,16558539
56,42,10,16558594
60,42,10,16558666
59,43,2,16558667
61,41,1,16558674
56,43,2,16558737
15,45,10,16558757
55,39,13,16558763
54,38,5,16558772
56,44,9,16559195
55,43,1,16559197
12,50,7,16559237
59,42,1,16559508
16,41,10,16560686
16,41,2,16560698
57,41,13,16560734
58,42,8,16560888
16,36,3,16560988
61,39,6,16561623
62,41,9,16561677
61,42,1,16561678
16,45,8,16561755
54,38,14,16561854
53,37,6,16561857
53,39,10,16561861
61,41,2,16561931
61,41,9,16561932
62,40,1,16561935
54,44,9,16562265
54,44,1,16562272
59,40,6,16562533
58,41,2,16562554
54,39,0,16562687
57,42,11,16562691
60,41,2,16570069
60,39,15,16571290
59,39,5,16571448
59,40,15,16572443
59,40,7,16572446
61,38,1,16572644
61,38,15,16572850
61,39,12,16573134
57,42,1,16573241
61,40,1,16573251
60,38,5,16574765
62,39,9,16575121
62,39,1,16575127
61,38,2,16575920
61,41,12,16576095
60,40,7,16576859
61,37,5,16577334
62,39,10,16577806
62,39,2,16577823
58,40,5,16577844
57,40,1,16578772
61,37,1,16578834
56,37,5,16578950
29,6,7,16579293
60,39,7,16579615
29,6,4,16579875
60,38,15,16579929
61,38,12,16580114
48,24,2,16580399
61,40,12,16580446
60,40,10,16580450
59,38,5,16580565
59,38,6,16580652
60,39,10,16580656
60,40,4,16580863
61,39,9,16581375
60,40,1,16581377
55,37,11,16581989
61,37,2,16582068
58,40,13,16582274
60,37,5,16582332
43,5,1,16582650
59,39,4,16582652
59,40,10,16582654
59,40,2,16582655
61,39,15,16582686
61,39,2,16582720
46,16,14,16582925
32,13,14,16582960
26,12,14,16583444
61,37,9,16583598
48,15,5,16584120
51,23,1,16584666
56,41,14,16584801
55,42,6,16584802
56,43,10,16584803
54,43,2,16584805
61,36,6,16584826
59,39,12,16584901
61,38,7,16584905
19,44,14,16584998
57,41,14,16585152
56,40,14,16585369
61,39,12,16585457
62,40,4,16585458
40,39,13,16585472
39,40,9,16585515
61,37,10,16585614
38,39,2,16586190
57,39,13,16586689
58,40,15,16587101
59,41,7,16587102
57,40,10,16587105
56,41,2,16587106
60,38,12,16587149
58,39,13,16587341
58,39,5,16587346
59,38,7,16587450
60,38,9,16587744
56,36,13,16588064
55,35,5,16588080
60,37,9,16588247
60,39,1,16588248
34,9,13,16588477
33,11,12,16588479
33,10,9,16588483
52,22,1,16588596
52,22,2,16589009
31,14,6,16589041
44,27,9,16589165
59,39,15,16589232
49,56,10,16589285
62,39,7,16589414
42,39,13,16589630
42,39,5,16589633
19,44,13,16589810
61,38,4,16589979
60,37,10,16590160
44,15,6,16590168
43,16,10,16590169
40,41,11,16590453
40,41,3,16590460
31,37,9,16590760
14,55,1,16590778
14,54,2,16590790
59,37,1,16590818
59,37,2,16590822
62,39,4,16590913
49,58,11,16590963
40,40,9,16590982
49,14,15,16591273
19,39,1,16591393
56,34,5,16591495
49,54,13,16591550
43,38,5,16591555
39,38,11,16591560
39,38,3,16591566
61,35,5,16591674
45,15,9,16591677
56,40,1,16591862
58,38,1,16591868
31,11,13,16592097
32,12,5,16592099
33,10,15,16592274
62,38,4,16592409
61,35,6,16592416
60,36,2,16592417
61,39,7,16592419
59,39,10,16592422
61,38,1,16592687
59,37,10,16592811
59,39,2,16592813
61,36,13,16592907
57,40,15,16593018
58,39,7,16593020
61,35,2,16593059
21,4,6,16593068
31,13,5,16593566
55,41,10,16593576
56,40,2,16593580
57,40,6,16593622
57,42,10,16593625
61,38,15,16593628
61,36,7,16593644
28,4,7,16593693
53,21,1,16593881
58,38,7,16594503
62,36,15,16601735
58,37,6,16603000
60,36,12,16603409
61,34,15,16603633
62,36,12,16604603
32,38,10,16605465
41,38,5,16605938
62,34,15,16606376
61,35,7,16606377
61,33,6,16607329
62,35,15,16607712
59,35,2,16608095
47,23,15,16608228
31,10,15,16608951
27,2,15,16609130
28,12,14,16609932
61,36,12,16610319
62,35,4,16610321
21,11,14,16610450
27,3,12,16610488
50,20,0,16611100
60,36,15,16611473
59,36,6,16612257
58,37,2,16612261
61,32,5,16612297
61,34,7,16612302
13,1,14,16613142
59,35,15,16613267
60,33,14,16613311
60,35,10,16613313
59,34,2,16613315
60,35,12,16613395
15,3,14,16613612
15,3,6,16613622
62,34,7,16613708
55,53,6,16614035
54,54,2,16614038
51,53,0,16614096
29,12,12,16614273
26,2,15,16614451
32,9,15,16614472
41,13,2,16614567
53,52,14,16614569
33,8,15,16614589
52,19,12,16614748
51,18,2,16614813
57,32,5,16614912
42,24,2,16615084
54,56,11,16615240
43,23,2,16616075
47,12,12,16616109
55,30,13,16616168
30,11,12,16616213
56,54,14,16616258
55,53,3,16616444
61,34,2,16616562
55,53,1,16616727
61,33,4,16616765
58,35,1,16617165
58,35,2,16617176
61,33,12,16617495
60,35,7,16617586
30,12,1,16617759
43,41,9,16617834
59,36,2,16617898
60,32,2,16618271
61,32,13,16618383
62,33,5,16618385
54,55,2,16618561
52,51,5,16618591
27,7,6,16618637
26,8,10,16618643
56,30,13,16619234
59,35,9,16619238
60,34,1,16619239
29,13,1,16619346
27,7,13,16619409
46,11,15,16619480
54,55,14,16619521
19,35,5,16620144
62,33,15,16620496
61,32,7,16620497
20,10,15,16620514
20,35,1,16620827
57,37,9,16621257
58,36,1,16621258
60,34,10,16621356
59,33,2,16621358
29,41,2,16621529
59,35,10,16621569
57,37,15,16621970
55,55,10,16622098
60,34,9,16622211
59,35,2,16622216
61,33,2,16622219
61,33,1,16622223
51,52,9,16622256
50,51,1,16622262
26,13,13,16622541
27,14,5,16622543
28,8,15,16622544
28,8,7,16622546
60,33,15,16622564
24,8,6,16622726
57,31,5,16622760
56,53,9,16622966
56,53,1,16622968
18,10,14,16623039
23,7,14,16623063
20,12,5,16623571
32,36,9,16623657
57,37,2,16623662
46,10,6,16623836
50,52,11,16623902
62,33,4,16623969
27,34,10,16623981
27,34,2,16623984
52,50,14,16624001
55,31,14,16624014
56,30,6,16624015
56,30,13,16624016
56,30,5,16624020
56,29,5,16624246
26,2,12,16624248
60,31,10,16624325
55,29,14,16624351
28,7,12,16624369
60,32,9,16624387
61,31,1,16624388
56,53,2,16624557
58,34,2,16624629
59,31,9,16624664
29,5,15,16624703
51,54,11,16624941
51,54,3,16624942
59,35,12,16625018
60,36,4,16625024
62,31,15,16632381
59,34,1,16632518
61,29,2,16632865
30,8,5,16635314
61,31,13,16637250
54,52,14,16637586
61,28,1,16637937
28,10,6,16638165
45,21,15,16638553
59,31,2,16638929
25,13,6,16638976
26,12,15,16639485
13,42,13,16639681
58,34,2,16640444
56,50,13,16641614
54,50,10,16641619
61,32,12,16641836
61,28,15,16642039
58,33,10,16642750
57,34,2,16642751
54,48,13,16643070
15,36,9,16643413
61,27,2,16643590
59,32,15,16644204
61,30,15,16644205
60,31,7,16644210
62,29,7,16644254
16,35,1,16644489
60,33,9,16644490
58,33,1,16644491
33,22,12,16644514
61,27,1,16644584
30,1,13,16644691
17,35,15,16644902
20,7,13,16644960
14,39,8,16645121
19,34,15,16645279
52,12,1,16645849
62,30,12,16646231
59,32,12,16646245
56,50,14,16646463
56,50,6,16646466
60,28,2,16646573
24,13,14,16646621
57,33,2,16646870
60,30,9,16647543
60,30,1,16647561
52,15,4,16647600
14,36,14,16647806
61,27,15,16648036
61,28,12,16648483
12,41,14,16648495
13,40,6,16648497
51,14,12,16648565
25,6,6,16648668
24,7,5,16648669
16,35,2,16648821
16,38,14,16648860
49,13,14,16649085
59,29,10,16649119
57,49,13,16649499
57,49,5,16649506
57,35,12,16649583
58,34,4,16649585
62,30,7,16649606
60,28,9,16649610
62,28,1,16649611
18,34,15,16649800
58,32,15,16649999
38,25,6,16650059
58,33,13,16650200
59,32,5,16650201
58,33,9,16650426
14,37,15,16650671
23,14,6,16650866
24,13,5,16650869
60,27,2,16651570
6,2,10,16651584
59,29,2,16651622
60,30,15,16651624
60,29,8,16651898
22,15,5,16651913
62,29,12,16652441
62,29,4,16652443
61,29,4,16652528
25,9,14,16652555
25,9,6,16652580
61,27,12,16652644
56,28,14,16652713
56,28,6,16652717
42,9,6,16652935
25,9,13,16653071
61,25,1,16653124
14,41,8,16653181
54,50,2,16653232
61,29,12,16653331
62,30,4,16653333
21,32,1,16653428
56,50,15,16653478
56,50,7,16653483
56,50,10,16653620
61,27,10,16653901
13,37,13,16654178
13,37,5,16654191
30,5,2,16654467
40,11,6,16654614
59,49,5,16654616
57,49,6,16654665
58,48,13,16654667
15,40,8,16654704
33,11,13,16654801
33,11,5,16654803
32,3,15,16654887
39,14,13,16655157
22,15,14,16655198
21,16,6,16655200
18,33,1,16655293
60,48,13,16655350
14,37,12,16655519
61,26,15,16655571
14,40,11,16655602
30,26,8,16655709
44,18,5,16655723
43,20,8,16655727
44,19,0,16655729
12,10,9,16655730
13,9,1,16655737
29,2,12,16655773
38,13,5,16655872
11,41,6,16656004
54,47,9,16656331
27,4,12,16656670
19,6,5,16656902
62,27,15,16660677
18,32,9,16662348
18,32,1,16662357
59,26,2,16665254
10,39,5,16665424
62,26,15,16665571
45,14,2,16666631
12,36,1,16667008
61,25,12,16668163
22,14,14,16668790
10,39,6,16669109
60,27,7,16669154
24,12,15,16669903
26,37,9,16670246
10,38,5,16670608
59,28,15,16670764
60,27,10,16671022
31,39,10,16672257
22,14,5,16672558
21,15,6,16672718
9,40,6,16674459
32,37,13,16674806
61,27,4,16674930
60,24,5,16675551
9,38,5,16675722
17,31,9,16675732
10,37,15,16675735
10,36,9,16676013
14,33,15,16676021
9,39,13,16676070
17,5,14,16676116
61,23,15,16676385
9,39,5,16676593
58,48,14,16676637
9,39,15,16676715
58,29,15,16676742
12,35,12,16676884
61,26,15,16677175
61,26,7,16677178
23,13,15,16677349
14,34,7,16678033
58,27,10,16678057
59,27,15,16679053
8,40,6,16679317
8,40,13,16679328
30,38,10,16679378
7,41,14,16679396
17,32,9,16679528
16,31,1,16679537
16,32,2,16679993
9,39,12,16680419
58,28,1,16680550
9,37,13,16680561
8,40,15,16680786
3,2,14,16681471
3,2,6,16681473
2,3,10,16681478
2,3,2,16681490
10,38,7,16681563
25,36,9,16682129
6,42,6,16682190
8,40,5,16682201
8,38,14,16682291
9,37,15,16682298
58,47,13,16682320
60,26,15,16682558
60,26,7,16682568
30,22,13,16683070
60,23,2,16683160
17,31,1,16683438
60,26,9,16683519
59,27,1,16683521
21,8,13,16683676
10,37,7,16683829
8,39,15,16683913
22,37,2,16684099
13,33,12,16684171
10,36,12,16684353
9,36,15,16684599
54,45,13,16684611
14,33,7,16684668
9,35,9,16684897
10,34,1,16684898
24,37,9,16685214
23,36,1,16685227
5,4,6,16685516
6,3,5,16685521
7,39,6,16685524
9,38,12,16685533
27,37,4,16686184
29,3,9,16686762
22,13,14,16686787
22,13,6,16686791
8,37,13,16686931
9,37,12,16686933
9,39,4,16686941
57,46,13,16686959
57,47,7,16686962
8,40,12,16687138
10,37,4,16688541
14,30,12,16700143
9,32,15,16700980
17,28,2,16702390
24,30,10,16702576
9,33,12,16703049
6,36,13,16703193
19,29,2,16703663
8,33,15,16704529
9,32,12,16704880
14,29,12,16705151
24,48,2,16705377
2,2,10,16705913
24,46,10,16705931
21,28,9,16705972
8,32,15,16706230
7,33,13,16706315
8,32,5,16706322
22,28,7,16706919
6,37,14,16707255
20,28,1,16707435
19,51,10,16708297
5,36,14,16708442
23,28,7,16708792
14,28,2,16709667
6,35,15,16709765
21,28,10,16710418
21,28,12,16711157
14,27,10,16711547
13,28,2,16711549
9,30,15,16711775
22,49,3,16711789
23,45,7,16712193
5,37,5,16712368
21,27,7,16712669
21,28,2,16714060
6,34,15,16714104
7,33,12,16714182
6,33,13,16714188
7,34,12,16714192
22,32,1,16714414
22,27,7,16714419
8,30,15,16715015
6,35,5,16715208
20,27,4,16715619
21,26,1,16715624
1,1,10,16715668
21,41,10,16715771
5,34,14,16716067
5,34,6,16716069
6,32,5,16716113
22,27,4,16716554
22,27,15,16716774
6,33,15,16716912
27,29,0,16717328
14,27,9,16717579
22,40,2,16717583
16,26,1,16718330
26,28,0,16718613
16,25,1,16719489
8,27,14,16728541
8,27,6,16728546
24,41,9,16729018
26,27,9,16729192
7,28,6,16729536
8,27,5,16729538
27,28,9,16729845
7,28,5,16729987
27,27,9,16731339
17,23,7,16731997
21,24,2,16732951
8,27,15,16733443
20,23,10,16736395
21,29,9,16737321
23,25,1,16738718
18,23,10,16739118
24,29,12,16739495
7,27,15,16740341
21,23,2,16740908
22,29,4,16740972
5,30,14,16741096
6,29,6,16741099
6,29,15,16741102
6,28,13,16741615
7,27,5,16741616
5,30,5,16741856
17,38,8,16741996
17,38,0,16742044
11,32,8,16742220
17,22,15,16742794
22,9,10,16743468
22,9,2,16743469
14,23,9,16743478
20,23,1,16743605
6,27,14,16743738
25,23,1,16743932
6,28,6,16744035
22,41,12,16744098
21,29,15,16744259
7,28,12,16744823
18,22,7,16744854
15,22,7,16745439
16,22,7,16745487
24,27,2,16746149
11,9,7,16746716
20,22,2,16746883
22,29,12,16747036
16,36,6,16747337
25,22,12,16747546
23,23,9,16747561
21,23,1,16747562
17,22,12,16747614
17,22,10,16747617
8,28,4,16747817
14,23,10,16748553
7,26,15,16748779
12,37,11,16748842
21,22,2,16748870
22,28,1,16749259
23,28,1,16749387
25,26,1,16749391
24,23,10,16750525
24,23,2,16750527
6,27,6,16750572
18,22,4,16750624
17,21,7,16750625
28,26,2,16750886
28,26,10,16758279
12,21,1,16758542
13,19,9,16768392
23,20,7,16769036
19,35,8,16771105
22,26,2,16773091
59,27,8,16775381
29,25,9,16776551
10,20,10,16776968
14,18,1,16778963
13,19,14,16779224
14,30,5,16779286
14,19,15,16779486
60,26,12,16780183
15,22,4,16780724
12,18,9,16780740
15,17,9,16790795
15,17,1,16790797
58,28,10,16797912
24,22,9,16800108
26,19,9,16800240
40,8,12,16803826
59,25,6,16804497
21,17,10,16807500
38,8,6,16807971
22,22,2,16808979
18,15,1,16808985
24,18,10,16810697
24,17,7,16812789
23,16,10,16831637
21,20,2,16835949
20,20,14,16836949
20,20,6,16836952
19,21,10,16836954
19,21,2,16836956
58,24,10,16837691
23,15,9,16838447
22,15,10,16839780
21,15,10,16840641
30,29,9,16841413
58,25,2,16843328
60,21,5,16843668
28,30,9,16843696
25,15,9,16844255
59,23,1,16859638
60,20,2,16859670
58,22,9,16866947
3,2,13,16869096
60,22,1,16869133
59,23,2,16869162
38,6,15,16872415
61,19,12,16873309
23,13,4,16875076
57,41,4,16876129
60,22,12,16886320
60,18,15,16887358
61,19,7,16890879
59,18,2,16892293
59,19,15,16893413
11,16,2,16893769
58,21,9,16895274
57,20,9,16897745
61,19,5,16899323
61,20,12,16902270
60,21,4,16902273
59,22,5,16903278
57,22,1,16903291
27,3,14,16905197
27,3,6,16905211
59,21,12,16906135
60,22,4,16906137
61,15,13,16906223
58,20,1,16906451
33,8,0,16907204
60,20,12,16930797
24,17,14,16996048
23,14,0,17000545
23,18,5,17021395
22,19,6,17023775
14,20,6,17024671
17,15,6,17025155
22,19,5,17029668
21,20,11,17030182
22,19,3,17030193
27,17,5,17031869
23,20,5,17048408
21,21,11,17049936
20,22,11,17050278
17,24,11,17050670
13,19,6,17052873
9,22,10,17054455
22,21,14,17054793
23,20,6,17054848
22,21,13,17054974
21,22,5,17054980
22,22,8,17054994
20,23,5,17056084
8,29,15,17056218
23,22,8,17056276
23,22,0,17056277
19,34,14,17057157
19,34,6,17057168
11,19,14,17057708
20,23,6,17058121
17,25,0,17058156
21,22,11,17058481
21,36,14,17059585
22,22,11,17059696
22,23,13,17060337
21,22,5,17060339
21,21,14,17060503
23,21,6,17060505
22,21,11,17060507
13,20,8,17060790
17,27,8,17061475
22,39,2,17062326
17,18,0,17062378
21,21,13,17062386
13,19,0,17062906
21,25,3,17062957
20,27,3,17063613
18,27,11,17077999
11,21,11,17078438
10,22,11,17080305
19,25,8,17080680
14,22,13,17081371
25,35,1,17082637
12,22,14,17082641
21,25,6,17088409
20,25,11,17088412
21,42,13,17089640
11,23,8,17092323
24,40,14,17093569
24,40,6,17093594
13,24,8,17110844
17,29,10,17111298
21,27,14,17112152
21,27,6,17112164
11,26,8,17112538
19,28,14,17115611
20,27,6,17115613
10,27,8,17116270
8,28,11,17117386
9,28,8,17117755
25,42,13,17118264
25,42,5,17118266
20,28,11,17120011
13,25,11,17120234
12,25,11,17120589
10,28,6,17121092
12,26,5,17121110
26,41,8,17121365
12,25,0,17121485
16,24,8,17121732
11,26,11,17123154
8,29,11,17123856
10,27,11,17123861
10,28,8,17123878
29,19,9,17124850
28,39,8,17125018
23,42,7,17125517
15,23,3,17125937
22,29,6,17135499
21,30,6,17138499
15,26,5,17139987
23,46,14,17140005
23,46,6,17140009
9,34,1,17140151
13,29,8,17140960
28,40,8,17141512
14,27,11,17141579
10,32,8,17141582
12,30,8,17141583
12,29,11,17142102
15,27,11,17142363
27,41,11,17142556
10,33,1,17143689
22,47,6,17144377
11,31,11,17146072
12,30,11,17146073
14,30,8,17149707
24,46,1,17149977
11,33,8,17150534
13,31,8,17150537
23,30,0,17151002
12,31,11,17151592
12,31,0,17152790
1,2,10,17153703
24,30,0,17154118
28,42,8,17154177
12,32,11,17154581
11,31,3,17154588
14,31,8,17154620
25,29,8,17155147
24,46,0,17155761
14,34,5,17165731
14,34,13,17166106
15,33,5,17166107
15,33,8,17170142
18,30,11,17170355
19,31,8,17171739
15,34,8,17173910
18,31,11,17174828
26,34,14,17176622
29,26,5,17178158
30,32,0,17178748
14,35,11,17179296
15,34,11,17179754
17,32,11,17179763
19,30,3,17180356
19,32,8,17181320
26,32,11,17182092
26,30,3,17182094
28,31,0,17182945
15,34,0,17184598
17,34,8,17184851
28,32,8,17184892
18,32,3,17186052
15,36,8,17186439
21,32,8,17186623
19,33,8,17186641
15,35,11,17187223
17,36,9,17195438
14,40,10,17201354
14,40,2,17201360
20,35,8,17201829
19,35,8,17201917
23,33,5,17202718
22,34,6,17203028
14,49,11,17203126
22,34,5,17203587
21,34,11,17204773
21,35,6,17206962
18,36,8,17207377
19,36,6,17207492
21,35,8,17207590
20,35,11,17209474
19,36,8,17209769
21,35,5,17209825
57,23,10,17210293
57,23,2,17210304
22,34,0,17210948
11,17,13,17211676
58,19,5,17212100
17,37,11,17212702
20,36,6,17212713
17,38,6,17212861
19,35,3,17213154
14,19,0,17214447
21,36,8,17214856
20,35,0,17214861
18,36,0,17214909
17,38,8,17215345
20,54,0,17215622
20,36,5,17215907
22,34,3,17216131
57,26,9,17216307
19,36,11,17217048
21,35,0,17217916
22,37,5,17229976
20,37,11,17229978
21,38,8,17234898
19,39,8,17239666
20,38,11,17242245
14,20,13,17243813
20,39,5,17243893
19,40,6,17243899
23,37,13,17245679
23,37,11,17245681
21,38,11,17246086
10,18,13,17248693
19,39,11,17249053
19,40,5,17250494
20,40,10,17293510
22,38,1,17299575
31,39,10,17300272
30,38,9,17303267
29,37,1,17303269
26,37,10,17306222
26,37,2,17306249
29,38,4,17306363
27,38,4,17306953
23,37,1,17307022
30,38,4,17307100
29,38,10,17307370
23,38,2,17307766
29,38,12,17309707
26,37,15,17311762
28,37,9,17311917
29,37,7,17311951
25,37,15,17312169
25,36,9,17312233
21,38,15,17312365
23,38,12,17312650
27,37,1,17312747
20,38,15,17322093
21,37,15,17323152
21,37,2,17324791
20,37,2,17325481
22,36,1,17327954
19,38,15,17328810
22,37,12,17328841
21,36,2,17329559
16,52,3,17330625
21,37,12,17330912
20,37,15,17332133
30,35,7,17332158
23,36,12,17332373
19,39,12,17332657
16,49,1,17332699
21,55,13,17332853
18,54,3,17332858
20,56,9,17332860
20,55,14,17332863
21,56,0,17335080
24,34,9,17335243
30,35,4,17335910
29,34,9,17335919
18,40,15,17336100
25,53,13,17336313
26,35,12,17336443
30,35,15,17336884
22,36,12,17336914
27,35,12,17337493
23,35,15,17338316
28,34,1,17338699
23,35,2,17339144
20,52,9,17339267
19,51,1,17339275
24,35,12,17339594
24,35,7,17339741
30,35,1,17339866
22,47,6,17340102
17,52,1,17340251
26,34,15,17340935
26,34,1,17342531
19,37,15,17342607
28,33,1,17342711
29,34,7,17342715
32,35,4,17342828
29,33,9,17342870
21,35,1,17343027
21,44,0,17343485
21,48,5,17343565
19,50,1,17343566
20,51,7,17343567
22,35,2,17343929
26,34,9,17344175
20,36,12,17352673
19,37,12,17354683
20,35,15,17355432
20,34,5,17357763
27,32,10,17359132
27,32,2,17359151
18,37,15,17361154
26,31,10,17363137
25,32,1,17363150
25,32,15,17364334
29,32,7,17365254
18,36,15,17365490
20,35,12,17365869
30,32,7,17366412
19,36,12,17367063
29,32,9,17367732
23,33,12,17368023
22,32,9,17368356
21,34,12,17369053
29,32,4,17369938
26,32,9,17370243
24,32,1,17370245
21,33,15,17370292
28,32,10,17370791
19,35,12,17372238
20,34,12,17373433
23,32,15,17373908
18,34,15,17387015
20,33,12,17387177
24,30,1,17394033
17,34,1,17395254
28,31,10,17396537
27,30,2,17396556
31,15,13,17396648
18,34,12,17398203
1,3,3,17398781
22,31,2,17398861
18,34,10,17399112
19,32,15,17399644
23,31,9,17399931
22,30,1,17399939
26,30,9,17400190
25,29,1,17400197
21,31,15,17400264
36,38,6,17402004
20,31,2,17406214
18,33,12,17414442
18,32,15,17415364
19,31,15,17419429
20,31,12,17422313
27,33,10,17423838
17,33,12,17427775
16,35,12,17428015
18,31,15,17428294
20,30,15,17428750
19,31,12,17429187
17,32,15,17430342
29,17,6,17430499
16,33,15,17431061
14,36,6,17433625
14,13,14,17433887
19,30,15,17436740
57,18,5,17437793
16,32,15,17455911
17,30,10,17462310
17,30,2,17462322
33,31,10,17493715
33,31,2,17497188
18,30,8,17556816
18,29,11,17556819
16,32,11,17557259
25,53,11,17557287
25,53,3,17557346
16,34,8,17559686
17,33,11,17587114
24,30,1,17769537
27,27,10,17781701
26,28,2,17781702
26,28,12,17794923
23,30,1,17795687
41,27,9,17800383
27,27,12,17800729
24,30,12,17801779
25,27,1,17805222
40,27,10,17805913
30,15,14,17806129
56,17,10,17807286
59,13,4,17808121
25,28,12,17808324
58,15,15,17808581
58,13,4,17808944
57,16,13,17809280
58,16,12,17810340
58,16,4,17810356
24,29,12,17811676
23,31,12,17811764
10,9,14,17811767
28,10,2,17812618
25,27,12,17821661
25,26,15,17821852
57,15,7,17822456
24,28,12,17824493
22,30,15,17827689
40,25,9,17828765
59,12,12,17829771
58,13,6,17830787
38,24,10,17833229
56,15,6,17834316
57,14,5,17834339
22,29,15,17834445
23,26,13,17835296
23,26,5,17835327
57,14,7,17837396
58,14,12,17837453
41,26,10,17837796
21,29,6,17837934
34,27,13,17838534
21,31,5,17839413
22,27,6,17840565
22,30,12,17842123
23,28,12,17842486
56,15,11,17843089
29,15,5,17844258
56,18,14,17863673
26,23,15,17865367
19,31,6,17865713
21,28,15,17868371
20,31,14,17868416
21,27,13,17869239
22,25,6,17874523
27,9,2,17932942
28,8,5,17937127
42,23,4,17937819
56,13,13,17993139
57,12,5,17997192
28,17,5,18026301
56,11,6,18051543
22,25,1,18086532
56,9,2,18200401
55,12,13,18215773
56,14,13,18217231
56,14,5,18230307
55,9,12,18234860
55,10,4,18236170
55,10,12,18238269
55,11,15,18239375
54,12,14,18239387
54,12,6,18239389
54,10,13,18239391
56,10,5,18239392
56,8,12,18239397
57,9,4,18239398
3,25,6,18239671
55,9,15,18241735
54,8,7,18241746
55,9,14,18242436
54,10,6,18242437
55,10,7,18242450
60,29,10,18242616
55,18,14,18243779
55,7,15,18244672
55,7,7,18244676
54,10,7,18245235
56,11,5,18245741
54,12,7,18246424
55,13,13,18246783
7,24,3,18247550
34,15,6,18247676
13,18,6,18247723
26,10,2,18248440
54,12,12,18248526
56,12,4,18248527
54,11,14,18248560
27,8,5,18248600
55,9,13,18249037
56,15,13,18249518
54,15,5,18249519
55,15,13,18249830
55,15,5,18249844
54,9,5,18249859
54,16,7,18263505
53,10,6,18266501
54,8,5,18274210
54,10,12,18274218
55,7,13,18274908
54,8,12,18274910
54,8,4,18274922
24,10,11,18275225
24,10,3,18275237
54,9,5,18275266
54,9,12,18275312
15,18,13,18280398
26,18,6,18280411
53,12,14,18308867
53,14,13,18369688
22,30,9,18373458
24,27,5,18422824
52,10,11,18461478
22,29,1,18461519
25,26,5,18465235
12,27,6,18497051
53,11,0,18500473
44,28,13,18517803
54,10,14,18644221
52,9,13,18711355
23,28,15,18718359
24,10,5,18744418
6,23,14,18774737
32,27,14,18780456
21,41,5,18875845
46,36,14,18951786
47,37,14,18956300
21,31,15,18962365
18,47,14,18963097
51,10,9,18966980
42,30,10,18968910
21,31,12,18990805
20,31,15,18992330
41,27,9,18994078
40,27,7,18998872
45,30,0,19001517
19,51,0,19054804
18,35,2,19056504
20,31,11,19059508
18,35,11,19060620
21,31,8,19061444
18,44,9,19076340
22,30,11,19082210
24,28,11,19085974
25,53,3,19090362
22,30,6,19168769
34,25,10,19177935
20,33,14,19187246
21,32,6,19187272
38,25,9,19187310
21,32,1,19238596
22,31,1,19248352
44,46,14,19280754
50,4,0,19543533
51,14,8,19554873
51,14,0,19554875
22,13,3,19555249
61,2,13,19555602
51,13,10,19559676
62,2,9,19562014
26,44,5,19580602
25,43,11,19583770
22,39,5,19584214
22,37,6,19584277
22,37,5,19584281
23,34,12,19584516
39,27,4,19585369
21,39,14,19585380
23,31,15,19585927
23,30,2,19585976
44,37,1,19586213
22,41,14,19586546
24,31,12,19586602
23,31,5,19587301
40,27,9,19587368
21,38,5,19587418
22,42,14,19587603
22,39,12,19587633
32,29,11,19587775
40,27,4,19587877
22,32,5,19587928
22,43,14,19587990
22,38,4,19587995
22,38,13,19588000
22,39,4,19588005
45,44,8,19588468
21,38,15,19588508
22,34,5,19588556
39,27,10,19588624
24,28,10,19588732
20,38,14,19588795
39,26,7,19588940
22,32,15,19589482
41,28,12,19589505
22,37,4,19589614
25,29,12,19589617
22,34,12,19589765
22,36,4,19589771
20,40,6,19589795
45,36,1,19589809
22,40,5,19589935
21,40,15,19589945
21,37,15,19589969
20,39,10,19589980
21,39,15,19590037
21,37,7,19590088
21,36,14,19590136
22,31,15,19590279
21,33,5,19590378
22,33,12,19590381
21,35,6,19590700
21,37,13,19590701
21,36,15,19590704
39,26,4,19590785
45,35,3,19591088
46,36,0,19591166
21,41,6,19591227
20,37,13,19591253
21,36,5,19591257
20,36,5,19591443
21,37,12,19591445
36,25,7,19591456
21,39,13,19591534
21,38,12,19591536
44,30,10,19591548
22,45,13,19591560
23,44,5,19591562
21,33,6,19591811
21,44,14,19591814
20,43,6,19591815
33,24,5,19592167
21,39,12,19592245
21,36,12,19592292
42,27,10,19592321
23,32,4,19592338
32,24,9,19592484
43,27,7,19592618
21,41,12,19592729
34,25,12,19592762
21,40,12,19592878
21,41,13,19592881
21,34,7,19592889
22,44,6,19592892
21,34,12,19592999
20,39,14,19593037
20,37,6,19593038
20,39,7,19593041
20,38,15,19593046
38,25,7,19593255
41,26,4,19593276
21,34,4,19593378
21,33,7,19593379
21,31,15,19593429
20,36,6,19593479
21,36,13,19593573
23,28,13,19593600
43,27,4,19593653
21,32,12,19593689
22,33,4,19593695
20,40,15,19593726
22,45,6,19594176
21,30,1,19594369
38,25,4,19594623
21,43,5,19594799
51,40,13,19598290
51,40,5,19598292
18,45,7,19598537
22,29,12,19598567
18,44,7,19599610
19,31,15,19599664
18,45,4,19600171
19,46,15,19600182
21,27,9,19600278
21,27,1,19600280
17,44,7,19600561
20,28,2,19600617
42,24,4,19600689
18,32,15,19600710
34,23,12,19600797
19,30,15,19601140
19,29,2,19601259
19,29,1,19601263
18,46,15,19601297
38,23,4,19601304
51,37,1,19601306
52,33,5,19601493
17,32,6,19601549
18,31,15,19601568
18,44,15,19601614
39,23,15,19601637
41,23,7,19601638
21,28,12,19601642
20,28,15,19601766
51,37,2,19601773
52,34,9,19601774
52,36,1,19601777
22,26,2,19601808
17,37,12,19601861
17,45,12,19601892
18,49,14,19602047
18,47,15,19602056
50,36,10,19602080
18,50,7,19602140
51,32,5,19602182
17,33,15,19602254
18,44,12,19602308
52,35,0,19602497
54,42,1,19602658
17,37,14,19605193
17,44,4,19605731
18,30,1,19605993
40,23,15,19606173
18,46,12,19606176
17,47,14,19606293
16,44,15,19606595
17,45,7,19606597
18,49,7,19607012
18,30,10,19607102
18,30,2,19607104
17,45,4,19607134
18,51,10,19607492
19,52,7,19607546
18,50,4,19607600
19,29,1,19607754
15,39,1,19608026
15,37,10,19608139
16,38,2,19608140
19,29,2,19608142
20,52,4,19608181
49,52,8,19608183
49,52,0,19608184
50,50,9,19608257
49,50,6,19608386
18,49,11,19608428
50,50,10,19608499
50,50,2,19608511
48,51,6,19608573
17,38,0,19608590
18,48,0,19608726
52,34,6,19608750
38,22,9,19608780
52,45,1,19608830
18,38,6,19608883
17,34,9,19608892
17,34,1,19608894
52,48,8,19608998
52,48,0,19609000
53,42,9,19609061
52,35,13,19609070
51,48,15,19609072
51,48,7,19609082
53,33,13,19609164
54,32,5,19609171
45,52,10,19609262
37,22,1,19609300
54,42,0,19609335
21,51,6,19609403
18,50,10,19609412
19,49,0,19609459
48,51,9,19609464
18,42,4,19609482
50,49,15,19609498
49,50,11,19609502
50,49,6,19609510
52,47,6,19609511
43,23,9,19609541
17,38,8,19609594
18,39,0,19609659
17,39,9,19609662
16,41,10,19609676
15,42,2,19609677
22,52,0,19609691
16,40,8,19609836
17,39,0,19609839
51,9,14,19610020
51,11,10,19610022
50,10,2,19610025
16,39,2,19610047
52,31,8,19610236
35,22,12,19610241
50,47,14,19610267
48,53,2,19610287
16,42,3,19610291
53,36,8,19610325
21,49,3,19610402
53,43,8,19610478
53,44,8,19610483
16,36,2,19610491
51,47,10,19610553
51,47,15,19610592
17,44,9,19610638
17,43,0,19610641
41,23,10,19610691
19,47,14,19610735
19,47,6,19610738
51,48,12,19610744
53,40,14,19610774
48,50,13,19610786
48,50,5,19610788
54,38,4,19610844
53,37,13,19610871
40,22,7,19610908
20,28,9,19610947
16,33,10,19610960
50,49,12,19610977
52,33,14,19610978
49,49,5,19611235
49,51,12,19611236
50,48,6,19611241
48,50,15,19611278
48,50,7,19611285
17,42,12,19611312
17,40,4,19611324
49,50,12,19611403
38,22,4,19611438
18,32,10,19611524
19,31,2,19611527
47,51,15,19611630
17,33,11,19611746
20,28,10,19611773
20,28,2,19611775
19,32,10,19611960
18,44,0,19612018
52,37,14,19612155
52,33,13,19612183
53,33,11,19612187
52,34,3,19612188
51,33,14,19612191
53,33,6,19612201
25,51,13,19612261
25,51,5,19612262
49,30,11,19612266
49,45,7,19612295
18,44,3,19612317
53,42,12,19612321
52,42,5,19612380
46,50,13,19612413
47,53,9,19612418
18,37,2,19612481
50,47,7,19612600
47,52,9,19612619
46,51,1,19612622
46,51,14,19612624
20,45,15,19612649
53,32,13,19612695
51,32,9,19612699
52,41,6,19612773
51,42,10,19612774
51,42,2,19612777
51,38,6,19612780
52,42,6,19612848
52,43,3,19612851
23,25,2,19612858
50,35,6,19612862
53,43,13,19612864
50,44,6,19612870
48,42,10,19612905
47,51,12,19612966
46,51,2,19612978
19,43,12,19613052
19,51,2,19613095
52,34,13,19613113
53,37,4,19613118
47,50,15,19613126
51,44,15,19613173
22,50,1,19613328
45,47,14,19613340
45,47,6,19613341
18,31,11,19613368
18,32,1,19613378
52,40,14,19613381
46,52,9,19613388
23,25,9,19613396
21,31,12,19613428
21,31,4,19613430
51,40,13,19613715
53,40,5,19613717
22,49,2,19613829
52,40,15,19613844
22,45,12,19613906
33,26,13,19613988
52,35,14,19614009
46,52,14,19614034
46,47,8,19614064
46,47,0,19614067
51,43,13,19614240
52,42,5,19614242
51,45,9,19614244
49,45,15,19614245
51,45,7,19614247
20,30,9,19614251
23,49,8,19614291
52,45,11,19614353
53,44,3,19614354
51,43,6,19614425
22,26,2,19614432
51,38,9,19614440
52,39,1,19614441
46,50,15,19614484
47,50,7,19614557
48,43,13,19614585
51,43,5,19614685
50,46,4,19614688
50,44,6,19614692
52,36,14,19614696
52,36,6,19614698
52,36,7,19614701
51,30,13,19614713
53,35,13,19614716
52,34,5,19614717
50,41,5,19614722
48,42,11,19614726
47,41,3,19614727
48,47,9,19614730
47,46,1,19614737
52,40,7,19615013
19,38,0,19615087
53,41,12,19615093
52,42,4,19615096
52,42,7,19615099
51,41,13,19615142
52,41,12,19615147
49,40,14,19615149
51,40,6,19615153
51,35,13,19615225
53,35,5,19615226
50,36,9,19615232
51,37,15,19615233
52,37,5,19615267
50,39,6,19615270
51,36,14,19615414
51,36,6,19615416
53,36,13,19615418
53,34,5,19615423
22,48,6,19615459
24,47,4,19615465
48,45,8,19615506
25,48,1,19615566
50,39,5,19615568
51,41,4,19615573
52,34,14,19615637
50,34,6,19615638
19,33,11,19615731
18,32,3,19615736
50,38,10,19615739
49,37,2,19615741
52,35,15,19615874
51,37,10,19615878
20,41,11,19615966
20,39,3,19615984
45,50,6,19616056
47,51,4,19616058
46,51,7,19616071
52,37,4,19616236
47,50,4,19616252
51,34,14,19616269
51,34,6,19616274
46,49,15,19616294
22,45,15,19616373
22,43,9,19616379
47,43,7,19616583
49,31,9,19616603
49,31,1,19616605
23,43,9,19616619
50,40,13,19616724
49,40,6,19616737
45,24,15,19616819
51,39,12,19616831
52,40,4,19616835
50,38,7,19616836
46,50,4,19616868
46,49,7,19616869
44,47,7,19616871
51,34,13,19616875
47,38,2,19616926
49,29,11,19616964
50,30,3,19616966
52,34,13,19617009
50,32,13,19617010
52,32,5,19617016
51,36,7,19617230
49,38,4,19617247
51,33,14,19617331
42,23,4,19617359
50,34,14,19617414
49,35,2,19617424
20,30,10,19617514
20,30,2,19617517
50,38,15,19617598
19,36,1,19617631
20,34,3,19617639
32,27,6,19617761
24,44,3,19618056
20,34,0,19618060
19,34,3,19618066
45,49,7,19618087
50,35,13,19618224
50,35,5,19618228
50,32,5,19618423
21,38,8,19618582
49,36,15,19618625
49,34,5,19618650
51,36,4,19618661
48,30,11,19618748
46,42,7,19618821
46,38,6,19619014
47,39,7,19619030
23,37,12,19619244
44,44,9,19619256
44,43,15,19619286
44,45,7,19619289
50,31,15,19619432
49,32,7,19619433
20,32,11,19619446
21,29,9,19619550
45,38,10,19619598
49,34,6,19619658
49,36,12,19619660
50,31,6,19619721
19,32,3,19619769
51,9,3,19619983
49,34,14,19620088
49,35,4,19620093
50,33,5,19620095
50,35,7,19620104
20,33,0,19620227
22,27,6,19620233
44,37,2,19620346
62,27,11,19620384
49,32,13,19620508
48,33,5,19620509
50,31,5,19620516
22,27,8,19620653
48,26,8,19620819
47,35,14,19620902
47,37,15,19620906
49,37,7,19620908
49,30,7,19620921
46,25,14,19620938
45,36,9,19621130
46,34,14,19621330
44,35,10,19621445
43,44,7,19621626
41,43,10,19621628
42,42,2,19621629
24,25,6,19621762
20,32,3,19621828
45,32,1,19622004
21,29,10,19622011
21,33,8,19622111
47,33,5,19622181
45,33,8,19622215
45,33,3,19622219
45,34,2,19622223
46,33,9,19622225
26,44,8,19622286
42,40,15,19622342
24,25,5,19622470
38,38,14,19622799
38,38,6,19622804
45,33,6,19622829
46,29,11,19622958
46,29,3,19622965
46,30,2,19622966
44,24,8,19623068
43,23,0,19623070
29,34,5,19623473
46,27,11,19623546
22,28,9,19623616
21,29,1,19623617
25,37,4,19623657
46,29,10,19623880
28,36,7,19623928
42,43,7,19624025
30,38,13,19624598
28,37,14,19624604
45,30,7,19625337
22,44,10,19625431
37,33,5,19637470
23,29,8,19637549
42,26,9,19638307
42,26,1,19638314
38,22,3,19638424
38,22,0,19638439
41,28,3,19638573
44,25,15,19638921
23,28,11,19638983
33,35,7,19639557
42,25,7,19640168
38,39,13,19640209
24,30,8,19641716
23,28,3,19641746
24,27,11,19642017
25,26,8,19642423
23,30,3,19642824
25,33,8,19643683
40,23,5,19643970
35,31,5,19644325
24,29,8,19644333
24,29,0,19644391
24,27,3,19644780
39,23,6,19645240
38,26,11,19645521
24,28,11,19645797
51,9,11,19646085
25,26,11,19646167
52,8,0,19646314
38,39,5,19646338
37,22,11,19647384
24,28,3,19649044
36,23,0,19649271
36,23,14,19649272
25,28,0,19650021
26,27,8,19650456
37,40,14,19650552
52,5,10,19651564
50,5,2,19651566
29,24,8,19651706
39,24,5,19652194
29,23,11,19654158
26,25,3,19654941
32,22,13,19654945
26,27,11,19655045
25,26,3,19655050
31,23,5,19656138
32,32,10,19656251
25,29,0,19656506
28,28,8,19679728
53,13,0,19685219
51,9,11,19806222
51,5,5,19859281
51,11,8,19872041
51,11,0,19872072
53,11,8,19873176
52,10,0,19873282
27,29,14,19905080
26,28,6,19905126
29,29,13,19924739
28,28,13,19927494
28,28,5,19927551
52,12,8,19930826
22,30,14,19937277
21,30,5,19949236
25,30,6,19960956
20,31,6,19962680
19,32,14,19967003
19,30,15,19967348
25,31,14,19967497
19,31,6,19968919
17,31,15,19980154
16,32,6,19981557
17,31,12,19984237
16,31,15,19985960
15,31,14,19986980
16,32,12,19988575
16,31,12,19990781
16,33,12,19990900
16,32,9,19991132
15,31,6,19992225
15,32,15,19992698
14,33,14,19992701
15,32,6,19992711
15,32,14,19992951
18,30,15,19993018
15,31,5,19995140
14,31,13,19995578
15,30,5,19995587
15,33,4,19996047
19,29,14,19996053
14,31,6,19996679
19,29,13,19998442
14,32,14,19998683
13,32,13,19999274
11,32,6,20012421
11,32,12,20015460
10,34,14,20016813
10,32,15,20016822
18,32,5,20017156
10,33,6,20017955
10,32,5,20019196
16,31,5,20020837
17,33,5,20022199
10,34,5,20022304
9,33,14,20022412
9,34,15,20023578
16,31,13,20023861
9,34,6,20024505
9,33,13,20024669
16,33,14,20026630
14,31,14,20026858
11,22,14,20028824
12,31,14,20028993
13,31,12,20029000
6,34,6,20029087
16,33,13,20029208
14,32,4,20029308
15,33,7,20029531
7,34,14,20029991
15,30,5,20030159
15,34,14,20031370
15,34,6,20031371
13,30,6,20031553
7,32,5,20031588
12,33,14,20041152
3,34,6,20041681
9,32,9,20042592
9,32,1,20042603
4,33,5,20044136
3,34,15,20045373
2,34,2,20045397
11,34,6,20046131
2,35,13,20046550
13,25,6,20047027
3,36,6,20047115
3,37,4,20047191
3,34,13,20047369
3,36,4,20047384
51,12,14,20047867
52,11,6,20047869
10,32,13,20048111
2,35,15,20048255
2,34,1,20048772
2,37,5,20048858
2,36,7,20048928
2,35,6,20049128
12,35,14,20049619
11,33,13,20049745
1,34,13,20050447
2,37,6,20050592
2,35,7,20050656
2,36,12,20050979
1,36,13,20051167
2,35,4,20051360
8,32,6,20051794
12,35,6,20052499
7,32,6,20052769
22,14,13,20053048
51,8,14,20053501
24,14,9,20054005
10,35,6,20054073
11,34,5,20054094
2,37,14,20054348
9,17,13,20055601
9,17,5,20055613
9,34,14,20055844
1,38,5,20056495
10,35,5,20056647
23,14,8,20056831
3,38,13,20056854
52,15,15,20057407
9,35,6,20057854
9,34,13,20059143
10,34,5,20059228
52,10,13,20059701
50,11,14,20060037
5,32,13,20060307
5,33,14,20060309
4,32,6,20060313
6,33,5,20061452
3,37,5,20061456
13,22,5,20061689
4,33,6,20062115
5,33,12,20062670
51,11,13,20062676
52,10,5,20062679
22,15,8,20062719
2,34,14,20074395
3,35,14,20076485
1,35,6,20076888
4,37,6,20077141
5,35,5,20078842
1,34,5,20079255
4,37,5,20079605
3,38,6,20080228
3,38,5,20080306
3,35,8,20080349
2,36,13,20083151
2,38,6,20083554
3,37,13,20083797
2,36,5,20083802
1,36,3,20083925
62,3,5,20090261
49,7,6,20093133
36,32,13,20204162
51,14,14,20210293
25,32,6,20217757
46,35,9,20230439
47,36,2,20236442
26,34,6,20239948
17,33,3,20240476
23,33,13,20240940
16,34,11,20244851
45,35,8,20244892
17,34,8,20245702
17,34,0,20245704
27,34,0,20246729
22,33,13,20246887
36,35,10,20247562
29,34,3,20249245
27,34,3,20251218
23,37,14,20265166
44,36,11,20266940
15,37,0,20270826
15,36,13,20273579
23,35,5,20274483
17,36,6,20274818
17,36,3,20276529
26,36,3,20277693
22,36,9,20278893
20,37,11,20296708
22,38,1,20298677
31,38,6,20298681
19,38,14,20302835
19,38,6,20302837
18,38,11,20303489
26,38,3,20303785
46,40,11,20304442
39,39,5,20304681
24,39,11,20304896
23,38,0,20305757
7,13,13,20307809
22,39,8,20310319
21,39,2,20310787
17,39,14,20311434
22,38,11,20311800
24,39,0,20313515
22,37,3,20313559
19,41,10,20331145
22,40,8,20332444
25,42,8,20332971
23,40,0,20334337
22,40,6,20335165
18,41,0,20336498
24,40,3,20337920
20,40,5,20338558
49,42,6,20340289
48,43,10,20340290
49,43,6,20341034
23,40,3,20341361
21,41,13,20342747
26,41,11,20343314
25,40,3,20343508
49,42,13,20343576
47,45,2,20357992
18,43,0,20366156
44,44,10,20367356
25,44,8,20370443
47,44,0,20373800
21,45,8,20399937
19,45,14,20400896
48,45,3,20402813
21,45,10,20402994
47,46,11,20405432
2,52,14,20424454
25,34,10,20429414
13,45,5,20429557
22,47,2,20434324
4,52,8,20434475
11,28,3,20437719
21,47,6,20438232
8,32,14,20454819
25,49,6,20496411
25,49,11,20497387
5,58,9,20500603
5,58,1,20500607
54,22,0,20547627
13,31,11,20561455
19,35,10,20749923
19,35,2,20749952
21,22,14,20750852
56,21,14,20868947
57,24,11,20871037
56,61,2,20871701
55,62,2,20902746
30,27,14,20965368
54,18,1,21058248
18,38,7,21090325
53,18,2,21120138
50,60,5,21152836
15,42,6,21185271
12,34,11,21218028
52,21,9,21246104
14,22,2,21269354
23,22,14,21311105
23,54,10,21312428
19,54,2,21337722
12,40,2,21361345
20,50,1,21375977
34,37,6,21400802
14,19,10,21401361
21,48,13,21404184
21,48,5,21404193
51,47,14,21428098
24,37,13,21494653
10,38,2,21496494
45,42,2,21623831
23,37,5,21656397
48,16,13,21810524
46,16,1,21861326
53,37,4,21934920
57,9,2,21960746
22,36,7,22028406
24,35,2,22028436
55,31,8,22057375
20,61,1,22072234
20,61,9,22076284
19,60,13,22080204
20,59,2,22080356
21,58,1,22082422
17,60,15,22083213
18,60,14,22084736
16,60,15,22088460
15,61,15,22089469
18,59,13,22090589
16,60,12,22092973
18,58,12,22092982
16,57,2,22101898
18,54,14,22107118
18,54,15,22107802
16,58,12,22108577
15,60,12,22109682
19,53,15,22110690
17,55,15,22112318
17,55,12,22124271
21,50,12,22124304
22,47,2,22131213
19,59,9,22133443
19,59,1,22133477
18,58,9,22136854
21,51,13,22136903
18,59,1,22139317
17,59,10,22139646
18,58,2,22139647
19,57,15,22141191
16,57,1,22142401
18,57,14,22142461
16,59,9,22142573
19,55,1,22148651
26,42,2,22149890
22,47,10,22150195
21,48,2,22150197
20,55,8,22150483
16,58,10,22150941
23,45,7,22151743
28,41,1,22152079
17,57,9,22152606
16,58,8,22152621
21,60,11,22153166
27,41,1,22153834
18,61,9,22154492
22,47,2,22155051
17,56,14,22155221
17,59,10,22155291
22,59,10,22155371
22,59,2,22155406
27,40,12,22165154
23,57,3,22165265
27,39,15,22168051
23,54,6,22172348
24,52,3,22172376
19,54,3,22172551
19,54,0,22172558
27,39,12,22174053
22,49,8,22174357
40,38,7,22174439
34,36,10,22174446
25,39,15,22175023
21,55,14,22176113
26,39,12,22176354
20,50,1,22176419
24,55,2,22178866
27,38,12,22179587
28,38,7,22179977
27,39,4,22180344
33,35,10,22180674
3,34,2,22181142
25,39,12,22181511
27,37,15,22182166
25,38,15,22183037
24,57,13,22183763
28,37,12,22183937
23,54,9,22184631
28,38,4,22185796
27,37,12,22186394
24,53,6,22187028
26,38,7,22187933
43,36,9,22195007
26,37,12,22195907
25,37,15,22197844
38,35,13,22198377
27,35,15,22198618
28,35,12,22200829
24,43,2,22200943
27,35,12,22206702
25,36,15,22207918
27,34,15,22209634
28,34,12,22210003
25,37,12,22210300
23,44,10,22210421
22,45,1,22210424
24,43,1,22210435
25,41,11,22211375
33,32,1,22211809
46,11,1,22215758
27,33,15,22215779
26,34,15,22217209
24,45,10,22218293
40,41,3,22229106
34,29,2,22230074
26,33,15,22231008
27,33,12,22231368
47,35,13,22231703
46,51,14,22231839
33,37,10,22234854
33,37,2,22234874
38,31,10,22235880
43,31,4,22235991
34,28,9,22236860
34,28,1,22236870
36,29,7,22237643
33,36,10,22238404
33,36,2,22238410
26,34,12,22238694
39,30,9,22239658
38,29,12,22240226
48,37,1,22240248
35,28,2,22242374
35,27,1,22247536
41,38,1,22247804
39,29,10,22248600
39,29,2,22248602
35,28,7,22249442
34,28,2,22250340
38,27,10,22260729
46,31,9,22260799
26,31,13,22261450
26,31,5,22261453
40,28,0,22261468
47,32,9,22264278
29,39,10,22271253
29,39,2,22271255
34,32,2,22271897
41,31,11,22271979
34,26,12,22272367
41,26,4,22273142
33,26,2,22273353
41,31,2,22273637
33,26,10,22276462
42,36,8,22276466
37,25,1,22277325
33,25,1,22279781
32,26,12,22280026
38,25,12,22281054
40,25,4,22281082
37,25,2,22281145
45,30,9,22281247
34,25,9,22281362
32,23,9,22297507
37,37,9,22301478
43,24,9,22302308
41,23,7,22303391
27,31,9,22304673
40,23,4,22305654
47,13,12,22309981
33,22,1,22311517
34,23,13,22337342
35,26,3,22341558
30,34,11,22342893
32,24,5,22354722
31,25,6,22363354
33,24,8,22364907
30,31,14,22369451
43,24,8,22371355
40,23,3,22372991
40,23,0,22373023
32,25,11,22374600
31,28,6,22389374
42,26,1,22395607
25,53,9,22405257
25,53,11,22405259
25,53,14,22405262
27,31,6,22418744
48,31,13,22430695
47,30,5,22430774
45,27,13,22432955
39,26,0,22434303
27,30,13,22449874
46,32,6,22454499
46,31,14,22454961
26,31,5,22459978
38,27,3,22464631
48,34,5,22465827
24,44,14,22519968
23,43,6,22519983
22,38,14,22522384
32,27,5,22524000
25,32,12,22524710
40,28,14,22531401
21,39,14,22544823
31,30,6,22552472
24,31,15,22552991
23,33,13,22560811
20,47,9,22624992
53,2,13,22648064
19,35,1,22715488
28,28,5,22837007
20,32,5,22873464
18,34,13,22890667
20,31,2,22964005
19,36,8,23029177
19,36,10,23115131
19,35,6,23137440
19,44,14,23150824
34,38,6,23175896
19,33,6,23180480
53,4,13,23186981
17,34,2,23264859
18,33,1,23267274
54,4,9,23272696
21,30,6,23281059
19,48,9,23305864
28,41,6,23306657
42,10,6,23375470
41,6,5,23452820
23,31,9,23460319
23,31,1,23460329
51,5,0,23460453
19,36,14,23463144
20,35,6,23463155
20,35,5,23466780
20,36,13,23467808
19,35,5,23467820
18,37,6,23468127
21,33,12,23468386
53,3,3,23469736
17,35,15,23477548
16,41,6,23477791
17,34,15,23478468
19,32,12,23479223
18,32,15,23479641
20,40,9,23479769
20,40,1,23479772
15,42,6,23479947
15,40,14,23480490
20,40,14,23480684
20,40,6,23480695
16,41,12,23481078
16,38,12,23481185
52,4,11,23481353
17,34,13,23481462
18,30,1,23481937
15,39,15,23481980
16,45,11,23482037
15,46,11,23482301
15,40,6,23482384
16,33,13,23482495
16,33,5,23482497
16,35,14,23483156
15,41,12,23483355
16,35,12,23483526
22,49,3,23483639
15,37,7,23484115
16,44,13,23484663
15,43,13,23484665
14,41,7,23485365
17,32,13,23485510
16,31,5,23485513
17,34,4,23485518
15,37,4,23485627
20,29,7,23485665
34,27,9,23485756
17,32,7,23485831
32,27,10,23485858
21,28,15,23485878
16,33,12,23485983
16,31,15,23486095
14,40,12,23486154
14,41,5,23486639
18,31,4,23486690
14,39,12,23486748
17,32,4,23486983
15,48,4,23487015
25,49,11,23487030
31,26,9,23487039
19,46,0,23487069
13,44,14,23487650
13,40,4,23487668
16,31,12,23487670
16,33,4,23487672
32,26,7,23487770
13,41,13,23488111
14,36,7,23488175
13,43,5,23488402
13,40,13,23488537
13,42,5,23488710
36,27,4,23488848
12,39,7,23489081
36,28,10,23489210
12,41,7,23489254
16,31,7,23489261
12,43,15,23489331
20,29,4,23489340
15,32,14,23489344
33,26,9,23489594
12,39,13,23489716
12,39,4,23489757
31,26,10,23489883
11,44,14,23489898
11,44,6,23489900
12,41,13,23489910
12,40,13,23490152
38,28,4,23490222
11,40,6,23490464
13,50,14,23490470
11,40,7,23490494
14,31,15,23490553
15,30,15,23490831
17,30,7,23490837
16,28,14,23490838
15,29,6,23490840
15,29,1,23490847
13,35,7,23491213
17,28,15,23491240
17,42,4,23491330
16,31,4,23491400
16,29,12,23491428
41,34,3,23491795
11,40,5,23491801
11,50,14,23492109
42,36,14,23492402
42,35,0,23492416
10,40,15,23492417
17,28,12,23492471
18,28,7,23492509
10,39,13,23492625
13,50,13,23492658
10,44,13,23492800
10,44,5,23492802
19,27,10,23492969
16,29,7,23492974
10,39,6,23493010
10,39,15,23493015
24,51,10,23493116
24,51,9,23493125
10,40,12,23493246
10,39,12,23493542
9,40,14,23493815
10,39,5,23493850
15,28,15,23493883
9,39,12,23493903
34,27,2,23493915
30,26,10,23494033
18,28,4,23494115
16,27,15,23494128
9,39,7,23494282
20,55,0,23494570
9,38,13,23494584
31,25,15,23494594
33,25,7,23494596
21,31,4,23494602
10,51,1,23494640
10,37,7,23494826
32,25,4,23494929
8,39,14,23495017
8,38,15,23495021
9,39,4,23495055
9,40,5,23495302
16,29,4,23495526
8,45,13,23495767
7,46,14,23495787
32,25,10,23495826
8,38,12,23495839
15,30,4,23495913
31,25,10,23496068
19,55,8,23496117
9,38,4,23496150
8,40,15,23496192
8,39,5,23496356
7,40,6,23496360
8,40,12,23496380
22,57,13,23496389
7,42,6,23496448
18,27,4,23496478
39,28,11,23496501
34,25,9,23496639
32,25,1,23496641
33,25,15,23496680
22,55,3,23496768
8,47,5,23496852
6,41,14,23497091
15,26,10,23497185
15,26,2,23497189
7,48,6,23497216
18,17,8,23497302
7,37,15,23497309
9,37,4,23497386
8,38,4,23497460
8,52,7,23497475
7,48,5,23497506
14,26,9,23497530
6,49,5,23497603
17,25,15,23497628
53,5,13,23497670
6,45,5,23497717
17,26,7,23497811
3,39,10,23497824
3,39,2,23497827
18,58,11,23497844
18,58,3,23497845
4,44,7,23497863
5,42,12,23497869
42,7,10,23497957
42,7,2,23497960
4,49,4,23498075
5,39,12,23498115
7,37,12,23498117
7,54,4,23498426
7,54,14,23498428
7,54,7,23498433
4,39,7,23498463
4,52,13,23498505
5,53,5,23498506
26,28,4,23498533
39,29,1,23498573
3,47,12,23498593
4,46,12,23498594
3,46,15,23498599
55,4,8,23498607
55,4,0,23498608
3,48,12,23498713
3,40,12,23498726
17,59,11,23498764
6,54,13,23498779
38,28,12,23498784
37,27,4,23498786
13,26,10,23498825
13,26,2,23498828
52,4,3,23498830
32,26,9,23498871
16,58,15,23498889
5,50,13,23498917
4,51,9,23498923
37,28,11,23498948
38,29,3,23498950
53,4,8,23498975
2,49,14,23499059
37,26,7,23499104
37,28,0,23499128
5,54,15,23499136
8,54,4,23499181
7,53,7,23499189
38,27,12,23499212
37,26,4,23499213
38,29,11,23499215
30,25,2,23499253
36,28,11,23499284
36,28,3,23499286
2,40,12,23499344
8,55,12,23499353
6,55,7,23499366
37,28,13,23499371
4,52,5,23499380
4,54,9,23499386
2,43,6,23499422
36,26,0,23499521
36,27,15,23499522
42,31,11,23499869
41,32,3,23499880
3,51,13,23499944
3,52,3,23499949
2,52,9,23499954
38,30,14,23500068
37,31,6,23500069
3,53,7,23500158
44,11,9,23500207
2,48,12,23500303
25,29,6,23500354
39,30,8,23500392
38,29,0,23500393
45,45,1,23500449
2,43,5,23500532
40,36,6,23500579
37,30,7,23500839
1,41,1,23503266
1,45,8,23504045
10,28,2,23504938
2,42,9,23505378
44,12,8,23505521
3,36,2,23505527
2,55,2,23506589
19,21,6,23507814
53,3,13,23508942
22,30,9,23509909
22,30,1,23509917
53,4,2,23510066
2,44,2,23510379
54,3,2,23510588
28,25,2,23510933
13,44,2,23510998
2,44,11,23511146
2,42,3,23511147
2,50,0,23511173
11,45,8,23511289
58,21,8,23511313
2,40,11,23511505
2,44,10,23511588
2,43,3,23511598
2,42,2,23511638
4,56,10,23511649
2,40,3,23511653
2,41,11,23511709
31,24,7,23511968
3,38,10,23512123
6,58,10,23512131
3,43,8,23512210
3,41,0,23512212
13,26,1,23512304
3,41,8,23512411
3,45,8,23512461
3,43,0,23512467
3,51,0,23512521
33,25,12,23512539
3,39,10,23512633
21,31,10,23512722
21,31,2,23512725
21,44,3,23512800
21,30,13,23512835
21,30,5,23512836
20,31,9,23512838
3,40,11,23512892
9,30,13,23513109
9,30,5,23513110
8,31,9,23513120
8,31,1,23513121
52,4,2,23513146
7,59,2,23513212
37,27,14,23513218
2,46,10,23513298
5,56,2,23513313
44,8,0,23513327
3,41,11,23513514
33,26,2,23513526
6,53,4,23513559
55,2,2,23513925
5,44,9,23514328
5,44,1,23514329
8,57,9,23514382
16,41,8,23514387
4,39,0,23514631
3,45,9,23514865
3,44,0,23514868
5,51,10,23515700
53,4,10,23515702
54,3,15,23516411
54,3,11,23516839
6,35,5,23517023
5,39,9,23517033
5,39,1,23517035
10,28,11,23517047
43,7,8,23517356
43,7,0,23517360
22,26,13,23517495
34,38,14,23517548
45,14,6,23517764
56,4,8,23517808
54,3,12,23517892
39,29,12,23517942
40,30,13,23517954
40,30,5,23517957
6,34,6,23517967
6,34,1,23517977
55,3,6,23517991
6,37,13,23518021
4,37,1,23518032
4,37,14,23518054
5,36,6,23518055
2,38,2,23518064
3,37,1,23518067
5,35,1,23518069
10,28,1,23518084
36,25,9,23518228
5,41,0,23518237
15,41,10,23518301
4,38,14,23518320
54,2,5,23518488
53,3,9,23518491
13,27,9,23518591
12,26,1,23518594
5,35,15,23518599
5,38,13,23518604
4,37,5,23518607
45,9,8,23518620
4,42,13,23518624
53,3,2,23518647
3,39,6,23518764
37,28,15,23518817
3,45,11,23518875
40,30,0,23518883
39,29,14,23518884
3,41,8,23518980
4,42,0,23518981
4,39,12,23518993
3,38,15,23518994
43,36,8,23519008
30,24,11,23519010
16,42,2,23519027
44,40,13,23519029
35,26,11,23519032
37,27,13,23519078
5,35,12,23519107
6,36,4,23519113
42,33,0,23519118
3,43,14,23519187
36,26,13,23519224
16,40,11,23519228
35,37,6,23519251
4,36,12,23519254
4,36,4,23519255
3,43,5,23519331
10,29,0,23519374
3,47,10,23519389
2,46,2,23519391
8,31,10,23519403
8,31,2,23519404
37,29,12,23519598
36,28,2,23519606
53,4,12,23519608
21,30,6,23519613
22,29,5,23519624
28,25,6,23519718
38,28,15,23519723
38,30,14,23519793
23,27,13,23519900
44,10,11,23520008
45,11,3,23520010
45,11,8,23520014
4,34,7,23520015
5,35,9,23520017
16,41,2,23520037
4,35,15,23520061
5,36,7,23520062
4,36,10,23520066
3,43,15,23520083
41,34,0,23520107
2,45,15,23520117
2,45,7,23520133
39,31,5,23520211
3,46,5,23520220
56,2,12,23520222
55,2,13,23520224
55,2,5,23520225
3,36,14,23520233
2,37,2,23520239
3,39,12,23520240
3,40,9,23520248
39,29,13,23520260
5,33,15,23520346
30,24,0,23520469
3,40,15,23520479
3,42,7,23520483
2,45,14,23520499
29,25,11,23520514
12,33,10,23520624
12,33,2,23520626
40,33,3,23520654
39,31,6,23520659
41,33,6,23520671
43,36,0,23520687
3,37,15,23520738
14,31,5,23520748
3,40,7,23520767
1,39,2,23520772
18,30,6,23520780
1,44,2,23520785
3,42,1,23520788
2,43,7,23520791
2,42,14,23520793
43,39,13,23520799
3,43,13,23520820
40,34,14,23520916
20,31,10,23520928
3,48,11,23521000
54,4,6,23521091
54,4,9,23521094
21,30,5,23521104
27,42,3,23521196
3,46,12,23521265
3,50,15,23521285
40,36,4,23521306
3,39,5,23521383
2,43,12,23521398
44,9,10,23521421
45,10,8,23521451
54,3,2,23521624
54,3,9,23521626
55,2,1,23521628
1,49,9,23521639
2,50,1,23521641
42,33,8,23521677
37,29,4,23521742
7,55,15,23521744
7,55,7,23521746
4,33,10,23521757
54,4,5,23521776
3,40,12,23521780
2,41,4,23521781
55,2,3,23521856
8,20,0,23522033
3,44,12,23522043
2,44,15,23522047
44,7,11,23522114
44,42,5,23522210
55,4,8,23522312
56,3,0,23522313
56,3,14,23522408
54,3,6,23522409
45,12,0,23522433
54,2,13,23522655
52,4,10,23522662
52,4,2,23522664
45,15,8,23522666
46,14,0,23522668
53,4,10,23522685
42,40,6,23522734
4,52,11,23522801
3,51,3,23522803
39,33,13,23522828
39,35,4,23522834
41,33,11,23523024
16,40,12,23523041
45,8,8,23523187
45,8,0,23523188
54,3,5,23523218
55,3,0,23523226
14,25,13,23523234
20,32,0,23523261
5,54,11,23523344
15,39,4,23523362
55,4,3,23523405
27,40,9,23523575
27,40,1,23523579
11,32,1,23523730
8,31,5,23523898
7,55,12,23523965
7,55,4,23523970
7,53,15,23523972
36,31,14,23524011
4,54,2,23524043
45,10,11,23524097
5,24,9,23524125
4,25,1,23524126
3,36,15,23524133
7,54,13,23524320
8,56,4,23524327
7,33,14,23524516
2,50,6,23524611
1,42,7,23524631
56,2,11,23524693
15,41,8,23524711
15,41,0,23524713
4,35,12,23524714
54,3,10,23524862
43,8,6,23524870
43,8,10,23524891
5,55,9,23524902
38,34,4,23524979
2,40,6,23525000
2,42,7,23525003
32,25,11,23525010
2,47,14,23525218
1,46,15,23525223
36,31,13,23525238
6,57,10,23525335
7,56,15,23525337
56,1,13,23525362
56,1,5,23525364
55,2,9,23525366
55,2,1,23525373
5,34,7,23525403
31,25,13,23525571
54,5,1,23525608
14,42,2,23525784
6,33,14,23525795
7,32,6,23525797
4,35,2,23525800
35,37,4,23525861
9,33,10,23525866
5,37,11,23525946
16,38,15,23526014
52,5,2,23526226
6,33,15,23526307
53,5,8,23526389
52,5,11,23526465
53,4,3,23526466
53,3,1,23526472
4,34,4,23526554
1,48,11,23526579
1,48,3,23526580
31,26,11,23526618
44,12,11,23526671
33,37,6,23526730
28,25,11,23526751
28,25,3,23526753
7,55,13,23526773
6,57,12,23526775
6,56,15,23526779
45,12,5,23526785
27,24,14,23526791
3,34,7,23526818
32,37,13,23526914
34,37,5,23526918
29,24,5,23526989
45,9,8,23527065
44,5,5,23527103
55,4,9,23527144
53,2,9,23527145
7,33,9,23527189
5,33,2,23527201
58,21,2,23527228
3,37,13,23527244
2,38,10,23527246
26,26,11,23527320
27,25,3,23527325
44,12,3,23527393
45,13,14,23527395
44,12,6,23527397
25,28,15,23527402
24,27,7,23527403
45,15,11,23527404
44,14,3,23527407
3,52,8,23527601
3,52,0,23527602
30,26,11,23527655
11,27,11,23527690
31,25,5,23527899
7,32,12,23527997
3,51,14,23528005
3,51,15,23528012
2,52,10,23528013
3,51,2,23528017
44,7,9,23528020
44,7,1,23528027
34,36,12,23528129
5,54,13,23528146
7,54,5,23528148
43,8,8,23528407
44,9,0,23528409
1,50,15,23528698
45,11,13,23528719
44,10,5,23528720
19,29,6,23528765
28,25,13,23528847
28,26,3,23528855
45,8,13,23528958
44,9,5,23528960
53,3,11,23529242
22,26,6,23529802
54,3,1,23529925
17,40,11,23530033
16,39,3,23530041
23,26,7,23530396
21,26,10,23530398
21,26,2,23530403
44,10,9,23530543
13,26,7,23530555
43,7,5,23530597
17,39,11,23530915
56,4,0,23530934
56,3,3,23530937
14,25,11,23530976
14,25,3,23530980
23,29,8,23530984
18,39,11,23531055
43,11,14,23531103
44,10,6,23531104
1,41,12,23531167
2,42,4,23531169
2,39,15,23531171
4,34,10,23531307
3,33,2,23531319
11,26,13,23531348
11,26,5,23531356
9,27,10,23531461
58,21,11,23531517
55,3,10,23531535
55,3,2,23531538
45,14,7,23531584
2,39,9,23531706
19,38,1,23531726
2,37,1,23532424
2,37,9,23533266
3,38,9,23534900
11,27,1,23535171
2,47,12,23535658
22,27,13,23535728
2,40,8,23535890
2,46,12,23536103
21,28,14,23536280
19,28,10,23536282
4,35,11,23536920
4,36,2,23536924
4,35,8,23537897
4,36,1,23538215
57,3,8,23538719
3,37,11,23539036
22,37,3,23539382
3,41,3,23539697
4,36,11,23539767
3,43,11,23539770
3,39,3,23540050
4,38,8,23540156
4,37,1,23540391
3,43,8,23540552
3,45,0,23540561
2,49,11,23540806
4,37,2,23540836
4,39,9,23540985
4,39,1,23540990
4,40,0,23541069
2,47,11,23541175
23,35,11,23541185
22,36,3,23541193
56,4,8,23541528
3,42,8,23541865
56,3,11,23541971
4,44,8,23542010
3,38,10,23542157
3,40,2,23542158
4,39,11,23542330
5,36,1,23542450
12,27,11,23542513
10,28,8,23542656
7,55,7,23542681
3,39,11,23542683
3,37,3,23542684
7,57,0,23542906
17,37,9,23543099
19,25,11,23543335
6,55,10,23543470
3,40,3,23543579
5,37,10,23543745
6,36,8,23544169
4,38,0,23544200
3,41,11,23544225
4,40,3,23544227
5,54,15,23545187
55,4,5,23545747
56,3,11,23545972
44,11,11,23546035
15,26,8,23546498
18,56,6,23546706
6,34,11,23546776
20,51,13,23547296
20,51,5,23547305
56,5,8,23547424
6,34,2,23547464
22,56,10,23547913
17,35,11,23548010
21,28,11,23548126
16,57,6,23548341
6,35,9,23548678
19,52,6,23549230
16,58,12,23549661
15,58,15,23549664
21,43,1,23550062
17,55,13,23550625
17,57,5,23550626
55,4,6,23550739
17,42,11,23550773
21,52,4,23550945
16,56,14,23551016
54,5,11,23551032
55,4,3,23551036
13,55,14,23551103
13,55,6,23551106
44,9,1,23551186
44,9,6,23551192
4,47,8,23551257
23,57,10,23551301
22,56,4,23551353
45,12,3,23551369
23,40,15,23551409
46,14,12,23551562
17,55,6,23551694
19,53,6,23551699
18,53,6,23551709
11,52,11,23551862
12,49,6,23552073
58,4,0,23552086
6,35,6,23552240
7,34,13,23552298
8,33,5,23552301
7,33,1,23552330
4,38,11,23552547
6,34,0,23552600
26,33,1,23552621
13,45,8,23552675
11,53,3,23552764
17,56,4,23552945
14,50,13,23553288
14,50,5,23553290
45,9,3,23553307
55,5,8,23553354
57,5,0,23553355
30,25,13,23553437
17,25,11,23553486
5,38,9,23553604
25,33,7,23553962
10,51,15,23554247
23,54,4,23554339
15,26,11,23554348
5,39,0,23554397
13,27,11,23554568
19,30,14,23554785
5,39,3,23554795
27,42,2,23554798
4,44,3,23554848
5,45,8,23555071
45,11,1,23555297
57,3,9,23555377
55,3,1,23555379
26,33,9,23555576
25,34,1,23555578
26,33,8,23555583
12,29,8,23555592
25,46,2,23555753
43,12,11,23555929
14,44,3,23556131
6,44,8,23556460
12,49,12,23556490
55,5,13,23556549
17,34,6,23556571
46,15,10,23556629
14,27,11,23556693
7,49,1,23556804
46,9,0,23556925
46,14,11,23557152
8,35,13,23557589
12,28,0,23557637
22,52,14,23557867
14,28,5,23558083
11,29,11,23558085
10,28,3,23558087
26,32,9,23558268
27,31,1,23558269
23,40,9,23558472
13,29,6,23558483
28,28,4,23558549
20,42,9,23558607
6,34,3,23558723
6,45,8,23559118
6,39,1,23559216
19,49,11,23559317
6,39,9,23559461
9,34,8,23559504
46,15,10,23559759
46,13,9,23559762
7,38,1,23559773
55,4,13,23559814
8,42,8,23559834
7,42,0,23560066
55,5,11,23560115
54,4,3,23560116
55,5,9,23560118
14,49,5,23560282
46,11,11,23560394
9,35,8,23560396
16,27,8,23560503
45,10,11,23560630
8,33,3,23560732
12,29,11,23560871
10,29,3,23560881
11,31,8,23560965
13,29,8,23560967
15,27,11,23561011
7,39,8,23561163
21,51,0,23561189
26,32,8,23561271
26,32,0,23561277
24,40,7,23561309
8,37,1,23561399
11,27,8,23561438
11,27,0,23561446
17,37,14,23561470
17,37,6,23561480
55,6,10,23561654
10,33,8,23561691
25,33,2,23561707
16,35,11,23561925
10,33,11,23562014
12,31,8,23562276
11,30,0,23562285
8,43,3,23562319
8,37,8,23562337
15,36,11,23562403
17,39,8,23562455
57,3,1,23562662
16,39,10,23562815
11,29,3,23562829
8,39,0,23563060
12,33,2,23572074
15,29,8,23572318
16,29,8,23578611
55,6,10,23578855
11,35,11,23578996
11,37,8,23579029
12,34,8,23579232
12,35,1,23580305
11,38,2,23580716
47,14,13,23581506
21,30,8,23581664
12,36,8,23581800
13,33,11,23581813
56,5,5,23582527
57,4,8,23582599
57,4,0,23582611
57,4,11,23583069
13,35,8,23583484
55,5,14,23583768
14,33,8,23584128
18,34,11,23584214
12,37,2,23585404
13,36,8,23585550
11,36,9,23586341
13,36,2,23586956
14,33,11,23588407
14,33,9,23588994
14,35,8,23589016
58,3,11,23589224
14,35,2,23589424
57,4,4,23589640
55,6,11,23590302
56,5,8,23591007
55,4,13,23591772
56,3,3,23594738
56,4,10,23615765
21,32,13,24265683
15,32,6,24423455
15,32,13,24434453
16,31,5,24434457
16,32,12,24437562
14,31,14,24457316
13,32,15,24493346
12,34,14,24493398
17,33,6,24499205
11,32,6,24525622
10,32,2,24528626
9,33,15,24557134
8,34,6,24558058
14,32,13,24562143
56,8,2,24585719
13,34,6,24588690
11,32,13,24605902
4,35,14,24612184
5,34,6,24612190
10,34,5,24642936
3,35,5,24646179
2,37,15,24651128
41,33,14,24707021
46,15,1,24712049
33,34,8,24718012
33,34,0,24718027
22,35,5,24744662
15,35,6,24746207
39,35,14,24749452
38,34,6,24749468
19,36,6,24771046
19,37,2,24773397
3,34,13,24773870
15,37,9,24775086
15,37,1,24775097
52,36,0,24777442
40,36,13,24780458
39,35,5,24780478
23,38,5,24804843
21,39,6,24806039
22,38,5,24806061
34,38,1,24808112
17,39,8,24810044
13,40,5,24810912
13,40,6,24813300
41,39,0,24836601
22,40,11,24837410
14,42,8,24841015
22,41,11,24857084
46,18,6,24859350
21,41,8,24865819
19,41,13,24865825
42,41,0,24870321
23,41,0,24870492
23,42,5,24870529
23,42,8,24872334
16,42,5,24873024
61,43,10,24890034
22,43,11,24891516
17,45,2,24896771
23,44,8,24899087
22,45,5,24903390
17,45,1,24906396
22,47,5,24937998
20,47,6,24966912
17,48,14,24967851
17,48,6,24967872
48,20,14,24988193
61,14,10,25373235
51,19,10,25773060
16,42,1,25961772
10,36,6,26088275
62,16,13,26088527
11,41,14,26185264
47,21,5,26582438
46,22,1,26582448
56,16,13,26583843
47,20,13,26640718
45,21,10,26681484
57,16,13,26770413
57,15,10,26779580
45,15,10,26808437
55,41,9,26832369
47,18,8,26840726
54,40,9,26842131
56,40,1,26844564
46,17,9,26864863
46,17,1,26864867
49,40,8,26865546
49,40,0,26865559
57,39,8,26868582
57,39,0,26868599
56,11,1,26874657
48,38,10,26902883
48,38,2,26902889
11,36,2,26929910
55,7,15,26930155
21,39,1,26933408
51,36,1,26935460
55,7,9,26936248
55,8,15,26950561
55,7,10,26959147
52,34,2,26959259
41,17,10,26959447
56,7,12,26962143
54,6,10,26964276
53,7,15,26965784
55,6,4,26967427
39,34,9,26968333
38,35,1,26968335
11,36,1,26991267
37,33,1,26998883
29,34,2,27020888
22,59,12,27021771
18,60,5,27025654
51,29,9,27025841
19,58,10,27027185
34,33,10,27029537
24,53,10,27037340
19,56,1,27039391
24,53,1,27039557
26,51,1,27042900
22,52,2,27048033
22,52,12,27055094
8,27,1,27058645
3,30,11,27059377
18,60,11,27076185
28,42,9,27092230
25,44,15,27093570
25,43,15,27103020
27,42,2,27105979
26,43,12,27106783
29,40,1,27107628
24,44,15,27108480
26,42,15,27109220
27,42,12,27112682
27,41,15,27115504
22,51,3,27116998
28,41,12,27117031
28,40,1,27117380
26,42,12,27118126
30,39,6,27118355
29,40,2,27118374
28,40,15,27118630
27,40,2,27121886
28,39,10,27122408
27,39,2,27139655
58,3,2,27140289
38,38,2,27142008
28,38,15,27146037
28,39,12,27146158
29,38,12,27154838
29,37,2,27155714
62,14,1,27155959
41,38,10,27166678
29,37,12,27177552
29,36,15,27180809
28,38,12,27181586
33,34,15,27185298
32,35,12,27185514
29,35,15,27200243
30,35,12,27201769
30,34,15,27202110
26,38,14,27203442
28,36,15,27203460
30,34,12,27211178
31,33,15,27211229
36,32,10,27211426
27,37,15,27211677
58,1,2,27211848
28,35,15,27214728
33,37,6,27214854
29,34,15,27215684
27,38,12,27216070
34,32,1,27216460
33,32,15,27217298
55,24,10,27218436
28,36,12,27219063
29,33,15,27229343
28,35,12,27230807
27,35,15,27233263
30,32,15,27234927
29,33,12,27239580
28,34,12,27244128
34,30,1,27245879
26,36,15,27249612
27,35,12,27250041
30,31,2,27250609
30,30,15,27264131
28,31,15,27265240
25,34,6,27269707
30,30,12,27271001
24,40,6,27271978
25,37,5,27273518
25,35,15,27274920
27,31,15,27274987
26,32,15,27275464
25,35,6,27277272
28,31,12,27277549
31,29,1,27277610
28,30,15,27278020
25,34,15,27278414
36,28,12,27279864
27,30,15,27287839
25,32,15,27290343
28,29,15,27293465
26,30,15,27293727
27,30,12,27294617
26,31,12,27296734
23,39,14,27296896
24,32,1,27297327
28,28,1,27301302
24,32,15,27303204
42,29,10,27303978
42,29,2,27304008
25,30,15,27306381
23,32,2,27308527
25,31,12,27308959
32,30,11,27309350
24,31,15,27309492
24,32,12,27310054
26,29,15,27310213
45,44,1,27312566
38,26,4,27313273
37,24,1,27322525
36,23,9,27328742
37,25,10,27331429
36,24,2,27331441
24,28,6,27339855
23,32,11,27393456
23,34,2,27396102
25,29,8,27396663
24,32,11,27401179
47,6,10,27401543
26,27,11,27403407
46,6,14,27454751
24,34,5,27497276
24,31,5,27514572
34,23,9,27562196
43,26,3,27590757
24,43,0,27654215
46,4,13,27718900
24,28,1,27775512
24,30,12,27779392
22,30,15,27808617
21,31,6,27808889
23,27,1,27811921
21,31,5,27813347
24,27,12,27823098
23,27,15,27823104
21,42,13,27823869
22,43,13,27828346
23,26,9,27829044
23,26,10,27830486
23,26,2,27830490
23,27,12,27843253
19,31,13,27861285
20,30,5,27861431
22,27,2,27920902
22,45,1,27929568
23,46,9,27930248
19,36,3,27936066
20,33,2,27937462
31,22,14,27952314
22,27,11,27960458
24,45,9,27961721
24,45,1,27961775
45,43,15,27963354
24,27,1,27993193
24,27,2,27997769
22,32,1,28091258
21,33,13,28104070
21,31,13,28104907
21,31,5,28104908
23,27,2,28104998
21,31,6,28108629
22,30,12,28109316
23,27,15,28109513
22,28,15,28109644
21,39,13,28109829
31,23,13,28109975
40,24,11,28110023
21,38,4,28111024
21,32,12,28111209
21,32,13,28111665
20,30,14,28111707
21,29,6,28111712
20,33,6,28111863
20,33,15,28111865
20,34,14,28111888
20,32,15,28112215
20,37,15,28112278
21,29,15,28112476
20,36,6,28112671
21,42,5,28112874
20,38,13,28112901
22,43,13,28113000
23,27,12,28113329
20,31,15,28113336
20,34,13,28113511
24,26,12,28113605
22,42,12,28113777
43,42,11,28113782
22,27,15,28113796
20,36,12,28113875
20,38,4,28113877
21,30,12,28113899
24,44,8,28113941
20,36,13,28113944
20,38,6,28114165
20,35,13,28114508
20,33,5,28114511
38,23,7,28114538
20,41,13,28114787
19,33,15,28115371
21,30,13,28115620
42,25,9,28115703
41,24,1,28115711
19,35,14,28115955
38,23,9,28116114
24,38,8,28116139
23,45,13,28116451
24,44,5,28116453
20,31,12,28116483
24,24,5,28116744
23,25,15,28116749
20,31,7,28116764
23,45,8,28116968
23,45,11,28117291
41,24,4,28117296
35,22,10,28117301
33,22,2,28117306
39,23,4,28117661
19,37,12,28117759
40,23,7,28118118
30,25,13,28118332
36,22,9,28118361
45,42,8,28118377
19,33,5,28118416
38,23,10,28118479
22,25,2,28118555
23,24,9,28118558
24,44,11,28118675
46,41,8,28118893
46,35,9,28118926
22,27,7,28118998
34,21,10,28119057
35,22,4,28119104
18,34,6,28119130
22,25,15,28119131
20,41,5,28119255
46,38,3,28119434
45,41,11,28119602
18,38,12,28119627
29,25,6,28119651
37,22,15,28119982
39,22,7,28119984
44,42,3,28120619
19,30,7,28120669
19,42,6,28120676
22,26,9,28120679
21,25,1,28120682
46,33,0,28120727
46,33,3,28120735
45,43,0,28120762
16,38,14,28120830
39,22,9,28120869
28,26,6,28120889
23,25,10,28120979
19,44,13,28121130
20,43,5,28121132
39,22,4,28121174
36,22,2,28121854
35,21,15,28121892
46,42,11,28121946
24,46,8,28122274
19,29,7,28122287
39,22,15,28122420
17,37,4,28122467
38,22,12,28122652
45,43,3,28122682
36,21,15,28122949
39,22,12,28123731
15,37,14,28124002
45,26,7,28124006
42,23,1,28124055
23,25,4,28124126
17,43,5,28124184
46,27,7,28124209
17,39,12,28124636
23,24,7,28124659
28,42,8,28124787
18,45,13,28124791
18,45,5,28124794
15,39,6,28124904
18,45,6,28125099
16,38,5,28125337
38,21,12,28125388
19,23,5,28128319
21,21,15,28132609
15,43,5,28135310
7,31,13,28135644
50,44,14,28135942
14,41,9,28136199
14,41,1,28136208
24,53,6,28136511
48,48,6,28136609
17,46,11,28136701
22,52,13,28136774
22,20,1,28137774
47,49,11,28138260
17,45,2,28138387
14,34,8,28138494
51,36,0,28138558
19,45,5,28138815
52,40,14,28138887
51,39,6,28138891
14,34,11,28138938
15,42,10,28139200
22,44,0,28139430
48,43,14,28139794
22,46,11,28139827
48,46,4,28140176
20,49,7,28140259
8,30,5,28140513
50,35,2,28140529
40,39,14,28140747
19,40,15,28140938
51,36,6,28141107
21,43,6,28141169
17,41,3,28141253
51,34,9,28141467
51,34,1,28141468
15,32,1,28141613
46,45,5,28141671
24,50,15,28141986
18,24,14,28142215
18,24,6,28142217
51,33,15,28142226
50,34,10,28142230
15,33,11,28142301
45,46,6,28142361
52,37,13,28142789
52,37,5,28142791
32,37,11,28142891
39,38,14,28142967
28,23,9,28143113
50,31,9,28143167
33,36,11,28143456
44,45,1,28143688
25,40,5,28143891
20,37,5,28144829
20,37,13,28145146
16,31,1,28145465
46,39,3,28145725
20,22,1,28145903
48,38,15,28146050
50,32,15,28146138
46,25,2,28146255
41,36,8,28146504
21,21,2,28146581
45,31,8,28147207
45,38,3,28147528
43,38,11,28147760
45,39,8,28147910
45,38,2,28147941
45,37,11,28147946
44,36,3,28147952
44,30,2,28147964
47,36,11,28148797
42,42,6,28148831
44,34,8,28148919
45,35,9,28148979
44,36,1,28148981
39,30,9,28149402
39,30,1,28149408
33,35,1,28149412
40,33,5,28149569
17,30,0,28150154
41,40,14,28150208
26,42,1,28150227
27,42,8,28150302
26,40,15,28150569
19,39,13,28150827
18,36,10,28151106
34,36,13,28151151
28,40,11,28151323
42,36,13,28151330
40,33,13,28151364
41,32,5,28151365
43,30,10,28151381
48,30,9,28151988
46,30,1,28151990
44,35,8,28152052
38,36,7,28152182
18,25,8,28152192
45,29,0,28152208
44,29,2,28152212
20,35,11,28152443
42,42,4,28152477
35,34,11,28152487
24,38,15,28152780
47,25,7,28152868
48,7,0,28153342
23,36,15,28153389
27,37,14,28153466
25,37,15,28153647
39,34,7,28153750
18,28,8,28154281
46,34,1,28154290
14,29,9,28154608
19,40,13,28154618
19,40,5,28154619
17,42,2,28154622
30,33,3,28154704
47,5,3,28155084
20,24,13,28155465
33,34,10,28155468
47,6,3,28155550
34,33,2,28155582
43,30,7,28155871
17,31,11,28155887
17,29,3,28155888
41,41,13,28155958
4,31,9,28155990
4,31,1,28156001
35,33,13,28156008
32,34,1,28156015
17,28,11,28156084
21,33,4,28156126
18,28,0,28156355
20,25,2,28164473
12,29,2,28164991
21,24,8,28166810
22,23,1,28168564
47,5,11,28168756
20,27,11,28168883
20,29,8,28169236
41,26,10,28169833
21,27,0,28170078
21,28,8,28170499
21,27,9,28170511
47,5,8,28171225
21,27,8,28171274
22,24,1,28171357
21,23,3,28171655
40,26,7,28172401
21,27,3,28174154
21,26,11,28174159
48,8,10,28174246
30,17,11,28174535
42,26,15,28174630
42,26,7,28174632
47,3,8,28174796
22,26,2,28174922
21,27,10,28175267
21,26,3,28175277
22,25,0,28175526
40,25,10,28175890
40,25,9,28175894
48,4,11,28176033
22,27,0,28176347
22,26,9,28176425
48,3,1,28176432
22,26,8,28176626
22,28,0,28176749
22,25,11,28177769
22,26,3,28179467
22,26,11,28180609
23,25,8,28180663
23,21,3,28180759
23,26,1,28182829
23,25,0,28182933
23,25,9,28184107
23,25,11,28184941
23,24,11,28185112
24,26,8,28186051
24,22,11,28186930
26,23,10,28197083
26,23,2,28197089
35,20,0,28209754
33,19,3,28212232
33,20,0,28215364
51,10,8,28530708
29,27,14,28613797
51,7,5,28625259
28,27,5,28655291
26,26,2,28686383
53,9,8,28717995
23,27,12,28773373
20,27,6,28809232
16,28,12,28865643
21,29,6,28870805
20,28,14,28872670
15,28,15,28872877
53,11,14,28899229
16,28,4,28929836
12,29,6,28981337
11,29,0,28988620
5,31,6,29030462
3,30,13,29052946
5,30,5,29052968
24,31,6,29093126
1,34,5,29094156
51,17,14,29116218
56,18,8,29122630
48,33,11,29124950
1,39,5,29125252
36,35,2,29143730
17,15,2,29155698
20,38,10,29176542
31,36,8,29176551
19,25,5,29182227
50,38,3,29182328
48,37,6,29186002
43,39,8,29209625
42,38,0,29209641
28,37,1,29211591
42,1,6,29213541
10,44,8,29219279
52,41,0,29245417
11,26,13,29246668
57,18,8,29250332
8,45,5,29280016
20,29,6,29308876
46,44,3,29313090
6,59,10,29392457
48,47,11,29397823
48,47,3,29397831
22,25,14,29434483
55,47,6,29437298
12,50,3,29462230
2,34,0,29588278
4,38,6,29619203
2,37,11,29625053
5,42,2,29650924
3,36,13,29677550
61,17,6,29677722
2,37,5,29684759
4,37,13,29687486
2,45,8,29714087
37,37,10,29775755
4,48,8,29800538
2,49,14,29923800
5,27,6,30029869
37,36,6,30043839
26,41,5,30061293
34,23,13,30121380
24,39,5,30156150
19,34,5,30178474
6,46,14,30182891
4,43,5,30207144
4,45,4,30213202
3,44,13,30269035
20,28,14,30276908
2,49,9,30309776
42,34,5,30338092
15,30,13,30405150
53,54,8,30427898
52,54,14,30435228
52,53,9,30459000
18,23,10,30490550
49,51,2,30517679
54,20,5,30746379
25,22,3,30750670
52,16,13,30774866
21,16,9,30906246
47,12,10,30919335
48,12,2,30956089
60,11,5,31080824
60,12,13,31084426
22,23,8,31121837
55,11,6,31208954
55,9,12,31270456
55,8,12,31276416
53,6,12,31305056
44,14,1,31305491
54,8,12,31306279
44,14,6,31307030
54,7,12,31310550
53,5,10,31312929
44,13,5,31324906
29,39,1,31326536
28,40,15,31331702
42,9,1,31332402
53,7,12,31343560
51,31,13,31371283
45,16,8,31374555
42,8,1,31375298
52,5,15,31387864
51,5,13,31398554
52,4,15,31402381
41,7,9,31422641
24,52,6,31512159
24,47,15,31548208
28,41,11,31551666
30,39,1,31558138
30,39,2,31561610
29,38,15,31573135
31,37,10,31573855
31,37,2,31573899
30,37,15,31579153
29,37,1,31580395
29,38,12,31580641
37,37,10,31581739
32,36,2,31581750
30,36,10,31583746
29,37,2,31583773
30,36,1,31584845
30,37,12,31585871
32,36,7,31585882
27,38,15,31586347
28,38,12,31587558
26,38,13,31588125
31,36,15,31588564
26,39,12,31591020
32,36,4,31594276
32,34,1,31604150
27,37,12,31607355
27,36,2,31607779
25,39,12,31608758
30,35,12,31610910
28,35,1,31611770
24,39,15,31613841
43,36,9,31614341
28,35,2,31617131
32,34,2,31617429
25,37,15,31617458
29,34,1,31617923
29,35,12,31618196
24,38,15,31619967
32,33,1,31623201
23,40,15,31624091
29,34,2,31625161
27,35,12,31634847
24,38,12,31635747
44,35,9,31647373
27,34,12,31649420
30,32,15,31651939
27,33,15,31654963
27,33,2,31655843
22,41,11,31683033
25,35,11,31698634
27,33,11,31699398
26,36,8,31710085
27,34,11,31711907
28,35,8,31734148
30,33,8,31734274
28,36,5,31742007
27,37,5,31776415
26,40,5,31906830
24,42,6,31950257
24,45,5,31952999
24,46,13,31955292
24,43,6,31958790
24,47,14,31959568
24,41,5,31960673
23,43,6,31961927
24,43,14,31963693
26,38,12,31964249
25,40,12,31965212
23,44,13,31966020
24,50,6,31966756
24,41,15,31967089
23,45,13,31967463
25,37,14,31967485
26,36,6,31967500
23,46,5,31967507
23,47,5,31969104
24,38,14,31984314
26,36,15,31984598
25,37,15,31986649
26,37,12,31991738
25,38,12,31992756
22,46,14,31994172
25,53,0,32086012
24,54,1,32090304
23,50,3,32092714
23,43,11,32093304
23,43,6,32211190
28,33,1,32217842
44,9,3,32487342
25,45,5,32527219
25,46,13,32529021
26,45,5,32529025
25,48,14,32529186
24,47,14,32531356
29,33,1,32538871
52,49,14,32539585
24,53,14,32542296
23,52,6,32542297
24,39,5,32542976
24,40,12,32544240
51,39,5,32544245
27,34,1,32544332
23,45,4,32544364
22,45,15,32544402
25,37,15,32544432
22,49,7,32544594
22,45,6,32544818
22,46,15,32544821
22,49,4,32545381
22,51,15,32545425
22,46,12,32545544
22,45,12,32545902
22,49,13,32546266
24,38,15,32546386
21,48,15,32546409
21,48,5,32546907
21,50,15,32547263
21,51,13,32547283
20,50,5,32547284
22,50,4,32547413
21,49,14,32547417
21,47,15,32547418
21,48,14,32547443
21,47,7,32547656
21,51,6,32547753
21,50,12,32548116
21,51,5,32548645
21,46,13,32548727
21,47,4,32548961
27,35,12,32548973
50,36,10,32549153
21,49,4,32549408
24,38,12,32549504
20,53,15,32549609
20,48,15,32549968
20,46,15,32550005
28,33,1,32550050
20,52,14,32550350
19,51,6,32550353
24,36,6,32550921
20,46,7,32551228
50,59,0,32551352
55,60,9,32551854
55,60,1,32551856
55,55,9,32551938
19,59,14,32552602
19,59,6,32552605
25,37,5,32552706
22,50,12,32552791
44,32,12,32552955
44,32,4,32552957
23,40,10,32552991
26,35,9,32553071
28,34,11,32553151
24,39,11,32553211
23,40,11,32553347
34,31,10,32553637
34,31,2,32553638
27,35,11,32553695
29,33,10,32553779
28,34,2,32553780
54,2,11,32554042
58,60,10,32554108
57,61,2,32554111
23,39,10,32554117
23,39,2,32554119
41,47,10,32554138
25,39,8,32554388
25,40,8,32554518
24,41,0,32554519
21,45,6,32554524
23,41,3,32554690
23,38,14,32554950
24,37,6,32554952
23,38,15,32554953
23,38,7,32554956
23,41,12,32554983
25,39,13,32555511
18,48,2,32555613
28,33,10,32556005
27,32,2,32556008
36,34,6,32556134
19,50,10,32556230
19,50,2,32556232
40,33,11,32556318
23,42,11,32556578
60,61,6,32556598
26,40,8,32556645
28,38,8,32556647
25,40,3,32556666
20,62,5,32556799
44,34,14,32556802
22,43,14,32556806
56,2,0,32556858
22,43,0,32556895
45,34,0,32556904
35,34,13,32557171
38,34,14,32557278
55,3,9,32557335
23,44,8,32557421
56,2,1,32557734
24,40,3,32557820
23,41,14,32557856
23,41,6,32557858
21,42,11,32557860
23,42,8,32557865
46,35,11,32557926
46,35,3,32557929
57,3,0,32557935
35,34,3,32558100
45,35,14,32558169
27,39,11,32558191
22,43,3,32558235
36,35,6,32558324
21,47,8,32558364
20,47,14,32558366
21,48,6,32558367
20,48,11,32558370
20,49,2,32558377
26,37,8,32558379
25,42,8,32558396
23,42,3,32558437
36,35,11,32558488
22,45,11,32558569
22,45,3,32558570
38,34,13,32558678
39,34,11,32558679
46,36,11,32558719
45,35,3,32558722
20,52,1,32558781
47,36,0,32558924
25,42,11,32558928
24,41,3,32558935
38,34,3,32558960
51,37,0,32559134
39,35,6,32559173
27,39,0,32559194
61,61,6,32559327
39,35,14,32559328
38,35,0,32559335
39,35,8,32559380
36,35,13,32559508
28,40,8,32559683
35,36,8,32559701
22,46,11,32559821
45,36,8,32559889
47,35,13,32559923
23,46,8,32559942
19,53,8,32559990
20,52,0,32559992
19,51,10,32560072
40,35,3,32560178
38,35,11,32560282
36,35,3,32560289
36,36,8,32560319
35,36,14,32560374
37,36,8,32560378
21,51,1,32560454
19,54,10,32560477
19,54,2,32560478
38,35,3,32560485
24,45,8,32560690
24,43,0,32560692
26,41,0,32560705
35,36,11,32560740
39,35,5,32560750
36,36,14,32560752
28,39,0,32560785
23,46,11,32560787
52,39,0,32560839
53,39,10,32560844
23,47,1,32560857
38,36,0,32560874
20,51,11,32560895
20,49,3,32560898
35,37,8,32560914
26,42,11,32560920
23,45,11,32560934
25,43,11,32560935
23,43,3,32560938
24,45,11,32560967
23,46,3,32560971
47,37,8,32560989
47,37,0,32560991
46,36,0,32560992
39,36,8,32561066
37,36,13,32561077
22,48,8,32561146
24,46,8,32561149
37,36,11,32561165
26,43,8,32561180
46,37,8,32561321
44,36,0,32561446
23,39,4,32561456
37,36,3,32561462
52,38,0,32561496
44,36,13,32561501
41,36,0,32561536
19,54,1,32561566
19,53,11,32561571
45,37,11,32561599
44,36,3,32561601
37,37,14,32561605
23,46,0,32561634
22,49,1,32561754
21,53,0,32561808
55,3,11,32561821
56,2,3,32561825
23,45,3,32561835
46,33,4,32561868
44,31,7,32561870
41,36,11,32561895
39,36,3,32561896
41,36,3,32561904
55,4,8,32561914
57,2,8,32561915
41,36,5,32561942
24,46,2,32562024
21,53,10,32562025
22,46,3,32562062
49,38,0,32562077
50,37,11,32562078
48,37,3,32562080
46,38,8,32562085
50,39,8,32562168
26,44,8,32562215
53,39,0,32562227
22,49,8,32562321
35,37,3,32562385
22,48,0,32562392
27,43,8,32562445
28,41,11,32562447
26,41,3,32562449
40,37,8,32562453
24,47,3,32562558
19,56,10,32562605
39,37,8,32562687
38,37,11,32562708
36,37,3,32562710
24,45,0,32562791
21,51,9,32562810
21,50,11,32562863
55,38,5,32562870
48,14,3,32562901
45,37,8,32562963
24,44,3,32563141
57,2,11,32570126
24,49,11,32571203
23,53,2,32571825
18,12,14,32572487
59,2,9,32572550
59,2,1,32572561
23,52,11,32574144
42,39,11,32574478
24,53,8,32575326
23,53,11,32575703
41,40,8,32575766
48,40,6,32576071
46,40,0,32576385
23,56,2,32576424
38,40,3,32576574
22,59,1,32576608
24,54,8,32576997
23,55,11,32577451
23,56,8,32577660
45,7,10,32577854
39,40,3,32577873
59,1,9,32577980
59,1,1,32577981
40,41,0,32578038
57,3,11,32578383
47,10,3,32578568
22,60,1,32578857
22,59,2,32579430
21,60,11,32579436
22,60,8,32579444
51,41,0,32579725
42,41,3,32579877
40,44,10,32580360
46,40,3,32580399
45,42,8,32580659
43,42,0,32580663
45,41,8,32580674
23,57,8,32580685
49,41,8,32580734
48,41,8,32580759
43,42,10,32580952
47,41,8,32580996
49,41,11,32581239
47,41,3,32581247
49,41,0,32581352
46,8,0,32581424
58,2,9,32581486
46,41,3,32581544
45,41,11,32581639
54,43,14,32581646
54,43,6,32581653
49,41,3,32581685
47,41,11,32581911
45,41,3,32581918
22,58,11,32581975
22,56,3,32581984
50,42,8,32582129
48,42,0,32582133
24,54,2,32582148
46,42,8,32582212
43,42,3,32582437
55,43,3,32582532
57,4,0,32582650
45,43,8,32582673
45,42,3,32582719
57,4,8,32582922
59,2,8,32582926
15,26,1,32583174
44,43,0,32583228
50,43,8,32583480
48,43,3,32583655
22,59,11,32583787
22,57,3,32583789
53,44,0,32583835
49,12,0,32583840
47,10,0,32583845
48,11,1,32583851
46,43,11,32584044
44,43,3,32584049
45,44,0,32584158
49,44,0,32584263
51,44,8,32584299
44,44,3,32584571
53,44,3,32584768
53,44,13,32585002
52,43,11,32585009
47,45,6,32585207
45,45,0,32585417
58,45,0,32585448
52,45,14,32585590
58,2,10,32585594
58,2,2,32585596
45,45,6,32585650
47,45,14,32585752
46,7,10,32585881
45,8,2,32585882
56,45,11,32585913
47,45,13,32586146
55,46,6,32586194
55,46,3,32586318
55,47,9,32586334
46,7,11,32586387
49,46,8,32586513
47,45,11,32586533
46,46,6,32586591
48,11,11,32586730
54,46,6,32586750
55,46,13,32586789
55,46,11,32586800
48,46,8,32586824
54,47,8,32586851
48,46,13,32586939
53,47,6,32587040
48,47,8,32587184
50,47,0,32587199
56,47,6,32587280
58,4,1,32587410
58,4,0,32587413
15,26,14,32587438
54,47,5,32587608
50,47,3,32587612
48,47,11,32587617
47,47,0,32587626
53,48,8,32587668
51,48,0,32587670
45,48,8,32587679
51,48,6,32587742
55,48,8,32588017
49,48,8,32588190
49,48,0,32588299
55,48,3,32588306
51,48,11,32588431
49,48,3,32588437
47,48,11,32588502
49,48,11,32588535
47,48,3,32588538
58,49,6,32588637
58,49,5,32588653
19,21,14,32588707
51,48,3,32588740
52,49,14,32588744
52,49,0,32588880
58,3,11,32588926
58,3,3,32588927
59,3,0,32589026
51,49,8,32589099
52,49,3,32589297
47,8,0,32589315
49,49,14,32589362
48,49,0,32589364
60,51,11,32589491
52,49,8,32589651
58,5,2,32589672
46,50,6,32589685
47,49,3,32589749
53,50,0,32589921
53,50,3,32589927
50,49,11,32590045
48,49,3,32590048
62,52,11,32590126
46,49,11,32590199
49,11,11,32590282
50,50,0,32590348
51,50,11,32590349
51,50,8,32590374
54,51,0,32590514
51,50,0,32590579
54,51,3,32590833
47,8,8,32590848
50,50,8,32590954
48,50,0,32590956
45,50,3,32591018
50,51,11,32591072
49,50,3,32591073
57,4,3,32591367
49,50,5,32591458
48,51,8,32591461
51,50,13,32591634
50,51,0,32591638
50,50,3,32591641
50,51,3,32591705
49,51,3,32591730
54,51,8,32591755
44,14,6,32591872
51,51,3,32591883
53,52,8,32591899
52,53,0,32591901
57,53,14,32592052
50,51,5,32592281
53,51,13,32592704
59,4,8,32592773
58,3,0,32592775
59,52,11,32592830
61,50,11,32592831
53,53,8,32592884
52,53,3,32592972
49,12,9,32593174
49,52,5,32593209
48,53,13,32593276
50,52,0,32593324
23,16,13,32593487
22,15,11,32593495
51,52,11,32593498
47,52,13,32593674
48,51,5,32593677
14,14,14,32593697
14,14,6,32593705
43,31,10,32594245
43,31,2,32594247
50,14,8,32606734
54,57,6,32612159
23,17,3,32612339
49,12,6,32612611
48,56,0,32612748
48,56,3,32612995
61,4,3,32613344
53,57,6,32614342
58,58,3,32614804
54,57,11,32615089
53,57,11,32615143
60,4,8,32615153
50,57,3,32615212
49,57,3,32615423
60,4,11,32615537
58,58,11,32615541
59,59,3,32615556
53,58,8,32615969
53,58,0,32616128
49,58,0,32616144
60,6,10,32616217
61,5,1,32616313
56,60,14,32616361
56,60,6,32616365
52,58,0,32616460
57,59,8,32617084
20,17,2,32617387
25,33,13,32617450
25,33,5,32617454
50,58,0,32617577
49,58,3,32617586
50,58,3,32617726
50,13,0,32617942
53,58,11,32618017
52,58,5,32618061
50,59,8,32618135
54,59,0,32618506
52,59,8,32618621
54,59,3,32618855
61,5,0,32618867
52,59,0,32618952
53,59,0,32619045
48,7,3,32619078
51,59,8,32619098
51,59,0,32619326
44,32,14,32619492
52,59,3,32619624
23,16,3,32620028
23,16,1,32620077
51,59,5,32620337
57,61,14,32620504
53,59,3,32620784
53,60,6,32621077
51,59,3,32621083
61,61,5,32621206
50,59,3,32621465
61,4,11,32621483
51,16,13,32621849
50,14,3,32621904
49,13,0,32621909
32,33,8,32621928
53,60,0,32622137
54,60,0,32622289
16,15,6,32623631
59,31,6,32624549
60,6,1,32632213
51,60,1,32635201
57,60,0,32637903
50,13,1,32638862
61,5,6,32641268
61,5,9,32641717
61,5,1,32641718
22,19,5,32648025
61,8,9,32648394
60,7,1,32648397
51,59,9,32654011
51,59,1,32654050
55,60,9,32654376
60,7,14,32654411
52,59,9,32654607
54,60,4,32654825
60,7,3,32655100
53,59,9,32655709
53,60,10,32655712
56,60,12,32655725
56,60,4,32655727
59,61,7,32655886
56,60,9,32656241
60,62,7,32656771
52,57,10,32661833
58,59,4,32663966
61,6,1,32666500
60,7,2,32668695
49,56,7,32675999
55,57,9,32676167
50,13,5,32677006
51,56,15,32677166
61,7,5,32677262
62,5,5,32677359
61,7,6,32677677
61,7,13,32677877
51,56,12,32677896
60,8,14,32677993
50,58,12,32678021
50,54,10,32680145
52,55,4,32680331
48,34,14,32681424
51,53,2,32681455
48,55,7,32682045
48,54,1,32682105
58,59,10,32682673
47,54,7,32682838
45,34,2,32683263
49,14,10,32683765
49,53,15,32683771
48,53,1,32683780
53,54,10,32683873
51,54,2,32684291
51,53,4,32684802
47,53,7,32684924
55,54,7,32684969
49,53,4,32685011
50,53,10,32685117
48,53,2,32685134
48,53,4,32685400
48,52,15,32685516
49,52,9,32685757
51,52,9,32685834
47,53,4,32685848
49,52,15,32685892
50,13,14,32685926
56,54,1,32686004
53,53,4,32686270
50,53,2,32686276
50,52,15,32686364
50,52,4,32686476
52,52,4,32686508
47,52,7,32686634
48,52,7,32686705
46,52,7,32686756
47,52,12,32686785
54,53,4,32686793
53,53,15,32686809
51,51,9,32686920
49,52,12,32687027
55,54,10,32687061
54,55,2,32687062
47,52,10,32687078
53,52,7,32687116
48,51,7,32687802
50,51,7,32687876
49,51,7,32688055
47,52,4,32688551
55,51,4,32696140
44,49,10,32696484
44,49,2,32696485
50,49,9,32696773
25,37,2,32698111
49,48,9,32698952
46,48,10,32699165
46,48,2,32699188
46,49,10,32700549
45,48,1,32700562
59,60,9,32701506
58,59,1,32701557
47,48,15,32702061
46,48,1,32702112
48,47,9,32702417
48,47,1,32702425
50,48,7,32702609
47,48,9,32702664
46,47,1,32702709
47,47,2,32703186
47,48,12,32703458
46,48,9,32703492
48,48,12,32703603
49,48,10,32703606
47,48,10,32704211
52,48,9,32704225
49,48,2,32704411
47,46,9,32704877
45,47,10,32705325
47,47,15,32705328
46,47,15,32705441
56,59,15,32705630
48,47,15,32705693
49,47,9,32705697
50,47,9,32705723
49,46,1,32705741
46,47,7,32705894
47,47,7,32706319
45,47,1,32706332
50,47,4,32706747
46,47,2,32706749
46,47,12,32706751
50,47,1,32706794
47,47,10,32706804
49,47,10,32706828
55,49,7,32707206
50,47,12,32707278
45,33,11,32707370
62,5,5,32707413
46,46,1,32707535
54,49,10,32707934
54,49,2,32707936
47,46,15,32708019
49,46,7,32708021
57,57,12,32708030
57,58,7,32708155
45,46,15,32708280
47,46,7,32708283
48,46,15,32708531
48,46,1,32708536
46,46,9,32708920
48,46,12,32708935
47,46,2,32708938
52,47,10,32708978
51,46,2,32708979
46,45,10,32709019
49,46,4,32709103
48,46,10,32709105
57,57,14,32709169
57,57,7,32709174
56,55,13,32709302
56,55,5,32709305
46,46,10,32709481
46,46,7,32709673
45,45,15,32709900
47,45,7,32709908
45,46,7,32709973
56,54,7,32709989
50,46,15,32709997
52,46,9,32709998
49,45,7,32710037
56,56,15,32710119
47,45,9,32710220
45,45,1,32710238
50,46,12,32710320
52,46,4,32710321
44,46,9,32710351
48,45,7,32710376
49,44,9,32710555
56,56,14,32710684
56,56,7,32710689
44,46,10,32710786
49,45,4,32710841
47,45,10,32710843
56,56,4,32710915
55,56,5,32711059
51,45,7,32711133
51,45,9,32711137
48,45,10,32711147
48,45,12,32711302
45,44,10,32711305
45,46,4,32711310
45,45,9,32711426
45,48,4,32711479
51,46,12,32711631
48,45,2,32711640
45,45,12,32711644
45,45,10,32711647
51,45,4,32711733
47,45,2,32711735
56,56,12,32711769
55,55,6,32711773
54,56,15,32711774
51,47,2,32711954
45,45,7,32712153
52,46,10,32712179
48,44,9,32712322
46,44,1,32712323
55,53,12,32712364
55,51,15,32712396
54,52,7,32712415
50,45,15,32712464
55,57,4,32712470
26,35,10,32712543
26,35,2,32712563
50,45,12,32712690
21,37,10,32712711
21,37,2,32712715
48,43,9,32712867
47,44,1,32712869
44,44,1,32712918
45,44,15,32712930
48,44,15,32712985
48,44,1,32712991
49,44,15,32713125
50,14,10,32713221
44,45,7,32713291
54,56,7,32713298
47,44,10,32713322
47,44,12,32713335
48,44,4,32713366
47,43,9,32713371
46,44,2,32713406
47,43,1,32713408
47,44,4,32713833
51,45,12,32713848
43,45,10,32713898
56,54,13,32714063
50,44,4,32714070
48,54,4,32714085
52,46,1,32714198
49,44,12,32714213
50,44,10,32714216
55,51,12,32714222
50,45,2,32714228
47,43,15,32714557
46,43,15,32714698
46,42,1,32714705
45,43,15,32714852
45,43,9,32714933
50,43,7,32714938
48,42,1,32714944
44,44,7,32715138
46,43,7,32715257
45,44,4,32715372
52,44,9,32715581
50,44,1,32715589
44,42,9,32715663
44,42,1,32715667
44,46,7,32715707
62,6,3,32715855
49,44,2,32715953
47,51,15,32715986
46,51,15,32716101
46,51,7,32716103
51,43,9,32716109
45,43,7,32716118
51,50,9,32716192
44,43,9,32716322
60,5,10,32716338
61,6,2,32716347
52,46,2,32716418
47,50,12,32716453
46,51,4,32716463
46,43,12,32716504
47,43,10,32716508
49,53,11,32716616
50,53,1,32716617
52,51,1,32716620
50,43,4,32716654
48,43,10,32716656
51,44,15,32716777
44,43,7,32716812
49,43,10,32716844
47,43,2,32716858
46,43,10,32716870
43,44,7,32716954
45,42,1,32717051
51,53,9,32717093
45,43,12,32717352
45,43,10,32717355
45,42,15,32717454
45,41,9,32717457
50,43,10,32717516
51,53,10,32717540
32,35,12,32717638
45,51,10,32717701
44,43,12,32717738
44,43,10,32717754
47,42,15,32717799
47,42,1,32717804
48,42,7,32717912
53,53,9,32717974
43,43,10,32718103
43,43,9,32718107
45,42,10,32718349
43,42,2,32718351
48,42,4,32718399
55,50,7,32718417
49,51,9,32718577
44,42,2,32719012
47,50,7,32719175
45,42,7,32719278
46,42,4,32719439
47,42,4,32719554
54,52,4,32719624
43,44,4,32719873
54,47,4,32726630
41,41,1,32727217
43,40,2,32728839
52,49,4,32729909
42,40,15,32729927
42,40,2,32729961
51,48,15,32730378
42,41,12,32730777
43,40,10,32731469
45,39,15,32731493
49,39,7,32731923
51,48,4,32731928
50,46,7,32731932
42,39,2,32732116
43,39,15,32732243
42,40,12,32732391
50,46,4,32732658
49,39,4,32732711
43,39,2,32732826
44,39,12,32733527
44,38,15,32733966
43,39,12,32734019
45,38,1,32734206
46,38,9,32734259
40,40,14,32734261
41,39,6,32734264
46,38,12,32734865
48,38,4,32734867
44,47,12,32734981
50,47,15,32735054
51,46,7,32735056
51,44,1,32735288
50,44,15,32735294
46,38,10,32735417
51,45,12,32735507
48,37,9,32735512
43,38,7,32735708
32,33,10,32735794
47,45,0,32735912
52,43,15,32736138
48,38,1,32736150
45,45,7,32736169
46,45,1,32736270
48,38,12,32736351
45,44,1,32736552
47,37,9,32736573
47,37,15,32736599
48,37,10,32736604
46,37,2,32736606
40,40,13,32736761
40,40,5,32736762
47,37,7,32736811
43,37,9,32736860
45,37,2,32736876
50,43,9,32736991
45,37,7,32737234
52,43,12,32737237
44,37,4,32737354
49,44,7,32737515
47,37,12,32737631
50,44,4,32737647
45,37,12,32737927
49,8,1,32738121
48,37,4,32738342
41,38,12,32738444
48,38,2,32738460
48,36,9,32738551
47,36,1,32738734
49,44,4,32738917
50,44,12,32738924
50,43,2,32738928
47,36,12,32738963
47,36,9,32739062
40,41,7,32739147
51,11,13,32739323
45,36,2,32739450
45,36,9,32739515
45,36,7,32739632
44,36,7,32739790
44,36,9,32739794
47,36,7,32739817
46,36,9,32739819
45,43,12,32740020
44,44,7,32740023
40,37,15,32740056
50,42,15,32740218
50,42,7,32740222
44,36,4,32740782
45,36,4,32740799
43,43,15,32741771
48,36,1,32741808
50,42,12,32741875
50,42,4,32741877
44,42,4,32741897
48,36,12,32742020
29,33,1,32742177
45,35,9,32742242
44,44,4,32742361
49,41,12,32742384
46,35,15,32742537
47,35,9,32742541
48,42,15,32742922
49,41,7,32742928
44,35,7,32743042
45,39,2,32743781
43,45,15,32744058
45,35,10,32744270
46,35,2,32744357
40,39,12,32744411
49,36,15,32744593
45,42,12,32744661
44,41,4,32744663
45,41,15,32744664
45,41,7,32744665
43,35,10,32744832
42,42,9,32744872
49,39,10,32744989
50,40,15,32744995
50,40,12,32745447
33,33,12,32745687
42,43,4,32745754
40,37,5,32745847
49,41,12,32745960
46,34,9,32746096
44,34,1,32746108
40,36,12,32746191
44,38,9,32746210
29,33,2,32746846
50,40,10,32746962
40,37,13,32747113
40,39,4,32747132
41,35,12,32747453
44,41,15,32747476
52,40,9,32747725
50,40,1,32747726
48,36,2,32747849
40,36,5,32748261
47,34,9,32748878
49,39,15,32749533
49,39,7,32749537
41,36,4,32750292
40,34,15,32757719
39,35,15,32760968
39,34,5,32761167
38,35,5,32761180
50,37,12,32761394
41,32,10,32763103
40,33,15,32763815
50,11,6,32765138
48,36,10,32765492
50,37,4,32765607
50,6,1,32766361
50,11,9,32766674
50,36,9,32769246
39,33,15,32769793
44,35,4,32769901
44,36,15,32771129
61,4,6,32778548
50,6,6,32779568
47,35,1,32780820
40,32,5,32808843
26,32,10,32811715
37,38,6,32836290
61,5,5,32924153
61,5,6,32960667
38,36,12,32989672
37,33,15,32996675
53,18,5,33485932
52,16,8,33524007
53,16,0,33556767
54,15,8,33562040
27,14,2,33587790
26,40,6,33682563
43,39,11,33707721
24,42,5,33709731
23,15,14,33717272
10,50,10,33777388
50,41,6,33777954
50,21,11,33779368
9,52,3,33809662
12,33,13,33834240
45,46,11,33861204
10,53,8,33868159
8,55,9,33869734
49,23,5,33895388
52,20,3,33896746
15,41,13,33898212
50,24,13,33900928
45,51,11,33932264
52,21,9,33935777
48,50,11,33936330
53,52,6,33965470
9,45,13,33966851
8,39,14,33992668
22,23,13,34025975
52,24,14,34082924
53,26,10,34492230
53,24,13,34593694
53,23,14,34654870
54,23,14,34655246
55,25,13,34681744
12,39,6,34687933
54,22,14,34749472
55,24,8,34871514
55,25,13,35093793
54,23,15,35150575
52,22,14,35211112
52,21,13,35245074
57,62,9,35267487
53,62,9,35278592
53,60,1,35304122
51,60,2,35312512
9,37,13,35363245
51,24,14,35405666
61,19,6,35487421
49,20,14,35493379
61,19,14,35495279
62,18,6,35495293
10,43,15,35498506
23,45,6,35513564
23,38,13,35523799
17,56,10,35525556
22,47,13,35555363
22,43,5,35558327
22,44,13,35560194
60,21,5,35589389
61,22,0,35593854
61,21,7,35616595
61,23,14,35621471
3,37,14,35681075
61,22,11,35683061
60,21,2,35683812
14,44,1,35687250
15,49,10,35687449
61,22,13,35693164
3,36,10,35693791
7,50,2,35703322
50,26,8,35706242
8,35,7,35710511
16,48,10,35710846
9,42,10,35714823
51,57,14,35714828
51,57,6,35714831
26,43,13,35716056
21,36,5,35716194
20,22,10,35718624
1,25,10,35734791
7,32,9,35736305
7,32,1,35736329
2,24,2,35742404
24,19,14,35744990
23,21,14,35745493
8,33,10,35748177
13,19,6,35749766
22,19,11,35776802
5,31,2,35779009
52,23,11,35794126
5,28,7,35794507
3,27,9,35794812
50,27,11,35797392
4,27,7,35802257
2,26,9,35802259
7,28,4,35803831
7,35,13,35805426
20,41,10,35806024
25,19,10,35807219
25,19,2,35807226
25,13,10,35808582
25,13,2,35808587
24,12,9,35808704
24,12,1,35808706
4,26,1,35809219
3,26,1,35810103
22,19,1,35810380
51,24,11,35811363
6,27,4,35812030
7,28,12,35812195
51,30,8,35812778
5,25,10,35832275
31,13,1,35835287
4,24,10,35836098
25,17,14,35836603
51,29,10,35836764
27,17,8,35837040
55,47,14,35838881
2,22,2,35841396
14,35,2,35842353
26,16,2,35860085
52,59,8,35904995
53,55,13,35962847
52,27,10,35987800
56,54,11,35993916
55,53,3,35993929
54,24,1,35999431
55,52,4,36023168
53,50,9,36025491
54,25,3,36028832
55,49,9,36029227
58,49,4,36053742
57,50,2,36054042
54,27,9,36056340
58,49,7,36059500
58,47,10,36080970
17,61,2,36082215
17,61,9,36082217
17,61,1,36082228
58,46,4,36086432
16,61,7,36086715
15,61,9,36086721
18,61,7,36087857
16,60,9,36087873
54,23,2,36092220
20,58,12,36111052
22,58,1,36114852
22,57,9,36116176
21,56,9,36119401
10,57,6,36120139
54,22,2,36120241
10,55,6,36139669
22,53,15,36144541
8,56,10,36146435
22,52,9,36147841
17,52,9,36149558
21,51,9,36154442
49,22,9,36156018
55,19,6,36156217
16,51,1,36156556
10,52,10,36175406
61,41,0,36179064
21,47,9,36181158
55,39,14,36182567
57,21,10,36182863
26,14,13,36183353
28,13,14,36183529
29,12,6,36183535
60,41,2,36184042
21,47,10,36184203
21,47,2,36184215
54,17,13,36184966
26,15,8,36185275
27,14,0,36185280
29,12,5,36186497
27,14,1,36186503
55,17,5,36187590
54,18,6,36187902
12,62,1,36207672
53,16,13,36217854
54,18,12,36217860
53,18,1,36217867
54,18,4,36218887
53,20,14,36235616
9,59,9,36238195
9,59,0,36239824
10,59,9,36240118
21,43,1,36245987
52,17,11,36250302
53,19,14,36262990
52,17,2,36263631
20,42,10,36265737
20,42,2,36265743
44,34,10,36273003
12,57,1,36276504
12,49,9,36277072
17,43,15,36277469
21,42,9,36278396
14,58,2,36279362
23,40,10,36286934
21,40,1,36288572
25,40,10,36289279
25,39,1,36299204
20,41,12,36299613
18,42,12,36299749
24,39,2,36299890
20,40,1,36300091
22,39,10,36301130
21,40,2,36301184
28,40,10,36301833
26,40,2,36301834
22,39,15,36302992
24,39,9,36303003
24,54,6,36303739
22,40,12,36303778
22,40,10,36304331
21,39,2,36304338
17,54,9,36304531
26,38,1,36305109
21,40,12,36305268
27,39,7,36305358
30,40,10,36305714
26,39,7,36305755
25,39,7,36305936
21,39,1,36306211
24,39,12,36308752
23,39,7,36309233
25,39,2,36309488
25,39,4,36310059
22,38,2,36310069
27,39,4,36310091
20,39,10,36310133
20,39,2,36310139
23,38,2,36310901
24,37,9,36310904
23,38,1,36310909
23,39,2,36310919
24,38,1,36310960
14,49,3,36311210
25,53,14,36312249
25,37,10,36319805
24,37,1,36324876
25,37,1,36328657
28,37,9,36329153
28,37,7,36330121
20,38,15,36330860
27,37,1,36332063
29,37,10,36332067
28,36,2,36332072
16,46,1,36332645
26,36,2,36334210
28,37,4,36335086
21,37,1,36336012
21,38,12,36337123
24,36,10,36338423
22,46,6,36339533
26,36,15,36340251
27,35,9,36341072
26,36,1,36341073
27,36,9,36342842
22,37,12,36342875
25,36,10,36342897
25,36,15,36343226
29,35,1,36344066
32,36,9,36355006
31,35,9,36366486
20,48,10,36366674
20,48,2,36366681
25,41,9,36366815
32,36,10,36367465
32,36,1,36367899
21,47,8,36368085
16,43,2,36372164
31,33,9,36395275
23,34,1,36400736
23,34,2,36403193
33,33,10,36403325
33,33,2,36403335
36,34,4,36406674
31,32,2,36422763
36,33,4,36422837
24,33,2,36427175
32,31,2,36435458
25,32,2,36436615
24,34,12,36436964
35,31,10,36457447
27,30,10,36465831
28,29,2,36465844
22,40,8,36467078
26,41,11,36468274
35,29,10,36485313
24,32,2,36611888
52,13,6,36618970
52,13,1,36621860
23,34,5,36811050
23,36,5,36813314
53,15,6,36875072
23,33,1,36891515
45,31,13,36936371
53,16,1,37089238
40,29,10,37150270
27,30,6,37150801
28,29,5,37150805
27,30,13,37152086
26,31,6,37155125
26,30,6,37164911
46,33,9,37170400
47,34,1,37170402
45,32,3,37170472
26,30,12,37170629
44,45,0,37171182
30,37,6,37171830
42,43,0,37172218
29,37,1,37173448
28,38,2,37174385
23,37,12,37174407
23,39,4,37174417
21,39,14,37174843
22,38,6,37174845
22,36,15,37175361
22,41,6,37176009
46,45,8,37176201
23,35,4,37176727
22,40,12,37176788
38,26,2,37177919
46,48,2,37178144
20,39,14,37178196
20,39,6,37178198
20,41,14,37178636
20,43,6,37178784
20,40,6,37179151
21,42,7,37179167
21,39,7,37179567
22,42,5,37179649
45,47,13,37179785
44,46,5,37179788
23,47,13,37180037
20,38,14,37180181
21,38,15,37180184
22,36,4,37180299
21,42,4,37180624
21,41,13,37180717
21,39,5,37180719
21,39,4,37180738
21,39,13,37180740
21,37,5,37180744
21,39,12,37180747
20,43,14,37180821
19,44,6,37180871
21,41,5,37181057
21,42,13,37181124
44,24,2,37181418
20,41,7,37181916
20,40,14,37181943
20,45,14,37181951
20,42,6,37182042
21,43,5,37182313
20,42,14,37182737
20,40,15,37182747
39,25,1,37182917
45,49,12,37183108
19,42,14,37183228
19,44,14,37183412
19,42,6,37183415
20,42,12,37183420
20,40,13,37183504
20,38,5,37183513
20,40,5,37183528
20,41,12,37183529
20,41,13,37183696
20,42,4,37183701
21,36,4,37183708
20,39,12,37183775
20,41,4,37183784
20,45,13,37183973
20,45,5,37183975
21,45,5,37184013
20,45,6,37184017
19,45,14,37184019
20,43,5,37184427
20,44,12,37184429
20,44,13,37184514
20,42,5,37184516
20,43,12,37184528
19,42,7,37184579
20,44,5,37184604
20,37,5,37184715
19,41,14,37184743
19,39,6,37184745
19,39,15,37184746
20,47,13,37184855
21,46,5,37184878
23,52,14,37184938
19,44,14,37184985
19,46,14,37185012
19,44,6,37185013
49,52,15,37185068
51,50,15,37185284
19,39,14,37185289
43,45,4,37185297
19,38,6,37185318
19,40,7,37185325
23,32,4,37185363
25,29,7,37185401
50,12,1,37185437
42,44,4,37185464
19,41,12,37185553
19,43,4,37185556
18,44,14,37185588
19,40,4,37185643
19,39,13,37185764
19,46,13,37185842
19,46,5,37185845
18,46,6,37185850
52,49,15,37185893
39,25,2,37185981
42,24,9,37186350
19,40,13,37186621
19,38,5,37186625
22,52,15,37186627
20,50,13,37186675
51,31,10,37186808
19,44,12,37186811
18,43,15,37186814
19,45,13,37186987
19,39,5,37187083
19,41,5,37187111
19,44,5,37187163
18,43,7,37187166
18,41,6,37187898
18,39,6,37187975
18,41,7,37187980
20,53,11,37195804
18,39,2,37195813
20,49,1,37196259
19,40,0,37196330
18,39,9,37196509
19,35,2,37196746
19,38,8,37196898
18,42,11,37196995
23,55,7,37197055
20,41,0,37198187
18,45,3,37198321
19,46,0,37198829
18,43,3,37198921
52,31,4,37198965
51,30,7,37199170
18,43,10,37199325
20,43,11,37199336
19,40,1,37199388
49,54,6,37199473
48,55,10,37199477
27,42,8,37199903
23,54,9,37200027
18,43,11,37200124
19,42,3,37200126
51,41,13,37200223
48,47,2,37200241
27,38,15,37200663
26,39,7,37200668
52,42,5,37200699
48,53,14,37201009
23,52,9,37201111
24,53,1,37201117
20,47,11,37201189
19,46,3,37201195
46,49,15,37201605
19,38,2,37201699
19,35,3,37201703
55,41,7,37201799
20,45,3,37201834
49,54,12,37201904
26,38,15,37202016
25,37,7,37202023
20,35,8,37202189
21,42,0,37202294
26,39,12,37202324
27,40,4,37202325
20,47,3,37202429
20,47,0,37202431
23,47,3,37202451
49,53,12,37202465
48,53,15,37202475
50,52,12,37202586
20,40,8,37202603
20,40,11,37202605
54,35,13,37202735
26,38,12,37202751
52,33,13,37203008
53,32,5,37203009
50,42,6,37203032
51,43,11,37203156
23,52,1,37203300
54,39,15,37203358
20,37,0,37203381
55,41,4,37203729
54,40,7,37203741
52,33,8,37203748
50,51,2,37203762
20,41,11,37203813
53,36,12,37203876
21,42,3,37203945
50,41,15,37204168
48,50,5,37204216
48,50,6,37204225
47,53,10,37204234
25,37,2,37204240
54,44,6,37204281
51,32,12,37204641
52,10,5,37204741
47,50,6,37204769
47,49,13,37204779
20,37,8,37205019
25,52,1,37205270
46,43,10,37205424
44,44,3,37205538
21,33,8,37205548
53,44,10,37205720
22,43,0,37205721
20,36,11,37205906
50,39,5,37205911
25,37,4,37205948
46,41,9,37206004
46,41,1,37206009
53,11,0,37206138
21,39,8,37206155
51,34,5,37206313
24,39,13,37206365
24,39,5,37206366
21,40,11,37206369
25,51,10,37206454
24,51,1,37206496
25,49,3,37206636
48,42,7,37206677
20,37,2,37206719
49,40,15,37206728
20,34,10,37206786
20,36,2,37206799
48,52,4,37206861
48,41,15,37206909
22,45,11,37207011
45,42,1,37207117
21,34,8,37207139
21,35,1,37207142
26,42,11,37207284
50,38,7,37207394
50,37,12,37207603
21,34,11,37207769
24,43,14,37207892
46,50,7,37207986
23,44,9,37208020
46,38,15,37208029
25,39,12,37208134
49,38,14,37208152
45,47,4,37208253
47,26,13,37208459
47,26,5,37208461
47,53,4,37208479
23,29,11,37208540
22,36,0,37208617
25,38,7,37208753
43,45,14,37208790
43,45,6,37208795
22,33,8,37208892
22,33,11,37208972
45,42,10,37208988
48,42,4,37209085
47,41,9,37209087
50,40,4,37209111
48,38,7,37209116
46,34,9,37209130
49,37,15,37209320
49,36,9,37209322
50,35,1,37209325
44,42,4,37209332
43,42,15,37209333
44,41,7,37209338
24,29,8,37209511
45,51,4,37209592
31,35,15,37209746
44,41,15,37209953
50,31,13,37210095
46,40,7,37210259
45,38,14,37210311
46,39,6,37210356
46,40,4,37210360
51,34,14,37210466
50,33,14,37210551
43,36,10,37210566
35,28,2,37210580
45,37,10,37210914
45,35,2,37210918
25,28,8,37211142
49,31,14,37211694
27,40,7,37211762
41,38,15,37211770
47,35,10,37211781
31,34,15,37211964
26,42,14,37212661
26,42,6,37212662
28,41,4,37212789
36,26,11,37212793
36,26,3,37212795
31,36,4,37212934
30,35,7,37212936
42,40,4,37212957
26,42,0,37213495
50,36,4,37213545
48,36,10,37213607
47,35,2,37213608
31,34,12,37213680
31,33,15,37213684
45,49,15,37213925
44,50,4,37213936
27,39,1,37214254
27,42,14,37214439
53,15,8,37214456
25,29,8,37214711
41,40,4,37214898
40,39,7,37214912
49,35,7,37214983
31,34,13,37215253
31,34,5,37215256
25,28,11,37215360
50,33,12,37215427
41,39,7,37215434
32,39,14,37215609
31,38,6,37215613
44,50,14,37215785
45,49,6,37215793
26,38,4,37215917
30,33,15,37216081
35,28,11,37216132
41,40,6,37216144
52,10,0,37216346
28,37,2,37216493
31,33,12,37216496
45,32,10,37216647
49,32,15,37216901
46,33,2,37217612
49,35,4,37217661
27,27,11,37217782
25,39,10,37217788
27,28,8,37217839
26,38,15,37217894
24,34,3,37217919
25,36,3,37218163
25,30,0,37218219
25,35,3,37218328
45,33,9,37218338
44,32,1,37218348
40,40,13,37218412
41,40,12,37218427
44,47,5,37218798
29,36,1,37219048
52,11,11,37219102
36,27,8,37219446
52,13,3,37219794
26,34,9,37228767
32,33,3,37229086
41,27,6,37232628
30,28,1,37235770
38,25,3,37237855
40,27,0,37241024
54,8,9,37241231
54,7,0,37241254
35,38,9,37245759
40,28,14,37245830
38,31,1,37246343
32,30,5,37248378
44,28,5,37248879
42,30,5,37249786
54,15,11,37250143
15,13,2,37272693
54,13,8,37277344
55,14,14,37524897
30,29,13,37562579
30,30,13,37570494
30,32,13,37580895
49,17,14,37581241
34,31,13,37587352
34,31,5,37587353
29,32,5,37587685
33,32,6,37588422
32,33,10,37588426
28,32,14,37588694
29,31,6,37588695
56,16,2,37592782
28,33,5,37609721
27,36,0,37612513
56,17,2,37612979
25,31,3,37613094
49,36,14,37616238
46,35,3,37616877
47,35,14,37616999
47,35,6,37617001
52,18,11,37619577
52,18,3,37619589
27,34,5,37620798
28,36,8,37621354
23,31,3,37621413
29,32,8,37622259
31,34,8,37622897
30,34,6,37623113
21,32,5,37623121
28,33,11,37624047
21,31,8,37624754
24,31,0,37625708
28,33,0,37626172
29,35,11,37636994
28,38,8,37643950
29,37,14,37645822
29,37,6,37645826
29,36,13,37646147
26,35,5,37648850
29,35,3,37648868
23,37,2,37649821
28,35,13,37649858
19,33,13,37650536
18,34,5,37650537
29,37,5,37651582
25,36,6,37652752
39,37,3,37652903
28,37,5,37653217
26,40,8,37653719
23,34,13,37653913
22,33,5,37653919
17,35,6,37654173
23,39,6,37654253
24,9,6,37654502
24,37,5,37654742
24,38,12,37655684
27,39,2,37655967
32,35,3,37656225
27,35,13,37656489
28,36,0,37656942
26,37,13,37664487
23,38,6,37673019
23,43,0,37676837
46,39,13,37677155
23,38,5,37678227
20,41,14,37678320
24,39,14,37678463
26,39,5,37678484
32,37,14,37680730
24,40,6,37681092
21,42,13,37681158
29,36,13,37681682
24,37,11,37682704
22,39,14,37682840
23,40,14,37683328
23,38,13,37683333
57,21,9,37683473
57,21,1,37683481
26,37,6,37684364
49,41,5,37684833
23,41,8,37685899
24,39,6,37687070
21,37,8,37687486
20,38,8,37687916
19,44,14,37698616
24,43,6,37700840
56,16,5,37700910
24,37,5,37701879
42,41,6,37705187
22,42,0,37706030
21,38,8,37706076
23,41,5,37706487
22,42,3,37706583
20,41,5,37707087
14,40,9,37708180
18,43,15,37708830
24,42,6,37708848
46,42,6,37709353
49,44,3,37710727
23,43,6,37710916
20,47,8,37711305
25,39,5,37711315
18,43,5,37711596
18,44,12,37711638
55,17,14,37711715
56,16,6,37711717
18,43,6,37711949
20,42,6,37712525
19,42,13,37716809
19,42,6,37716812
56,24,13,37716861
20,42,5,37717157
24,42,5,37717504
22,44,6,37717625
24,38,3,37717962
17,46,12,37718010
17,44,5,37718646
17,47,13,37718862
23,38,3,37718886
15,49,14,37729657
14,48,6,37729668
25,38,13,37731859
14,50,14,37735760
20,46,6,37735845
14,47,6,37737506
15,51,14,37738457
13,49,14,37738751
16,50,8,37739056
15,50,0,37739810
19,45,12,37740136
15,50,8,37740160
13,50,14,37740361
13,50,6,37740372
16,45,6,37740490
20,46,13,37740716
13,49,13,37742421
24,40,3,37743875
23,40,8,37744570
18,46,14,37744614
15,46,5,37745353
17,44,5,37745370
13,48,6,37745375
13,48,5,37747252
15,51,8,37747430
20,48,8,37747894
4,43,8,37748349
13,48,12,37748382
13,49,12,37749409
15,46,14,37750078
55,23,8,37758751
18,50,6,37759748
17,49,14,37762189
10,51,15,37765308
11,52,7,37766226
17,50,5,37770189
14,49,14,37770192
14,49,6,37770194
9,52,15,37770249
14,48,3,37770465
14,49,0,37770819
2,44,8,37771962
47,48,14,37772121
9,51,15,37773118
14,48,8,37773159
14,49,13,37774252
16,51,14,37774592
16,51,6,37774594
10,55,8,37774892
16,50,13,37775350
17,49,5,37775352
18,39,14,37775635
22,42,13,37776378
15,52,6,37776892
11,49,14,37777073
12,48,6,37777074
15,50,5,37778696
25,41,13,37778698
25,41,5,37778742
11,55,0,37778859
14,49,8,37779644
9,55,5,37780280
14,48,0,37781803
13,52,5,37794206
12,53,5,37797685
46,47,5,37797849
12,51,5,37800082
13,55,14,37800851
12,54,6,37800853
11,52,13,37801848
12,54,13,37804799
11,54,6,37805276
11,55,14,37807427
9,52,13,37808880
11,54,13,37809094
24,43,14,37809279
10,55,6,37809641
11,54,5,37809642
8,53,6,37810911
11,55,5,37811511
45,48,6,37812048
10,55,4,37812192
6,60,6,37812498
9,56,13,37823946
8,56,14,37824675
8,57,6,37830623
8,57,13,37830625
7,58,14,37834481
5,56,14,37834518
4,57,6,37835583
3,56,14,37836627
5,58,14,37837867
7,58,6,37839823
4,57,5,37840431
5,59,14,37843223
22,44,13,37843329
22,44,5,37843333
1,59,13,37859228
2,61,6,37866139
1,62,5,37870544
49,56,14,37934802
54,26,14,37961722
3,50,6,38027101
1,18,9,38219160
62,31,6,38619303
59,26,14,38718578
2,25,13,38739770
33,24,14,38746325
22,27,14,38777646
31,25,15,38812531
55,26,13,38966859
55,25,9,39215704
46,50,14,39276698
53,24,6,39425099
47,43,10,39520963
53,16,2,39524273
23,15,10,39528665
53,15,9,39545775
53,20,10,39554901
25,38,9,39592152
25,38,1,39592174
14,32,1,39621748
21,62,9,39761705
21,62,1,39761745
20,62,2,39765159
19,61,15,39779161
17,61,15,39791858
20,59,1,39792463
20,59,15,39795275
21,58,1,39797880
17,61,12,39799727
20,58,15,39804062
20,58,2,39805045
19,58,10,39805695
21,57,1,39808841
19,58,15,39808871
20,56,1,39821060
20,56,15,39825147
21,56,12,39827277
19,57,12,39831295
21,55,15,39832123
19,56,15,39833884
18,57,15,39835317
20,56,12,39837016
20,55,15,39837476
18,58,12,39839326
22,52,1,39853538
53,16,13,39858798
53,16,5,39858831
19,54,14,39858834
22,59,9,39904390
22,59,10,39905340
22,59,2,39905351
20,56,12,39937516
29,41,2,39949692
28,41,1,39954375
28,40,10,39961367
27,40,9,39962244
25,41,10,39962693
27,40,10,39963318
27,40,2,39963343
24,54,10,39965709
24,54,2,39965722
28,40,15,39968569
29,40,2,39968788
26,40,2,39979279
28,38,2,39981023
30,38,10,39982309
30,38,2,39982359
29,38,1,39985701
37,39,14,39987079
28,38,10,39987977
32,38,12,39994349
30,37,1,39995721
35,37,14,39996068
28,38,2,39996720
26,38,10,39997183
25,53,1,39998314
31,37,1,40000083
39,37,9,40020110
39,37,1,40020114
30,36,12,40020425
30,35,15,40020430
31,35,15,40023190
33,35,9,40023194
29,36,12,40024226
28,35,10,40024316
33,34,1,40026236
28,36,12,40027468
31,35,10,40027536
29,35,15,40027588
33,35,4,40027914
30,35,12,40029522
30,35,9,40030261
28,35,1,40030262
30,34,15,40031212
35,34,10,40045856
29,33,1,40045878
28,34,2,40050240
30,33,15,40058672
28,33,12,40089346
28,32,2,40091100
25,34,10,40174967
26,33,2,40181209
26,34,8,40393877
37,26,9,40397723
22,42,8,40405829
24,38,11,40424939
35,29,2,40532033
52,43,6,40552814
25,42,5,40558732
50,36,10,40559785
26,35,6,40580571
26,35,13,40586324
27,34,5,40586327
27,33,1,40586691
54,12,14,40622935
29,11,11,40624929
53,10,13,40743331
28,32,10,40928221
28,32,2,40928302
28,32,1,40932360
51,33,11,41170292
52,33,3,41171623
52,31,9,41173176
52,31,1,41173181
47,27,9,41173816
52,33,2,41173958
53,12,2,41174813
25,44,3,41175199
53,32,10,41175615
53,32,2,41175619
54,33,10,41175751
26,33,14,41176716
45,26,1,41177562
25,35,14,41177937
51,29,10,41177973
52,30,2,41177974
27,32,5,41178081
25,43,13,41178255
25,43,5,41178256
49,27,10,41178633
49,27,2,41178635
25,34,6,41179215
25,37,6,41179237
25,44,14,41179595
28,31,12,41179688
56,41,3,41179957
26,35,12,41180626
25,37,15,41180764
25,42,4,41180906
55,31,9,41181149
55,31,1,41181151
47,26,10,41181409
25,36,15,41181507
53,50,11,41181606
26,33,5,41181772
24,41,14,41181826
25,44,13,41181874
25,44,12,41181878
25,38,12,41182327
40,25,10,41182454
24,38,15,41182615
24,40,7,41182619
53,11,14,41182630
42,25,12,41182679
24,43,14,41182842
24,42,15,41182844
24,40,15,41182931
54,52,0,41182955
54,52,3,41182960
53,53,11,41182976
24,43,15,41183018
24,43,6,41183101
46,25,1,41183127
24,38,6,41183232
24,41,7,41183235
25,35,5,41183318
55,53,0,41183398
46,25,12,41183493
27,32,12,41183499
25,34,15,41183935
25,34,1,41183944
53,55,8,41183985
23,41,13,41184056
23,41,5,41184057
25,38,4,41184407
53,27,7,41184516
24,45,4,41184657
24,49,14,41184711
53,11,9,41184739
53,11,1,41184741
24,42,5,41184886
54,11,2,41184964
24,41,13,41184985
24,40,12,41184990
61,41,2,41185010
54,10,6,41185036
55,29,10,41185111
24,47,13,41185207
24,48,4,41185211
62,38,10,41186049
62,38,2,41186051
49,26,2,41186123
30,30,12,41186896
29,29,15,41186924
30,29,13,41186942
29,28,5,41186944
28,29,1,41186953
54,14,3,41186959
55,15,3,41187080
24,36,1,41187240
27,30,1,41187424
26,34,7,41187430
28,30,11,41187440
27,34,6,41187475
60,54,3,41187594
61,54,3,41187695
29,31,10,41187929
29,31,2,41187933
26,39,11,41192107
38,26,13,41194372
39,25,5,41194377
39,25,13,41200083
33,29,1,41200415
28,37,8,41200419
29,36,0,41200423
33,29,9,41200481
34,28,1,41200482
29,34,11,41200647
29,34,3,41200654
35,28,8,41200722
31,31,1,41200817
31,31,10,41200819
27,38,13,41200870
27,38,5,41200895
18,23,2,41201091
29,34,10,41201096
27,40,2,41201133
39,24,14,41201187
31,33,0,41201325
27,40,8,41201429
27,40,0,41201430
28,39,1,41201636
28,39,8,41201640
26,42,10,41201673
27,42,8,41201677
30,30,9,41201740
27,41,2,41201749
33,28,0,41201781
30,33,11,41201884
33,28,12,41202308
38,26,14,41202323
39,25,6,41202326
37,27,2,41202337
27,40,11,41202369
27,40,3,41202371
53,25,9,41202691
32,31,3,41202699
25,42,7,41203055
33,28,2,41203382
26,47,8,41204287
30,35,8,41204594
31,34,0,41204596
28,39,2,41204932
29,36,1,41205395
54,15,11,41205428
54,15,3,41205432
45,29,9,41205580
44,28,1,41205586
29,34,1,41205973
29,30,1,41206183
35,26,2,41206374
25,42,15,41206567
25,37,11,41206664
26,36,3,41206668
28,35,10,41206703
26,35,2,41206705
29,34,9,41206812
28,33,1,41206816
26,42,8,41206841
26,39,5,41206859
25,40,9,41206864
29,31,11,41206868
29,31,3,41206871
40,24,5,41206873
55,7,8,41206996
26,35,11,41207101
38,24,13,41207182
26,35,10,41207220
26,37,11,41207245
26,37,3,41207249
54,11,9,41207313
53,10,1,41207316
54,9,1,41207330
28,33,10,41207344
26,41,9,41207362
29,32,0,41207449
25,41,8,41207450
47,24,10,41207521
30,34,14,41207574
26,40,9,41207608
25,39,11,41207618
27,37,11,41207620
34,27,2,41207634
26,40,11,41207676
48,45,9,41207704
48,45,1,41207708
27,38,9,41207722
27,38,1,41207731
33,28,8,41207827
32,30,10,41207828
32,30,2,41207831
32,28,11,41207832
28,35,2,41207871
25,46,10,41207887
27,38,8,41207900
40,24,13,41207902
39,25,14,41207908
27,39,1,41207946
34,28,2,41207961
27,37,10,41207978
28,36,2,41207988
42,25,14,41208026
45,29,1,41208129
40,24,5,41208139
27,39,8,41208143
25,40,11,41208146
45,30,8,41208149
27,13,10,41208158
27,13,2,41208160
32,30,8,41208163
27,36,11,41208171
28,37,3,41208172
26,42,9,41208176
34,28,10,41208182
35,27,2,41208190
28,35,8,41208224
30,33,8,41208226
32,32,8,41208242
26,42,2,41208265
26,39,10,41208290
36,25,11,41208312
48,46,8,41208316
48,46,0,41208319
26,40,2,41208320
28,36,11,41208322
28,38,3,41208325
28,17,14,41208336
28,17,6,41208338
28,37,9,41208380
28,36,8,41208383
27,35,0,41208384
26,43,0,41208404
31,30,3,41208416
27,38,2,41208447
25,48,8,41208503
54,13,6,41208519
26,43,10,41208554
26,41,11,41208559
26,44,1,41208561
39,25,6,41208625
30,34,8,41208691
26,42,0,41208717
26,39,11,41208719
28,37,11,41208720
26,44,10,41208723
26,44,2,41208725
35,28,10,41208737
31,30,11,41208740
28,34,11,41208755
30,32,11,41208757
27,41,9,41208779
27,40,8,41208783
27,41,10,41208787
27,41,2,41208789
28,40,9,41208792
26,44,8,41208837
36,27,5,41208844
33,28,3,41208892
33,29,8,41208894
35,27,8,41208899
25,43,3,41208971
26,37,13,41208997
38,25,11,41209018
28,37,8,41209022
27,36,0,41209023
29,35,6,41209163
30,34,5,41209168
36,27,8,41209170
36,26,11,41209173
29,34,11,41209177
62,30,1,41209189
28,38,8,41209194
27,41,0,41209207
26,47,5,41209275
31,33,8,41209279
25,42,3,41209295
28,39,0,41209318
44,30,14,41209364
45,31,6,41209366
27,40,3,41209382
31,32,3,41209496
38,26,5,41209566
27,36,3,41209686
33,30,8,41209712
34,29,0,41209713
35,27,11,41209755
32,30,11,41209996
31,29,3,41210008
32,31,8,41210020
37,26,3,41210036
28,41,8,41210084
28,41,0,41210086
26,42,11,41210087
34,29,8,41210106
28,39,3,41210241
29,38,5,41210257
39,26,14,41210304
39,26,6,41210317
29,36,8,41210441
27,39,3,41210474
28,37,11,41210667
28,35,3,41210669
36,28,8,41210731
38,26,8,41210732
36,26,0,41210735
35,27,0,41210832
37,27,5,41210837
46,28,0,41210899
29,38,0,41210980
30,34,11,41211013
30,34,3,41211021
17,14,10,41211189
35,26,3,41211220
30,34,14,41211247
39,25,11,41211328
31,31,0,41211337
40,25,11,41211507
54,6,1,41211557
36,28,8,41211764
34,28,0,41211768
26,41,14,41211773
25,40,6,41211778
29,37,11,41211799
34,29,11,41211872
34,29,3,41211881
40,26,8,41211910
39,25,0,41211920
30,34,0,41211949
31,40,5,41212098
30,35,11,41212318
39,27,13,41212333
39,26,11,41212338
33,30,0,41212355
17,25,8,41212380
29,38,3,41212387
33,32,3,41212400
18,24,13,41212440
17,23,5,41212446
37,27,11,41212476
54,14,3,41212496
46,29,8,41212668
46,28,11,41212671
30,37,8,41212715
36,27,3,41212803
36,29,8,41212874
46,29,1,41212905
31,36,8,41213020
31,34,0,41213026
30,38,8,41213265
36,28,11,41213270
34,28,3,41213272
44,24,0,41213420
44,26,2,41213421
44,26,1,41213424
30,36,11,41213574
38,28,5,41213661
29,37,3,41213906
31,37,8,41213945
31,35,0,41213948
26,45,2,41214340
31,36,0,41214369
31,37,11,41214408
54,11,1,41214462
55,15,14,41214473
54,16,2,41214478
53,10,10,41214495
54,10,11,41214505
31,36,3,41214569
55,15,11,41214612
32,36,0,41214645
47,24,11,41214679
17,18,11,41214783
18,19,3,41214784
18,7,13,41214792
37,25,14,41214886
54,12,7,41214917
28,21,3,41214944
55,12,10,41214950
46,25,8,41214992
44,25,0,41214995
54,13,8,41215003
56,13,0,41215006
49,24,3,41215055
38,32,1,41215159
38,32,2,41215161
45,28,5,41215187
47,24,3,41215220
40,30,1,41215289
33,36,8,41215292
46,26,14,41215298
46,25,11,41215313
33,35,11,41215349
32,36,3,41215413
56,8,0,41215422
45,25,0,41215455
32,38,3,41215577
33,37,8,41215643
37,33,1,41215876
55,11,8,41215918
55,12,2,41215922
44,30,3,41215967
38,25,8,41216047
38,27,0,41216049
35,25,0,41216099
28,14,10,41216154
33,37,0,41216263
54,10,10,41216271
40,29,11,41216314
33,37,11,41216327
47,27,11,41216409
49,25,0,41216421
55,10,11,41216485
55,10,3,41216488
23,11,13,41216536
23,11,5,41216538
35,35,8,41216628
55,9,11,41216659
54,10,1,41216676
36,26,8,41216721
33,29,2,41216725
48,26,11,41216839
33,27,14,41216922
18,25,3,41216957
33,38,8,41217059
28,12,7,41217101
19,23,8,41217126
48,25,11,41217222
54,13,11,41217380
55,12,3,41217381
33,36,3,41217412
34,35,3,41217461
55,11,3,41217666
55,11,0,41217669
48,25,3,41217682
51,26,11,41217712
50,25,3,41217714
33,27,11,41217787
33,27,3,41217789
47,28,8,41217898
49,26,8,41217899
49,25,3,41217947
35,26,11,41217961
37,26,5,41217973
38,33,11,41218008
35,26,10,41218145
37,25,3,41218307
52,25,3,41218318
31,29,12,41218330
31,29,4,41218347
45,30,1,41218503
32,27,6,41218637
54,14,9,41218768
55,15,1,41218769
19,26,14,41218788
49,27,8,41218938
48,26,0,41218944
36,35,5,41224207
35,36,6,41224835
61,30,0,41225068
39,32,12,41225142
61,30,3,41225416
38,31,1,41225500
37,34,12,41226006
60,30,6,41226251
34,37,6,41226428
35,36,5,41226433
33,38,14,41226778
39,30,1,41227547
38,31,15,41227603
35,36,12,41227616
38,32,12,41227839
46,28,1,41228331
35,33,2,41228645
34,36,15,41228816
35,34,15,41228835
36,34,10,41228971
36,32,2,41228974
39,30,15,41228986
33,37,5,41229127
35,33,15,41229281
37,31,15,41229360
37,31,2,41229366
40,30,12,41229509
36,33,12,41229551
34,36,12,41229554
38,31,12,41229568
41,29,1,41229922
32,37,14,41230220
33,38,12,41230370
39,30,12,41230398
40,29,15,41230427
34,33,5,41230479
38,30,15,41230590
32,36,14,41230632
32,38,6,41230649
59,31,6,41230839
33,35,14,41230874
33,35,6,41230875
31,38,14,41230900
31,38,6,41230902
36,32,12,41230994
34,35,13,41230999
59,31,14,41231027
35,32,15,41231140
33,35,15,41231218
35,33,12,41231239
60,32,14,41231404
41,29,2,41231425
34,34,12,41231553
37,31,12,41231569
33,36,12,41231588
62,35,6,41231605
36,31,15,41231681
32,37,15,41231838
31,37,14,41231964
40,28,9,41231972
40,28,1,41231974
35,33,9,41231985
59,30,11,41232072
41,27,1,41232168
60,31,8,41232282
17,20,6,41232392
61,34,14,41232465
32,37,5,41232799
61,35,6,41233290
59,32,14,41233473
62,58,10,41233647
59,31,8,41233888
54,28,8,41234086
56,60,4,41234212
56,11,1,41234544
54,12,14,41234661
34,32,6,41234987
35,31,5,41235114
31,37,1,41235330
32,35,1,41235562
32,35,6,41235565
33,36,10,41235568
32,35,2,41235575
62,48,9,41235782
62,48,1,41235790
57,31,0,41235821
41,27,9,41236095
39,29,6,41236193
32,36,1,41236303
46,30,9,41236366
30,39,2,41236459
45,28,8,41236462
45,28,0,41236463
51,42,5,41236547
39,29,13,41236571
39,29,5,41236572
34,32,1,41236765
32,37,1,41236992
37,31,13,41237192
19,18,9,41237206
55,9,6,41237216
32,37,2,41237340
29,16,6,41237413
33,33,10,41237475
34,33,11,41237483
36,34,9,41237514
35,33,1,41237518
59,47,13,41237723
37,31,8,41238001
32,37,11,41238102
55,16,11,41238247
55,16,3,41238249
56,16,6,41238256
33,36,9,41238268
39,30,13,41238393
39,30,5,41238396
39,32,9,41238398
37,32,1,41238399
55,11,5,41238581
34,34,8,41238593
36,32,8,41238594
35,34,10,41238597
44,28,5,41238645
34,35,8,41238704
34,34,0,41238836
38,30,11,41239034
33,35,11,41239067
53,28,6,41239410
37,31,11,41239416
36,33,2,41239417
33,34,3,41239480
29,18,14,41239529
33,37,6,41239687
34,36,8,41239689
50,46,6,41239825
33,38,0,41239862
34,35,11,41239921
28,23,10,41239924
28,23,2,41239931
61,43,14,41239938
36,33,8,41240011
43,28,8,41240093
44,28,3,41240123
37,33,1,41240228
36,32,11,41240553
35,36,13,41240770
47,28,0,41240831
35,36,0,41240844
35,34,11,41240971
34,33,3,41240972
55,12,10,41241290
56,16,11,41241513
56,16,3,41241515
57,60,4,41241642
34,37,8,41241677
34,37,0,41241687
52,29,6,41241807
38,31,11,41241830
56,15,11,41241976
39,31,8,41242001
52,31,6,41242005
35,35,8,41242189
37,33,8,41242190
40,30,11,41242366
33,37,11,41242416
33,35,3,41242418
37,32,11,41242512
42,30,13,41242525
43,29,5,41242527
17,22,2,41242544
49,29,8,41242660
35,34,0,41242696
57,31,13,41242718
56,12,8,41242727
36,35,10,41242779
34,38,8,41242811
41,30,5,41242831
39,32,1,41242834
36,35,8,41242940
56,12,0,41243009
18,19,1,41243102
61,34,15,41243146
35,37,5,41243221
34,38,2,41243225
41,31,6,41243279
37,34,8,41243609
38,17,5,41243637
57,10,1,41243694
36,35,11,41243957
35,37,8,41244033
36,36,13,41244048
56,31,3,41244138
32,39,14,41244223
57,12,9,41244331
56,17,3,41244560
38,32,11,41244577
38,32,3,41244578
58,32,13,41244784
62,36,13,41245030
61,35,5,41245035
20,17,0,41245250
18,11,9,41245321
40,36,9,41245325
40,36,1,41245329
35,37,3,41245388
19,25,11,41245466
19,25,3,41245472
58,49,6,41245908
55,60,12,41246022
39,30,10,41246098
38,29,10,41246099
38,29,2,41246100
53,48,8,41246170
61,34,6,41246192
46,48,7,41246214
47,50,13,41246382
47,50,5,41246385
28,15,14,41247011
61,49,3,41247063
50,52,5,41247594
60,35,6,41247746
51,41,9,41247839
58,56,10,41248144
61,49,0,41248260
39,32,8,41248263
51,53,11,41248524
51,51,6,41248532
58,55,1,41248568
58,33,13,41248873
55,12,6,41248986
40,30,0,41248990
56,15,7,41248994
36,34,7,41248999
37,34,4,41249121
61,47,8,41249162
62,39,13,41249183
61,38,5,41249184
56,8,6,41249224
55,57,9,41249227
55,57,1,41249231
49,28,8,41249249
49,28,0,41249251
54,58,2,41249318
40,32,6,41249322
36,33,9,41249348
38,33,2,41249353
37,32,9,41249355
38,33,1,41249356
34,37,9,41249365
57,32,13,41249389
35,36,4,41249396
34,36,10,41249398
55,14,8,41249421
51,35,5,41249445
39,32,14,41249569
39,32,6,41249570
57,57,12,41249572
54,11,2,41249609
57,57,4,41249643
60,43,13,41249682
47,31,9,41249752
59,36,14,41249762
59,36,6,41249765
36,34,4,41249770
42,30,8,41249778
60,39,5,41249794
40,31,5,41249800
19,25,2,41249829
54,55,6,41249859
57,15,8,41250017
36,35,9,41250033
35,37,12,41250041
35,37,4,41250046
55,56,14,41250094
56,13,9,41250154
55,12,1,41250160
37,34,7,41250165
56,13,10,41250267
60,37,13,41250286
44,29,9,41250311
37,34,1,41250377
35,34,7,41250516
36,34,1,41250519
42,28,3,41250604
57,55,7,41250827
40,31,7,41250934
40,31,15,41251078
36,34,2,41251329
37,33,15,41251858
36,34,15,41252159
35,35,1,41252161
38,32,2,41252192
33,37,2,41252541
35,35,15,41253082
39,31,15,41253442
59,40,15,41253778
36,34,12,41253797
38,32,12,41254260
56,42,13,41254304
36,32,7,41254593
35,34,4,41254805
55,34,13,41255019
36,33,12,41255051
36,33,4,41255055
56,40,8,41255113
38,30,9,41255148
32,38,6,41255156
35,35,7,41255308
36,32,15,41255434
35,34,12,41255621
33,37,15,41255808
34,36,12,41256259
33,37,4,41256261
53,41,11,41256500
34,34,15,41256590
53,38,2,41256841
39,31,12,41256945
54,36,13,41256957
37,31,1,41257002
34,35,12,41257594
34,37,4,41257595
33,34,13,41257633
37,31,15,41257638
38,30,7,41257640
34,34,4,41258011
32,38,12,41258138
36,32,4,41258264
33,34,15,41258562
52,37,4,41258576
32,36,15,41258841
32,36,7,41258845
31,39,14,41258858
37,30,9,41259068
37,30,1,41259085
54,35,5,41259148
32,35,14,41259152
33,36,7,41259161
35,31,6,41259498
32,37,6,41259649
40,31,4,41259676
36,32,12,41259824
38,32,4,41259825
33,35,12,41259844
33,35,4,41259848
47,40,7,41259967
33,36,13,41260125
33,36,12,41260126
32,37,4,41260136
40,29,7,41260292
48,41,15,41260460
23,6,5,41260622
18,15,5,41260637
36,31,15,41260892
35,31,1,41260910
18,9,6,41261056
47,42,12,41261065
43,29,12,41262100
43,40,14,41264571
55,16,10,41264698
34,32,1,41264941
33,33,2,41265286
54,12,10,41266661
54,12,2,41266677
29,16,9,41266901
55,13,0,41267040
41,29,5,41267085
29,16,6,41267125
29,24,13,41267157
33,34,9,41267236
34,33,1,41267237
37,30,5,41267303
34,33,6,41267313
33,34,2,41267323
16,18,8,41267383
16,18,0,41267390
31,39,2,41268494
19,21,9,41268765
19,21,1,41268767
34,34,5,41268787
55,8,14,41269030
18,22,6,41269405
33,38,13,41269583
18,17,5,41270401
45,42,15,41270725
46,41,7,41270727
46,38,10,41270985
43,31,5,41272637
55,17,11,41272788
55,17,3,41272792
38,30,6,41272886
37,30,11,41272887
37,30,3,41272889
39,29,1,41272899
34,34,14,41273532
34,34,6,41273534
32,34,10,41273536
34,34,2,41273540
29,25,13,41274076
36,31,5,41274154
36,31,1,41274155
36,31,6,41274160
27,10,6,41274266
39,29,6,41274744
38,30,2,41274785
56,16,12,41274943
42,30,13,41275200
34,33,6,41275293
34,33,2,41275298
33,34,1,41275300
34,32,11,41275533
35,31,3,41275536
56,15,6,41275684
34,37,10,41276108
33,35,6,41276285
40,29,5,41276390
40,29,9,41276393
40,29,1,41276395
40,29,10,41276397
37,30,10,41276498
33,34,5,41276715
35,32,5,41276719
37,31,10,41276746
35,31,9,41276982
35,31,14,41276984
43,33,14,41277409
43,33,6,41277425
18,21,14,41277478
41,30,9,41277718
19,21,12,41277858
19,12,11,41277949
29,21,14,41278116
33,33,10,41278139
30,13,13,41278319
19,11,14,41278336
19,11,6,41278343
55,13,6,41278348
55,13,10,41278358
56,10,6,41278441
35,31,15,41278445
29,20,6,41278462
33,34,6,41278470
40,29,15,41278798
43,32,8,41278809
34,31,10,41278878
32,37,14,41279115
32,35,13,41279118
32,37,5,41279119
37,31,7,41279351
18,10,5,41279463
32,36,14,41279557
33,35,13,41279560
33,35,5,41279562
55,12,3,41279832
32,35,5,41280478
34,34,12,41280479
36,19,14,41280618
55,17,12,41281059
37,37,8,41281063
19,7,11,41281112
19,7,3,41281125
33,33,15,41281235
17,18,6,41281292
55,16,7,41281561
34,35,4,41281915
34,32,5,41294796
33,33,1,41301526
54,12,9,41306641
54,12,6,41306809
35,31,2,41336516
36,30,2,41339645
54,13,2,41620090
32,30,5,42152298
30,31,6,42156067
54,15,14,42180648
30,32,13,42186094
26,34,7,42270886
53,17,11,42326768
27,32,6,42335429
29,32,13,42339305
29,32,5,42339314
23,32,8,42341650
27,34,5,42363547
21,42,1,42365149
26,33,14,42365275
26,33,13,42365309
20,36,5,42365957
25,34,6,42372160
26,35,14,42372679
26,35,6,42372681
25,36,10,42372688
20,36,14,42373088
20,36,6,42373089
53,18,10,42374035
53,18,2,42374043
17,39,5,42384050
16,40,6,42387990
53,19,0,42396958
18,38,6,42399090
22,34,11,42402106
22,34,3,42402114
52,18,11,42404057
52,18,14,42404738
45,39,6,42406483
13,45,7,42428404
23,35,13,42430848
56,43,2,42434855
17,40,11,42435739
13,42,5,42437360
14,41,5,42437467
12,43,6,42450335
17,45,13,42457246
18,44,5,42457298
8,48,14,42457864
8,48,6,42457865
22,37,6,42458016
15,44,14,42458537
19,38,6,42458755
45,42,3,42460024
14,44,6,42460879
44,42,11,42462667
44,42,3,42462689
42,40,5,42462791
16,45,6,42462908
45,43,14,42463271
44,42,6,42463282
13,45,14,42464041
13,45,6,42464065
51,20,13,42464502
52,19,5,42464529
23,38,8,42465218
12,44,6,42465316
16,47,8,42465934
14,46,14,42467130
52,19,13,42467285
12,51,6,42467417
8,50,15,42467608
13,44,13,42468163
15,44,5,42468167
14,44,5,42468169
20,37,5,42468289
8,50,12,42468934
28,39,0,42469139
19,39,5,42482167
57,45,13,42483278
11,47,13,42484002
12,46,5,42484003
51,21,11,42488118
7,48,6,42490039
7,55,5,42490470
10,48,5,42491453
13,49,6,42492274
18,39,3,42493041
7,48,5,42494233
10,48,13,42494378
6,49,5,42494799
12,50,6,42494940
13,49,5,42494946
9,54,11,42495485
44,45,0,42497222
9,48,13,42497700
11,51,6,42497751
7,56,8,42497866
6,49,3,42497911
57,46,13,42498381
57,46,5,42498384
8,48,6,42498561
7,48,14,42498716
6,49,13,42498795
18,40,5,42499358
3,56,12,42500237
4,51,5,42511768
7,51,0,42512345
60,49,11,42512665
5,51,8,42513648
10,53,5,42513883
18,40,14,42514545
18,40,6,42514547
2,53,2,42514801
9,53,5,42515663
7,58,13,42516124
7,58,5,42516133
8,54,6,42518831
5,52,13,42519906
5,51,5,42520032
61,50,3,42521507
51,18,6,42522083
61,50,8,42522788
62,51,0,42522789
2,53,6,42523491
6,53,13,42524096
62,51,3,42524992
5,52,5,42525560
4,53,8,42525571
8,54,13,42525602
9,55,5,42525617
23,13,13,42525665
1,54,6,42525717
7,54,15,42525968
6,53,5,42525979
4,60,5,42526470
3,53,6,42527806
7,54,13,42527870
7,55,13,42528209
1,54,5,42528482
5,55,14,42530242
61,50,3,42530663
51,26,2,42531475
1,59,0,42550072
2,59,0,42553964
52,23,13,42555503
52,23,5,42555520
60,53,6,42557817
59,54,2,42557828
17,43,6,42558452
17,43,5,42558454
51,24,14,42558672
51,24,13,42561982
51,26,1,42561991
20,15,5,42583497
16,45,13,42585401
16,45,5,42585405
62,57,11,42587744
62,59,6,42589882
61,58,14,42590790
15,46,6,42591853
20,46,2,42592083
55,55,14,42593455
56,54,6,42593457
62,58,14,42593735
61,57,6,42593748
49,25,6,42594195
14,48,14,42620498
14,48,6,42620541
13,49,11,42624584
14,48,3,42624592
13,49,8,42625314
16,49,13,42632698
50,26,11,42637541
55,61,3,42644446
16,49,5,42645445
46,28,5,42645986
55,61,2,42648382
56,26,14,43186466
53,29,1,43250582
30,39,9,43273435
18,32,9,43499404
38,35,10,43523054
17,25,14,43560354
18,24,6,43560359
55,29,11,43562642
27,25,1,43586678
28,26,9,43587968
55,26,2,43588613
26,26,10,43589034
27,25,2,43589037
20,61,5,43620790
34,37,14,43653132
25,26,6,43653866
33,32,14,43841616
13,61,10,43872674
50,28,14,43960182
50,26,8,44025267
50,26,0,44025315
59,19,14,44078495
48,23,1,44150420
48,23,6,44150437
60,20,12,44181175
48,22,13,44183684
49,21,5,44183693
46,18,10,44342103
47,17,2,44342140
52,43,2,44391446
51,43,10,44392886
53,42,9,44402370
53,42,1,44402404
49,15,1,44403564
59,14,9,44433763
59,14,1,44433773
54,40,9,44437577
50,20,0,44464505
50,17,5,44467071
23,19,1,44494274
40,37,8,44497476
24,37,2,44498605
61,12,3,44501252
51,17,10,44518979
50,16,2,44518988
62,11,9,44526597
50,11,1,44528917
22,62,13,44539789
31,35,10,44555698
50,10,10,44591229
23,55,6,44591444
23,54,14,44600908
22,55,6,44603095
23,54,5,44608109
22,55,1,44608123
23,55,12,44611502
50,14,14,44612740
22,56,15,44613458
52,16,9,44624310
50,14,9,44624767
50,14,1,44624805
21,60,10,44637132
21,60,2,44637163
21,58,1,44638656
22,61,10,44641499
22,59,2,44646826
3,32,2,44655353
23,52,3,44681474
28,41,2,44682271
15,30,1,44684900
29,40,2,44685307
26,42,15,44693762
28,41,12,44697808
26,43,12,44698580
28,40,15,44700583
27,40,15,44705289
28,40,12,44707011
26,41,15,44707097
25,43,15,44707923
30,38,2,44711667
32,37,10,44712505
32,37,2,44712529
29,39,12,44712884
35,37,2,44713629
29,38,15,44715869
28,38,1,44718336
32,37,1,44718644
28,39,12,44719015
35,37,1,44719682
27,39,12,44733720
28,38,12,44733773
29,37,12,44736805
30,36,2,44737578
29,36,15,44738326
26,39,15,44738845
30,36,12,44743071
27,37,15,44744061
29,36,12,44746030
30,35,2,44746178
40,36,10,44746846
40,36,2,44746853
30,34,9,44747767
31,35,2,44748896
29,34,15,44760961
29,35,12,44763529
27,37,12,44764634
30,33,15,44767939
29,33,9,44769319
29,33,1,44769325
32,33,12,44769998
30,32,1,44773895
29,34,12,44776107
34,32,9,44776321
33,32,1,44776629
29,33,2,44778580
29,33,15,44778741
31,32,15,44779514
28,33,1,44779832
36,32,1,44779895
26,36,15,44780509
26,34,14,44791153
27,33,6,44791174
28,33,12,44795572
29,32,12,44803306
27,32,2,44806001
26,34,2,44866340
28,32,1,44872475
53,12,9,44925110
61,3,6,44931332
28,33,9,44936278
28,33,1,44936290
30,30,5,44937397
45,29,10,45437710
50,4,1,45461444
51,9,1,45585665
28,28,11,45591467
53,10,11,45649753
53,10,3,45649769
62,5,3,45651168
25,11,11,45654118
26,33,14,45666841
28,29,14,45667159
27,31,2,45667973
45,46,11,45678013
48,41,8,45678077
27,29,14,45678532
49,32,3,45678552
41,27,2,45678642
50,35,0,45678894
50,33,0,45678980
47,44,11,45679453
26,33,5,45679509
50,34,0,45679952
45,47,11,45680174
38,25,7,45680358
46,46,0,45680364
49,43,11,45681032
49,41,3,45681082
48,45,8,45681091
50,42,3,45681105
40,25,9,45681159
24,40,14,45681494
50,44,1,45681836
46,47,11,45682100
49,44,0,45682238
46,48,11,45682296
25,35,6,45682623
50,33,8,45682631
24,35,14,45682772
25,33,6,45682831
45,48,11,45683317
25,33,15,45683411
25,35,5,45683415
25,39,4,45683422
45,48,3,45683554
25,42,12,45683696
25,40,4,45683807
24,42,13,45683854
26,42,5,45683855
24,39,14,45684002
25,34,5,45684055
25,38,4,45684064
50,33,11,45684080
52,42,1,45684143
52,37,0,45684155
51,34,3,45684254
25,41,12,45684771
24,40,15,45684826
47,49,8,45684855
26,32,12,45685213
23,36,6,45685705
46,50,8,45685833
53,38,0,45686088
46,49,0,45686661
52,35,3,45686921
52,37,1,45686948
52,34,0,45686953
52,34,3,45686956
24,36,7,45687086
53,9,0,45687115
24,40,4,45687172
24,35,15,45687249
53,37,8,45687259
52,34,10,45687300
52,35,8,45687303
24,41,12,45687395
52,42,11,45687464
24,35,5,45687586
48,49,11,45687653
21,43,6,45694055
54,33,6,45695613
25,30,15,45695712
23,35,12,45695778
23,32,15,45696564
52,28,3,45696573
52,28,0,45696578
54,53,1,45697864
58,45,3,45698733
59,46,0,45698738
52,56,11,45699080
22,33,1,45702158
20,43,8,45702742
20,43,0,45702745
20,50,10,45702791
20,41,10,45702890
22,36,9,45703702
21,38,11,45703829
20,37,3,45703833
51,27,0,45704877
21,42,10,45705907
19,42,2,45705909
24,46,13,45706013
23,33,6,45706221
23,33,10,45706228
23,33,2,45706231
54,29,8,45706478
54,29,0,45706483
21,44,6,45706498
54,11,11,45707335
22,48,6,45707368
51,27,3,45707946
21,38,0,45708356
23,45,5,45709076
51,29,8,45709374
52,28,0,45709387
22,46,0,45709574
20,45,10,45709581
20,44,3,45709591
52,58,1,45709615
53,56,14,45709686
54,55,5,45709693
52,28,11,45709717
52,28,3,45709729
53,55,3,45709912
56,54,4,45710123
37,29,2,45710166
58,49,2,45710331
54,45,14,45710378
54,45,6,45710382
52,57,5,45710505
51,58,6,45710587
49,52,11,45710765
52,58,10,45710949
50,58,2,45710951
37,30,0,45710955
50,52,11,45711055
49,51,3,45711057
49,52,2,45711083
51,58,14,45711245
50,59,6,45711246
58,36,14,45711396
57,35,14,45711424
38,29,8,45711502
51,58,15,45711511
51,59,9,45711514
50,58,1,45711517
50,58,10,45711520
54,31,11,45711556
54,31,3,45711559
50,59,12,45711657
51,58,4,45711660
54,45,5,45711663
55,46,12,45711666
53,46,14,45711667
51,51,8,45711698
50,51,2,45711743
52,50,8,45711747
57,40,8,45711749
59,38,8,45711753
58,39,0,45712196
56,36,13,45712198
50,27,4,45712209
58,36,3,45712236
56,34,3,45712239
55,31,13,45712276
54,31,0,45712281
52,55,14,45712368
52,55,6,45712371
22,34,6,45712381
54,30,13,45712558
52,49,9,45712589
52,49,1,45712591
57,34,12,45712854
56,35,4,45712855
51,57,12,45712947
50,57,7,45712952
60,42,12,45712958
60,44,4,45712959
23,32,2,45713005
25,30,1,45713011
53,54,6,45713032
50,57,15,45713091
51,56,7,45713092
59,46,13,45713106
60,44,12,45713196
48,53,10,45713297
60,45,12,45713330
57,44,14,45713332
58,45,6,45713333
56,45,10,45713356
56,45,2,45713363
56,34,14,45713376
54,32,14,45713379
55,35,15,45713396
52,30,14,45713577
54,32,4,45713585
52,48,2,45713685
49,58,12,45713732
50,59,4,45713734
54,46,5,45713775
54,47,12,45713777
51,56,12,45713839
56,45,12,45713879
59,47,5,45713892
58,47,5,45713901
52,54,6,45713908
53,55,13,45713911
53,53,5,45713912
51,56,8,45713913
53,56,0,45713915
25,30,13,45713930
57,49,7,45714008
55,38,11,45714097
57,38,3,45714098
50,57,4,45714125
50,56,15,45714126
53,49,10,45714259
58,47,11,45714296
48,57,7,45714389
30,26,1,45714461
58,44,10,45714597
55,45,4,45714618
56,33,5,45714703
50,58,15,45714718
50,50,15,45714719
37,28,0,45714775
55,44,10,45714896
54,43,2,45714901
55,43,0,45714946
55,39,15,45714974
55,37,7,45714987
58,45,13,45715025
58,45,5,45715027
59,44,5,45715030
58,47,14,45715031
53,55,4,45715066
53,46,15,45715074
22,48,11,45715077
51,29,0,45715099
51,55,14,45715101
51,55,13,45715106
57,38,13,45715125
56,39,9,45715126
57,40,1,45715129
57,49,15,45715199
56,43,14,45715206
56,34,13,45715275
55,33,5,45715277
56,32,5,45715282
59,42,5,45715365
53,47,9,45715505
54,48,1,45715522
55,45,6,45715530
55,42,14,45715593
55,44,6,45715594
57,42,6,45715596
56,36,12,45715610
58,49,4,45715624
55,36,3,45715643
53,34,3,45715647
51,55,12,45715714
51,39,3,45715767
24,51,1,45715805
57,53,13,45715813
57,53,5,45715816
56,54,9,45715820
56,54,1,45715826
53,45,0,45715833
53,58,2,45716008
50,54,13,45716049
50,54,5,45716058
53,43,14,45716061
54,46,14,45716154
54,47,15,45716157
53,46,7,45716159
48,51,13,45716210
55,46,14,45716237
55,46,15,45716240
54,47,10,45716245
55,46,2,45716248
55,37,6,45716338
54,39,15,45716341
57,44,3,45716374
58,46,10,45716384
49,57,7,45716418
50,59,13,45716516
53,46,5,45716583
48,57,4,45716606
49,55,14,45716652
50,54,6,45716654
23,51,11,45716691
24,50,3,45716693
23,50,10,45716784
49,55,15,45716845
21,42,8,45717166
21,42,9,45717168
53,53,14,45717174
52,54,7,45717199
55,15,5,45717243
54,11,9,45717589
55,10,1,45717591
54,9,0,45717603
27,28,6,45717714
20,41,10,45717809
23,47,0,45717834
22,48,9,45717858
22,50,2,45717870
48,57,12,45717935
49,56,4,45717938
48,55,6,45717942
22,35,8,45717947
23,34,0,45717950
54,33,14,45717979
52,47,4,45718092
51,54,12,45718098
23,47,11,45718150
23,47,3,45718151
47,40,6,45718166
24,32,5,45718274
23,33,9,45718275
22,34,1,45718277
54,43,8,45718365
24,32,8,45718417
50,56,4,45718467
22,43,6,45718495
22,43,10,45718497
21,44,2,45718525
55,40,5,45718584
53,42,10,45718587
53,42,2,45718591
24,31,5,45718660
21,43,9,45718696
55,34,5,45718756
54,8,0,45718810
52,45,14,45718883
51,46,10,45718901
51,46,2,45718903
21,39,0,45719060
24,51,10,45719070
54,32,5,45719136
23,33,6,45719191
50,53,5,45719302
50,55,10,45719306
49,54,10,45719311
26,29,11,45724463
27,28,11,45725818
24,44,9,45726798
53,33,13,45726965
42,43,2,45727009
46,52,14,45728454
51,34,2,45728549
48,28,7,45728724
48,45,9,45728858
53,34,5,45728972
46,48,10,45729347
29,28,8,45729369
24,45,3,45729803
47,44,9,45730022
52,32,13,45730255
48,43,7,45730487
50,31,6,45730592
51,36,15,45730710
48,45,12,45731591
26,42,11,45731741
44,45,1,45732840
50,35,7,45732851
45,37,1,45733127
47,39,15,45733264
47,39,12,45733330
47,30,8,45733874
47,30,0,45733880
27,43,8,45734141
46,36,2,45734160
48,34,2,45734163
46,36,1,45734174
46,51,13,45734348
49,36,10,45734391
50,35,2,45734400
42,25,0,45734815
46,36,13,45735521
25,43,2,45735767
47,31,5,45736561
43,38,4,45737132
48,34,10,45737184
37,36,8,45737392
35,24,1,45737508
45,35,0,45737592
50,31,5,45737899
54,12,11,45737982
43,38,12,45738006
40,25,0,45738973
42,25,11,45739016
43,26,8,45739020
42,26,0,45739065
28,40,11,45739536
43,40,13,45740148
43,37,15,45740434
45,48,13,45740521
44,47,5,45740541
37,34,2,45741429
38,35,8,45741492
41,35,9,45742052
39,34,8,45742148
41,34,0,45742151
39,32,2,45742335
29,39,11,45743044
43,36,1,45743988
43,36,9,45744427
40,31,9,45744455
54,12,6,45744889
43,37,12,45744960
43,35,7,45744969
44,48,13,45745624
45,47,5,45745636
26,42,3,45745862
39,37,12,45745916
32,26,14,45746724
42,27,0,45746776
43,29,2,45746777
41,31,10,45747755
43,38,5,45748334
33,26,1,45750349
37,28,1,45780105
29,28,6,46300781
55,13,0,46307182
30,28,13,46367231
55,15,11,46498615
56,17,13,46646385
27,29,8,46649756
27,30,8,46683202
16,34,13,46684251
61,37,6,46714092
18,32,14,46716651
56,17,6,46717439
18,31,5,46717860
55,16,13,46717919
47,35,8,46718366
17,33,13,46729499
55,17,13,46731445
14,34,5,46732400
14,39,3,46736863
12,39,13,46739680
16,34,13,46740446
16,34,5,46740449
17,35,13,46741493
42,35,3,46743700
19,37,6,46746295
15,35,14,46747050
13,35,5,46747268
46,36,6,46748373
25,33,0,46749657
13,36,5,46749699
12,38,0,46767243
12,38,5,46767987
15,38,13,46768819
12,38,6,46770672
10,43,11,46772815
16,39,0,46774376
11,39,5,46774983
13,37,13,46774986
23,34,6,46775421
24,34,11,46775687
15,39,0,46778513
23,35,11,46778545
10,40,6,46779129
16,40,0,46779644
13,39,14,46779651
14,38,13,46779662
15,38,11,46779999
56,22,13,46780431
56,22,5,46780440
16,39,13,46780576
14,40,6,46781123
12,39,6,46781220
11,47,11,46796502
13,42,13,46800583
14,41,5,46800588
14,42,3,46801091
14,43,13,46805182
14,43,3,46806475
14,42,8,46806486
13,43,6,46807382
11,42,6,46807684
12,43,5,46808150
29,37,11,46808795
13,42,11,46809851
61,43,8,46810291
23,36,14,46810497
9,43,6,46810526
11,42,5,46810715
39,39,3,46811264
11,43,13,46811490
9,44,6,46811826
11,43,0,46813727
4,51,6,46823177
5,53,5,46824508
6,54,13,46825020
14,47,14,46825328
4,53,14,46825445
6,54,14,46826004
14,46,8,46827573
4,52,13,46828742
4,55,14,46832461
3,52,14,46833104
28,39,14,46833195
29,38,6,46833221
13,47,8,46835452
9,55,8,46835747
7,55,13,46836939
3,56,14,46838253
3,56,6,46838257
8,55,0,46838450
28,40,14,46838583
28,40,6,46838584
4,57,6,46839352
2,57,6,46840422
3,56,13,46840423
24,38,0,46840490
11,47,11,46841600
8,56,13,46842938
4,51,5,46843219
6,49,6,46843289
13,49,6,46843321
8,56,0,46844218
2,59,13,46853256
2,60,5,46855426
48,44,14,46858286
7,52,13,46863078
7,52,5,46863080
4,51,13,46863496
6,51,5,46863504
8,51,13,46863930
10,52,3,46864241
5,52,6,46866253
46,43,0,46866579
6,52,13,46866929
8,53,6,46867042
9,52,8,46867093
6,52,3,46867141
48,44,11,46867610
7,53,5,46867658
6,53,5,46867665
55,21,6,46868100
6,52,8,46868259
6,52,11,46868289
4,53,5,46868768
9,52,11,46869140
7,61,0,46869874
9,60,11,46869948
4,53,8,46870803
8,61,11,46871020
6,54,14,46871106
6,54,6,46871109
6,54,5,46871130
9,53,8,46871631
9,54,0,46871943
5,52,11,46872195
5,53,6,46872444
3,54,8,46873332
5,54,14,46873510
5,54,0,46873532
9,53,11,46873895
9,55,0,46875333
1,56,14,46885579
4,56,13,46887469
4,57,0,46889945
3,57,0,46890005
4,58,5,46890654
3,58,14,46892063
3,57,5,46892529
4,57,3,46894517
2,58,6,46895575
25,41,9,46896063
2,58,5,46896287
3,58,8,46896538
5,45,8,46896673
47,45,6,46897102
7,60,14,46899238
3,60,6,46899702
3,59,13,46899988
3,59,5,46899990
2,59,8,46900262
13,25,11,46900813
14,24,3,46900815
2,59,3,46901032
6,61,3,46903331
25,41,14,46905304
25,41,6,46905306
5,60,5,46905311
22,42,2,46905327
6,62,6,46906003
7,62,3,46906676
4,61,3,46907230
54,22,11,46926876
26,42,13,46931176
25,43,11,46937106
25,43,3,46937112
23,45,13,46997640
23,45,5,46997670
50,52,9,47022624
52,20,6,48030412
13,34,13,48093890
62,20,6,48116527
33,33,5,48121714
33,36,5,48123817
24,31,13,48149918
60,16,9,48153456
60,18,12,48153597
59,17,15,48173121
11,35,6,48177853
22,22,2,48178723
32,31,5,48180169
61,18,15,48181361
32,35,13,48181388
12,28,6,48183058
32,34,13,48183162
50,22,8,48187740
23,28,6,48187873
50,25,4,48188642
30,38,14,48275771
30,36,6,48278946
22,28,5,48307201
29,29,13,48398717
55,14,5,48549668
21,25,1,48584834
50,40,1,48621702
49,39,5,48649202
36,38,10,48675165
20,62,1,48831791
16,62,1,48832696
21,62,9,48834257
20,62,10,48835681
29,35,9,48839388
21,61,1,48841895
58,12,9,48841997
22,59,9,48863076
22,59,1,48863112
21,60,2,48869489
23,57,10,48905863
22,56,2,48905865
23,57,1,48906955
47,15,13,48924794
12,62,1,48930179
23,55,10,48936928
22,54,2,48937021
24,54,10,48937627
24,54,2,48937644
24,53,1,48949953
25,52,9,48960332
24,53,10,48965527
22,53,2,48965529
23,53,12,48966450
23,51,10,48977859
19,53,12,48986505
23,51,9,48986640
22,50,1,48986653
21,61,10,48990710
24,51,10,48991393
23,50,1,48994319
23,50,9,48995617
22,49,9,48999582
15,57,2,49018306
25,33,2,49021300
20,59,9,49053865
20,59,1,49053885
19,50,13,49058003
21,51,9,49083725
25,53,6,49093199
25,40,15,49142425
24,40,6,49146316
26,39,2,49147698
26,37,10,49170141
27,37,15,49171997
60,7,1,49177770
59,5,1,49177997
30,36,12,49181333
29,36,12,49182995
24,39,15,49184881
29,35,15,49185402
30,35,1,49185958
27,34,1,49202651
31,33,9,49205860
25,37,12,49207003
38,36,14,49209733
36,34,4,49210322
38,36,9,49211193
30,34,12,49211986
57,5,10,49214120
28,34,2,49214324
32,32,1,49216585
30,32,9,49218645
25,35,15,49218716
29,32,9,49228731
28,33,2,49235577
47,7,9,49238216
57,4,10,49244633
28,32,15,49248462
28,33,10,49249527
23,11,14,49268521
56,4,2,49271896
47,11,13,49275225
48,10,5,49275229
41,37,10,49277903
37,30,7,49309302
42,33,10,49338972
42,33,2,49338986
22,38,2,49342127
24,34,1,49343609
36,37,11,49360528
24,41,3,49371626
25,34,11,49374531
58,4,14,49402671
25,41,13,49498759
57,4,6,49556753
32,27,10,49687674
55,5,14,49801723
46,10,13,50024410
58,7,13,50040348
47,13,0,50048741
56,6,11,50049727
46,11,11,50050175
47,12,3,50050177
47,10,0,50052025
58,5,8,50052091
47,10,8,50055788
59,8,13,50056054
47,7,9,50058118
47,7,1,50058129
56,6,3,50058754
57,7,8,50058757
56,6,0,50058767
47,9,0,50058903
46,9,3,50059542
58,6,8,50060166
47,10,3,50061103
29,2,9,50061517
57,6,11,50061977
57,6,3,50061999
47,7,3,50062277
44,31,9,50076600
46,39,1,50080649
21,36,15,50082200
45,38,9,50082774
22,35,12,50083061
25,28,10,50083364
46,42,1,50083975
44,44,15,50084027
21,36,5,50084262
37,26,4,50084460
60,8,8,50085009
47,42,8,50085375
20,35,13,50085453
22,33,7,50086021
47,41,1,50087104
22,30,2,50087344
19,36,14,50087509
26,43,10,50087765
26,43,2,50087770
36,25,7,50087809
21,34,13,50087957
35,25,1,50088156
21,33,13,50088457
35,25,15,50088680
59,8,0,50088852
20,37,4,50089074
19,36,5,50089903
48,47,8,50090287
36,25,1,50090331
18,37,6,50090365
41,26,15,50090666
18,36,14,50090715
21,32,12,50091029
37,25,4,50091120
43,27,13,50091133
43,27,5,50091139
19,34,13,50091174
19,34,15,50091177
23,28,1,50091184
20,31,15,50092531
23,52,6,50092828
42,26,4,50093236
36,25,2,50093433
18,33,14,50093622
21,47,6,50093698
23,48,9,50094074
23,48,1,50094077
18,47,4,50094119
23,52,3,50094754
46,30,1,50095110
16,47,5,50104260
21,54,9,50106716
52,51,6,50107030
52,51,5,50107035
16,36,11,50107287
38,37,2,50107414
54,45,14,50107503
54,45,6,50107505
21,54,10,50107972
21,54,2,50107975
51,53,0,50108055
53,50,5,50108118
53,43,11,50108256
54,45,9,50108259
39,36,9,50108417
39,36,1,50108426
47,52,10,50108604
52,43,11,50108900
50,51,6,50109327
48,47,9,50109358
39,34,4,50109609
47,53,14,50109634
18,46,11,50109956
50,46,7,50110038
51,44,11,50110232
39,35,7,50110739
19,39,1,50111513
39,35,12,50111854
38,34,4,50111862
49,33,13,50112407
53,44,2,50112575
52,36,14,50112646
51,50,13,50112770
49,50,5,50112791
52,37,8,50113024
50,48,5,50113262
24,48,8,50113313
23,49,0,50113315
19,31,11,50113355
49,49,5,50113371
38,33,4,50113818
53,48,11,50113868
17,41,11,50113995
38,32,7,50114018
51,35,4,50114277
46,47,7,50114375
46,49,2,50114388
50,41,0,50114533
49,40,3,50114541
51,37,6,50114742
50,41,8,50114785
23,51,7,50114829
50,37,10,50114856
19,33,8,50115386
18,36,8,50115404
50,40,8,50115791
38,31,15,50115825
51,38,2,50115842
52,40,15,50116428
25,52,0,50116584
47,12,10,50116727
18,34,11,50116937
19,33,3,50116938
49,40,11,50116949
48,41,14,50116951
49,40,6,50116954
49,41,8,50116960
44,37,6,50117024
47,47,15,50117165
23,43,13,50117253
22,45,12,50117263
21,41,4,50117508
20,31,1,50117522
46,47,14,50117577
46,41,11,50117675
48,38,6,50117808
49,33,12,50117825
49,33,7,50117839
47,31,11,50117875
47,40,4,50117958
48,29,4,50117992
46,48,13,50118048
49,35,9,50118094
59,5,1,50118156
23,44,15,50118468
45,40,3,50118547
19,35,8,50118570
19,35,0,50118676
37,30,7,50118900
22,31,2,50118941
49,34,4,50119016
19,35,11,50119278
46,52,4,50119282
44,41,7,50119522
59,6,0,50119659
20,36,8,50119848
20,34,0,50119850
58,5,10,50119910
31,35,14,50119919
31,35,6,50119921
39,35,14,50120039
40,34,6,50120042
43,45,10,50120112
47,32,4,50120181
48,33,15,50120296
49,37,15,50120487
21,39,2,50120518
38,31,7,50120807
39,35,10,50120850
39,35,2,50120852
50,37,12,50121059
50,37,4,50121075
38,36,15,50121252
24,44,14,50121288
38,36,12,50121400
46,37,9,50121455
46,37,1,50121462
43,41,5,50121555
42,44,10,50121557
50,36,12,50121707
51,37,4,50121709
40,26,10,50121716
46,31,7,50121847
38,31,4,50122279
39,35,12,50122460
25,40,3,50122547
42,27,4,50122556
39,34,15,50122597
39,35,7,50122746
48,38,4,50122764
47,37,7,50122770
38,32,9,50122835
40,33,15,50122849
40,34,15,50123303
45,38,4,50123684
37,29,7,50123926
46,32,8,50123929
45,31,0,50123931
21,35,1,50124283
48,33,12,50124324
39,34,12,50124350
39,34,4,50124351
46,43,11,50124431
46,43,3,50124432
45,51,7,50124527
47,30,12,50124741
38,34,12,50124751
37,33,15,50124794
20,12,8,50124816
41,38,11,50125245
45,30,7,50125439
38,35,4,50125534
37,29,4,50125842
40,41,14,50131969
38,33,7,50131999
37,33,10,50132010
35,33,2,50132012
45,28,13,50132243
37,31,9,50133360
37,31,2,50133753
37,32,2,50133991
45,31,15,50134614
37,32,10,50135175
37,32,4,50135630
44,32,7,50136941
44,29,14,50138021
37,31,10,50138201
36,31,7,50138745
36,24,11,50139005
46,30,15,50139550
36,30,15,50140147
40,30,15,50140696
36,27,4,50140887
37,29,12,50142005
39,40,14,50142168
25,27,11,50142881
23,33,11,50144015
40,29,15,50144322
37,31,3,50145792
38,33,10,50145800
24,29,11,50145866
24,32,8,50146555
35,31,2,50147553
39,42,6,50149327
38,24,8,50149463
39,30,12,50149478
34,34,8,50150054
35,33,3,50150516
38,31,15,50151008
37,30,7,50151020
26,31,9,50151235
25,29,3,50151254
27,27,8,50151648
26,27,11,50151785
26,30,8,50152580
26,28,0,50152585
40,28,12,50153266
35,36,7,50153702
38,41,14,50154252
38,41,6,50154253
37,31,12,50155032
39,29,12,50155034
38,30,9,50155856
38,29,14,50155861
36,31,2,50155867
30,25,6,50155913
37,29,15,50166285
60,7,10,50178216
60,7,2,50178261
28,27,11,50178915
29,28,0,50178924
31,26,6,50183208
61,8,5,50183851
27,28,14,50699307
26,29,14,50714359
50,15,3,50737796
30,29,13,50741390
28,30,6,50775183
22,29,5,50797900
23,29,12,50800551
18,30,15,50857332
18,29,5,50864254
23,30,5,50865979
23,31,13,50871507
24,30,5,50871509
22,31,5,50872047
26,29,3,50873556
20,30,14,50879430
22,29,5,50895171
14,32,6,50897282
21,31,15,50898821
21,30,14,50905326
22,29,6,50905329
13,35,14,50906380
53,37,6,50923877
16,30,13,50925125
50,18,6,50926170
43,35,5,50926835
16,32,13,50930254
57,40,10,50936739
57,40,2,50936750
15,32,6,50937171
26,31,5,50937837
13,34,14,50951352
9,34,6,50954737
13,35,14,50955901
13,34,13,50957625
9,34,14,50960581
13,36,5,50960926
50,22,13,50962722
20,32,8,50965603
11,35,3,50965733
12,36,0,50965738
52,39,6,50966042
13,36,13,50967244
11,35,14,50967843
39,35,5,50968154
3,41,14,50980777
11,39,14,50985501
50,19,13,50989559
2,42,8,50993319
9,39,6,50993773
55,41,13,50994133
34,37,8,50994769
61,17,13,50996170
3,43,0,51000406
6,40,14,51011547
6,40,13,51014662
6,42,14,51018010
7,41,6,51018011
5,41,14,51019734
7,41,5,51021997
3,40,13,51022116
3,40,5,51022117
5,42,14,51023168
6,41,6,51023172
5,41,13,51023236
41,40,3,51024329
21,35,14,51024466
2,41,6,51025945
21,35,13,51027074
2,41,5,51029264
54,46,9,51061959
52,46,1,51061960
18,37,8,51073370
21,42,14,51145713
21,42,6,51145749
48,28,8,51216054
14,17,10,51499188
55,20,5,52093261
51,22,14,52217548
61,20,6,52330106
24,27,13,52341724
62,19,5,52344299
10,30,14,52374320
61,19,12,52397869
61,32,6,52405012
10,24,5,52452042
61,19,15,52461470
23,16,6,52465912
58,17,15,52489452
11,12,14,52494848
11,12,6,52494871
57,49,11,52496582
22,16,13,52497248
21,17,9,52497258
21,17,1,52497263
8,28,14,52497322
58,18,12,52500286
21,17,10,52500477
21,17,2,52500479
4,21,6,52517157
59,17,15,52518108
46,21,6,52520259
48,17,4,52523225
7,28,14,52523956
7,28,6,52523961
29,31,13,52524477
28,33,14,52525502
29,32,6,52525505
20,18,2,52527066
29,29,13,52527179
54,44,10,52528633
46,20,5,52530311
47,19,5,52530312
46,22,5,52531773
6,28,14,52560171
19,16,12,52562388
18,32,5,52591537
19,17,3,52593039
16,37,6,52773579
47,39,1,52808977
51,16,13,52810508
30,37,14,52841090
16,36,1,52867586
17,62,1,52952741
15,62,2,52954774
16,62,10,52955558
17,61,2,52958098
16,61,9,52958566
11,62,2,52960635
16,61,10,52960663
17,61,15,52962796
10,62,9,52963468
10,62,1,52963474
16,61,1,52964000
18,61,15,52964761
18,61,7,52964868
15,61,15,52965027
15,60,10,52965046
15,61,9,52965773
17,60,2,52966506
17,60,1,52966515
13,61,15,52966986
17,61,12,52967192
15,61,12,52967206
19,61,15,52967531
16,61,12,52967850
14,60,1,52968711
19,60,2,52969326
15,58,2,52981387
12,59,2,52981508
10,60,2,52981732
13,60,12,52981986
16,58,15,52983988
16,57,2,52984246
18,58,12,52985025
16,58,2,52985032
19,57,9,52985035
21,57,9,52985367
21,57,1,52985457
17,58,10,52985813
18,58,2,52986533
18,58,4,52987327
16,58,10,52987572
15,58,12,52987687
21,58,10,52987810
19,57,10,52988231
17,57,2,52988233
18,56,1,52988244
17,57,15,52988436
16,57,1,52989289
21,57,7,52989579
18,57,2,52989582
18,57,1,52989586
20,56,9,52989753
21,57,10,52992206
18,56,2,52992271
22,56,1,52992326
19,56,10,52992369
19,56,1,52992420
17,57,10,52992512
18,57,12,52992543
18,57,10,52992546
17,56,2,52992548
19,56,9,52992549
18,57,4,52992984
20,55,9,52993801
20,57,2,52994125
22,58,2,52994438
15,57,10,52994566
18,55,9,52994854
19,55,1,52995394
17,56,15,52995762
17,55,10,52995766
17,55,9,52995771
22,56,9,52996766
21,57,2,52996996
17,56,7,52997852
21,56,4,52998317
19,55,2,52998383
21,55,10,52998932
17,56,12,52999230
17,54,9,52999800
13,55,2,53009102
21,54,10,53010790
19,54,2,53010791
17,54,9,53012585
16,53,1,53012587
20,52,9,53014859
20,53,9,53015634
21,52,2,53015807
24,53,10,53018782
21,52,10,53018848
19,53,12,53019368
21,52,9,53019638
9,59,12,53019746
23,53,1,53020588
21,52,7,53021661
19,51,9,53021671
16,53,2,53021755
23,52,10,53022307
22,52,15,53023220
21,52,1,53023289
23,52,4,53024163
19,52,9,53024251
20,52,12,53024487
19,51,10,53024490
19,51,2,53024495
17,52,2,53025497
22,52,12,53025789
23,52,15,53025957
23,52,1,53025976
23,51,7,53026212
21,52,2,53026300
23,52,12,53026413
24,52,15,53026582
8,58,14,53026585
19,52,4,53027704
24,52,1,53028126
22,51,7,53028337
20,50,2,53028341
20,50,9,53028342
20,50,1,53028349
23,51,9,53028882
20,51,9,53029487
22,51,15,53029672
22,51,4,53030230
24,51,9,53030568
18,52,4,53030586
24,50,9,53030847
23,51,1,53030849
12,53,13,53031288
21,51,12,53031298
21,51,10,53031301
13,52,5,53032039
20,49,9,53035197
22,49,2,53040187
24,49,10,53040955
19,48,9,53044121
18,49,15,53046826
23,48,7,53048859
25,48,2,53049243
45,33,10,53051147
20,48,10,53053036
21,48,12,53053223
11,54,15,53053802
18,59,9,53054913
20,48,7,53054922
19,48,7,53055130
19,48,12,53055182
18,48,2,53055645
22,47,15,53057324
25,47,10,53057552
25,47,2,53057558
19,48,10,53058304
18,49,4,53058539
18,48,12,53058636
18,47,15,53058638
22,47,7,53059299
21,47,9,53059439
11,52,14,53060044
48,33,9,53060160
47,32,1,53060203
19,47,15,53060263
22,47,12,53060694
17,47,6,53062879
19,47,7,53063006
22,47,4,53063057
20,46,2,53063059
19,46,12,53073953
25,43,10,53080503
24,44,7,53080553
22,43,1,53080576
23,42,1,53086376
54,11,1,53086861
23,43,7,53088230
22,43,2,53089809
27,43,1,53091028
26,42,9,53091956
29,41,9,53103646
29,41,1,53103652
23,41,10,53110147
22,40,2,53110153
23,40,1,53112829
24,40,9,53112927
23,39,1,53112972
26,40,9,53114164
26,39,9,53114613
26,39,1,53114628
23,40,2,53116309
26,40,4,53116894
30,40,1,53117164
24,40,10,53118058
25,40,2,53120230
25,40,4,53120426
26,40,10,53120699
24,39,15,53121676
24,38,1,53121684
26,40,2,53122093
24,40,4,53123098
14,54,3,53123576
23,39,15,53124109
25,39,7,53124116
21,39,10,53124642
23,40,4,53125522
22,38,1,53138772
12,48,13,53142699
24,36,1,53149091
22,38,12,53150717
15,59,9,53153626
25,37,9,53154134
26,37,7,53156182
14,45,12,53156509
19,37,1,53167985
28,36,9,53173388
17,38,15,53173832
12,45,13,53174118
11,46,6,53174121
20,36,15,53179554
16,39,12,53181399
28,36,10,53182433
13,41,5,53183589
30,36,10,53187439
28,35,4,53187686
22,35,1,53187742
29,35,9,53187830
27,35,1,53187835
12,42,5,53188489
21,34,2,53196599
16,38,12,53197092
17,37,12,53197272
18,36,12,53200693
15,39,12,53201463
20,35,12,53202975
12,42,13,53203205
35,38,10,53204084
35,38,2,53204086
20,34,15,53205740
16,36,15,53205758
22,33,1,53206411
17,35,15,53206621
22,33,15,53208253
18,35,12,53210808
19,34,15,53210815
21,34,12,53211272
20,34,2,53211278
19,34,2,53212214
12,55,2,53213683
21,33,15,53213697
18,34,15,53214621
29,33,15,53215187
43,13,2,53215433
20,34,12,53215860
27,33,12,53216587
27,33,4,53216659
24,33,12,53216748
25,33,10,53216760
25,32,1,53218335
18,33,9,53218880
20,34,4,53218927
28,33,4,53219789
22,31,1,53231793
16,35,12,53233921
16,34,2,53235923
21,32,2,53235948
24,30,7,53240774
22,31,15,53241431
26,31,1,53243760
32,32,9,53245334
21,30,9,53248604
20,31,1,53248623
33,32,10,53264453
19,30,9,53270985
32,31,10,53275520
30,30,10,53276942
23,29,7,53280964
30,29,7,53281275
34,31,10,53296760
13,44,0,53299263
14,45,10,53301575
14,35,5,53307629
13,42,8,53307957
13,43,10,53308527
13,42,11,53308936
13,40,11,53309685
16,34,8,53310825
20,31,8,53325597
20,30,11,53326375
19,32,11,53334460
21,31,8,53335629
20,31,11,53335630
22,29,11,53335646
18,36,8,53340788
16,42,0,53340874
16,42,3,53343123
23,30,11,53359829
23,31,8,53360727
19,37,2,53365656
21,32,11,53366815
19,37,8,53366884
19,36,11,53372314
40,32,0,53395744
22,32,11,53404231
20,44,0,53404425
41,31,10,53451376
40,30,10,53452468
29,28,6,53458308
42,30,7,53461410
43,29,4,53500583
44,28,10,53552884
58,7,14,53671434
59,7,8,53677167
59,8,14,53678621
57,8,6,53688125
23,35,6,53731212
57,8,14,53740580
22,36,6,53748350
22,37,13,53767227
22,41,6,53771568
22,37,14,53778620
21,36,6,53778621
46,11,2,53796699
47,28,0,53800584
23,29,13,53804073
43,42,5,53900202
48,38,12,53905112
46,12,8,53998008
46,13,14,53999747
11,7,13,54020058
27,26,13,54020941
26,27,9,54020945
25,27,5,54027771
43,25,7,54037330
22,28,5,54037755
42,24,7,54039474
19,35,14,54040256
24,45,5,54040305
21,29,6,54040586
22,28,15,54041204
19,34,14,54041234
21,31,13,54042023
21,29,15,54042047
23,46,5,54042145
20,42,6,54042182
23,46,14,54042361
22,45,6,54042369
20,32,5,54042510
19,32,14,54042808
20,31,6,54042812
47,28,10,54042815
47,28,2,54042817
57,9,11,54043117
41,23,10,54043234
19,41,14,54043541
40,22,7,54043814
19,38,14,54044430
18,37,6,54044432
21,45,14,54044451
20,44,6,54044453
49,34,0,54044618
20,28,13,54045027
20,28,5,54045028
18,34,14,54045039
20,30,15,54045140
20,31,12,54045318
18,36,6,54045382
18,40,6,54045489
18,33,6,54045612
42,22,9,54046180
31,22,7,54046309
19,31,6,54046638
19,31,15,54046641
50,34,0,54046700
19,36,4,54047134
48,28,8,54047302
19,36,12,54047392
18,35,15,54047471
18,37,7,54047481
18,35,14,54047582
19,37,4,54047590
17,39,14,54047599
44,23,4,54047703
17,36,14,54047720
18,37,13,54047723
18,35,5,54047727
20,30,12,54047906
20,32,4,54047907
18,30,2,54047910
18,33,15,54047925
19,34,4,54047999
18,36,14,54048002
18,36,7,54048012
17,38,6,54048094
20,46,3,54048131
20,45,12,54048164
19,32,4,54048223
18,38,7,54048239
58,8,3,54048681
17,41,6,54048682
41,21,9,54048698
43,23,10,54048742
42,22,2,54048744
18,32,15,54048814
18,34,7,54048815
18,38,12,54048830
17,41,14,54048959
21,28,7,54049048
18,31,13,54049118
18,31,5,54049119
18,37,4,54049169
19,46,14,54049174
18,31,15,54049231
18,36,12,54049257
48,28,2,54049342
18,33,5,54049440
18,39,12,54049444
45,23,9,54049451
17,36,13,54049454
17,36,5,54049455
47,48,0,54049577
48,49,8,54049641
42,21,7,54049653
20,30,4,54049790
18,42,6,54049802
17,37,14,54049847
17,35,14,54049858
18,36,5,54050056
18,37,12,54050059
18,34,4,54050451
17,38,14,54050532
17,38,7,54050536
18,33,12,54050544
16,34,14,54050648
22,47,5,54050721
17,33,15,54050813
20,46,6,54050834
16,40,14,54050840
21,49,3,54050863
17,42,13,54050908
18,41,5,54050913
17,38,5,54050921
17,42,11,54050995
17,34,15,54051011
17,41,13,54051077
49,27,8,54051083
19,45,5,54051108
45,23,10,54051246
17,37,12,54051288
45,23,15,54051364
16,35,14,54051374
17,30,13,54051483
16,37,6,54051785
16,37,5,54051788
16,39,13,54051819
17,40,12,54051822
17,34,13,54052096
17,32,15,54052529
18,45,6,54052532
17,43,6,54052722
17,38,4,54052781
53,44,9,54053128
16,43,0,54056212
23,28,12,54056660
16,33,9,54056764
58,7,9,54056832
58,7,1,54056833
58,7,14,54056834
16,43,3,54057122
16,38,9,54058166
19,27,2,54058274
18,46,11,54058674
18,46,3,54058676
54,42,2,54058702
42,21,1,54058793
42,20,1,54058803
19,47,0,54058809
17,42,8,54058892
19,47,3,54059150
49,52,8,54059179
20,48,8,54059277
18,32,10,54059492
17,31,2,54059503
17,41,1,54059543
50,48,11,54059732
17,40,3,54059777
17,43,11,54059850
16,42,3,54059857
20,49,10,54059950
59,7,11,54060140
21,25,1,54060182
59,6,6,54060272
18,41,15,54060353
18,41,7,54060358
19,43,15,54060500
18,42,7,54060503
24,52,9,54060507
25,51,1,54060511
50,51,13,54060624
49,50,5,54060627
22,49,11,54060636
17,32,10,54060678
23,48,1,54060739
22,51,10,54060828
21,47,8,54060902
23,47,0,54060904
22,46,11,54060951
17,41,8,54060970
16,40,0,54060974
22,49,0,54061181
19,46,7,54061270
54,45,8,54061279
53,46,0,54061280
23,50,9,54061316
22,24,13,54061333
21,25,9,54061336
17,42,3,54061386
18,31,1,54061409
20,35,12,54061468
18,46,8,54061608
19,34,13,54061617
17,34,5,54061624
17,38,0,54061645
17,46,15,54061730
17,44,7,54061757
16,39,2,54061799
19,45,3,54061836
20,46,0,54061917
47,51,15,54062086
49,49,3,54062203
17,39,11,54062230
16,38,3,54062231
19,47,13,54062236
22,27,15,54062256
23,44,11,54062536
21,44,0,54063288
46,50,2,54068950
47,48,15,54069905
20,40,2,54070824
51,43,9,54071284
19,35,8,54071359
22,41,0,54071780
49,34,14,54072112
49,34,6,54072116
24,35,2,54072269
20,32,11,54072326
51,36,6,54072650
20,31,8,54072660
23,42,0,54072765
48,38,6,54073278
43,43,7,54073358
47,47,4,54073768
46,47,12,54074115
25,43,2,54074371
52,34,13,54074753
51,35,5,54074754
23,42,3,54074862
23,35,15,54074905
21,32,0,54075086
25,43,4,54075136
48,38,9,54075214
47,37,9,54075216
47,37,1,54075226
23,40,7,54075369
48,32,10,54075597
48,32,2,54075601
48,43,5,54075753
49,38,14,54075826
48,39,11,54075982
44,41,5,54076146
47,45,3,54076309
28,36,3,54076452
25,35,14,54076720
42,39,1,54076790
45,39,13,54076919
35,23,10,54077087
34,24,2,54077088
51,31,14,54077638
51,31,6,54077643
49,40,0,54077685
46,41,4,54077773
23,25,8,54078108
30,35,3,54078120
25,41,14,54078266
40,38,4,54078446
51,33,12,54078614
46,35,10,54078940
30,37,9,54079097
28,36,8,54079099
28,36,11,54079106
25,34,2,54079360
40,37,14,54079364
39,34,10,54079746
23,25,3,54079999
32,33,5,54080623
40,33,2,54080729
8,22,1,54080861
32,14,5,54080888
45,36,15,54080999
40,36,12,54081301
49,25,0,54081450
24,36,12,54081690
24,34,4,54081704
43,39,2,54081791
61,7,9,54081851
49,10,2,54082202
35,30,1,54082520
24,25,1,54082648
35,37,12,54082682
38,30,10,54083340
38,30,2,54083343
41,41,7,54083651
49,32,12,54083840
49,31,2,54083846
31,33,7,54084153
45,32,14,54084249
44,35,8,54084555
49,16,8,54084665
49,16,0,54084670
47,33,8,54084671
39,29,2,54084691
61,8,11,54084839
25,24,2,54084956
26,23,1,54084957
44,34,2,54085143
39,33,15,54085327
49,8,3,54086251
50,16,13,54086319
32,19,6,54086368
49,10,11,54086665
39,32,9,54086737
39,32,1,54086740
50,9,11,54087139
60,7,9,54087490
49,9,8,54087653
50,28,4,54087694
49,13,9,54087942
50,12,1,54087943
24,26,0,54088387
49,27,7,54088971
38,29,15,54089543
43,20,3,54089646
44,32,10,54089678
49,16,1,54089706
26,24,1,54089965
31,20,6,54090063
47,26,11,54090326
46,23,0,54090355
44,21,0,54090360
46,29,10,54090868
48,26,13,54091041
46,24,7,54091055
44,36,12,54091186
50,6,9,54091398
17,9,10,54091842
61,8,0,54091908
44,21,3,54092080
27,23,8,54092129
48,28,12,54092565
32,31,4,54092615
49,7,10,54092638
49,7,2,54092641
62,7,0,54092902
61,7,3,54092909
25,25,9,54093153
25,24,3,54093156
50,9,0,54093391
38,32,15,54093463
47,30,12,54093827
46,31,4,54093837
49,9,10,54094068
49,9,2,54094075
50,8,8,54094408
51,9,0,54094409
62,7,11,54102163
49,12,3,54106788
50,13,0,54106794
39,21,0,54107296
45,24,13,54107542
42,30,10,54107636
41,31,2,54107638
34,20,5,54107818
52,8,9,54107898
52,8,1,54107909
32,21,8,54107933
27,27,11,54109129
39,21,3,54109467
33,21,5,54110801
40,22,3,54111639
50,13,2,54111651
43,24,13,54111887
44,23,5,54111903
34,21,8,54112689
45,26,13,54113511
31,22,11,54114596
44,27,7,54115301
44,27,14,54115637
33,21,13,54116632
39,21,11,54116731
42,25,14,54117749
44,26,4,54117860
44,26,12,54118961
32,23,8,54119961
38,22,3,54120206
32,22,11,54121618
51,14,0,54124441
31,24,8,54124574
30,25,11,54140213
62,9,13,54147118
52,9,9,54149714
31,26,8,54151812
50,11,13,54151989
31,25,11,54156592
50,16,14,54204614
61,10,14,54492570
62,9,6,54492582
49,13,6,54499002
50,14,11,54592760
51,15,2,54810250
27,28,14,54839781
26,27,6,54839783
25,27,5,54874436
26,27,12,54874457
22,27,13,54927371
23,26,5,54927508
22,27,15,54934403
20,26,2,54962636
20,27,15,54965650
20,28,15,54967388
22,27,14,55009396
23,28,5,55018175
24,29,13,55019277
11,29,5,55079624
11,28,0,55085916
20,28,6,55086076
10,30,5,55086825
12,28,5,55086826
14,30,14,55089068
15,31,14,55089461
10,30,14,55091286
11,29,6,55091306
15,31,13,55093748
15,31,5,55093751
7,32,6,55093774
12,30,14,55097521
13,31,14,55100764
4,34,14,55108758
5,37,5,55109697
3,39,5,55115780
23,31,6,55115829
4,37,5,55116339
2,39,14,55118496
14,35,5,55119821
3,39,6,55119886
10,33,5,55120406
10,33,6,55120671
22,32,6,55125210
27,31,3,55125874
6,34,13,55138942
9,37,14,55144040
9,37,6,55144051
10,38,14,55144114
49,19,14,55144162
8,36,13,55146229
2,44,13,55146717
2,44,5,55146720
9,38,14,55147538
9,38,6,55147539
8,38,6,55149161
3,35,11,55150544
4,36,14,55150548
8,37,13,55150891
8,38,14,55151151
51,40,6,55152323
23,32,11,55153531
2,36,5,55153785
6,36,13,55154732
1,45,5,55154895
4,38,6,55155631
3,39,13,55167972
5,40,14,55168533
33,37,9,55172272
32,36,1,55172293
16,33,6,55172994
5,41,13,55173654
5,41,5,55174307
5,41,13,55174312
3,41,8,55175847
2,40,14,55177290
4,42,14,55177842
53,42,11,55178616
3,40,5,55180193
4,40,5,55180667
4,42,5,55180786
3,41,6,55182425
3,41,11,55182439
4,42,8,55182566
33,37,0,55184393
38,38,9,55185073
39,38,8,55185075
39,38,0,55185103
4,43,14,55185918
2,41,5,55186047
1,43,8,55187213
49,21,3,55216527
22,36,13,55233138
24,36,5,55233142
49,23,8,55293449
17,40,2,55307788
23,42,13,55339661
18,42,14,55365316
61,22,5,55366645
49,25,14,55368365
14,25,2,55494646
8,26,1,55500071
21,42,2,56300951
24,16,14,56561725
60,19,12,56592323
57,16,15,56647641
11,12,14,56654519
8,28,6,56684785
28,36,6,56686370
20,28,6,56712794
56,16,13,56779842
27,29,6,56840907
47,38,10,56843090
52,13,6,56904692
47,34,9,56962412
43,11,1,56968075
47,33,9,56991080
5,58,9,57018228
2,54,9,57019066
2,54,1,57019142
3,58,2,57019619
3,54,1,57021998
5,58,8,57025239
5,54,3,57026720
4,53,4,57028447
5,56,11,57029543
2,52,4,57029587
6,57,3,57030338
54,9,2,57030447
8,52,3,57045108
9,57,2,57048895
9,53,0,57051179
9,53,3,57051200
7,50,11,57051402
54,10,2,57051747
2,47,10,57052712
2,47,2,57052719
4,48,15,57052846
6,48,7,57052862
11,52,9,57056725
7,48,4,57057496
7,47,9,57058126
11,53,8,57060581
6,47,15,57061330
9,48,9,57062012
12,47,10,57077910
14,49,13,57078590
13,48,10,57079530
13,46,2,57084401
14,49,0,57084752
3,42,15,57086674
2,43,4,57088827
14,49,3,57089899
12,43,9,57089957
14,45,9,57091398
6,42,10,57091521
5,42,10,57091584
5,42,4,57092362
3,40,14,57093759
15,48,3,57094383
3,40,12,57116335
13,42,2,57118165
2,39,1,57119157
2,40,12,57119485
17,44,10,57120656
15,41,10,57122069
15,41,2,57122075
3,39,15,57122802
3,38,9,57122820
4,44,5,57123391
5,39,12,57124224
6,39,4,57125840
6,37,12,57144101
7,41,2,57177469
8,40,1,57180249
6,42,11,57182283
4,58,10,57186746
22,35,9,57198191
21,34,9,57198791
21,34,1,57198803
2,38,2,57202497
4,38,10,57209508
25,37,3,57212750
6,57,10,57214444
6,57,2,57214446
24,35,9,57214603
10,38,11,57215425
22,33,1,57215602
18,12,14,57217592
18,12,6,57217603
44,13,2,57217693
19,13,12,57218972
3,39,8,57228198
22,32,9,57232695
46,11,2,57237998
20,32,10,57239174
2,40,11,57239483
2,42,2,57241228
45,10,11,57245436
3,41,1,57246517
24,33,10,57248807
3,40,2,57249396
12,33,6,57305869
58,8,9,57306009
7,37,11,57308707
7,38,8,57309740
9,36,8,57309762
9,35,11,57311445
11,33,11,57311457
9,37,8,57325139
10,36,8,57325840
12,34,8,57325845
45,12,14,57326709
14,33,6,57328521
14,33,5,57334202
11,35,11,57336433
13,33,11,57336440
10,36,11,57337278
11,36,13,57340070
13,34,8,57341987
17,32,5,57343381
16,32,11,57343839
32,37,6,57344512
14,38,13,57371739
14,38,5,57371742
12,38,9,57371743
11,43,8,57397640
11,50,1,57403134
11,44,1,57404063
12,42,8,57406923
12,48,10,57426455
13,44,8,57426785
13,41,11,57427385
13,47,2,57430220
15,40,2,57430308
15,40,1,57430310
13,49,10,57430314
13,47,0,57430969
13,45,8,57431326
13,46,0,57432241
13,47,3,57433241
13,46,3,57436205
14,46,1,57436417
14,49,0,57436634
14,48,8,57436807
13,45,11,57436987
38,34,2,57455854
16,43,1,57456236
26,40,10,57458841
26,40,2,57458842
16,46,0,57459661
16,44,9,57464064
27,39,9,57464362
27,39,1,57464377
16,44,0,57464591
16,43,11,57467974
17,42,1,57468598
36,32,10,57468805
18,48,9,57468901
18,48,1,57468911
32,30,9,57469145
25,33,8,57527296
32,33,10,57528521
32,33,2,57528530
45,12,10,57555666
46,11,2,57555695
20,43,13,57576165
19,49,2,57700639
24,34,10,57870005
24,34,2,57870006
20,43,9,57893347
47,15,13,57965368
22,45,2,57966193
57,8,6,58176577
58,9,13,58240267
48,15,5,58244541
25,39,6,58246475
24,46,5,58311858
56,8,6,58312686
47,35,14,58336357
26,35,2,58344050
47,35,9,58362892
25,36,1,58373226
49,37,13,58461214
58,6,13,58461752
48,43,8,58467027
46,13,2,58621541
59,8,8,58624372
59,8,0,58624379
48,9,11,58640384
22,12,14,58642371
21,13,10,58642374
21,13,2,58642381
59,9,8,58643320
58,9,3,58643322
47,10,11,58643581
24,38,6,58646807
48,12,11,58647896
60,10,0,58647986
23,48,14,58650271
24,37,5,58652054
27,35,12,58652354
47,44,8,58653269
22,45,6,58654088
57,9,3,58654596
22,44,15,58654602
22,46,7,58654604
23,42,12,58655060
22,42,6,58655334
21,49,6,58656439
48,44,0,58656627
25,35,15,58664644
49,56,11,58664711
20,50,13,58665492
23,37,15,58665621
22,40,12,58665907
50,56,11,58666090
19,50,13,58666233
20,49,12,58666767
21,41,12,58666938
51,57,8,58666964
19,51,14,58667053
19,49,6,58667056
46,35,9,58667387
21,58,11,58667726
19,46,6,58667756
49,56,3,58667852
49,56,0,58667858
19,50,12,58667859
19,50,4,58668166
22,39,12,58668231
50,57,11,58668241
52,57,8,58668545
50,57,3,58668595
18,51,5,58668638
22,58,13,58668671
22,37,6,58669058
52,56,0,58669128
18,49,13,58669174
18,49,15,58669205
18,46,15,58669607
20,58,6,58669753
50,58,3,58669803
19,59,6,58669816
52,57,11,58669825
51,58,0,58669918
54,56,8,58670161
51,58,3,58670226
18,50,5,58670252
20,40,5,58670384
52,59,8,58670428
18,51,12,58670538
51,59,0,58670692
24,36,12,58670707
21,38,6,58670764
19,42,6,58670859
19,43,12,58671616
21,39,12,58671679
23,37,12,58671681
19,41,6,58671702
19,58,12,58671792
18,55,13,58671856
52,59,0,58671876
54,59,8,58672160
54,56,3,58672163
18,44,15,58672220
18,46,7,58672222
17,60,5,58672376
18,47,13,58672391
18,46,12,58672394
18,48,4,58672396
52,60,0,58672490
17,52,15,58672565
17,52,5,58672681
18,57,13,58672881
59,9,10,58673087
59,9,2,58673089
54,61,8,58673114
54,59,0,58673115
52,60,3,58673339
54,61,0,58673408
59,10,3,58673606
16,57,14,58673721
16,57,6,58673723
23,36,6,58673830
24,35,13,58674037
31,32,5,58674173
21,39,6,58674186
20,40,14,58674317
41,32,11,58674330
54,61,3,58674527
21,38,11,58674676
19,44,13,58674736
19,42,5,58674738
38,33,14,58674965
46,35,3,58675004
23,37,8,58675042
27,35,8,58675066
21,39,11,58675074
21,40,2,58675076
21,40,8,58675310
36,35,8,58675483
21,41,9,58675764
20,42,1,58675765
27,33,9,58675779
28,32,1,58675782
26,36,11,58675810
47,37,11,58676162
47,37,3,58676166
60,10,7,58676223
60,11,11,58676287
60,11,3,58676289
22,40,14,58676433
16,57,5,58676743
17,45,1,58676788
19,43,8,58677046
50,40,0,58677077
48,38,0,58677078
20,39,5,58677081
20,42,8,58677251
22,40,8,58677253
49,39,11,58677261
50,40,3,58677262
48,38,3,58677264
19,42,11,58677553
21,40,11,58677559
20,43,14,58677641
20,43,6,58677643
31,34,13,58677778
50,40,8,58677947
19,43,11,58678186
24,39,8,58678226
40,35,14,58678449
38,35,14,58678513
20,43,8,58678554
21,42,0,58678604
20,42,11,58678687
22,40,11,58678689
44,36,5,58678698
22,41,8,58678843
49,40,12,58679151
49,40,4,58679154
20,42,3,58679184
38,35,6,58679195
21,40,3,58679232
25,39,8,58679460
46,38,11,58679497
37,36,6,58679580
22,41,11,58679953
47,39,0,58679989
17,50,6,58680122
17,52,13,58680124
17,50,5,58680126
18,45,11,58680238
23,39,3,58680271
18,47,5,58680689
46,38,3,58680718
20,43,11,58681023
27,33,15,58681105
21,43,8,58681204
23,41,8,58681209
17,51,5,58681227
18,45,10,58681286
18,49,14,58681315
18,47,6,58681323
24,41,8,58681338
52,43,11,58681355
52,43,3,58681365
21,44,5,58681545
41,36,8,58681688
17,47,11,58681729
38,36,14,58681840
42,37,0,58681849
24,40,11,58681983
22,40,3,58681992
18,48,13,58681995
19,46,8,58682015
61,10,12,58682062
61,10,4,58682064
45,38,14,58682245
22,43,8,58682255
42,37,3,58682297
19,44,0,58682347
23,41,11,58682349
22,42,11,58682535
21,43,3,58682539
37,36,3,58682563
36,38,8,58682571
40,37,3,58682683
24,41,11,58682687
19,45,11,58682759
21,43,11,58682761
23,43,14,58682781
60,9,13,58682785
60,9,5,58682786
16,52,8,58682860
60,11,14,58682945
59,10,6,58682946
38,37,0,58683035
37,37,11,58683041
38,37,8,58683044
36,37,0,58683050
61,8,15,58683183
60,9,7,58683185
43,38,8,58683205
36,37,13,58683288
35,38,3,58683293
38,37,11,58683372
25,40,0,58683403
16,60,12,58683510
38,37,13,58683527
23,42,11,58683581
40,37,11,58683588
18,48,8,58683657
48,41,5,58683727
17,53,9,58683775
16,52,1,58683793
17,48,14,58684021
42,33,2,58684436
37,38,0,58684683
60,11,4,58685113
23,42,0,58685252
52,43,12,58685600
19,47,8,58685760
19,45,0,58685764
49,41,11,58685865
43,38,11,58686101
41,38,3,58686105
26,41,8,58686109
21,45,8,58686118
41,38,8,58686183
39,38,0,58686186
19,44,3,58686221
38,38,3,58686446
37,31,12,58686512
21,44,11,58686513
20,43,3,58686516
61,9,1,58686720
59,10,9,58686748
60,9,1,58686756
19,45,3,58687417
49,14,11,58687558
36,39,0,58687582
16,52,10,58687612
20,45,9,58687737
37,38,13,58687751
36,39,11,58687756
19,46,0,58687876
43,39,8,58687921
48,14,6,58687948
25,40,3,58688736
25,42,11,58691642
43,41,3,58692873
19,48,11,58692876
20,48,8,58693040
48,14,14,58694591
17,51,11,58694803
27,42,11,58694889
39,40,3,58695130
41,42,6,58695399
19,50,8,58695916
21,48,8,58695917
19,49,11,58695920
21,47,11,58695933
44,42,3,58696081
46,44,0,58696111
40,41,0,58696168
18,52,8,58696694
20,50,2,58696704
55,50,14,58696790
47,44,5,58696813
40,41,3,58697064
17,52,11,58697359
25,45,11,58697517
44,42,5,58697636
22,46,3,58697721
20,49,11,58697732
47,45,0,58697848
17,53,11,58699324
18,52,11,58699531
23,47,11,58699838
20,51,8,58700455
22,49,8,58700457
49,46,0,58701015
49,46,3,58701162
46,45,13,58701173
22,47,3,58701395
17,53,0,58701621
18,51,3,58701643
24,47,11,58701737
18,54,8,58701870
18,52,0,58701871
16,57,2,58702098
24,48,8,58702145
17,56,1,58702158
54,50,13,58702201
23,48,11,58702206
18,52,3,58702301
60,9,1,58702548
22,48,3,58702596
17,56,2,58702647
56,53,14,58702673
23,48,0,58702715
23,47,3,58702718
21,49,0,58702723
57,54,14,58703038
17,55,11,58703090
17,53,3,58703092
19,54,8,58703152
44,45,3,58703180
49,47,13,58703193
22,49,11,58703457
20,51,11,58703463
19,50,3,58703472
19,51,3,58703606
17,56,8,58703641
24,49,8,58703753
19,52,3,58703769
16,57,11,58703804
20,52,0,58704026
56,53,13,58704169
48,10,2,58704224
23,50,8,58704261
21,50,3,58704266
24,48,0,58704280
17,55,3,58704334
16,59,8,58704393
20,52,11,58704432
18,57,8,58704442
22,51,0,58704466
22,51,3,58704474
18,54,0,58704555
24,49,0,58704585
19,55,8,58704661
19,53,0,58704666
18,55,11,58704758
18,56,11,58704891
19,55,11,58704952
59,10,2,58705378
16,58,11,58705388
15,61,2,58705402
18,56,0,58705555
20,55,8,58705629
24,49,3,58705639
21,53,11,58705654
60,11,14,58705680
49,48,5,58705694
15,60,11,58705957
45,48,14,58706048
23,52,11,58706085
22,53,11,58706170
20,54,9,58706177
21,54,11,58706251
20,54,0,58706272
45,48,6,58706390
49,49,5,58706414
20,56,8,58706504
19,55,0,58706534
18,57,11,58706545
20,55,11,58706547
14,61,14,58706565
23,53,3,58706588
15,61,11,58706611
17,61,0,58706706
18,59,8,58706745
18,57,0,58706746
19,55,3,58706752
18,56,3,58706756
20,55,0,58706759
16,60,8,58706825
18,58,8,58706827
18,59,1,58706834
17,60,8,58706865
15,61,10,58706871
19,58,8,58706915
19,56,0,58706932
18,58,11,58706956
17,57,3,58706960
54,54,13,58706966
53,54,3,58706977
17,58,3,58707299
48,14,6,58707379
55,55,13,58707381
54,55,14,58707519
56,55,5,58707524
22,55,8,58707552
21,55,11,58707555
16,61,11,58707617
55,56,13,58707749
45,50,0,58707779
20,55,3,58707808
19,56,3,58707864
48,52,14,58707866
54,55,13,58707878
52,55,0,58707961
56,57,13,58707967
18,58,0,58707994
19,59,8,58708039
18,59,11,58708070
20,57,11,58708071
46,51,14,58708118
18,61,1,58708196
53,54,5,58708324
21,56,11,58708326
16,62,8,58708352
16,62,3,58708356
16,62,11,58708404
16,60,3,58708406
60,9,14,58708428
20,56,0,58708466
21,55,0,58708488
61,10,5,58708500
21,55,3,58708528
57,57,13,58708540
58,56,5,58708543
58,56,13,58708602
58,57,3,58708613
44,48,13,58708800
56,56,5,58708823
20,56,3,58708831
18,62,0,58708857
16,61,3,58708975
21,58,8,58709109
20,57,0,58709111
25,49,0,58709233
18,59,3,58709268
18,58,3,58709295
52,54,5,58709308
51,55,0,58709311
18,60,11,58709314
17,59,3,58709329
48,52,6,58709373
48,52,15,58709375
55,58,13,58709414
59,57,13,58709426
50,55,11,58709537
49,17,14,58709564
50,54,13,58709768
54,57,5,58709857
53,57,6,58709904
18,60,0,58710034
55,57,5,58710042
20,60,8,58710175
49,55,14,58710221
49,55,6,58710223
21,59,8,58710376
21,57,0,58710378
49,55,5,58710383
24,55,1,58710516
55,60,5,58710594
46,52,13,58710770
46,52,5,58710777
20,59,11,58710784
20,59,3,58710786
53,58,14,58710855
18,61,9,58710967
49,55,0,58711014
56,58,6,58711343
20,61,8,58711634
20,59,0,58711638
22,56,3,58711643
54,60,7,58711858
58,61,0,58712004
51,57,0,58712103
20,60,11,58712132
21,59,11,58712206
21,57,3,58712220
55,60,13,58712262
53,59,14,58712566
49,55,13,58712581
54,61,14,58712725
61,8,1,58712735
22,59,8,58712955
19,61,0,58713024
19,60,3,58713028
23,56,0,58713036
55,61,12,58713421
54,60,15,58713432
48,56,14,58713501
53,61,7,58713858
21,58,3,58713874
60,11,6,58713881
21,7,9,58713967
45,50,11,58714304
49,58,0,58714361
49,58,3,58714364
54,61,6,58714403
51,58,13,58714570
19,61,3,58714822
20,61,0,58715176
62,9,5,58715566
21,59,3,58716600
22,58,0,58716628
61,10,11,58716661
60,11,3,58716663
22,57,3,58717798
22,61,8,58717860
48,14,1,58718515
21,13,6,58718724
62,11,0,58731772
61,11,8,58734880
44,34,14,58742475
50,15,13,58749669
36,34,6,58766697
48,18,7,58771793
48,16,1,58775516
36,34,9,58776236
22,61,2,58776771
21,62,14,58778569
49,14,13,58781036
49,14,5,58781043
21,58,5,58795307
22,57,15,58795544
21,58,15,58796111
20,59,13,58796373
22,58,12,58796525
23,56,10,58797637
22,55,2,58797639
22,57,12,58797894
24,55,1,58798078
20,59,6,58798212
20,58,13,58798239
23,55,12,58798435
20,58,6,58798475
20,59,15,58798483
22,55,15,58798880
21,58,12,58799014
23,54,15,58799417
22,56,12,58799585
23,53,15,58800605
24,53,12,58800682
20,60,13,58800683
23,55,4,58801284
21,54,9,58801286
21,57,12,58801688
20,57,15,58801699
21,56,7,58802152
23,53,12,58802167
19,58,13,58802224
22,56,4,58802506
19,61,6,58802565
19,61,5,58802568
23,52,15,58802571
19,60,15,58802626
20,56,15,58802715
24,52,15,58802799
24,52,12,58803590
25,51,2,58803607
22,54,7,58803619
26,51,9,58803673
24,51,1,58803674
22,52,5,58803683
22,55,4,58803823
21,56,13,58804000
21,57,4,58804002
20,57,9,58804005
23,51,1,58804115
22,52,15,58804125
22,53,12,58804270
23,54,4,58804276
59,11,9,58804314
19,57,13,58804419
21,53,15,58804948
19,59,15,58805039
21,56,4,58805244
59,13,6,58805401
23,52,7,58805517
24,51,2,58805587
21,52,2,58805712
19,58,15,58805818
24,50,1,58806007
22,51,15,58806518
24,51,7,58806520
20,54,5,58806765
21,54,7,58806840
24,49,9,58806875
20,56,12,58807049
23,51,12,58807176
47,16,9,58807193
18,58,14,58807282
18,58,6,58807283
19,57,15,58807287
22,54,4,58807380
23,51,9,58807597
24,50,7,58808132
24,50,12,58808459
21,53,7,58808570
20,53,15,58808581
21,53,12,58808714
23,50,12,58808798
22,53,4,58809162
25,48,10,58809518
25,48,2,58809534
20,57,4,58809815
24,48,9,58809829
23,49,1,58809830
23,51,4,58809964
19,56,15,58810245
22,14,6,58810341
21,52,12,58810531
25,47,1,58811148
23,48,9,58811556
59,11,14,58811810
58,12,1,58811950
20,54,7,58812027
23,50,7,58812231
22,51,7,58812328
24,50,4,58812507
21,16,12,58812772
23,16,4,58812774
21,48,1,58817953
22,47,14,58818375
20,49,2,58818422
24,46,2,58820216
22,58,2,58821049
23,46,2,58821736
18,52,6,58822330
25,45,1,58822607
22,47,12,58822649
22,46,15,58822678
25,44,2,58822810
25,45,9,58823092
23,45,1,58823094
23,45,15,58823670
20,48,15,58823709
21,46,1,58824041
25,45,12,58824141
21,47,12,58824341
21,31,14,58824655
21,58,4,58824679
21,46,15,58824756
26,43,2,58825003
18,57,10,58825099
25,44,15,58825112
19,48,5,58825386
20,47,15,58825392
21,45,9,58825468
21,45,1,58825482
26,44,1,58825537
18,57,1,58825551
25,44,12,58825617
20,57,7,58825634
22,46,12,58825683
24,43,9,58825748
22,44,1,58825804
21,46,12,58826011
23,45,10,58826104
24,45,4,58826220
23,44,15,58826282
27,43,2,58826382
20,48,7,58826709
24,43,10,58826877
19,57,12,58826887
19,48,15,58827017
22,44,15,58827056
24,44,12,58827321
21,44,14,58827328
20,55,15,58827333
25,43,15,58827373
25,44,4,58827546
19,56,4,58827675
20,47,9,58827749
20,45,6,58827755
21,46,7,58827769
25,43,12,58827800
23,45,4,58827804
23,43,15,58828018
47,11,9,58828104
21,45,12,58828120
24,44,4,58828379
23,44,7,58828382
26,43,2,58828386
25,42,10,58828412
23,43,2,58828650
24,43,12,58828699
20,48,4,58828741
20,45,15,58828774
25,42,15,58828863
21,46,4,58828931
19,47,15,58829027
27,42,1,58829247
22,43,15,58829259
24,42,1,58829553
19,56,15,58829601
19,50,12,58829628
26,42,15,58829733
24,43,4,58829772
21,43,15,58829774
25,43,4,58829815
19,47,10,58829864
26,42,12,58830082
25,42,2,58830090
23,42,15,58830133
25,42,7,58830136
20,55,12,58830151
20,56,9,58830153
19,55,15,58830160
21,44,12,58830329
22,53,12,58830438
27,41,10,58830447
20,45,12,58830500
21,52,7,58830580
19,55,12,58830650
20,54,4,58830690
20,53,7,58830695
20,45,10,58830821
22,43,13,58830985
28,41,2,58831147
24,42,7,58831186
24,52,7,58831288
20,44,15,58831290
20,46,7,58831291
19,54,15,58831388
19,54,7,58831412
23,42,12,58831440
25,42,4,58831441
24,42,10,58831442
23,43,4,58831447
22,43,7,58831648
27,41,15,58831838
21,43,12,58832036
23,41,15,58832094
19,53,14,58832158
26,41,7,58832183
19,45,15,58832193
19,50,4,58832216
22,41,5,58832283
24,42,4,58832287
21,52,4,58832353
20,43,15,58832355
26,41,15,58832374
21,42,15,58832498
23,42,7,58832508
21,43,7,58832717
20,52,6,58832812
24,41,7,58832872
26,41,10,58832999
22,50,7,58833041
9,28,14,58833069
28,42,2,58833133
18,47,5,58833181
19,47,12,58833199
25,41,4,58833265
19,44,15,58833398
20,44,12,58833486
26,41,4,58833525
23,42,4,58833638
27,40,10,58833769
28,40,7,58833959
28,40,2,58833987
21,44,4,58833997
21,42,12,58834129
22,51,12,58834204
21,50,15,58834206
20,53,12,58834272
21,54,4,58834274
24,40,15,58834337
19,43,13,58834459
23,41,7,58834551
21,15,6,58834723
22,14,6,58834732
28,40,9,58834770
17,31,1,58834826
19,48,4,58834981
24,39,9,58835075
23,40,15,58835077
25,40,7,58835086
22,41,12,58835138
20,42,15,58835208
26,40,12,58835214
22,50,4,58835420
25,40,12,58835478
27,40,1,58835892
20,43,12,58835900
24,40,9,58835915
16,33,12,58835928
16,33,4,58835930
27,40,12,58835949
28,40,1,58835956
20,41,2,58836002
26,40,4,58836046
19,51,6,58836072
24,40,10,58836127
23,39,2,58836137
28,40,10,58836504
29,39,9,58836507
22,40,15,58836555
24,40,7,58836559
25,39,1,58836695
23,40,12,58836772
23,41,4,58836811
19,43,15,58836889
28,40,12,58837210
21,40,15,58837308
20,43,7,58837438
27,39,7,58837543
26,39,15,58837556
18,49,15,58837610
18,47,7,58837625
22,40,12,58837704
21,49,15,58837713
20,51,12,58837763
19,50,2,58837766
18,51,12,58837787
18,51,4,58837794
26,39,7,58838098
29,40,12,58838171
27,39,15,58838223
23,39,15,58838301
25,39,7,58838303
25,46,14,58838335
26,45,6,58838341
27,39,4,58838392
24,48,15,58838443
22,39,1,58838453
26,39,12,58838621
27,39,10,58838623
19,49,14,58838628
19,50,15,58838629
20,51,7,58838630
18,49,7,58838638
19,47,4,58838752
20,50,13,58839252
19,51,14,58839259
23,50,12,58839330
24,49,7,58839333
22,47,7,58839341
24,46,9,58839406
21,42,4,58839419
21,48,10,58839606
24,39,12,58839825
29,41,2,58839878
22,41,4,58839918
23,40,4,58839946
21,48,4,58839951
20,47,15,58839953
20,51,4,58840122
19,49,4,58840357
23,39,7,58840460
28,39,15,58840490
19,42,15,58840647
23,39,12,58840853
25,39,4,58840860
25,53,1,58840901
19,44,12,58840965
19,46,4,58840967
24,49,4,58841178
22,47,4,58841180
27,38,7,58841223
27,38,9,58841230
24,38,15,58841233
23,38,1,58841245
57,10,6,58841567
10,22,13,58841697
20,31,9,58841713
25,38,7,58841941
22,39,12,58842089
23,38,4,58842090
26,38,15,58842111
24,49,12,58842448
24,47,14,58842453
26,38,12,58842635
25,45,15,58842759
26,38,10,58842794
25,47,10,58842827
24,46,2,58842829
23,38,14,58842993
17,32,1,58843050
28,39,1,58843104
21,47,4,58843193
20,46,5,58843198
21,46,10,58843252
21,46,2,58843272
26,38,4,58843280
27,39,2,58843656
27,37,9,58843672
22,19,13,58843715
25,38,4,58843830
26,36,1,58843984
23,39,4,58844056
58,11,1,58844166
20,51,10,58844177
24,38,4,58844908
21,37,15,58846829
19,38,6,58847956
26,35,10,58849509
21,36,6,58850233
20,36,15,58850578
22,36,2,58851020
18,39,6,58851985
20,43,5,58852128
24,42,2,58852241
25,34,10,58852948
17,39,13,58854210
17,39,5,58854211
25,34,2,58854648
20,42,1,58854949
23,41,9,58855104
29,40,9,58855184
23,41,2,58855406
23,42,12,58855614
20,35,15,58855621
17,37,2,58856274
19,37,7,58856359
20,43,12,58856636
22,34,9,58856748
20,35,12,58857157
18,39,4,58857249
21,41,1,58857505
23,41,15,58858027
29,35,1,58858612
21,42,12,58858715
21,41,12,58858982
21,41,4,58858985
17,38,15,58859050
29,39,12,58859513
28,39,9,58859519
19,44,12,58859561
18,45,4,58859563
28,31,10,58860029
20,41,12,58860213
20,41,4,58860214
20,40,7,58860217
20,42,12,58860393
22,41,7,58860680
22,42,12,58860763
22,40,7,58860765
18,39,14,58860961
20,33,15,58861005
23,41,12,58861134
19,42,15,58861238
30,39,12,58861249
30,38,15,58861255
26,40,1,58861523
19,41,12,58862297
24,40,12,58862341
29,38,15,58862698
22,41,4,58862842
19,43,12,58863324
24,41,4,58863340
58,11,12,58863440
24,39,12,58863901
23,39,15,58863904
20,40,12,58864106
19,39,4,58864111
19,40,7,58864112
57,11,6,58864554
23,36,7,58864620
46,15,10,58865587
16,40,11,58866606
57,9,15,58866894
38,29,9,58867172
46,15,8,58867533
16,37,10,58867899
59,10,9,58868549
16,38,2,58868860
22,40,4,58869153
19,40,12,58869904
58,9,12,58870686
58,9,4,58870696
17,36,14,58870856
17,36,1,58870895
58,9,9,58871436
16,40,2,58871841
27,38,15,58872408
58,26,13,58874201
21,24,5,58874773
18,36,2,58890906
21,33,6,58892270
56,11,11,58892899
19,35,8,58893785
19,34,11,58894001
47,16,0,58894353
58,10,1,58894821
19,36,1,58894946
21,34,6,58896183
8,26,6,58896972
18,37,8,58897287
58,10,0,58898154
20,35,8,58898924
20,34,11,58899698
46,18,14,58902150
47,17,6,58902152
46,10,13,58902156
46,17,15,58903019
10,22,6,58903224
46,17,6,58904663
21,35,8,58918961
20,35,11,58919003
20,36,11,58925276
46,18,11,58926258
59,11,8,58928547
59,11,0,58928558
33,31,8,58929644
58,12,8,58929781
57,10,13,58930674
46,18,14,58933215
21,35,11,58933726
56,11,14,58935692
18,14,6,58936035
47,14,13,58936731
46,15,11,58936735
58,11,13,58936861
57,12,14,58936863
46,15,2,58937139
25,34,8,58937290
25,34,0,58937304
47,15,11,58937389
57,10,15,58945646
57,11,0,58956892
57,11,9,58958246
46,17,7,58960202
57,11,2,58962399
57,12,12,58966203
22,37,1,58967256
58,12,11,58968730
58,12,3,58968742
57,10,3,58969001
59,12,0,58969019
58,10,5,58988178
25,34,1,58995175
46,16,8,58996740
47,18,1,58997897
59,12,1,59054378
45,16,10,59091827
59,13,0,59148453
58,13,11,59218762
48,17,3,59438012
48,18,3,59493665
60,27,3,59496511
49,21,9,59500656
38,37,14,59583449
50,19,2,59709811
49,14,2,59781245
60,14,2,59805580
46,38,6,60027094
48,14,14,60027233
60,14,13,60078194
61,16,13,60086105
62,15,5,60086246
48,20,6,60119878
50,35,9,60144201
21,15,13,60211522
22,16,5,60214690
22,16,12,60215514
47,16,12,60217094
58,14,4,60219769
47,14,4,60237154
46,15,5,60239242
59,11,7,60242253
57,14,12,60247226
57,12,15,60247480
58,11,7,60247487
45,16,5,60248292
45,13,5,60296621
45,16,3,60304895
54,41,6,60309050
46,17,0,60310138
51,37,0,60340905
53,43,13,60364027
53,43,5,60364044
52,43,6,60370459
51,42,14,60370815
51,43,14,60374724
53,43,6,60374767
54,41,13,60397928
54,41,5,60397932
49,39,5,60401255
49,43,5,60424098
48,45,14,60429209
48,45,6,60429213
7,29,13,60431396
49,43,15,60431608
8,23,14,60435040
57,16,13,60435949
49,43,6,60436473
28,31,13,60437374
48,46,6,60438050
47,45,13,60450824
56,17,6,60452384
50,42,13,60454641
52,44,13,60454841
19,16,5,60456044
47,47,14,60456966
47,46,14,60457232
46,45,6,60457234
45,20,9,60458489
46,46,14,60459563
50,44,14,60459885
56,18,14,60461933
56,18,6,60461992
46,44,6,60462577
51,45,6,60463063
46,47,14,60466184
47,44,5,60466192
46,44,13,60467513
45,46,14,60467941
47,46,6,60467944
2,24,6,60469029
45,46,13,60482433
18,27,13,60492636
26,32,14,60493242
37,23,14,60494163
48,45,13,60495271
5,27,14,60497112
54,18,14,60497889
55,24,9,60529478
4,28,14,60529685
45,46,13,60543162
3,32,6,60549248
43,23,15,60557354
42,24,6,60557408
43,21,14,60561703
43,24,5,60583366
43,25,12,60583663
43,26,12,60585124
16,19,10,60587463
16,19,2,60587493
13,20,1,60587796
44,49,14,60588996
11,40,5,60589299
26,42,14,60589539
8,41,5,60589930
14,19,14,60590257
41,21,5,60592677
42,22,14,60593730
15,40,14,60593831
42,20,6,60593924
41,25,14,60611551
22,44,9,60617336
14,20,5,60618069
53,25,14,60619578
42,24,14,60621397
40,24,6,60621399
2,45,10,60622572
22,44,14,60622833
41,25,13,60625175
13,45,14,60647476
10,45,6,60649096
41,21,14,60650539
40,20,6,60650593
41,27,14,60682704
41,27,6,60682725
4,45,5,60685364
41,25,13,60716181
21,51,14,60742611
21,51,6,60742614
14,18,6,60745413
5,49,11,60746095
39,26,9,60747727
4,49,5,60748051
21,51,5,60748466
40,26,9,60748586
22,52,8,60749453
8,18,14,60750542
39,27,7,60777566
19,55,10,60780732
20,59,14,60835247
40,29,6,60835844
19,60,6,60838642
40,32,11,60865621
19,62,9,60867735
19,62,6,60871308
20,62,1,60874066
25,53,9,60905078
25,53,14,60905083
39,28,6,60931904
62,54,8,60932205
50,29,8,60966261
40,31,13,60992294
53,41,10,61019718
52,30,2,61030056
20,46,9,61052635
14,31,11,61058584
22,47,10,61058764
15,29,1,61091826
57,33,10,61111743
54,28,10,61115927
14,30,11,61120988
14,30,3,61120998
59,39,0,61140982
17,29,8,61152538
57,25,9,61173632
15,30,10,61178748
16,30,8,61181808
16,49,1,61183761
41,33,1,61203034
62,39,8,61212057
18,28,11,61213749
18,28,3,61213750
17,29,11,61216879
44,33,9,61217031
29,26,1,61218977
60,26,9,61239060
20,28,0,61246330
49,28,8,61270841
44,32,9,61275347
46,33,2,61275626
43,32,9,61276244
61,25,10,61297303
49,28,3,61306332
49,29,1,61308987
45,32,10,61311278
20,21,1,61338638
49,27,6,61341883
19,21,9,61362447
25,53,6,61463207
25,53,1,61466641
12,33,10,61469264
47,27,10,61489243
22,24,2,61552785
23,23,1,61562398
55,27,3,61589759
55,25,11,61592752
23,24,11,61593517
24,23,3,61593530
25,24,8,61621974
25,24,3,61625403
58,22,11,61708111
18,42,2,61795366
59,25,11,61873385
2,23,10,62026544
60,26,14,62028672
60,29,5,62211914
30,28,9,62214238
29,29,2,62214472
29,29,9,62215393
20,33,6,62239233
20,33,14,62246658
21,32,6,62246660
19,40,6,62247700
31,25,14,62248245
29,29,1,62249110
19,28,6,62249939
17,41,6,62249968
21,31,6,62250306
58,31,12,62269705
17,39,14,62270967
57,29,13,62274967
57,29,14,62278797
58,28,6,62278813
29,29,5,62279379
57,31,12,62296445
16,40,13,62296979
29,32,13,62298605
15,42,14,62299516
30,24,13,62300165
30,24,5,62300190
27,29,9,62303040
16,39,13,62304289
17,37,5,62305014
57,32,12,62306529
27,28,14,62307860
56,26,7,62308808
17,41,14,62309512
17,41,6,62309515
56,27,14,62310332
29,28,5,62310572
55,26,6,62312279
57,32,7,62313025
55,30,7,62313026
55,29,6,62335188
54,33,6,62335214
55,30,15,62335230
53,26,6,62337990
55,27,15,62338402
55,32,15,62339582
29,24,13,62341522
26,28,13,62341561
26,28,5,62341566
27,42,5,62343894
13,42,14,62355372
14,38,5,62365631
25,29,1,62367228
27,27,13,62367339
28,26,5,62367354
26,28,6,62367692
26,27,13,62372891
24,49,14,62374623
25,48,6,62374642
54,27,12,62375086
54,28,12,62375303
53,31,15,62395548
13,57,13,62395771
53,30,4,62398839
53,27,12,62402473
52,32,13,62404199
52,32,5,62404217
53,26,5,62404581
52,29,12,62404683
26,28,13,62405686
26,28,5,62405687
53,27,5,62406912
24,28,12,62424779
22,29,2,62425097
23,28,5,62428955
23,29,12,62430008
25,29,4,62430009
51,31,7,62431699
61,28,6,62432240
49,26,10,62435189
24,27,5,62435597
25,27,4,62435815
51,29,12,62436265
22,28,6,62455506
10,39,6,62456501
51,32,7,62459694
24,28,14,62460174
25,26,12,62463617
50,31,7,62469122
51,31,5,62484526
17,22,9,62560256
60,28,6,62581946
59,25,12,62646911
59,23,2,62681628
48,27,14,62685259
49,26,6,62685268
48,27,9,62687471
58,22,1,62712189
55,57,7,62713656
59,23,7,62717966
34,13,2,62718208
57,21,10,62735420
59,20,10,62739920
59,20,2,62739960
47,25,1,62742157
58,22,7,62745319
59,22,2,62749370
59,22,1,62749397
56,54,9,62768139
56,54,1,62768147
55,54,4,62776539
58,20,12,62781307
48,22,11,62832976
53,49,10,62843347
18,18,2,62870768
52,45,2,62905311
21,42,2,62922417
55,44,8,62925827
48,20,10,62926192
51,44,10,62929946
58,13,15,62929990
53,44,2,62932034
59,14,4,62935205
58,12,7,62959313
49,41,9,62959878
59,41,14,62960459
58,13,7,62961114
47,19,10,62961629
57,14,15,62962201
23,31,9,62962469
56,40,10,62963209
57,40,2,62963958
56,18,14,62965552
57,14,7,62966365
58,12,15,62980838
58,12,12,62995959
56,39,4,62999567
57,38,2,63028541
57,8,1,63028936
15,62,2,63081512
22,57,1,63093286
48,15,0,63093921
36,36,10,63105249
31,36,9,63108726
16,61,12,63112911
21,55,1,63118248
21,55,2,63121675
19,55,12,63138491
31,35,9,63144499
48,13,5,63151672
19,53,15,63151709
47,14,2,63153389
38,34,1,63154876
60,6,9,63171191
19,51,9,63176306
20,52,12,63176832
49,16,2,63177384
32,35,10,63178716
59,6,1,63182800
59,5,9,63183989
19,51,2,63184174
49,15,2,63187840
60,29,2,63202158
23,47,9,63202804
58,5,1,63204933
57,29,9,63207637
24,46,1,63216499
58,3,5,63233733
24,45,12,63264960
26,44,2,63274229
24,44,2,63280835
27,42,2,63294500
22,43,12,63339527
24,41,15,63343685
25,40,10,63363443
26,39,10,63363656
26,39,2,63363663
25,40,12,63366190
25,53,6,63368495
28,39,10,63371909
27,38,2,63371975
28,40,10,63373224
28,40,2,63373225
27,39,2,63374340
30,37,9,63394001
4,37,2,63394522
11,35,9,63396022
28,37,10,63397965
32,37,9,63400817
30,37,10,63403535
31,37,4,63403633
27,36,2,63403667
30,37,4,63403954
23,37,15,63422087
29,35,10,63424768
35,36,9,63424948
36,37,1,63424981
34,36,10,63425745
25,35,10,63430204
27,34,10,63432268
31,35,4,63433185
33,35,4,63434811
34,37,2,63435308
28,34,10,63436044
24,35,1,63436051
34,35,2,63436764
29,34,7,63438073
46,9,10,63451766
47,12,2,63455212
21,40,1,63459063
46,10,4,63465055
35,32,9,63465219
30,32,12,63466485
35,35,10,63467984
36,34,2,63467995
47,9,12,63468554
37,33,9,63468807
36,34,1,63468809
36,32,1,63469556
23,37,1,63477472
45,9,6,63484592
24,36,1,63487594
26,33,9,63489406
35,31,9,63496603
24,36,11,63499812
13,33,10,63676807
24,38,6,63684675
47,5,10,63707039
26,34,12,63748692
49,5,9,63778522
49,5,1,63778593
50,10,9,63778698
62,2,5,63922058
26,32,13,64456194
27,31,5,64456211
31,28,1,64463615
25,33,6,64468557
25,31,5,64477193
26,31,12,64479239
24,33,15,64481015
44,34,2,64481418
23,37,12,64483482
44,42,8,64483492
46,39,8,64484211
23,32,9,64484618
24,31,1,64484620
45,46,2,64484788
27,30,12,64484843
23,45,13,64485191
46,32,2,64487294
22,44,13,64487764
46,32,9,64487974
24,31,15,64488130
21,38,15,64488474
22,34,15,64488617
22,44,5,64488714
23,33,12,64488832
21,42,6,64489475
21,43,14,64490266
22,46,5,64490634
21,45,14,64490690
21,44,13,64490848
21,42,5,64490852
9,28,2,64490941
47,48,8,64491017
21,48,11,64491078
21,44,6,64491090
22,45,5,64491093
25,30,15,64491369
22,35,7,64491527
21,43,12,64491575
46,49,0,64492169
45,33,8,64492227
21,47,5,64492282
21,34,5,64492331
22,36,4,64492333
22,50,14,64492367
23,49,13,64492447
21,49,14,64492546
20,40,7,64493028
22,35,4,64493135
46,49,3,64493521
20,38,12,64495058
20,47,15,64495120
21,37,4,64495135
24,52,5,64495258
20,38,7,64495411
20,47,4,64495515
20,45,5,64495726
20,48,14,64495860
19,39,15,64496081
23,51,13,64496177
19,46,15,64496223
22,50,5,64496489
19,47,7,64496767
19,41,12,64496800
20,48,12,64496984
20,35,6,64497160
20,35,15,64497384
51,45,2,64497648
19,48,14,64497794
19,46,6,64497797
22,53,7,64497855
20,36,7,64497994
19,36,6,64498602
22,52,12,64498925
6,10,10,64498944
6,10,2,64498946
21,34,7,64498977
18,40,6,64499024
18,40,15,64499226
48,52,0,64499246
19,36,15,64499408
24,31,7,64499497
18,37,6,64499519
19,36,5,64499521
17,41,6,64500255
52,45,0,64500496
45,47,5,64500627
19,37,7,64500733
18,55,11,64514919
18,55,3,64514921
20,57,4,64516247
19,56,7,64516249
47,32,12,64516424
47,32,4,64516429
52,35,5,64516751
53,48,14,64516766
54,47,6,64516773
49,57,8,64517329
49,57,0,64517331
52,38,5,64517675
46,31,4,64517711
52,46,4,64517928
49,54,10,64518313
49,54,2,64518315
52,47,14,64519965
53,52,10,64520292
50,42,1,64520324
50,46,2,64520614
16,42,1,64520711
52,45,12,64520771
50,50,11,64520980
50,50,8,64521602
24,10,6,64521905
51,37,14,64522105
50,36,14,64522354
51,45,4,64522440
48,54,14,64522625
51,44,15,64522645
47,51,12,64522930
47,49,1,64523077
51,46,12,64523159
51,37,13,64523252
51,52,10,64523284
52,53,2,64523309
19,50,0,64523533
18,49,3,64523538
52,39,5,64523618
24,10,11,64523640
48,47,2,64523650
50,47,9,64523655
46,39,13,64523699
48,48,15,64523706
46,39,6,64523714
44,41,2,64523753
49,43,13,64523879
49,45,7,64523886
46,48,7,64523999
51,37,6,64524266
20,51,11,64524339
49,45,15,64524361
19,51,2,64524384
49,47,10,64524495
50,41,14,64524552
51,40,6,64524556
48,48,12,64524619
18,48,11,64524925
51,37,5,64524997
23,53,5,64525123
40,26,9,64525204
40,26,1,64525213
17,44,3,64525347
45,48,0,64525391
40,26,11,64525406
49,42,5,64525426
46,47,7,64525500
50,41,12,64525526
48,52,7,64525581
51,41,4,64525895
50,38,6,64525898
48,41,15,64525899
50,39,15,64525901
47,47,15,64525941
47,45,6,64526292
46,46,14,64526294
48,32,13,64526317
47,31,5,64526320
23,29,5,64526373
20,32,5,64526478
35,25,1,64526484
48,40,13,64526551
48,41,4,64526823
47,40,7,64526825
47,49,12,64527021
46,30,13,64527397
47,44,4,64527478
46,38,0,64527501
48,33,4,64527535
46,31,15,64527537
47,32,7,64527538
45,30,7,64527546
47,52,5,64527826
46,50,12,64527866
20,44,14,64527905
46,48,15,64527965
19,47,11,64528069
46,42,15,64528170
25,51,5,64528193
22,52,14,64528215
43,41,0,64528273
45,29,13,64528443
50,40,4,64528482
48,38,14,64528487
47,43,4,64528522
45,42,1,64528525
45,42,7,64528533
47,54,7,64528610
18,47,11,64528815
19,46,3,64528817
19,39,11,64528831
21,42,7,64528992
47,37,11,64528999
41,27,3,64529030
43,27,8,64529032
41,27,0,64529045
19,42,3,64529617
47,32,15,64529627
44,43,3,64529635
35,25,6,64529681
43,42,3,64530156
44,43,0,64530158
19,49,11,64530358
22,44,6,64530385
44,45,7,64530536
22,30,5,64530551
21,31,2,64530590
54,11,8,64530655
22,41,13,64531052
23,49,1,64531153
44,45,4,64531356
47,34,4,64531833
45,31,14,64535852
47,36,14,64539658
46,35,6,64539666
26,42,2,64540569
22,31,11,64541447
24,29,11,64541454
45,34,14,64541754
43,32,11,64542257
44,38,14,64542380
43,37,6,64542392
43,36,7,64542554
28,41,0,64543503
39,38,1,64544209
44,36,4,64544235
25,28,11,64544247
44,35,12,64544434
46,33,12,64544442
29,37,1,64545257
42,38,6,64545724
41,32,14,64547314
41,32,6,64547316
39,38,9,64547413
24,30,11,64548221
24,37,9,64549002
43,31,13,64549041
39,39,4,64551005
42,32,15,64551161
25,29,11,64551815
26,29,8,64552635
28,42,8,64552708
30,36,1,64552841
33,38,8,64553616
42,30,13,64554013
24,31,0,64554130
29,38,4,64555721
28,36,9,64555731
44,38,4,64555840
25,30,11,64556420
26,30,8,64556477
26,29,11,64556536
29,35,15,64557531
39,28,0,64557977
38,33,2,64558329
28,28,8,64558496
29,35,5,64559099
28,36,1,64559132
30,34,4,64560285
27,43,11,64560310
27,30,0,64561383
53,15,10,64562399
28,32,7,64562520
29,28,11,64582314
27,30,6,65202888
25,29,15,65280463
24,30,13,65296637
24,29,15,65303751
19,30,12,65430115
20,31,14,65497027
21,30,6,65497073
12,30,14,65654766
1,29,13,65680327
10,31,7,65682569
10,31,4,65686969
54,13,1,65933057
24,32,14,66026910
10,29,5,66028811
53,14,3,66029444
40,33,14,66057410
41,34,14,66081170
54,15,8,66090301
23,34,2,66091742
40,34,14,66093555
28,35,14,66146647
41,37,3,66184382
41,38,3,66211435
55,17,6,66280031
9,47,11,66305902
27,41,0,66311871
23,46,13,66331417
10,48,3,66334279
18,25,9,66334595
36,35,2,66343326
40,22,14,66423374
29,20,2,66425204
30,19,5,66433593
29,20,9,66433599
30,21,9,66433881
1,24,8,66434567
1,22,0,66436256
28,21,11,66436527
28,15,13,66459427
59,15,1,66461662
29,22,2,66462469
58,14,9,66462936
1,35,3,66463499
59,17,0,66466157
58,20,3,66468441
3,29,0,66489683
2,35,9,66494240
3,24,0,66495548
59,16,8,66497692
59,16,0,66497701
59,18,11,66498117
59,18,3,66498123
32,22,8,66524113
3,32,11,66525930
34,30,10,66528048
60,19,11,66529478
45,46,10,66555366
45,46,2,66555376
4,35,14,66558020
5,34,6,66558043
4,34,8,66559536
4,22,10,66560893
61,20,2,66560962
34,21,3,66561672
61,17,11,66579354
1,39,13,66579384
36,32,1,66589089
45,27,9,66589326
33,21,2,66590062
20,23,9,66592575
34,20,3,66592794
33,22,10,66621813
34,21,2,66621814
6,35,11,66623551
34,21,8,66623882
7,27,3,66646535
35,21,1,66652816
7,19,3,66654091
35,21,6,66655257
7,36,10,66655394
7,34,0,66655418
8,24,8,66684661
28,34,8,66684846
38,35,10,66707176
8,36,5,66834938
3,36,1,66868998
3,39,10,67010280
27,31,13,67029264
27,34,0,67030146
26,28,14,67048687
25,32,6,67058718
25,32,14,67058766
26,33,6,67058781
25,33,14,67061434
25,27,6,67062661
7,18,5,67092126
24,26,14,67092443
34,21,5,67093656
5,32,15,67121695
45,30,13,67123311
4,34,14,67123690
6,33,13,67123916
35,26,14,67123953
60,20,9,67125407
60,20,1,67125410
5,20,6,67143328
23,32,13,67144107
33,23,0,67145116
61,23,14,67145119
23,33,5,67145348
44,34,14,67145456
23,30,14,67145998
24,31,6,67146000
34,26,6,67149763
32,22,5,67149989
22,29,5,67152141
44,22,13,67154147
18,51,13,67154197
4,32,8,67155190
32,23,11,67156294
60,21,5,67156841
60,20,4,67157093
23,36,14,67174342
32,22,11,67174964
30,24,14,67174967
31,23,6,67174972
22,32,13,67175212
31,23,5,67175753
22,37,5,67178374
2,35,15,67179053
3,34,7,67179064
60,17,5,67179990
32,23,8,67180055
60,19,12,67180136
3,34,4,67180179
59,19,12,67180605
60,18,4,67180612
60,18,13,67180937
19,31,2,67181724
61,20,13,67182497
59,18,13,67182500
29,23,14,67182536
59,21,14,67183549
60,20,13,67183551
60,20,5,67183581
60,22,13,67183735
1,33,10,67183946
59,24,14,67184159
59,22,13,67184354
61,22,5,67184355
2,33,7,67184469
59,20,12,67184542
2,34,10,67186416
23,20,5,67186424
3,36,13,67187352
1,36,1,67187376
59,24,15,67195220
31,24,8,67205111
59,24,4,67205153
30,25,8,67208096
1,35,7,67209878
2,36,12,67211292
58,19,7,67213826
57,18,6,67213903
1,37,12,67213941
58,18,6,67213963
58,18,7,67213966
57,18,14,67214231
2,21,14,67214243
32,19,6,67214716
58,20,15,67216393
57,19,7,67216397
2,24,15,67216531
31,22,14,67216867
31,22,5,67216904
30,24,13,67217222
29,23,5,67217224
58,23,14,67217701
59,22,6,67217703
1,19,10,67217973
2,18,2,67218001
57,19,15,67218381
57,18,7,67219560
31,19,6,67232844
20,36,13,67235301
20,38,13,67239761
24,26,10,67240379
30,24,12,67241715
1,33,13,67242288
28,25,6,67243192
26,24,13,67243673
26,24,5,67243674
30,23,11,67243695
29,24,3,67243704
57,21,14,67243705
1,38,13,67243902
1,38,5,67243951
30,23,6,67244078
1,34,13,67245115
56,19,5,67245436
57,19,12,67245438
57,19,4,67245453
16,31,13,67246013
29,23,5,67246753
57,22,4,67247960
56,21,12,67248436
56,18,5,67248561
28,24,6,67248610
20,36,7,67248625
20,32,14,67249141
19,31,6,67249143
57,21,4,67249433
58,24,12,67249448
56,17,14,67249928
56,17,15,67249929
29,23,13,67250149
30,22,5,67250177
19,36,6,67265306
56,20,12,67269049
55,23,13,67271268
19,23,5,67271935
27,25,6,67272192
28,26,8,67272279
29,25,0,67272289
18,37,14,67272768
28,24,0,67273705
28,24,6,67274594
56,25,12,67274624
57,54,0,67275842
56,23,14,67275886
20,29,9,67276747
57,22,5,67277643
55,19,15,67279569
56,20,7,67279570
55,18,6,67279684
57,25,13,67279904
56,24,5,67279905
19,28,14,67280004
26,25,2,67280422
28,25,5,67280814
55,23,6,67289669
29,19,14,67297064
28,24,11,67297820
55,22,13,67300319
55,22,5,67300326
48,51,6,67301826
27,24,6,67304353
53,21,6,67306245
26,25,6,67306329
55,22,14,67308762
53,22,15,67308765
54,21,7,67308769
53,24,14,67309181
23,26,13,67309284
54,22,13,67309549
28,24,12,67311991
54,23,15,67312242
54,23,7,67312243
17,36,5,67326234
25,25,14,67332529
54,24,14,67336743
53,24,7,67336745
53,20,4,67337146
27,25,8,67337149
53,25,4,67337378
16,39,13,67338198
16,37,13,67339405
52,22,12,67340700
54,23,13,67341279
53,23,4,67341283
17,24,5,67341354
25,25,0,67342074
53,25,15,67342290
53,21,13,67342483
53,23,14,67342922
52,22,13,67342925
54,24,6,67342963
52,22,13,67355409
52,24,15,67359324
25,24,7,67361363
25,26,4,67362933
15,37,5,67363214
24,24,13,67366398
26,24,5,67366441
23,26,9,67367133
24,25,1,67367135
24,24,14,67367262
24,24,6,67367265
26,23,15,67367785
52,22,5,67367898
52,23,13,67368906
51,20,6,67371876
48,55,6,67373068
25,26,9,67375537
52,24,5,67386333
23,25,2,67389530
14,35,13,67391102
25,23,5,67396116
51,24,7,67396680
24,24,14,67399007
22,26,6,67399265
26,41,14,67400468
25,40,6,67400479
14,26,5,67402149
17,26,14,67404397
17,26,6,67404400
22,25,10,67404731
50,23,4,67404966
23,24,13,67405857
24,23,5,67406742
26,21,5,67406743
49,19,14,67414106
49,23,7,67425071
23,26,14,67425356
23,26,6,67425358
47,21,14,67427709
48,20,6,67427710
59,18,12,67429641
49,23,14,67430147
49,23,6,67430155
24,23,13,67430428
23,24,6,67431124
61,18,15,67431479
49,22,4,67432573
49,23,4,67433808
49,25,7,67434368
50,26,14,67436216
58,18,15,67437571
11,35,14,67451538
11,35,6,67451544
11,37,14,67453566
48,21,12,67456433
22,26,14,67458348
48,24,14,67459740
48,22,12,67459944
21,25,5,67460044
20,26,2,67460050
21,26,0,67460628
22,25,4,67461493
48,23,4,67463469
21,26,5,67463645
20,25,13,67464835
59,18,13,67464966
21,25,11,67466220
59,17,10,67466577
59,18,4,67467854
12,27,14,67481328
21,26,8,67487151
10,30,6,67487770
19,26,6,67491115
21,26,14,67491395
20,25,6,67491408
23,45,5,67495031
22,40,6,67496371
47,22,13,67497683
30,21,13,67498221
19,26,10,67498260
22,38,13,67499011
23,37,5,67499028
19,25,14,67524415
45,21,15,67524866
21,41,13,67544362
18,26,13,67549739
20,24,13,67558506
20,24,5,67558522
18,27,8,67560897
18,27,0,67560901
52,18,13,67603162
52,18,5,67603182
18,24,13,67624568
19,23,5,67624571
18,48,6,67687829
51,21,14,67744806
35,24,13,67990174
39,21,9,68014249
38,21,9,68024230
39,20,9,68089068
51,14,10,68151878
52,26,10,68152981
16,42,2,68187179
37,22,10,68211763
55,25,8,68278584
17,40,2,68278983
53,13,9,68298291
39,38,9,68306450
51,9,10,68387009
39,37,10,68391134
34,36,9,68401501
34,36,1,68401510
52,11,15,68405745
52,9,12,68406641
40,35,9,68426185
35,35,9,68436746
43,13,13,68465803
41,13,5,68498728
41,32,1,68523851
20,62,10,68580475
21,60,2,68589020
18,62,6,68591107
25,35,2,68593280
23,57,1,68605177
19,59,15,68607572
19,58,2,68612728
19,58,15,68614147
20,58,12,68615483
18,60,12,68615562
38,31,2,68615726
23,56,12,68617238
18,58,2,68617591
17,61,12,68620634
19,59,7,68620739
19,58,12,68621364
17,58,13,68624300
17,58,15,68632703
22,53,15,68635449
17,57,15,68636626
24,51,9,68638013
24,51,1,68638014
16,59,15,68639212
22,53,12,68639669
16,57,9,68641194
23,50,9,68648140
15,60,6,68649066
22,52,12,68649186
20,52,15,68649659
18,55,7,68654431
15,56,9,68656351
19,54,12,68656514
27,32,9,68679070
27,32,1,68679078
41,11,13,68679797
18,45,10,68726018
24,41,1,68741707
25,53,1,68744502
24,40,9,68746454
15,59,2,68747727
16,58,1,68747746
27,41,4,68749216
27,40,2,68750309
26,39,1,68757699
21,50,2,68774961
17,52,5,68777285
24,39,2,68777816
30,38,9,68779067
30,38,1,68779073
20,39,2,68786720
23,49,10,68800767
23,37,15,68800946
22,48,10,68801249
22,37,15,68802352
31,37,9,68803688
26,36,2,68803898
19,38,2,68804921
31,37,4,68807001
27,36,1,68808165
24,36,1,68809868
30,35,9,68810285
29,35,9,68810791
26,36,7,68810939
24,36,7,68811693
27,35,2,68811943
23,36,15,68812280
27,36,4,68812715
18,38,15,68823981
20,36,2,68825721
22,35,15,68826155
19,38,12,68826344
32,35,9,68826464
31,35,9,68827165
30,34,1,68827198
31,35,4,68830093
31,34,1,68830126
50,3,9,68830588
21,35,15,68830758
19,37,12,68831196
20,35,9,68831252
21,35,2,68832204
31,33,1,68832543
23,34,15,68833840
22,35,12,68834045
32,35,10,68834192
32,35,2,68834203
20,36,12,68834280
31,35,1,68834709
24,34,2,68834963
27,34,4,68835329
22,34,1,68835460
29,34,10,68835986
25,34,2,68836357
20,36,10,68836890
29,34,4,68837136
27,33,2,68837141
31,34,10,68837371
31,33,9,68837760
24,34,12,68838856
24,34,10,68840098
19,35,10,68841080
26,33,15,68842804
28,33,9,68842809
25,33,15,68842917
27,33,7,68842918
27,33,9,68842922
21,34,15,68843055
18,36,15,68843642
26,33,9,68843899
27,33,1,68844539
19,34,1,68853536
33,34,10,68857093
26,44,6,68858320
19,34,15,68859175
33,33,9,68859322
32,32,1,68859325
20,34,12,68861271
33,33,10,68861850
33,33,2,68861870
22,33,12,68861949
34,35,10,68864468
25,53,6,68872045
17,47,11,68872980
29,31,1,68875439
30,31,7,68875786
35,31,9,68905210
35,33,1,68905211
17,39,8,68906136
19,34,11,68925713
25,33,11,68930754
26,32,11,68935855
37,34,0,69020792
22,33,2,69079918
31,28,9,69250210
39,10,13,69277484
20,34,2,69617542
6,33,10,69679861
42,12,2,69703168
53,4,3,69713267
1,26,1,69715592
16,14,13,69716168
52,5,8,69716392
17,14,15,69717782
52,5,3,69717901
42,9,0,69718645
15,16,6,69718760
44,15,8,69734160
9,14,6,69736805
43,9,0,69739153
4,30,2,69739561
11,10,1,69740188
44,13,3,69740689
55,6,3,69744017
43,11,3,69744774
8,16,1,69745305
44,15,0,69746466
43,9,8,69747079
6,29,9,69747924
55,6,11,69770706
54,8,14,69831221
54,8,6,69834620
41,33,6,70086250
24,30,13,70262123
23,31,5,70267488
23,32,5,70268644
24,31,12,70268794
24,30,15,70270206
22,34,5,70272420
22,33,6,70272668
22,32,6,70272855
22,33,5,70274662
23,30,15,70274846
21,38,6,70275110
40,31,3,70275333
30,26,9,70275374
30,26,1,70275381
24,30,12,70275453
22,32,5,70275832
54,7,11,70275850
54,7,8,70275863
23,29,13,70276435
55,7,11,70276531
21,40,13,70276689
21,40,5,70276697
21,37,6,70276810
21,39,7,70276815
21,36,14,70277079
21,34,15,70277085
26,44,5,70277513
26,28,2,70277646
21,43,14,70277688
22,42,6,70277701
22,32,12,70278332
21,33,6,70278530
21,37,12,70279414
22,31,12,70279755
25,46,13,70280225
21,36,13,70280860
21,35,12,70280886
20,42,14,70280983
21,34,7,70281010
21,41,12,70281015
40,30,3,70281191
20,37,14,70281194
20,39,13,70281291
21,38,5,70281301
20,32,12,70287934
19,32,15,70288100
19,33,15,70288489
20,31,15,70289148
21,30,1,70289357
21,31,12,70289875
21,30,15,70290135
19,44,5,70290438
19,45,7,70290845
17,38,13,70291310
17,38,5,70291311
18,33,5,70292123
22,48,3,70292245
17,40,15,70292641
18,38,7,70292899
25,50,13,70293046
17,36,15,70293543
17,42,15,70293586
23,49,3,70293719
17,41,4,70293762
17,37,12,70293875
17,39,4,70293878
17,37,7,70293943
17,36,14,70294116
21,49,11,70294304
21,49,3,70294308
17,40,5,70294543
18,32,15,70294726
19,33,4,70294759
17,41,12,70294896
16,41,13,70295063
17,34,5,70295144
16,41,15,70295456
22,49,14,70295497
16,40,15,70295644
18,43,6,70295714
16,38,7,70295785
15,40,13,70295790
17,32,15,70296013
16,35,5,70296037
16,37,7,70296047
21,46,0,70296052
16,40,12,70296125
22,51,14,70296196
23,50,6,70296200
38,27,4,70296471
37,26,9,70296676
17,44,6,70296696
15,41,7,70297301
19,47,5,70297400
25,51,13,70297502
16,37,13,70297565
15,36,5,70297572
18,32,7,70297886
16,33,6,70298230
16,33,15,70298232
15,38,12,70298644
15,40,12,70298819
17,46,6,70298959
17,45,4,70299085
16,43,15,70299087
16,45,7,70299092
19,32,4,70299140
15,37,7,70299255
16,35,4,70299297
15,43,4,70299419
19,51,13,70299680
19,51,5,70299684
43,31,3,70300146
16,36,4,70300294
16,43,12,70300419
15,36,7,70300735
15,32,2,70300799
15,35,12,70301395
17,32,7,70301534
18,32,4,70301573
15,33,15,70301618
18,31,7,70302155
14,35,15,70302273
14,37,12,70302334
18,30,12,70302506
15,34,12,70302659
15,36,4,70302661
36,25,9,70302844
14,36,7,70302987
15,35,4,70303104
21,28,7,70303150
13,39,14,70303231
13,40,13,70303436
12,41,6,70303527
13,40,5,70303533
13,36,15,70303891
13,38,7,70303893
13,33,1,70304102
13,37,5,70304292
13,41,4,70304294
13,50,14,70304322
14,36,4,70304365
15,34,4,70304428
14,35,12,70304431
11,42,14,70304441
13,35,15,70304499
16,32,7,70304620
13,49,13,70304769
37,26,4,70304798
14,34,7,70305296
12,40,7,70305300
12,40,4,70305463
13,35,7,70305960
14,51,14,70306202
13,35,12,70306239
12,48,13,70306284
12,49,13,70306550
16,31,7,70306621
12,37,12,70306953
23,56,8,70307061
37,25,9,70307153
37,25,1,70307158
12,37,7,70307262
41,14,10,70307425
11,42,5,70307551
19,55,13,70307611
12,52,5,70307677
11,49,5,70307781
15,37,12,70307813
11,38,12,70307851
45,49,3,70307944
10,47,13,70307947
11,49,4,70307952
12,36,12,70307956
13,54,13,70307958
10,48,7,70308012
12,52,6,70308263
29,30,5,70308285
12,36,13,70308705
10,48,13,70308743
11,53,5,70309158
9,48,5,70309294
13,31,9,70309352
19,58,2,70309430
8,41,11,70309437
10,39,12,70309470
11,39,4,70309589
9,47,13,70309723
9,47,5,70309727
10,37,15,70309859
30,28,5,70310027
55,7,12,70310637
29,31,14,70310911
16,53,5,70311101
42,29,3,70312653
40,28,0,70312663
43,30,0,70312960
12,33,9,70319042
12,33,1,70319046
10,38,1,70320032
17,59,6,70320614
11,51,0,70320676
10,41,10,70320743
46,44,7,70322430
13,42,7,70322933
14,54,10,70323057
14,54,2,70323061
10,39,1,70323120
9,46,0,70323156
39,37,2,70323172
9,46,3,70323334
9,44,8,70323789
46,39,12,70324039
46,38,5,70324045
45,43,7,70324464
21,58,2,70324494
17,33,10,70324505
18,32,2,70324532
46,46,13,70324620
46,45,12,70324627
14,54,11,70324729
11,37,9,70324847
11,37,1,70324851
46,48,6,70325615
10,42,8,70325728
9,42,11,70325814
19,31,1,70325956
18,32,2,70326089
20,57,9,70326174
18,55,9,70326220
17,56,1,70326226
16,48,5,70326791
46,48,5,70326808
45,50,8,70326816
45,50,0,70326817
12,38,6,70326861
21,57,4,70326928
19,31,9,70326982
11,44,9,70327094
10,42,3,70327098
46,49,13,70327474
10,43,8,70327645
13,49,2,70327710
21,57,10,70327802
21,57,12,70327894
44,34,7,70327994
45,39,4,70328343
44,34,4,70328603
10,38,2,70328787
22,58,2,70328891
38,36,10,70328984
18,47,9,70329012
20,54,1,70329244
45,39,5,70329451
18,44,15,70329593
17,52,10,70329761
42,30,13,70329863
21,43,10,70329898
14,48,9,70330026
43,34,7,70330096
21,30,14,70330122
13,44,7,70330138
44,35,13,70330251
44,35,5,70330253
44,40,6,70330359
18,53,1,70330463
20,42,10,70330550
44,40,15,70330582
44,40,12,70330585
43,41,13,70330590
24,37,10,70330611
17,49,8,70331023
43,34,15,70331302
12,35,8,70331316
12,50,9,70331621
14,36,5,70331777
24,36,1,70331868
19,26,5,70332087
22,56,12,70332098
13,35,3,70332185
43,34,12,70332203
41,35,8,70332271
23,42,14,70332272
23,42,6,70332278
43,33,4,70332283
21,53,9,70332489
22,54,1,70332493
42,40,7,70332529
16,51,10,70332619
22,29,6,70332752
14,44,7,70332806
20,54,2,70333079
21,53,2,70333148
22,52,1,70333153
18,45,6,70333370
22,45,11,70333475
13,33,11,70333508
22,29,1,70334057
22,53,9,70334234
23,36,10,70334287
41,39,15,70334334
13,37,14,70334340
20,45,0,70334379
42,32,6,70334396
23,41,9,70334410
23,47,12,70334472
39,37,11,70334491
26,42,4,70334623
22,41,15,70334644
22,35,1,70334725
22,53,10,70334813
23,52,3,70334992
23,43,10,70335044
14,33,8,70335048
16,35,11,70335060
25,35,12,70335061
16,35,8,70335131
25,34,10,70335182
41,30,15,70335391
45,11,8,70335874
45,11,0,70335882
24,42,4,70335891
23,35,2,70336215
24,34,2,70336226
23,40,15,70336272
18,41,15,70336292
37,38,12,70336307
16,35,1,70336606
24,35,12,70336852
22,35,2,70336857
19,27,5,70337656
23,36,4,70337686
40,32,5,70337803
40,31,6,70337816
15,40,15,70337840
17,34,8,70337881
29,29,12,70338151
28,28,1,70338155
16,32,9,70338166
27,29,9,70338398
16,34,2,70338516
29,28,12,70338579
17,28,11,70338590
15,37,0,70338925
34,25,3,70339232
44,12,3,70339415
39,33,6,70339430
39,33,15,70339434
39,32,6,70339489
40,31,5,70339496
14,37,10,70339877
14,37,2,70339878
25,33,15,70340079
25,36,11,70340145
23,35,12,70340196
39,40,5,70340232
28,30,12,70340611
16,31,8,70340665
36,26,3,70340927
19,34,8,70340981
16,38,0,70341170
21,39,15,70341418
21,38,10,70341427
37,27,13,70341880
16,35,0,70342052
26,30,1,70342185
22,37,9,70342342
17,30,8,70342455
19,28,8,70342458
27,34,10,70342769
27,36,10,70343610
18,30,8,70350351
19,28,11,70351376
24,30,9,70355307
25,29,1,70355308
18,30,11,70355761
19,30,8,70356029
23,31,2,70356269
20,29,8,70356842
19,31,1,70356946
20,37,12,70357012
20,28,11,70357882
18,36,10,70358677
23,27,8,70361194
19,31,8,70361382
20,29,11,70361530
32,36,3,70362150
20,30,8,70362237
22,28,8,70362276
32,31,1,70363028
30,37,13,70366397
21,30,0,70368295
23,28,8,70369436
23,27,11,70369512
21,28,3,70370366
22,31,5,70372605
23,30,10,70373444
23,30,2,70373446
25,31,10,70373612
20,28,14,70494921
55,7,1,70655532
57,8,5,70862434
26,31,13,71374264
26,31,5,71374349
24,33,0,71431644
26,35,14,71447664
17,31,2,71454162
25,36,6,71465388
18,39,6,71467698
25,37,5,71485077
16,41,5,71488739
23,36,13,71490812
19,36,6,71491925
19,36,5,71493937
16,39,6,71494217
14,33,10,71495911
21,36,3,71498900
15,39,14,71499676
15,39,6,71499677
14,41,6,71506953
22,39,0,71515322
13,42,6,71518291
17,38,6,71521956
20,38,0,71522012
13,43,6,71522501
22,40,14,71523247
21,39,14,71524587
16,45,5,71525568
14,45,13,71526104
13,45,13,71526856
14,44,5,71526871
12,44,14,71527415
12,43,14,71528421
12,43,6,71528423
18,37,5,71529656
20,39,3,71530168
21,40,0,71530202
41,12,10,71531500
41,12,2,71531505
12,46,5,71531684
12,46,13,71537733
19,39,13,71543995
21,41,13,71544007
21,43,14,71549425
20,42,6,71549426
10,46,13,71550548
11,46,12,71551585
11,44,5,71552259
15,40,5,71553243
20,43,14,71555331
20,43,6,71555344
14,49,7,71555367
10,45,6,71556434
10,45,15,71558657
17,41,0,71559309
19,43,6,71560019
54,28,5,71560362
10,47,12,71560983
10,47,13,71561495
43,15,5,71561663
42,16,9,71561665
17,41,8,71562763
8,51,3,71576227
9,52,3,71581286
15,43,3,71581564
12,43,5,71581757
10,51,5,71582080
52,13,14,71585253
13,53,6,71585298
18,45,6,71587031
14,43,13,71587533
13,43,8,71588822
10,44,5,71590072
5,54,14,71590490
13,43,11,71590700
16,44,11,71590796
14,44,8,71591293
10,44,6,71592336
12,44,13,71593073
15,46,14,71593122
14,43,5,71593280
16,36,14,71594443
17,35,6,71594446
15,49,6,71610133
20,36,6,71610674
10,48,14,71616607
10,48,6,71616608
9,47,13,71618971
11,47,5,71618973
14,50,6,71619920
11,49,14,71620329
12,47,11,71620343
13,49,13,71620524
9,48,14,71622638
7,48,6,71623073
14,50,13,71624067
12,48,8,71624490
7,48,5,71624569
5,49,5,71625993
9,50,14,71630936
8,51,14,71634808
12,52,13,71639742
4,50,13,71640249
5,51,13,71641696
7,52,6,71641771
12,54,14,71642256
11,53,6,71642266
4,51,5,71643432
9,52,0,71644523
8,51,5,71645392
2,53,14,71645626
5,51,14,71645828
8,51,11,71647470
3,52,5,71648979
5,51,11,71649372
9,52,8,71649432
4,52,6,71650387
3,53,8,71651171
5,52,6,71651198
41,21,10,71653060
7,52,13,71653786
4,52,5,71653900
2,54,6,71654588
5,52,5,71654895
8,53,8,71655066
6,52,5,71655691
51,14,14,71655930
2,54,8,71656265
6,55,11,71669513
2,56,8,71669774
8,57,13,71670308
3,55,3,71671079
5,56,3,71673028
3,56,6,71673431
6,57,0,71674302
6,56,11,71674723
4,56,13,71675227
2,57,13,71677839
28,38,9,71679128
5,58,3,71679193
5,57,11,71679727
4,57,11,71681021
2,57,5,71681352
4,58,8,71681963
4,58,5,71682295
7,60,13,71682297
8,59,5,71682302
4,58,11,71684882
4,59,8,71687281
2,61,5,71698855
51,16,6,73369283
42,21,9,73372729
6,36,9,73620882
42,17,2,73655318
43,15,11,73716982
41,10,2,73803332
52,30,9,73803683
21,62,1,73806435
19,61,10,73819152
20,59,11,73823609
21,58,10,73830822
22,58,12,73834524
20,58,10,73835515
22,58,9,73837829
21,57,1,73837832
22,57,15,73838003
20,59,12,73838359
21,57,2,73838549
18,60,15,73838803
18,61,12,73839110
20,58,15,73839295
17,61,15,73840269
22,57,12,73843491
22,56,2,73844032
19,58,15,73849540
21,57,12,73852380
20,57,15,73852382
20,56,9,73853111
17,60,15,73853331
23,55,12,73855496
19,57,15,73856912
18,59,12,73857342
20,57,12,73857763
18,57,1,73859195
16,61,15,73860385
18,57,2,73861109
23,53,10,73862626
23,53,2,73862656
22,54,15,73863571
20,56,12,73867210
18,57,15,73867989
20,55,15,73868005
21,54,15,73868260
22,54,12,73869257
18,58,12,73870942
25,51,5,73872060
24,52,15,73872066
24,53,10,73872708
22,53,2,73872710
17,58,15,73873770
16,61,12,73874090
23,52,1,73874468
20,54,15,73881913
22,53,12,73883526
22,52,15,73885303
24,51,15,73886992
20,54,12,73889376
17,58,12,73889438
19,55,12,73889510
19,54,15,73889515
21,53,12,73890826
23,51,15,73891073
21,52,15,73893163
22,52,12,73894560
18,56,12,73894765
24,51,12,73895035
25,49,9,73895039
17,56,15,73897567
17,57,12,73900750
20,52,15,73901321
21,52,12,73902049
19,54,12,73903053
18,54,15,73903374
18,55,12,73903492
23,50,15,73903659
24,50,12,73905755
18,53,15,73917843
20,51,15,73918757
24,49,12,73919802
22,49,10,73919808
17,55,12,73921468
20,52,12,73923205
22,50,12,73923219
23,48,2,73923993
13,60,6,73925019
15,57,15,73926527
20,50,15,73927291
23,49,12,73928420
15,55,6,73929062
21,49,15,73929924
24,47,10,73932129
22,49,12,73932487
16,55,10,73935507
15,54,2,73935553
16,55,12,73936426
18,51,15,73936854
21,48,2,73945599
22,48,12,73948169
18,51,12,73951494
18,50,15,73951499
22,46,13,73951983
22,46,5,73951998
12,60,14,73953339
20,48,15,73954029
21,47,15,73959402
15,50,14,73978946
15,50,6,73978974
22,45,1,73981742
13,53,6,73982674
22,45,2,73984315
24,43,9,73986457
12,54,14,73988529
23,44,2,73990094
24,44,2,73990932
11,57,14,73991069
12,54,13,73992688
12,54,5,73992689
24,43,1,73994630
23,44,12,73997138
12,54,6,73999041
25,42,10,73999663
11,57,13,73999764
11,57,5,73999789
29,41,9,74006995
22,42,10,74008334
22,42,2,74008368
24,42,12,74012926
28,40,9,74014205
23,42,12,74016682
29,40,1,74016860
25,41,15,74016895
11,52,14,74017738
11,54,5,74018341
22,42,12,74019487
15,47,12,74020053
21,41,10,74020693
25,41,12,74020908
22,41,15,74021390
24,41,12,74022367
23,41,7,74023442
26,40,7,74023476
11,53,5,74023604
13,47,13,74023831
14,46,5,74023865
25,40,15,74024696
24,40,1,74024722
28,40,1,74026402
25,40,7,74026613
24,39,1,74026617
21,40,9,74026690
24,41,4,74027105
30,39,1,74027812
27,40,12,74028175
25,40,2,74028227
27,40,4,74028794
26,40,12,74028851
22,40,1,74029401
25,40,10,74029506
25,40,4,74030070
24,40,2,74030404
26,40,4,74030830
21,40,15,74030957
26,38,10,74038172
26,38,2,74038175
20,39,2,74041090
13,46,13,74042026
13,46,6,74044474
23,37,14,74045714
22,39,12,74046520
31,37,9,74048869
30,38,1,74048871
26,37,7,74051534
24,37,9,74052689
25,37,15,74053177
18,39,6,74053681
24,37,2,74056018
20,38,15,74057139
28,37,12,74057400
23,36,1,74057439
25,37,7,74057681
19,39,12,74058767
26,36,9,74059754
21,38,9,74060520
11,58,3,74061102
11,59,10,74062138
26,37,4,74062624
22,37,2,74062666
25,35,9,74062873
31,38,2,74063125
22,36,12,74078147
19,37,15,74078295
20,36,15,74085506
25,35,12,74085597
25,34,1,74088122
27,34,7,74088825
27,34,1,74089647
18,37,2,74089752
22,35,1,74089981
24,34,1,74090585
21,36,12,74091020
25,34,9,74092187
21,60,2,74093452
36,36,3,74094671
27,32,6,74099769
40,37,9,74119589
22,34,12,74119939
20,51,1,74120111
14,44,2,74122007
24,33,12,74123252
38,33,7,74135186
40,36,2,74135928
19,37,8,74144546
20,36,1,74154201
20,36,2,74154218
19,42,1,74173000
21,36,8,74174072
21,35,11,74176687
22,35,8,74179981
24,33,8,74180050
23,33,11,74183197
30,35,5,74183889
31,30,2,74204606
25,53,6,74217856
39,30,9,74245377
51,4,2,74276959
24,33,13,74306701
25,32,5,74306705
22,38,5,74335531
22,37,13,74335655
24,32,15,74363565
24,33,12,74374298
23,32,6,74374709
42,6,1,74430945
53,5,13,74496684
26,30,14,74530706
27,29,5,74531350
25,30,6,74545901
54,6,13,74675488
41,6,6,74739583
43,27,9,74744675
43,27,10,74773585
42,26,2,74773599
43,26,9,74779633
42,25,1,74779636
45,27,10,74802517
45,26,9,74804051
41,25,10,74806488
42,24,9,74807081
41,24,2,74811193
26,29,12,74811295
25,29,15,74811683
49,40,10,74903777
43,28,0,75092079
43,11,10,75148275
28,28,13,75148767
52,6,11,75156538
54,6,8,75156547
27,28,6,75165065
49,34,1,75168422
25,29,2,75168858
44,26,9,75169031
26,28,1,75169152
23,42,13,75169383
26,28,5,75170106
27,27,2,75170844
25,29,15,75172212
25,30,12,75172331
31,25,1,75172497
24,30,5,75172717
32,25,2,75173114
25,40,14,75173335
49,36,10,75173342
22,41,13,75173703
22,37,15,75173708
44,26,4,75173979
41,25,4,75174064
22,36,6,75174309
23,42,12,75174328
22,39,15,75174501
22,41,7,75174506
22,36,15,75174616
43,26,10,75174930
43,25,7,75175231
34,24,15,75175236
48,48,8,75175405
37,24,7,75175416
23,31,6,75175518
34,24,7,75175804
26,28,15,75175805
24,31,12,75175917
22,40,13,75176120
22,33,15,75176222
29,26,12,75176240
22,39,13,75176373
47,49,11,75176866
22,36,12,75176898
22,42,4,75177047
22,37,12,75177303
22,39,4,75177305
22,41,12,75177328
46,26,7,75177346
50,43,11,75177418
23,30,15,75177539
21,31,10,75177544
23,47,14,75177559
23,47,6,75177560
35,24,12,75177652
23,32,12,75177771
42,24,7,75177778
48,50,2,75177797
46,26,4,75177865
25,28,15,75177900
22,34,12,75177943
23,32,13,75178078
23,31,12,75178080
36,24,4,75178085
26,37,13,75178121
31,24,15,75178139
50,32,3,75178150
48,48,11,75178182
46,27,10,75178219
22,34,7,75178264
49,31,11,75178366
43,26,2,75178553
21,37,15,75178561
21,39,7,75178564
21,35,14,75178675
22,43,15,75178735
30,25,12,75178752
35,24,4,75178764
21,38,14,75178805
21,42,14,75178832
21,40,15,75178834
21,39,15,75179017
21,39,6,75179024
43,25,15,75179050
24,30,13,75179244
21,43,14,75179265
47,28,1,75179432
21,35,15,75179493
21,39,14,75179542
21,38,15,75179544
21,40,7,75179550
47,26,9,75179681
26,27,15,75180158
21,41,13,75180275
22,42,5,75180292
21,37,14,75180296
21,35,6,75180299
21,38,7,75180301
49,48,0,75180323
46,25,9,75180484
42,24,15,75180622
21,44,4,75180643
21,40,4,75180759
20,41,14,75180886
21,40,13,75180888
21,38,5,75180891
21,40,12,75180892
21,42,6,75180903
22,32,7,75181065
21,43,13,75181114
20,37,6,75181130
21,38,13,75181133
44,25,10,75181151
41,23,7,75181225
21,36,12,75181447
21,38,4,75181448
21,37,13,75181564
21,37,12,75181567
33,22,9,75181574
21,37,5,75181683
21,41,4,75181686
36,23,9,75181739
20,39,15,75181850
20,41,7,75181855
19,40,6,75181860
20,40,14,75181899
20,38,6,75181901
22,31,5,75182125
22,34,4,75182131
21,34,7,75182155
22,31,14,75182410
32,23,15,75182465
21,34,12,75182508
25,27,10,75182556
21,35,4,75182639
37,23,2,75182645
21,45,4,75182660
20,37,15,75182681
20,39,7,75182688
19,38,6,75182714
20,38,15,75182716
30,24,12,75182736
31,24,12,75182789
20,38,14,75182803
20,36,6,75182808
21,48,6,75182869
38,22,1,75183179
20,42,6,75183185
20,42,14,75183214
20,40,15,75183216
20,41,15,75183398
20,38,7,75183570
50,47,8,75183603
21,36,13,75183614
20,35,6,75183787
21,46,13,75184039
24,52,14,75184187
23,51,6,75184197
20,37,7,75184201
36,23,12,75184215
20,37,5,75184224
20,41,4,75184227
20,40,5,75184233
20,47,14,75184251
36,23,4,75184293
20,38,13,75184392
20,36,5,75184395
20,40,4,75184397
20,41,5,75184542
20,42,12,75184543
22,48,11,75184566
26,25,13,75184576
20,39,5,75184672
20,41,12,75184673
19,43,14,75184710
21,31,12,75184785
23,29,12,75184787
20,49,14,75184793
42,23,15,75184923
44,23,7,75184928
20,45,5,75184982
20,44,15,75185049
52,51,8,75185165
20,43,5,75185205
19,46,5,75185264
20,35,5,75185496
41,22,7,75185566
19,41,15,75185582
19,43,7,75185584
48,54,14,75185704
49,55,6,75185707
18,41,6,75185739
32,23,12,75185894
31,23,2,75185899
32,22,1,75185902
40,22,10,75186004
19,41,14,75186050
19,40,15,75186052
19,39,14,75186062
19,37,6,75186063
19,39,7,75186066
19,38,15,75186086
18,37,6,75186105
21,50,14,75186114
19,39,15,75186136
20,36,12,75186248
20,34,7,75186448
21,34,4,75186451
49,54,0,75186528
18,39,6,75186531
20,47,13,75186544
30,23,15,75186563
19,45,14,75186569
19,43,6,75186571
19,43,12,75186706
54,6,10,75187503
53,5,2,75187511
57,41,2,75187620
44,23,4,75187661
53,50,3,75187721
57,45,6,75196098
56,47,1,75196581
19,41,11,75196651
19,39,3,75196656
19,40,11,75196668
19,36,1,75196795
55,49,6,75197066
54,51,12,75197092
19,38,11,75197366
23,28,14,75197419
24,27,6,75197420
52,53,12,75197520
53,51,6,75197548
52,52,5,75197553
19,39,2,75197701
58,40,14,75198389
53,51,15,75198460
53,28,8,75198742
20,44,8,75198926
20,42,3,75198938
21,43,0,75199130
49,55,12,75199362
50,53,15,75199656
21,43,3,75199709
20,44,3,75200070
24,51,9,75200260
57,41,14,75200422
51,52,15,75200435
53,50,15,75200438
52,52,12,75200440
55,49,14,75200691
49,54,12,75200809
20,39,8,75200889
21,38,3,75200891
55,45,5,75201334
20,36,8,75201356
54,38,8,75201493
56,33,13,75201510
49,47,6,75201541
20,39,3,75201668
54,49,13,75201942
54,49,12,75201945
23,47,2,75201963
46,47,8,75201984
54,49,4,75202184
52,43,0,75202207
50,50,5,75202419
49,54,4,75202498
48,54,7,75202506
55,41,6,75202591
56,34,14,75202618
53,50,4,75202636
49,48,11,75202697
48,49,10,75202702
52,49,7,75202816
20,40,10,75202871
20,40,11,75202873
48,41,5,75203062
22,37,4,75203314
20,36,11,75203316
21,35,0,75203430
51,49,5,75203449
23,45,8,75203511
56,34,13,75203680
56,37,13,75203704
57,36,5,75203708
55,32,13,75203745
21,41,10,75203799
55,4,9,75203830
20,32,11,75203867
54,38,0,75203977
20,34,11,75204003
47,46,1,75204024
21,32,8,75204196
24,46,11,75204382
55,34,13,75204509
49,33,2,75204577
52,45,14,75204596
53,46,1,75204598
22,39,3,75204777
21,32,11,75204879
54,43,9,75205063
48,54,4,75205310
47,54,7,75205318
51,41,12,75205860
52,40,9,75205866
21,35,8,75206048
55,33,14,75206263
26,41,1,75206305
46,49,15,75206357
48,47,15,75206362
55,33,4,75206415
24,42,15,75206472
55,33,13,75206523
54,32,13,75206525
21,33,8,75206555
54,31,14,75206633
52,29,8,75206795
21,33,3,75206910
50,46,13,75206973
50,44,5,75206975
48,46,14,75206983
54,35,14,75207112
46,52,13,75207186
21,34,1,75207234
21,34,2,75207485
49,44,12,75207492
24,46,2,75207592
22,36,8,75207741
23,41,2,75207836
47,35,1,75208267
44,6,9,75208546
44,6,1,75208547
41,39,13,75208767
47,42,14,75208903
44,45,10,75209238
49,40,6,75209327
53,34,14,75209535
48,40,13,75209629
47,40,8,75209635
44,43,9,75209987
44,43,1,75209988
51,34,3,75210110
22,34,11,75210318
45,7,8,75210563
26,41,11,75210653
46,41,13,75211502
50,40,10,75211525
51,39,9,75211540
44,39,13,75211626
43,40,5,75211627
47,39,10,75211901
57,4,2,75211916
52,31,15,75212031
43,41,5,75212063
44,37,10,75212218
44,50,7,75212293
50,37,15,75212489
30,38,6,75212980
51,33,11,75212985
51,39,0,75213429
45,10,8,75213453
31,34,3,75213666
31,34,0,75213672
50,33,11,75213680
29,34,2,75214119
40,39,12,75214202
51,36,13,75214272
47,35,10,75214706
49,32,15,75214722
44,36,1,75214851
41,38,12,75215021
28,39,14,75215088
46,37,9,75215354
23,31,2,75215401
51,32,12,75215434
42,37,12,75215602
36,25,9,75215849
36,25,1,75215851
35,35,1,75215913
26,26,2,75216095
37,35,9,75216211
40,38,4,75216276
39,37,10,75217182
29,37,3,75217192
29,38,0,75217371
29,38,3,75217373
24,30,2,75217605
44,8,3,75217713
45,7,10,75217856
44,6,2,75217869
19,10,1,75217926
49,39,10,75218426
38,21,10,75218497
45,34,13,75218516
26,27,9,75218570
25,26,9,75218581
36,34,1,75218716
47,31,10,75218748
49,31,9,75218752
36,36,9,75218776
35,34,0,75218800
31,34,8,75218817
29,24,8,75228088
27,28,8,75230481
29,24,11,75231604
45,8,10,75231829
40,34,7,75235594
44,31,15,75236508
40,34,4,75236824
27,27,11,75236835
39,33,7,75239073
47,26,5,75239670
28,26,11,75239808
28,28,2,75239812
30,24,11,75240085
44,31,12,75240330
45,28,14,75240707
46,29,7,75240721
30,25,8,75242216
18,10,9,75242433
19,10,1,75242578
45,9,11,75244284
46,9,2,75244292
18,10,7,75244400
29,27,1,75244579
29,27,2,75245066
46,29,4,75245408
19,10,3,75245637
18,11,11,75246191
45,28,7,75246355
46,7,11,75246710
33,22,11,75247020
28,29,0,75247031
28,29,11,75247619
39,22,8,75248210
29,26,0,75248254
46,10,8,75248358
38,22,11,75248492
30,26,8,75249000
32,24,8,75249590
58,6,9,75269094
56,6,1,75269096
32,24,11,75272583
38,30,14,76091733
58,8,6,76195850
40,33,8,76273570
39,34,1,76281563
39,36,11,76307302
2,27,6,76309335
40,32,8,76311000
41,38,8,76326326
37,38,11,76331860
40,39,8,76335589
38,34,11,76339904
42,41,6,76340159
38,34,3,76341044
40,34,5,76343400
40,36,13,76354354
41,35,5,76354368
39,37,6,76360626
15,38,6,76363423
59,17,1,76363910
39,37,11,76364399
21,33,8,76369628
41,38,0,76371275
38,40,8,76371516
38,40,0,76371526
56,35,14,76373933
40,34,13,76374220
39,34,1,76374271
44,45,1,76388221
47,20,0,76391847
41,39,3,76392872
51,36,6,76395399
40,41,0,76395876
42,40,0,76396140
45,44,1,76398623
39,40,3,76399969
42,40,11,76401227
41,40,3,76401573
44,42,0,76401813
27,35,6,76404300
55,37,8,76404576
36,35,9,76404830
42,40,8,76404928
43,42,0,76404963
23,35,14,76405805
24,35,14,76406079
42,42,8,76406766
42,42,0,76406770
41,42,3,76419088
43,44,0,76422685
44,45,0,76436194
52,38,6,76436697
51,39,2,76436707
21,37,8,76437309
44,45,3,76437748
20,38,2,76452947
45,48,0,76458507
46,53,3,76461838
45,49,14,76463192
47,53,0,76464634
46,19,0,76464785
46,50,0,76467090
10,41,9,76467810
4,34,14,76489521
47,19,13,76495851
21,40,8,76498424
41,22,3,76498905
47,54,3,76499845
25,41,14,76508988
48,57,3,76522348
19,42,14,76531098
20,41,6,76531101
46,23,2,76531229
14,41,5,76554984
57,46,14,76648038
62,54,9,77249381
19,19,2,77312985
43,21,14,78218614
42,20,6,78218630
41,20,9,78271968
16,41,15,78372455
30,39,5,78431820
32,39,2,78562107
11,62,10,78885843
13,62,1,78886496
14,62,9,78886524
12,62,10,78887481
13,61,9,78887500
10,61,10,78889898
11,61,10,78890644
13,61,1,78890983
12,61,2,78892170
11,61,2,78892347
13,61,2,78893184
14,60,1,78893203
16,62,2,78894056
14,61,7,78894991
14,61,10,78895078
14,61,2,78895082
13,61,7,78895706
12,60,9,78895716
14,61,9,78896093
12,61,1,78896111
13,61,15,78896287
14,60,9,78896302
17,61,2,78896987
12,60,2,78897691
12,61,12,78897706
12,61,10,78897710
13,60,9,78897719
13,61,4,78897917
15,61,15,78898161
13,60,10,78899294
13,60,1,78899303
12,61,4,78899316
10,60,10,78899321
14,60,7,78900246
11,59,1,78900737
13,60,7,78900961
11,60,1,78900964
12,60,7,78900991
16,61,1,78901003
17,61,4,78901312
14,59,9,78901350
10,61,4,78901472
13,59,9,78901651
15,59,1,78902015
15,60,15,78903157
8,60,2,78903818
14,60,12,78903880
15,60,10,78903884
15,58,1,78903903
15,60,4,78903923
11,60,12,78904396
13,60,4,78904398
10,60,2,78904401
14,60,4,78904419
15,60,1,78904763
15,60,12,78904859
14,60,2,78904904
20,61,8,78905327
12,60,4,78905382
16,61,2,78905694
13,59,15,78905929
16,60,12,78906275
16,59,1,78906290
9,59,2,78906469
13,58,9,78906650
13,58,1,78906655
12,58,1,78906867
20,59,10,78917737
19,58,2,78917797
12,56,9,78920114
19,57,7,78920754
6,59,5,78921163
12,57,2,78921500
19,57,4,78922146
19,58,12,78922433
20,57,9,78923634
7,59,12,78923973
16,56,9,78924290
14,56,1,78924292
12,57,10,78924918
10,57,2,78924919
16,56,15,78925050
15,56,7,78925137
18,57,12,78925149
14,56,9,78925231
19,57,10,78926096
12,56,15,78926608
19,56,7,78926790
20,57,15,78927532
16,56,10,78927550
45,32,10,78927924
18,56,10,78928132
18,56,4,78928502
14,56,10,78929053
13,56,9,78929307
11,56,1,78929308
20,57,12,78929380
20,56,4,78929567
18,56,2,78929894
15,56,4,78929950
21,56,7,78930015
8,58,12,78930182
19,56,10,78930925
18,55,10,78930956
18,55,9,78930976
18,55,7,78931156
17,55,7,78931321
16,54,1,78931323
12,56,10,78932098
19,55,7,78932129
21,56,4,78932201
21,56,10,78932515
19,55,10,78932807
17,55,2,78932826
13,56,4,78933637
17,54,10,78934241
18,55,1,78934486
20,55,10,78934508
20,55,2,78934544
19,55,4,78934823
5,59,15,78935194
14,55,7,78935591
19,55,15,78935893
9,58,4,78936595
20,56,2,78936601
11,55,1,78936968
20,55,15,78937126
19,55,1,78937136
18,55,2,78937502
13,55,7,78937847
13,55,10,78937883
11,54,10,78946522
11,54,15,78948521
17,51,1,78949104
14,53,12,78954539
24,53,2,78954766
3,61,10,78960379
3,61,2,78960399
10,53,10,78961544
13,52,2,78962716
49,9,2,78965185
14,51,1,78965702
5,59,1,78967723
14,50,9,78969149
13,51,1,78969150
14,49,9,78980172
18,47,9,78983573
15,48,1,78984583
19,47,10,78986106
13,51,12,78987103
14,49,2,78987498
7,59,11,78987739
24,47,2,78988102
19,47,15,78989998
24,47,4,78992129
11,51,2,78992774
14,48,9,78993405
14,48,1,78993417
16,47,10,78993529
18,48,4,78995299
8,58,2,78995394
39,9,2,78995629
14,48,2,78996318
8,56,11,78996799
18,46,10,78998059
17,46,9,78998126
16,47,1,78998149
18,47,12,78998690
21,62,1,78998947
17,46,2,78999380
23,45,2,78999584
18,46,15,78999628
18,46,2,78999635
16,46,15,79009239
14,47,2,79009291
15,46,10,79010977
15,46,2,79010981
17,45,1,79011538
17,45,15,79012860
16,45,9,79013667
22,59,1,79015203
16,45,2,79015279
18,45,12,79015793
15,47,12,79016613
23,58,9,79017889
15,46,15,79018150
22,58,10,79018617
12,57,9,79019088
19,44,12,79020083
17,59,10,79021531
23,57,2,79021602
23,57,1,79021610
21,60,1,79022657
24,56,1,79025483
17,59,11,79026609
22,59,10,79026738
23,58,2,79026746
20,59,9,79027342
19,58,8,79028083
23,56,1,79030318
24,53,9,79041869
24,53,1,79041870
25,50,9,79057899
21,39,12,79060433
14,49,1,79061156
22,37,12,79072818
19,38,15,79073309
19,37,15,79086378
20,37,12,79086826
24,47,3,79090465
25,51,14,79090674
16,44,0,79092655
17,45,10,79094072
34,35,9,79113078
33,34,1,79113083
22,33,15,79124407
34,34,9,79137913
37,27,13,79139997
36,34,9,79148868
36,34,1,79148882
28,42,9,79153454
37,33,1,79175126
33,36,7,79184734
38,34,9,79185928
22,32,12,79307920
22,31,15,79311202
20,32,15,79331577
20,44,13,79337003
18,37,14,79341481
17,36,6,79341483
27,27,6,79415667
32,27,1,79438194
19,31,5,79458203
19,32,13,79615299
20,31,5,79615309
42,10,1,79715428
19,32,14,79834392
19,29,9,79936325
20,28,1,79936327
17,32,11,79955145
19,32,13,79962238
17,35,1,79964381
18,34,8,79967378
20,29,11,79983028
35,27,3,79999772
53,6,13,80120949
21,30,1,80180710
50,6,6,80185309
19,32,14,80186305
50,5,2,80186857
18,32,14,80195318
19,31,6,80195342
19,31,5,80198009
17,33,6,80198645
20,30,12,80199217
17,34,6,80200753
18,32,5,80201602
27,30,2,80202772
24,48,11,80203030
24,48,3,80203036
16,39,4,80204742
18,41,4,80205975
17,32,12,80206871
21,46,7,80207124
20,47,3,80207548
21,48,0,80207765
28,27,13,80208507
17,31,12,80208561
23,43,13,80208576
23,43,5,80208583
27,29,5,80209346
17,46,13,80209635
52,5,9,80210791
27,25,1,80210800
17,32,4,80210901
28,25,1,80211399
16,45,13,80211467
21,49,6,80211780
34,26,4,80212053
30,25,4,80214041
29,25,10,80214042
27,25,2,80214045
14,34,12,80214069
28,25,2,80214253
30,25,12,80214339
32,25,4,80214343
30,38,11,80214388
29,39,3,80214389
33,25,7,80214769
17,49,14,80214789
29,25,12,80214915
31,25,4,80214918
18,49,3,80215391
24,51,9,80215783
16,48,6,80216025
16,30,7,80216113
13,35,12,80216133
33,25,4,80216856
21,53,14,80216914
30,39,13,80217019
30,39,5,80217024
15,46,5,80217083
30,24,7,80217239
16,50,14,80217291
14,31,14,80217578
13,30,9,80217583
13,30,1,80217584
29,24,15,80217588
31,24,9,80217778
15,49,13,80218113
22,54,14,80218369
32,25,12,80218577
12,29,5,80222293
11,30,5,80222496
20,57,6,80222850
9,48,13,80223359
12,28,1,80224195
22,57,13,80224776
11,53,3,80225856
3,41,14,80225968
17,56,3,80226711
14,54,3,80227087
7,53,13,80227165
7,53,5,80227166
5,50,5,80227507
6,52,15,80227763
53,4,11,80228455
53,4,3,80228463
37,26,7,80228615
40,27,12,80228958
21,58,11,80228979
20,59,6,80228985
42,32,13,80229255
41,31,5,80229260
51,5,11,80229625
39,28,15,80231488
41,34,8,80231496
34,23,13,80232360
38,28,7,80232374
39,28,12,80232633
39,28,4,80232635
54,5,10,80232863
40,30,5,80232897
38,27,15,80233246
40,34,1,80233575
6,30,13,80233578
6,30,5,80233580
2,37,10,80233607
52,5,9,80233793
53,4,1,80233798
1,39,11,80233866
53,4,8,80233898
53,4,0,80233899
52,5,2,80233905
4,33,2,80233933
1,44,2,80233966
42,10,2,80233974
37,27,10,80233990
17,56,11,80234023
15,56,3,80234025
40,35,8,80234461
42,32,0,80234734
10,26,6,80234955
1,47,14,80235048
41,30,15,80235209
9,27,6,80235244
10,26,5,80235247
9,27,5,80235333
16,14,2,80235621
41,31,3,80235689
53,4,9,80236245
53,6,9,80236709
53,6,8,80236734
53,6,0,80236736
3,37,3,80236786
53,5,8,80237176
2,49,10,80237565
43,10,11,80237579
3,39,3,80237636
41,34,8,80237850
41,34,0,80237859
39,35,2,80238764
5,53,15,80238904
2,47,3,80239116
3,46,5,80239202
43,7,9,80239264
6,52,13,80239305
5,53,9,80239313
39,36,8,80239555
41,11,10,80239748
42,12,2,80239751
43,14,11,80240040
42,8,0,80240192
36,25,15,80240302
36,25,7,80240306
42,8,11,80240416
42,7,9,80240641
3,38,8,80240678
4,38,8,80240725
3,47,0,80240798
43,8,10,80240888
37,26,13,80240906
3,41,0,80240921
3,48,3,80240927
4,49,0,80240931
3,43,10,80240962
53,6,10,80240973
5,32,2,80240994
3,49,11,80240997
4,48,3,80240999
43,8,0,80241008
42,7,3,80241012
3,39,11,80241046
2,20,2,80241067
27,22,10,80241089
27,22,2,80241091
13,24,13,80241096
34,24,10,80241159
5,51,5,80241211
5,32,1,80241219
3,40,7,80241290
3,41,2,80241293
28,21,2,80241305
4,36,8,80241452
55,4,2,80241570
4,36,11,80241607
3,41,8,80241669
3,47,8,80241712
53,5,3,80241731
5,51,0,80241787
8,29,8,80241848
43,11,11,80241903
44,12,3,80241906
43,11,0,80241911
43,10,9,80241943
42,12,3,80242012
42,7,2,80242140
4,40,8,80242324
4,38,0,80242327
4,42,0,80242429
6,52,7,80242535
42,32,11,80242558
3,44,8,80242564
3,42,0,80242566
44,35,8,80242663
5,34,11,80242790
5,34,3,80242792
5,37,8,80242854
4,36,0,80242856
43,7,11,80242886
43,8,1,80242891
3,44,3,80242964
54,5,9,80243352
6,53,14,80243492
7,54,6,80243494
8,53,15,80243496
4,52,5,80243600
9,28,6,80244631
43,6,13,80244639
15,23,14,80244765
52,6,2,80244915
10,55,9,80245120
10,55,1,80245123
7,31,1,80245126
6,31,2,80245384
6,31,1,80245390
40,27,13,80245523
5,35,14,80245556
5,35,6,80245558
23,26,8,80245733
5,34,14,80245736
5,34,6,80245737
6,33,13,80245740
5,34,5,80245741
4,35,10,80245750
11,26,6,80245758
12,25,5,80245761
11,25,6,80245767
4,39,10,80245769
4,39,2,80245770
38,26,13,80245778
37,25,5,80245780
35,25,10,80245783
4,37,11,80245794
5,36,3,80245796
11,25,13,80245807
31,22,15,80245817
31,22,7,80245821
10,26,14,80245872
39,28,3,80245898
14,58,11,80245972
14,58,3,80245973
8,29,1,80245978
52,3,14,80246030
37,26,4,80246037
36,25,4,80246292
38,27,7,80246330
8,53,7,80246449
42,33,0,80246529
16,23,2,80246549
17,22,1,80246554
17,22,2,80246557
10,55,11,80246685
9,54,3,80246687
7,30,9,80246724
39,28,4,80246970
42,9,8,80247010
42,7,0,80247015
7,55,8,80247030
7,55,0,80247033
7,30,3,80247079
7,29,11,80247081
10,26,15,80247093
42,33,14,80247096
42,33,6,80247098
54,4,11,80247103
4,37,2,80247115
17,11,15,80247165
16,10,7,80247167
55,4,1,80247252
4,38,5,80247272
6,30,9,80247378
7,28,10,80247414
6,29,2,80247415
42,34,14,80247420
5,34,13,80247457
4,34,14,80247474
3,37,8,80247504
7,31,12,80247512
5,32,15,80247515
5,34,12,80247521
39,29,14,80247523
39,29,6,80247525
40,35,3,80247534
38,29,12,80247539
18,21,9,80247578
42,10,8,80247580
43,9,0,80247582
4,33,14,80247583
53,6,8,80247601
53,6,0,80247603
40,33,15,80247612
5,35,13,80247625
4,34,5,80247631
42,39,0,80247649
41,40,10,80247650
41,33,12,80247657
40,31,14,80247659
40,31,6,80247660
39,31,9,80247663
39,31,1,80247664
3,36,11,80247695
5,36,8,80247700
3,36,0,80247702
39,28,5,80247703
40,28,15,80247705
36,25,14,80247724
9,27,12,80247758
40,34,14,80247832
40,34,6,80247836
4,43,6,80247842
44,10,11,80247862
4,41,13,80247874
4,33,7,80247942
40,35,8,80247947
42,33,8,80247949
40,33,0,80247951
29,22,10,80248041
31,22,12,80248043
31,22,4,80248044
8,28,12,80248047
38,26,8,80248049
38,26,0,80248057
35,23,11,80248061
7,30,10,80248077
7,30,12,80248110
40,37,0,80248123
40,32,13,80248124
36,24,13,80248132
36,24,5,80248136
41,33,5,80248144
40,37,3,80248175
4,32,6,80248178
3,36,1,80248194
3,39,0,80248235
40,35,11,80248249
39,34,15,80248327
5,45,4,80248348
36,25,13,80248373
35,24,5,80248375
43,11,11,80248497
3,40,15,80248598
2,39,7,80248599
4,34,6,80248634
6,50,8,80248640
2,39,10,80248643
22,43,2,80248650
38,27,13,80248678
4,46,0,80248685
42,38,10,80248875
5,32,14,80248911
4,33,13,80248921
4,35,9,80248926
35,25,8,80248936
36,26,0,80248938
3,40,7,80248945
40,34,12,80248962
3,36,12,80248963
3,35,14,80248989
54,4,1,80249183
40,38,5,80249268
8,26,7,80249282
1,43,2,80249354
2,42,1,80249358
17,59,7,80249420
1,41,11,80249548
1,39,3,80249550
3,38,8,80249735
3,38,0,80249739
6,23,8,80249755
29,22,7,80249762
2,42,11,80249776
1,41,3,80249779
40,39,4,80249812
39,38,7,80249814
41,34,0,80249847
5,48,8,80249860
5,48,0,80249862
39,38,13,80249945
42,8,8,80250047
43,7,0,80250053
3,44,0,80250063
7,32,6,80250092
15,58,0,80250141
39,34,6,80250202
36,27,5,80250214
4,51,6,80250393
4,51,5,80250400
5,52,10,80250403
54,5,0,80250413
3,42,4,80250431
2,44,3,80250444
3,39,5,80250512
2,42,9,80250513
2,40,1,80250518
2,44,4,80250702
38,37,13,80253149
27,22,6,80256910
12,23,13,80261125
3,37,12,80261277
13,53,14,80261561
13,53,6,80261562
6,29,9,80262753
5,30,1,80262754
3,36,8,80262835
19,44,1,80263086
18,57,3,80263862
3,45,11,80264557
22,49,7,80264590
4,36,1,80264608
4,35,8,80264611
3,35,0,80264685
4,34,8,80264715
21,56,13,80264909
7,28,8,80265081
3,39,8,80265146
4,33,1,80265216
4,35,3,80265339
5,30,11,80265413
4,38,8,80265512
7,29,8,80265756
18,50,13,80265965
15,54,11,80266114
29,38,1,80266567
17,49,13,80266677
16,48,5,80266679
11,54,4,80267098
12,46,8,80267196
12,46,0,80267218
15,39,6,80267238
37,36,13,80267739
19,50,1,80268086
30,36,6,80268112
5,46,0,80268204
33,36,15,80268317
9,49,13,80268402
19,56,7,80268471
24,48,5,80268721
18,57,0,80268735
4,42,8,80268753
16,49,14,80268912
17,52,11,80269077
4,46,3,80269189
3,45,0,80269194
30,37,12,80269283
4,37,10,80269363
16,41,3,80269412
17,42,0,80269422
4,36,3,80269765
10,53,7,80269914
31,35,13,80269991
24,48,13,80270073
23,49,5,80270074
20,41,4,80270279
13,47,1,80270443
19,45,15,80270598
10,51,3,80270697
8,49,13,80270702
14,42,13,80270794
14,42,5,80270796
4,34,11,80270916
4,34,3,80270925
15,47,5,80270929
13,40,13,80270990
31,34,15,80271206
32,35,7,80271213
13,41,13,80271646
13,43,5,80271957
25,51,6,80271977
2,37,3,80272009
24,51,4,80272017
23,50,7,80272019
4,34,0,80272191
31,36,4,80272276
10,37,9,80272395
4,46,11,80272443
20,27,14,80272444
20,27,6,80272456
31,34,12,80272827
19,40,4,80273081
8,48,15,80273585
32,27,14,80273604
4,35,9,80273691
5,36,0,80273701
8,26,11,80273708
5,33,1,80273717
5,35,11,80273897
29,36,9,80273910
5,31,11,80273925
26,22,13,80274215
12,24,6,80274219
3,40,8,80274510
11,25,5,80274606
5,33,8,80274624
8,46,10,80274730
4,33,2,80274824
4,34,2,80274986
4,33,11,80274995
5,35,9,80275182
5,35,1,80275188
30,25,5,80275485
21,49,8,80275585
13,24,13,80275886
9,26,11,80276060
9,27,8,80276085
24,36,14,80276406
22,37,10,80276803
23,38,2,80276807
7,45,2,80276888
5,32,8,80277266
7,30,8,80277269
4,48,14,80277278
4,48,15,80277281
8,48,12,80277430
4,39,9,80278165
16,22,5,80278207
4,39,0,80278223
16,40,4,80279145
5,32,11,80279424
12,38,10,80279458
22,24,5,80279670
25,36,4,80279744
21,39,12,80279777
11,26,6,80279812
9,26,9,80279823
15,22,11,80279973
17,22,5,80280299
26,30,13,80281115
6,32,8,80281148
6,30,0,80281150
12,24,11,80281624
54,6,3,80281842
21,26,6,80288208
20,26,11,80288211
8,33,1,80289193
20,27,6,80290358
10,29,11,80292192
9,32,11,80292856
12,27,11,80293670
55,6,13,80294307
10,34,9,80294892
10,32,2,80295980
10,32,9,80296008
13,28,8,80296142
16,24,11,80296307
16,25,8,80296709
10,29,3,80297416
11,30,11,80297749
18,24,8,80297787
11,33,1,80298567
11,29,3,80299817
46,9,8,80300417
13,29,8,80300422
13,28,11,80300424
22,27,8,80300564
11,30,0,80300585
17,25,8,80300982
11,32,11,80302170
11,30,3,80302194
14,27,11,80303847
16,25,11,80303856
12,30,0,80303902
13,29,11,80304116
12,31,0,80304234
18,24,0,80304783
17,24,3,80304912
17,25,11,80305214
15,28,8,80305577
16,27,8,80305587
18,25,8,80305588
13,32,0,80305736
13,28,3,80307099
15,26,3,80307644
17,25,0,80307915
14,27,3,80307954
14,30,8,80309914
14,28,0,80309930
17,27,8,80310230
16,26,0,80310231
14,28,3,80310930
57,4,13,80311152
57,4,5,80311154
21,28,11,80311320
15,28,0,80311976
17,26,11,80312038
14,31,8,80312325
14,29,0,80312333
25,27,6,80338377
33,27,13,80406211
38,29,14,81265424
19,33,14,81368473
20,34,13,81403870
19,36,14,81427866
21,33,13,81462183
22,32,5,81468828
19,38,0,81469318
17,39,13,81495354
20,33,6,81495515
20,33,11,81495521
18,44,11,81585807
14,43,13,81587086
19,35,6,81589121
14,41,1,81590682
45,18,10,81591568
45,18,2,81591586
14,47,10,81609918
15,42,5,81655856
18,46,5,81704953
9,51,13,81739916
15,47,3,81746994
44,16,6,81749813
10,48,6,81749833
15,47,13,81749924
8,53,5,81768612
8,56,5,81780853
14,49,3,81781423
10,50,5,81808394
7,53,6,81829475
5,58,13,81835428
5,58,5,81835511
10,52,14,81838216
6,58,13,81838486
9,52,8,81838916
13,59,5,81839337
10,52,6,81841519
10,52,13,81843597
10,55,6,81863964
10,54,13,81868610
4,59,5,81869904
9,56,6,81874135
12,58,0,81896875
7,58,14,81897385
11,58,3,81899712
8,57,5,81902050
8,59,6,81902090
45,24,3,81904105
7,61,6,81924090
9,61,14,81924383
7,61,15,81926392
5,61,5,81928299
44,22,3,81937536
14,42,5,81968569
18,46,6,81988426
17,46,14,82016786
17,47,6,82020113
16,47,6,82031469
45,21,13,82092980
39,28,14,82121962
22,49,6,82187439
46,27,1,83467946
25,22,6,83490254
23,30,13,83622373
23,30,5,83622385
58,18,5,83651579
57,17,12,83656400
46,22,14,83678584
45,19,5,83688400
9,23,10,83713021
46,21,13,83714523
46,22,8,83714535
18,24,6,83717135
62,59,1,84232649
26,43,10,84242743
27,42,2,84242830
10,17,2,84272883
27,41,3,84274592
40,20,9,84312248
62,47,10,84372359
61,51,10,84372430
50,15,10,84427608
51,15,10,84432388
14,62,10,84580849
19,62,1,84587884
13,59,13,84603051
8,61,15,84608259
12,58,13,84608878
16,58,9,84615129
16,58,1,84615140
15,59,2,84621131
12,59,7,84622233
9,60,12,84623427
8,60,12,84624350
16,57,1,84637571
21,60,6,84641363
2,62,5,84643957
11,57,12,84648943
5,60,12,84649350
8,57,1,84650219
9,57,2,84651409
12,56,15,84652602
8,57,15,84652785
6,59,12,84653295
11,57,4,84656425
3,60,15,84664840
5,57,2,84667911
19,54,10,84668227
23,55,1,84669483
5,57,15,84675518
3,60,12,84676760
6,56,2,84677379
10,55,12,84677443
22,55,0,84680518
21,54,12,84684376
3,58,15,84684433
21,53,7,84685657
7,55,15,84686194
6,54,9,84699775
7,53,1,84699783
3,57,15,84700380
3,58,12,84701982
8,53,2,84702631
9,53,12,84705171
7,53,2,84705447
2,59,12,84705657
7,53,15,84707345
5,54,10,84708374
20,51,2,84710358
23,51,1,84710635
3,57,12,84711702
8,52,15,84711788
8,53,9,84712472
7,52,1,84712475
2,57,15,84712839
10,51,15,84714011
19,50,7,84714158
14,50,2,84714239
19,50,10,84715085
2,58,12,84716189
16,50,10,84718819
15,49,2,84718822
5,53,9,84718976
8,51,12,84728974
2,56,15,84730041
20,48,1,84731166
8,50,15,84733782
6,50,9,84739406
9,50,12,84740196
5,51,15,84741898
16,47,2,84747896
9,49,7,84748812
11,48,12,84749821
6,50,12,84758311
5,50,12,84762137
4,50,15,84762671
3,51,15,84765247
11,46,1,84766034
4,53,14,84770342
6,48,15,84772302
14,49,14,84773072
3,34,10,84773678
4,49,15,84774418
5,48,15,84775752
12,45,1,84776729
17,45,15,84778118
6,48,12,84780087
19,45,9,84780242
18,44,1,84780265
4,48,15,84789547
5,47,15,84791796
4,48,12,84797351
6,45,6,84798865
5,46,2,84798871
17,44,10,84799852
19,43,9,84801641
3,47,1,84801973
7,44,6,84805615
3,48,12,84805646
4,47,12,84807943
6,46,10,84808290
5,45,10,84808291
5,45,2,84808297
3,46,2,84812431
18,43,10,84812810
3,47,12,84823898
2,48,12,84823982
2,47,15,84824812
3,46,15,84825813
5,45,12,84827722
17,41,9,84835532
39,15,14,84836289
40,14,6,84836335
18,54,1,84837156
17,42,10,84840725
10,41,10,84843255
3,45,12,84858556
20,42,10,84859722
18,40,9,84864133
3,43,1,84864751
24,50,10,84865737
19,41,2,84868068
17,40,10,84869741
18,40,7,84874737
19,40,10,84889410
18,39,10,84902069
18,39,2,84902127
18,38,10,84923836
21,40,10,84924891
20,39,10,84926886
23,41,10,84930883
22,40,10,84931293
19,37,9,84933571
19,37,1,84933602
23,39,9,84936904
23,41,1,84936905
22,40,1,84936951
20,38,10,84937705
24,39,9,84949722
17,36,10,84955995
2,43,2,84957825
20,36,1,84958796
22,37,9,84958847
4,41,1,84961646
2,44,1,84962549
2,44,8,84962837
6,39,14,84963010
6,39,6,84963012
5,40,9,84964334
3,44,8,84968208
3,47,2,84994500
7,39,11,84995465
8,41,1,84995468
28,39,9,84999563
5,44,8,85000158
7,42,8,85000160
6,45,8,85019918
6,44,11,85023570
7,43,8,85024963
9,41,8,85024996
6,48,8,85025140
26,35,2,85025557
6,46,11,85025931
7,42,11,85026408
6,49,8,85026412
6,45,11,85026660
27,35,9,85028568
7,44,2,85029090
6,49,3,85029158
6,45,3,85029883
7,43,11,85030913
7,49,0,85031485
27,35,4,85031718
12,37,11,85049986
41,17,10,85051047
50,9,9,85060351
10,42,8,85060867
13,37,8,85062394
31,33,4,85082679
13,37,11,85085161
12,39,11,85088497
18,32,1,85304778
19,32,5,85334627
19,31,11,85341735
14,37,2,85399111
15,36,2,85401440
24,36,13,85405391
11,42,13,85423678
15,35,6,85425474
41,12,13,85430028
14,39,9,85434940
12,38,14,85437384
13,37,6,85437400
9,45,6,85458143
9,46,13,85468347
9,42,14,85479916
13,36,15,85484876
11,38,6,85491427
9,55,14,85492858
12,38,12,85493867
15,34,15,85499570
10,39,6,85500233
10,41,12,85500303
10,38,15,85527598
8,42,1,85586626
8,42,2,85590344
11,38,2,85592751
12,37,2,85594284
13,36,1,85594285
10,40,11,85611952
13,36,8,85612399
9,46,8,85613360
9,51,9,85619714
13,37,1,85620776
10,42,8,85622359
14,36,1,85624191
9,49,1,85625281
15,35,8,85643913
52,7,13,85644401
52,7,5,85644430
15,56,0,85653734
17,34,8,85679421
17,33,11,85680216
15,36,14,85734366
16,34,10,85740806
12,43,6,85750124
13,42,6,85750697
17,34,12,85770001
16,35,12,85770214
15,35,15,85772525
12,40,5,85776219
17,33,15,85776894
18,33,12,85777722
15,36,12,85779132
15,34,15,85805097
42,15,14,85869299
51,5,9,85869757
13,38,8,85873741
18,35,5,86049072
17,36,5,86050851
51,8,3,86051013
16,41,13,86052881
16,41,5,86052884
52,8,8,86054368
17,35,2,86056862
43,12,0,86057108
51,9,0,86057221
17,36,5,86057553
16,39,5,86057829
16,43,4,86057836
15,44,14,86058164
16,37,6,86058913
19,50,8,86059184
19,50,0,86059195
15,40,6,86059407
16,47,13,86059477
19,33,12,86060436
16,45,4,86060895
15,45,14,86061211
19,32,15,86061358
16,36,15,86061367
15,39,6,86061553
15,39,15,86061736
40,37,5,86061769
16,35,13,86061818
16,46,13,86061845
17,35,13,86061880
15,46,13,86061896
14,43,14,86061971
15,43,4,86062133
14,45,6,86062268
15,45,13,86062309
15,44,12,86062418
15,40,14,86062607
15,39,5,86062748
15,44,4,86062974
15,42,4,86063612
16,53,6,86070966
14,34,13,86071279
15,33,5,86071280
17,31,2,86072330
16,34,5,86073372
15,33,13,86073684
12,49,4,86073741
13,37,12,86073749
11,40,15,86073852
13,35,15,86074195
11,40,6,86074213
12,37,15,86074224
12,36,6,86074460
12,38,12,86074508
17,31,15,86074631
10,44,5,86074679
14,34,14,86074689
23,37,14,86074691
23,37,6,86074700
12,36,5,86074884
16,54,0,86075059
11,41,6,86075067
11,39,15,86075180
11,37,6,86075656
11,41,13,86075681
11,39,5,86075684
15,32,15,86075856
11,44,4,86076133
11,40,5,86076136
11,41,4,86076221
11,39,13,86076224
10,40,6,86076318
13,33,13,86076491
13,37,4,86076527
12,35,15,86076573
11,46,12,86076627
10,42,12,86076675
22,38,6,86076917
11,38,5,86077020
11,40,12,86077025
10,43,15,86077174
10,45,4,86077357
10,47,12,86077360
10,44,6,86077408
10,39,6,86077429
11,38,13,86077436
12,51,12,86077683
10,38,10,86077743
11,35,15,86077823
11,37,7,86077824
11,50,6,86077835
10,45,12,86077847
13,46,13,86077907
9,46,14,86077960
13,48,12,86078123
14,55,5,86078130
9,46,15,86078325
11,39,4,86078338
10,39,14,86078552
12,35,7,86078579
13,35,4,86078583
10,40,12,86078687
9,44,15,86078748
9,46,7,86078750
10,41,13,86078770
10,39,5,86078772
11,34,6,86078786
9,43,15,86078856
9,43,12,86078857
9,41,15,86078907
9,40,6,86078966
10,36,15,86078980
10,53,14,86078984
9,38,5,86078991
9,44,5,86079136
10,40,4,86079161
9,44,13,86079199
9,42,5,86079201
9,44,12,86079203
13,53,13,86079289
8,46,14,86079315
9,41,5,86079415
9,42,12,86079416
9,44,4,86079421
9,41,7,86079460
10,35,6,86079612
8,44,15,86079658
8,42,6,86079824
33,39,9,86079868
27,28,10,86079918
9,41,12,86079983
8,43,7,86080105
16,31,12,86080268
13,33,12,86080274
9,40,14,86080323
10,37,13,86080431
9,46,5,86080522
23,36,5,86080528
8,43,6,86080540
8,45,7,86080546
22,36,14,86080577
12,54,14,86080672
12,35,4,86080692
8,43,12,86080699
9,36,15,86080705
9,38,7,86080707
9,36,6,86080711
8,44,13,86080789
8,42,5,86080793
8,45,6,86080885
8,45,15,86080887
8,47,4,86081072
8,37,5,86081180
23,54,3,86081217
8,47,6,86081222
10,34,15,86081228
10,36,7,86081233
10,47,6,86081260
7,45,15,86081318
8,42,7,86081449
8,38,13,86081474
9,40,4,86081480
18,30,7,86081488
8,42,12,86081542
7,42,1,86081551
8,40,14,86081567
22,37,6,86081642
8,42,13,86081802
9,37,12,86081922
9,52,13,86082002
25,32,9,86082039
21,57,5,86082101
12,57,12,86082255
7,45,14,86082295
7,44,15,86082307
7,46,7,86082309
8,37,6,86082374
9,53,4,86082397
8,52,7,86082404
7,37,5,86082499
8,52,4,86082515
7,41,14,86082517
8,40,12,86082524
8,42,4,86082525
7,44,12,86082630
7,41,15,86082678
7,42,12,86082728
12,33,12,86082733
6,40,14,86082831
7,39,6,86082832
8,39,12,86082868
8,41,4,86082872
12,34,4,86082896
7,43,13,86082923
7,41,5,86082926
7,43,12,86082934
7,40,15,86082951
8,38,12,86082959
8,40,4,86082961
7,41,7,86082970
7,51,4,86082979
6,45,7,86083122
15,30,15,86083177
7,43,4,86083300
10,35,7,86083312
12,32,15,86083367
6,38,14,86083433
7,37,6,86083434
10,34,7,86083602
6,44,13,86083604
6,44,5,86083606
6,45,15,86083663
10,35,4,86083670
6,47,12,86083676
5,43,14,86083700
6,43,7,86083737
8,53,6,86083917
9,37,4,86084051
10,53,5,86084101
11,34,7,86084163
16,31,4,86084215
29,28,4,86084235
5,43,13,86084335
6,42,5,86084337
7,39,7,86084421
8,37,7,86084568
7,39,4,86084589
7,41,13,86084610
6,41,12,86084613
7,42,4,86084614
6,42,7,86084620
7,39,12,86084712
7,41,4,86084715
8,57,14,86084765
31,27,14,86084800
30,28,10,86084805
8,35,12,86084825
5,41,1,86084888
5,45,12,86084951
4,44,6,86084957
5,44,15,86084958
5,41,15,86085116
8,36,7,86085140
5,42,15,86085212
6,50,12,86085244
13,32,7,86085315
11,33,12,86085329
5,43,15,86085446
5,43,12,86085452
5,45,4,86085455
31,28,4,86085468
5,47,12,86085497
9,34,12,86085600
11,34,4,86085604
7,56,14,86085611
6,39,6,86085644
11,33,7,86085749
5,44,12,86085787
5,56,14,86085808
8,36,4,86085817
4,46,15,86085863
5,46,5,86085963
5,48,12,86085965
5,51,4,86086105
4,47,7,86086168
6,36,15,86086188
4,44,14,86086192
4,43,15,86086194
4,47,15,86086238
6,55,13,86086285
5,41,12,86086315
8,34,12,86086317
10,33,12,86086336
4,46,7,86086390
8,35,7,86086462
5,42,12,86086465
4,46,12,86086494
13,31,12,86086508
15,31,4,86086513
7,35,7,86086519
4,44,12,86086583
3,48,13,86086685
4,48,12,86086688
4,44,7,86086711
13,32,4,86086734
25,32,6,86086756
3,51,14,86086915
3,49,6,86086918
4,48,5,86086921
53,9,5,86086952
7,36,4,86086990
3,52,9,86087002
4,43,12,86087020
3,44,4,86087025
3,44,12,86087080
3,45,7,86087083
3,53,0,86087094
2,46,15,86087225
2,50,14,86087288
43,14,10,86087334
3,48,15,86087389
1,47,14,86087449
24,35,5,86087492
2,49,5,86087511
43,12,8,86087537
43,12,2,86087543
2,48,13,86087550
4,49,15,86087600
3,45,12,86087634
3,47,4,86087636
13,29,2,86087701
52,9,1,86087752
3,50,15,86087813
3,52,7,86087816
2,47,14,86087837
2,46,12,86087844
2,43,4,86087849
28,26,13,86087930
27,27,9,86087933
27,27,1,86087934
2,49,15,86087941
2,51,7,86087944
29,28,15,86087966
29,28,7,86087968
24,32,15,86088067
24,32,7,86088071
1,51,6,86088140
9,34,4,86088177
40,36,8,86088194
40,36,0,86088195
23,35,15,86088207
11,32,7,86088230
34,30,4,86088408
1,53,6,86088431
9,32,15,86088478
10,33,7,86088479
25,31,15,86088795
37,34,14,86088850
40,37,11,86088913
40,37,8,86088917
35,30,7,86089023
27,28,9,86089080
26,27,1,86089089
39,37,7,86089158
32,30,3,86089226
10,32,12,86089418
36,33,14,86089442
36,35,6,86089522
28,27,12,86089848
35,30,12,86089918
35,30,4,86089920
29,29,0,86089946
29,29,3,86090132
25,32,12,86090138
30,30,0,86090170
40,40,14,86090182
24,31,9,86090353
27,29,12,86090373
34,29,15,86090397
41,41,15,86090566
36,36,6,86090655
38,36,13,86090857
31,31,0,86090875
25,29,15,86090908
31,31,3,86090950
37,37,5,86091006
36,34,15,86091105
22,36,5,86091286
34,31,12,86091540
34,30,7,86091542
25,31,12,86091646
35,37,6,86091767
36,39,8,86091783
36,39,0,86091785
36,34,6,86091822
54,8,5,86091935
20,39,2,86091966
10,31,15,86091977
12,31,7,86091984
44,15,14,86092038
44,15,6,86092041
41,41,14,86092081
43,9,13,86092157
35,37,14,86092174
20,28,13,86092323
36,37,14,86092770
38,37,6,86092772
36,36,13,86092922
14,29,5,86093218
39,36,12,86093329
40,35,4,86093330
23,30,4,86093344
15,29,14,86093357
38,39,14,86093493
35,36,14,86093682
34,35,8,86093685
34,35,0,86093688
43,12,10,86093732
19,59,1,86093792
30,28,4,86093808
22,28,8,86094292
22,28,0,86094293
53,9,10,86102398
54,8,13,86103829
31,36,14,86105983
18,35,12,86107306
32,39,14,86109516
27,39,14,86111525
28,38,6,86111531
43,13,6,86111861
31,40,6,86112238
19,52,5,86112609
13,29,9,86114086
13,29,1,86114089
44,16,3,86114273
18,34,15,86114876
25,38,8,86115055
18,34,12,86115232
15,36,14,86115719
23,39,0,86115856
16,30,11,86115973
14,34,13,86116342
24,38,5,86116838
14,36,12,86116856
15,31,3,86117047
17,34,7,86117119
20,38,14,86117184
19,37,6,86117185
19,38,7,86117188
1,32,6,86117263
54,8,10,86117393
54,8,2,86117395
16,33,12,86117440
17,34,4,86117442
16,33,7,86117515
16,35,7,86117698
24,45,10,86118272
15,31,11,86118404
24,42,15,86118506
24,48,9,86118680
23,47,1,86118686
43,13,1,86118880
44,14,9,86118953
16,37,3,86118976
3,32,14,86119057
11,31,3,86119111
11,31,0,86119118
8,30,5,86119171
19,39,1,86119323
13,35,7,86119457
14,33,14,86119512
12,32,3,86119514
11,31,8,86119683
7,32,6,86119714
24,49,6,86119745
13,42,14,86119861
13,42,6,86119873
12,37,7,86119887
10,31,8,86120009
17,52,2,86120040
15,36,4,86120320
23,50,5,86120712
11,31,11,86120714
9,31,3,86120718
7,31,3,86120778
19,39,3,86120788
43,14,8,86120896
20,46,6,86120927
18,49,6,86120944
55,25,5,86120992
12,32,8,86121062
17,40,7,86121228
43,13,14,86121279
21,48,9,86121310
24,48,11,86121434
11,33,0,86121623
23,48,13,86121631
22,49,9,86121638
21,48,1,86121640
10,32,8,86121659
18,41,13,86122084
21,45,4,86122167
20,44,7,86122172
18,42,7,86122174
44,12,6,86122193
14,45,0,86122572
18,50,12,86122774
10,32,11,86122833
13,34,6,86122892
55,9,0,86123216
2,33,14,86123409
2,32,11,86123412
19,52,4,86123487
51,29,2,86123585
9,33,0,86123658
6,33,6,86123772
12,49,13,86123789
12,49,5,86123792
12,44,15,86123822
14,41,3,86123949
19,43,6,86124006
19,45,7,86124009
44,17,8,86124013
18,58,10,86124246
16,32,8,86124260
12,44,12,86124363
15,56,13,86124550
14,57,9,86124555
12,33,5,86124634
18,55,8,86124645
18,53,0,86124650
12,44,4,86124672
6,32,8,86124732
11,40,4,86124801
21,59,4,86124938
18,51,7,86125018
18,51,4,86125022
11,43,4,86125064
19,57,7,86125076
8,32,11,86125080
6,32,3,86125089
17,50,7,86125699
12,61,6,86133264
8,51,3,86134666
8,52,6,86137600
9,51,12,86138720
8,59,2,86139347
9,61,13,86139640
3,40,15,86141149
53,10,9,86141565
45,17,5,86141705
3,40,6,86143062
4,34,0,86143861
44,16,14,86144900
55,8,15,86145666
43,13,14,86146027
53,10,11,86146467
2,41,5,86146587
2,41,1,86146595
10,58,4,86146935
5,35,0,86147216
55,9,8,86148301
4,39,5,86148320
10,36,5,86148375
4,39,15,86148519
5,59,5,86148685
44,9,14,86149095
43,10,6,86149097
4,35,0,86149259
2,34,13,86149348
2,34,11,86149366
9,59,12,86149418
7,59,10,86149420
7,59,2,86149424
23,28,5,86149886
3,35,0,86150119
44,12,6,86151027
5,38,10,86151992
4,35,3,86151999
5,39,5,86152079
4,40,10,86152083
3,39,9,86152086
5,39,1,86152109
14,52,7,86152819
18,11,14,86152998
9,57,1,86153115
3,41,12,86153330
9,52,8,86153894
2,41,15,86154115
9,12,5,86154501
8,13,1,86154504
4,57,9,86154624
4,40,6,86154825
4,39,6,86155121
7,54,7,86155157
25,26,14,86155585
8,58,4,86155632
44,14,13,86155825
43,13,5,86155833
54,10,13,86155850
54,10,5,86155852
8,50,4,86156041
54,9,5,86156095
53,10,4,86156097
54,9,15,86156099
2,40,6,86156169
7,58,4,86156333
53,10,6,86156866
53,10,10,86170688
53,10,2,86170689
43,10,15,86175894
44,16,12,86180776
7,9,10,86182875
7,9,2,86182892
17,42,0,86183901
13,38,9,86185521
51,10,14,86186318
14,39,10,86186820
12,38,10,86187725
1,37,5,86202377
54,21,1,86204854
3,55,9,86207827
16,39,10,86208476
16,39,2,86208495
53,9,11,86210691
54,21,14,86210917
53,9,12,86211498
53,9,4,86211506
17,38,2,86212204
3,50,0,86212945
43,11,6,86213871
54,9,12,86213892
52,10,11,86214029
2,37,8,86214064
43,16,14,86215623
43,16,6,86215639
43,10,14,86215799
52,9,5,86216220
17,38,10,86216318
42,14,3,86217202
19,17,13,86217238
53,8,15,86217300
43,14,8,86217620
52,10,11,86235906
52,10,3,86235927
12,34,2,86239580
2,37,11,86240188
13,33,7,86242315
7,34,2,86244209
13,33,12,86246127
10,33,2,86247037
14,32,2,86247289
13,33,4,86247723
8,34,12,86248410
16,34,2,86249283
15,40,2,86249480
10,36,1,86262188
10,31,15,86265607
9,32,2,86265608
15,31,10,86266915
11,31,2,86266975
16,37,1,86268429
6,35,2,86268470
14,30,1,86269162
15,30,15,86269344
11,31,12,86269756
17,39,9,86269969
17,39,1,86269976
19,36,10,86269997
16,30,7,86270168
12,30,1,86270296
15,36,9,86270314
7,34,1,86270646
19,31,9,86271332
19,31,1,86271333
16,36,2,86271797
14,30,7,86272200
19,29,2,86272774
13,30,7,86273416
53,8,1,86277911
15,30,12,86280250
14,30,2,86280266
16,30,4,86281683
12,30,2,86281687
52,9,2,86293748
44,17,14,86296886
21,30,9,86298593
8,32,2,86299589
52,9,1,86306560
53,9,9,86310013
52,8,9,86312877
12,29,1,86321887
46,15,8,87809056
46,16,9,87865681
46,16,11,87898936
28,35,8,87962934
28,35,11,87991788
6,30,5,88000202
60,13,5,88059739
60,15,10,88145552
60,13,5,88238806
37,37,14,88255921
37,37,6,88255928
33,38,5,88296418
2,35,5,88375617
47,41,5,88525201
42,42,2,88548715
46,41,8,88562837
14,29,10,88563000
15,30,2,88563012
46,21,10,88590382
9,34,9,88617177
9,34,1,88617191
7,34,9,88618830
13,34,9,88623227
27,17,13,88681079
26,18,5,88681089
54,19,1,88682924
54,18,0,88686827
27,18,5,88713674
27,19,8,88713675
27,19,0,88713688
26,19,3,88713908
27,18,11,88716433
54,17,11,88716884
54,20,8,88717304
17,33,2,88717957
29,25,10,88746718
15,26,8,88749687
60,42,8,88812667
61,42,2,88830622
49,44,9,88835121
60,43,2,88836536
50,45,10,88838683
48,45,2,88838685
50,43,2,88857911
49,43,10,88862011
51,42,1,88867039
53,43,1,88869817
50,41,1,88886009
50,40,10,88894916
52,39,8,88894938
35,37,10,88896006
24,40,10,88896666
26,40,2,88897291
58,37,10,88897955
58,37,2,88897974
23,14,13,88898734
23,14,5,88898739
50,39,9,88899410
51,40,10,88901472
50,39,2,88901510
53,18,1,88903668
54,17,2,88903833
51,39,12,88905005
49,39,10,88905012
60,37,4,88906302
57,14,14,88924199
34,36,10,88930092
53,38,9,88930710
57,13,9,88932189
36,36,1,88935485
53,35,10,88936257
52,34,2,88936272
36,35,2,88948328
24,38,10,88958317
57,16,6,88959039
28,11,9,88960680
30,36,10,88960695
30,36,2,88960717
23,38,10,88960949
39,35,14,88961609
38,36,10,88961616
57,16,1,88963761
52,36,2,88963869
52,36,10,88964428
56,15,14,88965015
21,32,11,88965532
21,32,3,88965533
37,34,9,88965872
37,34,1,88966363
55,13,6,88966374
56,13,15,88966376
13,43,14,88966684
53,36,2,88966919
60,31,13,88967620
60,31,5,88967622
24,37,2,88967894
27,36,9,88967979
27,36,1,88967982
54,35,9,88968006
54,14,6,88968129
28,37,12,88968726
57,15,1,88978628
53,34,2,88981450
24,37,1,88983915
53,33,15,88984156
36,32,9,88984807
36,32,1,88984809
25,35,10,88986590
52,34,12,88986878
57,15,6,88987335
24,35,9,88988490
20,38,1,88988567
27,34,9,88989604
27,34,1,88989614
16,37,2,88990508
23,38,12,88991688
53,32,12,88992065
54,32,12,88993762
26,35,9,88995538
26,34,2,88995615
56,11,13,88996003
57,10,5,88996006
54,13,1,88996007
55,12,2,88996021
58,29,11,88996207
53,33,2,88996443
52,32,15,88996752
36,32,2,88997967
37,31,1,88997971
60,28,11,88998324
58,16,9,88998658
9,35,10,88998780
23,36,1,88998846
57,29,4,88999050
58,30,2,88999261
55,12,15,88999509
33,32,10,88999915
33,32,2,88999921
54,32,7,88999975
54,32,9,88999992
53,30,9,89009684
54,29,1,89013552
57,9,1,89016142
61,26,2,89016959
37,31,2,89017567
59,25,13,89019900
60,26,5,89019920
37,31,10,89020730
35,31,2,89020732
59,26,1,89021223
57,27,1,89022407
38,30,15,89023797
37,30,1,89023926
62,25,2,89025648
56,9,2,89025849
61,25,10,89025938
56,28,7,89026874
28,8,9,89026878
56,28,4,89027591
36,30,1,89028404
36,29,9,89028801
58,26,1,89029475
51,11,3,89029872
54,28,2,89030592
54,26,2,89031358
55,27,15,89039790
56,8,10,89045777
37,29,2,89050843
56,23,1,89052919
19,31,10,89054546
9,34,12,89056029
8,33,2,89056559
36,28,10,89056704
36,28,2,89056739
19,13,2,89056761
15,33,10,89057213
13,33,2,89057214
13,33,12,89058057
56,24,12,89058197
19,31,2,89058821
55,23,10,89058925
55,23,2,89058935
56,23,10,89059593
56,23,2,89059597
11,33,12,89061077
12,33,10,89061079
10,33,2,89061080
15,32,15,89061717
55,27,10,89062457
38,27,10,89077813
38,27,2,89077816
16,30,9,89079568
16,30,1,89079583
16,31,2,89082636
2,33,2,89084520
34,27,1,89085675
56,22,1,89087350
55,22,15,89088349
17,29,1,89092963
55,6,3,89093898
36,26,10,89113207
36,26,2,89113213
17,28,2,89116084
55,4,14,89177118
28,12,11,89185185
54,5,1,89203084
53,4,9,89203545
19,25,2,89205681
26,14,2,89205696
27,12,11,89206077
28,13,3,89206078
15,29,14,89207053
54,4,15,89207341
58,22,1,89208438
26,13,11,89208482
27,13,13,89208871
54,3,6,89209058
54,4,9,89209425
22,17,10,89209669
12,30,14,89210312
14,28,14,89210670
14,30,8,89210814
11,30,11,89211219
6,32,6,89212030
15,30,8,89212154
13,30,0,89212156
55,3,12,89212157
54,2,4,89212159
17,29,11,89212287
55,2,5,89212300
14,28,8,89212418
12,30,11,89213126
4,32,11,89213499
13,30,11,89213987
16,30,6,89214754
16,30,8,89214755
2,32,12,89214941
2,32,4,89214944
8,32,6,89215102
22,16,1,89215131
27,13,14,89215244
26,12,14,89215245
27,13,6,89215253
18,29,11,89215366
10,31,14,89215410
54,5,7,89215433
18,18,14,89215518
9,32,8,89215601
17,30,8,89215767
16,30,14,89215937
54,3,14,89216085
55,2,6,89216096
51,6,15,89216146
53,4,15,89216161
10,31,11,89216560
14,30,11,89216677
12,31,8,89216692
26,13,13,89216748
26,13,5,89216750
55,3,7,89216766
3,32,3,89216778
57,8,12,89216779
55,8,4,89216792
18,30,8,89216909
53,5,12,89216937
13,31,8,89216941
13,29,5,89216986
62,19,8,89217084
13,30,3,89217160
54,3,15,89217244
55,4,7,89217245
6,32,11,89217257
8,32,14,89217306
14,29,11,89217331
8,32,11,89217472
6,32,3,89217475
24,14,1,89217592
54,5,14,89217600
6,33,8,89217624
27,13,8,89217633
27,13,0,89217636
53,3,14,89217693
54,2,14,89217871
54,2,6,89217873
54,2,13,89217874
13,29,6,89218195
5,33,8,89218330
14,29,0,89218514
12,31,11,89218790
53,4,7,89219168
7,33,8,89219239
26,14,8,89219361
12,31,0,89219609
53,1,4,89229658
53,2,5,89231009
53,2,4,89231044
54,5,4,89231756
12,33,11,89231768
52,3,14,89231902
52,3,6,89231903
52,3,13,89232104
54,2,12,89232134
1,32,4,89232601
50,6,12,89233301
36,10,11,89233368
54,6,12,89234719
52,3,4,89236231
51,2,4,89237998
59,18,9,89238334
60,17,1,89238335
51,3,6,89238403
52,2,6,89238404
25,14,14,89238746
25,14,6,89238751
26,14,11,89239255
53,2,13,89239384
18,32,8,89239392
56,18,10,89239680
56,18,2,89239685
54,4,6,89240011
53,2,15,89240186
52,3,7,89240187
16,17,13,89240211
21,16,15,89240331
3,37,11,89240566
21,18,6,89240648
22,17,6,89240652
11,34,11,89240927
17,32,11,89241060
59,17,9,89241346
1,36,13,89241487
12,31,5,89241863
54,6,4,89242099
24,15,6,89242223
25,14,8,89242237
23,15,2,89242241
17,21,7,89242497
53,6,3,89242590
27,12,12,89242647
26,13,4,89242662
16,33,5,89243034
25,14,11,89243376
50,2,14,89243641
50,2,6,89243642
14,34,8,89243827
2,38,11,89243862
16,18,4,89244113
16,33,11,89244297
33,4,6,89244315
52,1,13,89244318
52,1,5,89244320
53,1,12,89244321
52,2,4,89244335
23,15,1,89244503
15,34,8,89245162
26,11,4,89245237
14,31,8,89245421
7,37,8,89245461
52,1,6,89245477
24,14,14,89245527
18,32,11,89245682
11,35,8,89245865
54,3,5,89246308
13,34,11,89246371
50,3,15,89246422
50,1,7,89246434
16,19,14,89246551
5,37,11,89246621
29,20,7,89246823
25,15,6,89246869
25,14,6,89246874
25,14,9,89246876
7,36,13,89247050
18,33,6,89247162
24,14,3,89247178
22,16,1,89247276
14,32,3,89247547
1,38,8,89247842
2,37,8,89247843
53,4,14,89247866
51,2,14,89247869
50,5,2,89247871
23,15,15,89248019
24,14,7,89248021
17,33,11,89248036
17,22,12,89248134
18,21,4,89248138
16,34,6,89248190
4,38,0,89248240
14,30,5,89248394
52,4,14,89248565
16,20,7,89248829
51,1,15,89248908
51,1,7,89248910
51,2,15,89249046
52,7,11,89249235
13,35,8,89249529
28,17,13,89249810
28,17,5,89249812
26,14,6,89249955
51,5,4,89250016
53,6,8,89250701
54,7,0,89250703
15,34,0,89251093
12,37,8,89260040
17,35,8,89260454
14,36,5,89261381
15,36,8,89262260
13,36,11,89262773
12,37,11,89262851
50,2,12,89264418
49,2,6,89264682
49,2,14,89264744
50,1,6,89264767
24,15,10,89264771
24,15,2,89264786
23,16,8,89265696
18,35,8,89265807
24,15,5,89265969
51,2,13,89266523
49,2,5,89267324
49,2,13,89267975
50,1,5,89267979
21,16,14,89268352
51,1,12,89270055
47,5,9,89270206
24,15,14,89270631
17,36,5,89271510
17,36,8,89271615
16,28,11,89272223
16,37,6,89272855
16,37,8,89272859
51,4,4,89273190
14,37,11,89273426
23,16,8,89273748
23,16,0,89273750
16,21,4,89273945
16,23,7,89274040
49,2,15,89274375
17,36,11,89274611
24,15,3,89274771
25,16,0,89274772
4,41,3,89274805
15,21,14,89274952
46,4,9,89275178
48,2,4,89275456
23,16,11,89276310
47,3,6,89276733
54,16,9,89276753
49,1,4,89276861
23,17,14,89276901
22,16,6,89276906
22,16,1,89276923
24,16,13,89277348
24,16,5,89277350
23,17,9,89277371
31,28,14,89277773
16,23,4,89278022
50,3,14,89278090
10,40,11,89278154
50,3,13,89278491
57,16,2,89278540
50,2,13,89278692
50,2,5,89278697
55,17,7,89278775
23,17,6,89278816
13,38,11,89278819
55,19,15,89278860
20,19,14,89278876
47,4,12,89279089
24,15,9,89279131
48,3,14,89279365
49,2,6,89279375
24,17,8,89279573
20,20,5,89279825
15,22,7,89280023
19,21,10,89280027
19,21,2,89280034
56,16,2,89280113
53,17,15,89280143
58,15,1,89280261
48,2,12,89280585
15,38,8,89280602
13,34,14,89280650
13,34,6,89280684
57,19,9,89280689
55,17,9,89280690
23,16,15,89280792
50,4,12,89280907
49,3,4,89280924
7,42,8,89281037
7,42,11,89281039
3,43,3,89281049
14,37,3,89281496
1,43,8,89281579
53,17,12,89291608
6,45,10,89292439
14,22,6,89293059
23,17,1,89294362
49,2,13,89295946
22,16,5,89297227
55,19,12,89297346
22,17,8,89298757
22,17,2,89298784
48,2,7,89298787
16,31,6,89299073
2,45,0,89299752
48,2,4,89300630
57,17,12,89301400
48,3,6,89302142
48,3,5,89302154
2,45,11,89302651
15,23,13,89302897
2,48,5,89303409
57,13,1,89303946
18,29,4,89304094
46,1,13,89304706
46,1,5,89304722
14,35,11,89304816
54,17,7,89304825
2,46,3,89304984
48,3,13,89305608
28,4,13,89305657
48,2,15,89305672
21,17,10,89305779
20,18,2,89306501
21,18,0,89306516
2,46,0,89306779
10,44,11,89307297
55,17,15,89307424
13,36,11,89307439
55,17,4,89307857
3,46,3,89307941
3,46,8,89307945
21,38,8,89308063
27,3,13,89308380
23,17,7,89308473
57,14,10,89309207
47,2,5,89309350
2,46,11,89309528
3,47,3,89309529
2,50,0,89309973
18,21,10,89310138
19,20,2,89310153
49,3,15,89310641
48,4,7,89310642
22,17,1,89311106
33,28,11,89311550
26,4,7,89311754
49,5,4,89311903
21,18,8,89312532
23,18,0,89312535
20,19,2,89313368
21,18,1,89313385
4,47,13,89327165
4,47,5,89327173
46,2,7,89330958
22,16,5,89331745
54,13,1,89332977
22,17,13,89334980
45,3,5,89335542
27,7,5,89335751
22,20,8,89335905
16,28,14,89336227
20,41,9,89336620
55,12,1,89336685
21,32,0,89336968
1,51,8,89337269
10,47,11,89338200
47,3,13,89338636
1,54,12,89339060
1,54,4,89339064
21,18,5,89339525
2,53,1,89340858
3,52,5,89340968
15,27,14,89341707
43,2,8,89342055
4,48,11,89342059
3,47,3,89342062
5,49,8,89342063
1,54,2,89342102
2,53,9,89342104
3,52,1,89342108
1,55,8,89342634
2,54,0,89342638
21,20,10,89342862
21,20,2,89342867
4,51,14,89343463
2,53,5,89344025
1,54,6,89344279
1,56,6,89355374
2,56,8,89366826
35,29,8,89370184
1,56,5,89370740
2,55,13,89371339
1,54,5,89371341
16,38,8,89372202
36,27,11,89373950
34,29,11,89374593
40,27,14,89385214
40,27,6,89385217
35,30,8,89389251
36,28,11,89390614
53,17,15,89396566
41,4,2,89398083
45,3,0,89398844
52,15,8,89400259
35,30,11,89401253
44,2,0,89406268
37,29,8,89406471
55,15,13,89422064
37,30,8,89424465
43,2,2,89424749
31,36,2,89428104
32,35,1,89428123
52,19,8,89429380
53,20,14,89429842
52,19,6,89429848
33,34,2,89431448
53,18,6,89432224
16,17,11,89432670
52,19,5,89432829
44,1,13,89433319
43,2,9,89433321
42,3,1,89433322
36,31,11,89434431
53,19,3,89434968
37,31,8,89434971
39,29,8,89434995
6,51,6,89435005
53,18,8,89435991
53,18,11,89455423
54,18,8,89458428
3,54,6,89458707
21,54,2,89458800
2,54,1,89459350
37,32,8,89463693
55,18,5,89467977
3,59,6,89482426
4,58,5,89487791
2,60,6,89488054
55,18,8,89490730
5,56,6,89492174
2,59,13,89492715
1,58,5,89492738
6,53,8,89494207
34,37,10,89494954
17,19,8,89497144
54,18,11,89497294
3,57,14,89498543
2,56,9,89498545
60,17,9,89557851
56,18,10,89558391
5,54,1,89576695
1,52,2,89578880
44,2,5,89579686
2,51,2,89579777
7,52,9,89580447
19,45,11,89581951
43,3,10,89584634
7,51,11,89590058
3,55,15,89590987
4,54,15,89591882
21,43,14,89593584
3,49,15,89608613
15,48,15,89608614
40,31,12,89610126
39,31,15,89611124
3,54,12,89613172
3,53,15,89613739
23,41,15,89615002
46,4,10,89615514
46,1,13,89615577
45,2,9,89615582
2,50,15,89615712
3,54,10,89615999
18,18,5,89616111
38,32,15,89616315
1,49,2,89616955
40,30,15,89617396
20,44,12,89617577
38,33,12,89617856
47,2,3,89618079
45,2,14,89618251
16,26,1,89618517
6,50,9,89618628
44,1,9,89618854
45,2,1,89618857
21,43,12,89619135
1,55,6,89619200
48,3,0,89619373
15,48,12,89619808
21,42,15,89619815
4,43,0,89620225
4,53,13,89620226
5,52,5,89620228
2,54,12,89620371
46,1,11,89621383
23,40,1,89622081
23,21,8,89622173
17,46,12,89622683
17,18,10,89622879
17,18,2,89622886
15,25,9,89623282
48,3,3,89623930
2,48,15,89624374
22,20,11,89624629
37,32,15,89624802
46,2,0,89625249
1,54,5,89625273
47,3,3,89634193
1,51,10,89637653
2,47,12,89638294
20,41,5,89638803
45,1,10,89639316
3,53,14,89641179
2,54,10,89641183
2,54,2,89641215
48,2,2,89641699
38,30,15,89641849
38,31,12,89643039
50,4,11,89643052
46,2,11,89643348
40,28,1,89643443
37,31,15,89643599
14,38,1,89643758
36,31,1,89644316
14,46,12,89644658
39,30,12,89644755
4,48,15,89645564
15,44,6,89645658
1,51,9,89645862
2,50,1,89645871
1,45,10,89646099
23,20,8,89646289
11,47,15,89646335
1,50,15,89646391
22,39,1,89646687
20,40,1,89647070
47,2,10,89647331
2,51,12,89647743
47,1,11,89647873
23,19,15,89648118
2,47,4,89648211
22,19,6,89648452
23,18,11,89648455
3,51,9,89648554
22,16,2,89648645
1,49,9,89648899
4,48,12,89649323
49,4,3,89649546
10,47,9,89649614
10,47,1,89649616
2,44,2,89649986
3,47,7,89649988
23,18,5,89650011
49,4,11,89650015
23,19,5,89650166
23,19,6,89650167
23,19,13,89650170
22,20,5,89650171
29,40,14,89650658
29,40,6,89650659
35,32,15,89651124
39,29,15,89651142
3,48,15,89651386
4,47,15,89651395
24,18,8,89651621
47,2,0,89651627
2,50,11,89651741
34,13,0,89651770
22,19,14,89651792
1,51,12,89652033
1,51,4,89652035
23,19,12,89652452
1,44,2,89652510
3,47,9,89652943
4,48,4,89653345
49,3,0,89653351
50,3,0,89653358
39,28,5,89653447
2,44,15,89653452
51,4,8,89653503
22,38,9,89653679
4,48,10,89653758
1,49,4,89653822
2,44,1,89653836
15,20,15,89654118
2,38,3,89654197
1,50,10,89654243
1,50,2,89654250
1,38,11,89654387
2,49,0,89654504
2,39,8,89654690
1,38,0,89654698
2,43,2,89655078
23,18,15,89655082
3,48,7,89655086
15,44,12,89655388
15,22,12,89655527
15,22,4,89655533
37,30,15,89655674
24,2,8,89655700
14,21,15,89655721
14,21,7,89655723
4,47,4,89655789
3,48,10,89655791
38,20,2,89656131
36,30,5,89656154
14,43,5,89656191
1,51,1,89656426
50,4,8,89656834
25,18,0,89657081
7,46,2,89664811
50,2,10,89665355
11,44,2,89666483
51,5,9,89666594
48,2,10,89666677
50,2,0,89667195
3,40,1,89668298
20,38,10,89668510
51,3,3,89669094
36,30,15,89669355
12,43,1,89669477
10,44,2,89670441
38,28,1,89670595
37,30,12,89671199
35,30,9,89671430
35,30,1,89671434
1,46,4,89671449
1,48,11,89671625
50,3,7,89671792
21,37,2,89671986
51,2,3,89671988
2,48,8,89672348
13,42,2,89672555
10,31,9,89672583
24,17,14,89672629
24,17,6,89672630
1,41,2,89673209
36,29,1,89673288
25,16,6,89673523
12,42,2,89673756
11,44,12,89673821
14,35,1,89674330
25,18,4,89674517
24,18,12,89674568
14,35,2,89674887
1,45,15,89675004
3,45,7,89675005
14,41,1,89675293
22,36,14,89675301
2,46,15,89675846
3,45,12,89675879
2,37,8,89676301
51,4,11,89676347
2,40,2,89676506
1,41,1,89676508
12,42,1,89676678
1,48,12,89676846
51,3,10,89676889
49,1,10,89676890
50,2,2,89676893
16,40,2,89676900
3,45,10,89677227
3,45,4,89677384
2,43,10,89677485
1,40,9,89677778
52,4,3,89678033
15,34,1,89678090
23,11,3,89678189
24,12,0,89678205
1,45,12,89678229
3,44,12,89678283
13,41,1,89679102
50,2,11,89679270
38,29,12,89679387
13,42,12,89679512
15,40,1,89679675
17,39,2,89680022
19,38,2,89680165
25,18,8,89680435
2,37,3,89680513
36,13,0,89680887
16,39,2,89681026
36,30,12,89681063
10,43,15,89681081
52,2,8,89681389
29,21,9,89681512
49,2,11,89681516
49,1,2,89682360
17,21,1,89682366
53,4,8,89682426
52,5,0,89682427
51,4,7,89682450
16,39,1,89682489
25,13,0,89682597
51,4,10,89682677
28,34,5,89682808
35,31,12,89682880
18,22,15,89683111
2,46,12,89683464
1,44,15,89683465
3,44,7,89683466
18,38,1,89683591
2,43,2,89683638
24,18,6,89683724
52,5,11,89683835
27,35,5,89683862
19,25,11,89684105
18,24,3,89684145
53,4,11,89684199
1,35,11,89684216
3,42,9,89684337
53,3,8,89684828
52,4,0,89684829
19,37,10,89685151
39,27,15,89685319
20,37,1,89685464
3,44,4,89685519
51,5,11,89685966
36,13,3,89686079
16,17,2,89686255
17,16,1,89686257
21,36,1,89686264
20,37,15,89686516
19,25,0,89686581
8,44,9,89686682
7,43,1,89686705
1,34,8,89686747
1,34,0,89686760
14,41,12,89686835
25,15,9,89687038
53,3,11,89687185
4,40,8,89687211
32,6,8,89687380
2,39,9,89688113
35,10,0,89688421
12,40,2,89695249
53,5,8,89696301
53,4,0,89696726
14,38,1,89697921
17,36,10,89697985
17,36,2,89697987
13,38,15,89699456
11,39,10,89699467
36,28,15,89699548
8,41,13,89699811
7,40,5,89699813
7,40,6,89699823
15,37,1,89700038
8,41,2,89700696
15,37,2,89700901
9,40,15,89701489
52,2,0,89701670
2,39,1,89701766
37,28,12,89701901
14,32,2,89701985
16,36,1,89702027
16,36,2,89702076
10,40,12,89702260
54,6,0,89702302
53,4,3,89703255
34,28,9,89703301
2,40,10,89703439
27,15,9,89703728
20,34,1,89703868
2,41,9,89704167
54,5,3,89704476
2,41,10,89704617
1,32,0,89704702
11,39,12,89705062
55,4,8,89705223
2,40,12,89705256
19,34,1,89705275
19,34,2,89705351
20,33,9,89705353
2,34,8,89705538
15,31,9,89705799
15,31,1,89705803
3,38,1,89706585
2,40,4,89706742
20,34,2,89707145
20,33,2,89707496
21,32,1,89707500
8,40,4,89707745
19,34,15,89707850
8,38,10,89708112
8,38,2,89708117
52,2,3,89708156
18,35,12,89708214
20,35,4,89708216
7,38,9,89708316
7,38,1,89708320
15,36,10,89708323
13,36,2,89708359
54,4,0,89708363
26,15,12,89708662
37,27,15,89708767
15,31,2,89708977
22,18,13,89709557
20,32,9,89709598
53,3,9,89709802
52,2,1,89709807
19,34,9,89709885
53,1,1,89709891
21,32,9,89709901
53,2,3,89710025
54,4,8,89710059
36,27,1,89710169
19,34,7,89710471
16,20,2,89711078
8,39,7,89711382
5,39,2,89711383
20,32,1,89711418
14,35,2,89711612
10,38,9,89711785
23,22,6,89711988
7,38,15,89712010
15,18,1,89712027
7,39,7,89712088
8,39,4,89712256
6,38,10,89712258
2,38,14,89712738
54,5,9,89712744
8,38,12,89712773
2,39,10,89712816
2,39,2,89712817
7,39,4,89712826
55,5,0,89712992
16,33,1,89713056
19,32,10,89713067
18,33,1,89713071
40,26,15,89713227
18,14,15,89713323
14,35,9,89713635
54,3,3,89713900
25,16,1,89714112
6,37,9,89714131
17,34,7,89714150
5,38,10,89714198
27,15,0,89714238
21,33,4,89714460
19,32,2,89714537
26,14,1,89714636
26,14,10,89714638
13,36,4,89715070
53,6,11,89715081
55,6,3,89715089
36,27,15,89715107
9,37,12,89715153
54,3,8,89715211
3,38,2,89715357
1,38,12,89715368
2,37,4,89715379
15,33,10,89715545
35,6,3,89715555
20,32,9,89715637
7,38,7,89715710
18,33,9,89715966
54,4,11,89716469
2,35,13,89716590
5,37,4,89716652
53,2,8,89716655
52,1,0,89716672
16,32,9,89716739
7,38,4,89716745
20,31,1,89716905
12,35,12,89717013
19,21,9,89717171
16,33,4,89717345
7,37,12,89718687
7,36,15,89718755
53,2,10,89718771
52,1,2,89718777
18,32,2,89718844
25,13,10,89718911
53,2,9,89719007
53,2,1,89719011
55,4,0,89719676
15,30,9,89727837
15,30,1,89727844
38,25,10,89727997
11,32,10,89728409
11,32,2,89728411
19,29,1,89728640
54,3,11,89729041
11,31,9,89729168
10,31,10,89731613
55,5,3,89732211
8,32,15,89732437
2,34,2,89732570
12,31,2,89732742
35,25,1,89734114
54,3,10,89735225
54,3,1,89735237
55,2,2,89736748
55,2,1,89736760
50,4,1,89739285
56,2,8,89740706
56,3,3,89741791
55,5,10,89741834
4,32,10,89741999
8,30,5,89744896
1,29,11,89749250
56,6,11,89775288
55,3,8,89781137
56,2,5,89793561
52,5,0,89802594
57,3,13,89806938
57,4,3,89810449
21,19,6,89810929
53,4,13,89811880
58,6,0,89829492
8,32,5,89834564
56,5,8,89839456
28,12,10,89844304
15,32,5,89858680
19,31,11,89859080
16,32,8,89859533
18,32,8,89862259
18,32,14,89865914
18,32,0,89866150
16,32,11,89866749
5,37,1,89867264
15,33,8,89868123
20,32,11,89868524
15,32,3,89869184
9,36,8,89869833
58,4,11,89870052
37,27,11,89870578
17,33,6,89870716
40,27,6,89872442
39,27,5,89873848
59,8,8,89874128
59,8,10,89875567
20,33,0,89875696
19,33,0,89876036
3,38,3,89876103
15,38,6,89886308
29,33,13,89888221
16,39,14,89890292
38,29,5,89890510
5,42,11,89890604
20,37,8,89890740
7,41,11,89891484
41,28,8,89892389
39,29,8,89892617
30,33,11,89893169
39,28,11,89893817
17,38,11,89894811
36,30,11,89896247
32,33,3,89898233
40,28,11,89898566
40,29,8,89898569
20,37,13,89898627
14,41,15,89898807
30,33,5,89899550
37,30,11,89899871
10,37,6,89899932
9,38,2,89899973
28,34,11,89900567
39,30,8,89901114
30,33,14,89902103
29,33,13,89902218
29,33,8,89902222
28,34,0,89902223
32,32,11,89902483
14,30,6,89902543
1,23,11,89902675
21,38,6,89902972
36,31,11,89903002
30,33,11,89904032
2,36,11,89904071
38,29,3,89904144
38,30,0,89904242
30,33,13,89904719
26,16,13,89904943
30,34,6,89905139
20,38,3,89905166
21,38,11,89905203
20,37,3,89905210
28,33,14,89905448
32,33,11,89905558
33,32,3,89905560
22,39,8,89905587
22,39,11,89905711
22,37,3,89905712
34,32,5,89905826
38,30,11,89906318
30,35,8,89906517
22,39,0,89906693
2,46,3,89906704
6,40,3,89906826
6,40,0,89906831
36,32,8,89907039
40,30,11,89920990
36,33,8,89922194
35,33,11,89922399
36,32,11,89923793
28,37,8,89924555
12,38,14,89924803
32,38,14,89926121
3,40,6,89928307
29,37,14,89929601
30,36,8,89929607
47,28,5,89930934
27,18,2,89931019
20,36,6,89931220
34,35,3,89934093
30,37,8,89934328
3,39,8,89935153
17,37,13,89936450
31,36,14,89936636
40,33,6,89937492
33,37,8,89937628
29,40,6,89956044
25,31,6,89956336
55,3,14,89957371
54,2,6,89957373
4,42,13,89957413
51,30,5,89959017
3,44,14,89959289
5,35,13,89960776
25,11,11,89963330
50,31,5,89964465
17,32,5,89967299
56,2,6,89968072
50,34,10,89983790
49,35,2,89984413
22,52,14,89985773
17,34,13,89988140
17,34,5,89988143
1,47,13,89990510
22,53,8,89990777
22,53,0,89990783
2,40,13,89990815
1,40,13,89991143
1,28,5,89992151
56,6,13,89992647
21,53,11,89995746
3,45,3,89995971
55,2,14,89996024
14,34,14,89996145
16,35,5,89996477
57,8,14,89996826
57,8,6,89996829
55,6,5,89997259
16,35,6,89997445
3,32,4,89997676
1,30,4,89997996
3,34,4,89998317
56,7,14,89998510
55,6,6,89998522
53,1,9,89998881
55,3,7,89999634
27,20,9,89999729
27,20,3,89999871
27,20,6,90000301
56,8,5,90000792
20,31,0,90001093
52,1,9,90007130
1,51,11,90011848
2,50,3,90011850
3,51,10,90012287
3,51,2,90012293
1,51,13,90012992
1,51,5,90012996
1,52,0,90013887
18,36,13,90014461
19,35,5,90014462
54,5,14,90015022
55,4,6,90015036
53,6,6,90019427
4,46,14,90023210
5,47,7,90023213
53,6,10,90023476
53,6,2,90023494
25,13,11,90024328
55,9,2,90024356
21,56,11,90024840
21,56,3,90024867
56,8,5,90026582
4,51,10,90030374
3,51,1,90030399
53,6,11,90040690
50,37,8,90058392
2,53,6,90059610
54,5,5,90060986
54,6,6,90061787
55,4,3,90087531
29,19,13,90091067
30,18,5,90091088
54,2,3,90091457
2,53,5,90091621
56,7,3,90093462
55,7,0,90093469
21,25,3,90094137
2,52,2,90107886
56,6,3,90109586
57,7,3,90111450
56,7,10,90112800
56,7,8,90113295
56,7,0,90113301
20,25,10,90115238
56,6,13,90115936
58,7,3,90118408
57,5,11,90118411
56,8,10,90118813
55,7,2,90118816
25,32,0,90118992
57,8,10,90118998
53,10,9,90120072
57,5,3,90120269
29,19,6,90120276
23,28,3,90120292
58,8,3,90120637
44,42,2,90120725
2,44,1,90121114
54,3,3,90121534
31,20,9,90121902
31,20,1,90121904
53,40,8,90123937
3,32,8,90125134
3,32,0,90125141
23,28,6,90125345
56,5,0,90134489
57,7,2,90137274
56,4,3,90142218
57,2,3,90144447
58,8,11,90145173
7,44,13,90145417
56,4,0,90147221
59,9,8,90147443
28,38,13,90147456
24,28,3,90148899
3,30,11,90149583
5,36,3,90150842
32,20,13,90151026
58,8,3,90151112
58,7,10,90152204
2,51,1,90152260
4,50,1,90152853
8,43,0,90153012
3,42,9,90153124
3,42,1,90153126
58,4,8,90153567
59,9,11,90153595
3,46,1,90153916
30,20,15,90154842
58,5,11,90155015
22,32,2,90156242
59,5,0,90156260
25,29,3,90156727
59,5,9,90177100
59,7,2,90183150
8,43,5,90184636
6,45,2,90184644
59,6,0,90186408
61,10,8,90186727
60,8,9,90195746
61,8,0,90205336
61,9,9,90209106
7,40,9,90212370
31,19,11,90212497
60,6,9,90213055
60,5,8,90213058
32,19,9,90213514
32,19,1,90213519
32,19,12,90214007
31,18,15,90214010
31,18,7,90214011
24,22,14,90214266
5,49,2,90214690
5,49,1,90214692
32,18,11,90217874
33,18,8,90217876
33,18,0,90217882
61,8,11,90218124
60,7,3,90218130
8,45,9,90218707
8,45,1,90218711
32,19,10,90218973
60,5,3,90231146
60,4,10,90234775
61,5,1,90234777
60,5,9,90238536
62,6,9,90240014
33,18,14,90241494
33,18,6,90241502
7,40,2,90242755
8,39,1,90242772
7,43,1,90243069
7,47,1,90243273
60,2,0,90243422
60,3,3,90243615
61,4,8,90245228
61,4,0,90245229
60,6,2,90245675
32,19,3,90246107
32,17,9,90247075
7,47,2,90247879
9,42,14,90248209
8,43,10,90248213
9,41,8,90248235
26,29,10,90259303
61,4,10,90259600
10,41,5,90262111
45,14,10,90264488
5,47,1,90268459
33,17,1,90268883
4,48,1,90269356
6,39,9,90269828
6,39,1,90269838
7,39,10,90270456
34,16,5,90273729
62,5,11,90275043
34,18,6,90275881
34,18,8,90276332
7,43,2,90276453
8,42,1,90276528
7,46,9,90277341
7,46,1,90277342
1,45,1,90278062
5,39,2,90278931
7,42,1,90279370
26,22,0,90279712
27,26,11,90279718
27,26,3,90279724
11,42,14,90280265
10,41,6,90280269
61,2,10,90281207
6,39,2,90281378
9,41,9,90298508
6,26,2,90298521
8,38,1,90300426
7,27,9,90300516
30,21,13,90302704
6,38,9,90303090
3,43,8,90303356
2,43,1,90303881
11,40,0,90304633
9,45,10,90305151
35,18,1,90306328
34,17,9,90306556
29,29,11,90307600
33,19,2,90308324
8,41,9,90310579
7,38,2,90311488
29,30,6,90313103
9,44,5,90329677
54,41,1,90340648
8,45,5,90341351
54,41,11,90342619
29,35,2,90342704
57,41,13,90374325
10,44,5,90392319
30,17,8,90428134
59,44,6,90435212
9,45,6,90435255
8,46,10,90435257
34,13,11,90436862
7,47,11,90490142
58,50,13,90491370
29,21,14,90531444
6,44,8,90550719
6,44,0,90550721
36,16,8,90552713
28,21,6,90558090
1,45,10,90559400
8,47,14,90675414
38,28,10,90680800
25,53,1,90682538
25,53,6,90682543
33,20,11,90685844
11,38,1,90712515
34,20,11,90717079
38,19,6,90739683
13,25,8,90747035
2,42,2,90772053
5,38,2,90774138
5,47,2,90775385
6,46,8,90776509
5,46,9,90779135
7,45,2,90780521
6,37,2,90781045
5,38,1,90781046
5,37,2,90790860
8,37,2,90792883
4,37,10,90794758
3,46,10,90796592
2,45,10,90798451
6,36,10,90803362
7,37,9,90803364
6,36,1,90803366
9,37,10,90804781
8,36,9,90804784
9,36,9,90804962
9,36,1,90805013
9,37,2,90807969
10,36,9,90807971
5,36,1,90808553
8,37,9,90809756
7,36,1,90809758
3,41,10,90811302
2,40,2,90811308
6,35,1,90834157
8,36,10,90837643
7,35,1,90837665
9,36,10,90840207
8,35,1,90840218
9,35,9,90841423
10,35,10,90862374
6,35,2,90867358
7,34,1,90867365
3,35,2,90869731
5,34,9,90869746
10,42,1,90870451
9,34,10,90870605
10,35,9,90870607
9,34,1,90870610
11,41,6,90870660
10,42,2,90870679
9,35,10,90871795
7,42,13,90872167
8,41,5,90872169
7,34,10,90896892
6,33,1,90896907
10,34,10,90899558
5,42,1,90905846
7,41,9,90905857
9,33,10,90906552
4,41,1,90906617
3,41,9,90923602
7,32,1,90931777
4,41,10,90932219
10,33,2,90932302
8,32,1,90934437
1,41,10,90935157
10,33,9,90937134
9,32,1,90937166
8,39,6,90952065
42,19,10,90957916
7,31,9,90958421
8,31,9,90960663
8,31,1,90960685
9,31,9,90962440
6,32,10,90964194
5,31,2,90964206
11,36,4,90964925
10,31,9,90965017
7,30,9,90981979
8,30,9,90983549
9,30,9,90986056
5,34,9,90986510
10,30,9,90989393
23,38,14,90989915
5,33,9,90990117
7,29,9,90990683
10,38,10,90991465
7,34,1,90991750
7,30,10,90994580
8,30,10,90996800
9,29,9,90996803
60,55,11,90996821
61,54,3,90996826
3,34,12,90997067
3,33,10,90997597
3,33,2,90997628
11,34,1,90997688
12,35,12,90998360
11,34,15,90998364
11,34,7,90998379
9,30,2,90999401
7,37,0,90999626
13,31,9,91000303
12,30,1,91000318
3,34,2,91000648
11,29,9,91016750
7,29,10,91018246
7,29,1,91018260
16,38,10,91019206
25,31,9,91019344
29,37,9,91019558
42,17,10,91021268
30,37,9,91021935
4,33,9,91023186
11,33,9,91024264
6,29,1,91024417
39,25,9,91025195
13,29,9,91026218
6,33,10,91027744
6,33,2,91027747
4,33,10,91027764
3,32,2,91027768
10,28,9,91028128
7,36,10,91028456
7,36,2,91028459
12,34,1,91029011
9,34,10,91029724
8,33,2,91029727
2,33,2,91030133
6,28,9,91030605
7,28,9,91031085
11,36,2,91031752
12,28,9,91041823
8,28,2,91043397
9,28,2,91044589
7,27,10,91045179
10,28,1,91045496
13,28,9,91046779
5,32,1,91047174
7,35,2,91048658
9,28,9,91052955
9,27,2,91053751
9,27,9,91053752
12,28,10,91054831
12,28,2,91054832
10,32,2,91054856
7,31,7,91055144
52,49,8,91055523
6,31,7,91055746
11,35,2,91056675
11,27,1,91056839
6,31,1,91057036
9,34,5,91057805
6,30,7,91058020
3,32,12,91058289
3,31,10,91058294
7,27,2,91058779
16,36,10,91059354
16,36,2,91059367
5,27,1,91059977
29,37,2,91060340
8,27,10,91060497
13,34,0,91061397
8,31,15,91061864
7,34,12,91062361
10,31,7,91062484
11,32,7,91062992
3,34,2,91071126
5,34,10,91075979
4,33,2,91075988
8,33,9,91076098
11,26,9,91076616
13,30,10,91077696
13,30,2,91077702
3,33,2,91078086
7,25,1,91082549
45,14,1,91083216
5,29,9,91083368
60,47,13,91083910
60,47,5,91083914
8,25,9,91085685
13,26,9,91087040
13,26,1,91087060
58,49,2,91087397
4,33,1,91087448
35,17,1,91088480
4,30,12,91089201
12,31,10,91089278
13,30,1,91090115
13,30,7,91090117
9,32,1,91090148
9,30,4,91090335
45,44,1,91091217
46,13,1,91091901
6,31,15,91092227
11,26,10,91092285
11,26,2,91092287
12,25,9,91092289
10,30,7,91093053
9,30,10,91093057
51,46,10,91093115
3,31,12,91093939
2,31,2,91093981
12,33,12,91094007
10,30,2,91106508
55,45,1,91109510
27,33,9,91111087
27,33,1,91111098
6,30,9,91111468
9,24,1,91113039
7,29,4,91114371
43,13,1,91114492
8,23,9,91118011
56,46,2,91119924
24,45,1,91121204
50,43,9,91121912
51,42,1,91121913
57,46,10,91123090
58,45,2,91123109
7,30,9,91124182
42,20,13,91124548
43,19,5,91124560
57,43,9,91124978
56,44,1,91124979
8,24,10,91125144
8,24,2,91125146
3,30,2,91139532
2,29,10,91141015
14,28,8,91144412
6,28,10,91145173
41,12,9,91145321
41,12,1,91145349
20,53,1,91147674
58,42,3,91150124
9,27,15,91151414
8,26,7,91151418
5,27,10,91151925
5,29,1,91153034
11,24,10,91153871
47,41,1,91154229
11,30,2,91154440
8,22,9,91154818
8,22,1,91154828
41,18,14,91156226
4,28,2,91156266
11,29,2,91170607
9,27,4,91173576
25,41,9,91180791
6,26,1,91182354
22,41,14,91183144
21,47,2,91183365
51,39,9,91184487
7,29,1,91184674
40,17,10,91185358
4,24,15,91185420
38,12,9,91185769
16,16,5,91185878
45,39,10,91186061
45,39,2,91186069
5,27,2,91186385
8,25,4,91207259
45,37,1,91207573
44,9,1,91208204
4,26,15,91208955
6,26,7,91210990
9,26,12,91212405
46,36,1,91216013
7,27,9,91216115
4,24,10,91216405
9,26,4,91216919
3,26,2,91217031
2,26,10,91217900
4,24,4,91218582
57,37,1,91219257
55,37,10,91229400
31,37,9,91234506
31,37,1,91234508
3,25,15,91235004
15,49,13,91237185
15,49,5,91237190
40,35,9,91240307
28,22,12,91241530
39,36,2,91243642
41,34,1,91243660
5,25,7,91243954
3,22,9,91244066
3,22,1,91244070
17,47,13,91244277
17,47,5,91244278
3,25,12,91245954
40,36,10,91247958
52,34,6,91248222
50,35,4,91248806
49,35,10,91248813
12,23,12,91250351
30,25,13,91271298
4,24,9,91273742
25,38,1,91275446
37,33,10,91277427
31,23,15,91277481
38,33,10,91277951
39,33,10,91278063
4,23,12,91281299
5,24,4,91281302
13,13,6,91300935
13,15,13,91301983
52,33,9,91302176
40,14,10,91305702
12,12,14,91305841
14,7,5,91306555
31,11,14,91307497
30,23,5,91308661
31,22,13,91309090
31,22,5,91309092
29,26,15,91309506
2,23,15,91310317
11,21,13,91310436
12,19,12,91310823
42,12,6,91310867
3,23,7,91311710
12,17,13,91334250
11,18,9,91334254
11,18,1,91334255
10,20,14,91334901
29,22,13,91335098
29,24,5,91336499
21,18,5,91338170
42,12,1,91339974
9,20,7,91360449
10,19,15,91366089
39,11,15,91367175
39,11,1,91369055
10,15,6,91371963
9,16,2,91371968
40,12,11,91373881
39,11,3,91373884
29,8,6,91392833
8,20,8,91393442
9,17,5,91397463
38,13,10,91400983
38,13,2,91401046
6,20,14,91401060
7,19,6,91401061
33,13,1,91401229
7,20,14,91401343
7,20,7,91403216
38,13,1,91403671
8,19,13,91406342
9,18,5,91406352
8,20,13,91419066
9,9,14,91425152
39,10,5,91425504
37,12,9,91425507
37,12,1,91425516
36,13,11,91426458
36,13,3,91426467
37,13,2,91431989
42,34,14,91432723
42,34,6,91432744
6,20,15,91433529
25,23,5,91434598
9,1,2,91436285
38,13,7,91437797
37,12,7,91437800
10,7,5,91437960
25,19,14,91449792
6,18,11,91453043
4,18,14,91454686
5,19,14,91457538
5,19,6,91457539
6,14,3,91459770
5,20,6,91460729
7,13,5,91462159
36,13,12,91462471
37,12,4,91462496
6,18,5,91462893
6,19,8,91463138
5,18,6,91463894
6,17,5,91463900
4,18,5,91463920
36,12,15,91464146
25,17,13,91464548
5,18,12,91464822
5,18,15,91465514
26,11,9,91466276
6,17,15,91466310
5,18,5,91469246
6,12,3,91469368
4,19,14,91482015
4,20,6,91484146
23,23,5,91485251
4,19,6,91486507
5,19,12,91490166
62,17,10,91491553
34,23,6,91494334
3,18,15,91494478
5,19,5,91494943
35,13,10,91495291
34,12,2,91495320
4,20,7,91495722
5,18,5,91496393
42,33,6,91497819
5,19,13,91498843
33,30,5,91498986
3,19,14,91499754
2,17,14,91508311
4,16,6,91514826
1,18,6,91515540
2,19,14,91520743
5,10,5,91521065
2,19,7,91525318
3,17,6,91525955
5,7,14,91526257
41,32,13,91526476
2,19,5,91526974
34,12,5,91527999
35,13,9,91528001
62,18,10,91529645
62,18,2,91529652
61,16,14,91530496
62,23,12,91530560
62,23,4,91530581
34,13,6,91530728
3,16,5,91531227
62,20,14,91531249
60,22,3,91549078
61,20,6,91550270
61,16,13,91550317
30,14,2,91552548
32,13,11,91552641
31,15,10,91553133
32,14,2,91553137
60,19,7,91553170
61,19,13,91553652
60,15,13,91554757
61,14,5,91554764
31,14,3,91554961
1,17,11,91555578
27,14,14,91555683
61,21,12,91556456
61,15,15,91556940
31,13,9,91557076
31,13,1,91557077
62,19,14,91557761
61,18,6,91557766
30,13,3,91558238
60,18,13,91558388
61,19,5,91558399
59,22,14,91558610
61,22,6,91558621
60,19,6,91558925
61,18,7,91559008
60,20,14,91559195
32,14,10,91559472
61,17,5,91560316
32,14,9,91560351
1,20,12,91560375
1,20,4,91560383
32,12,5,91561657
22,17,5,91561690
33,11,13,91561770
21,22,6,91562345
60,21,14,91562373
61,20,5,91562382
1,19,4,91562384
2,17,5,91562399
61,18,13,91562423
62,17,5,91562427
61,19,4,91562428
19,24,9,91562857
60,18,14,91574690
59,20,13,91577535
62,13,5,91577710
61,16,15,91577963
60,18,5,91578972
60,16,15,91579707
31,13,10,91580117
60,19,12,91581241
60,19,15,91581621
60,20,6,91582045
59,16,6,91582256
32,13,0,91582297
61,16,5,91582304
59,16,15,91582849
61,14,15,91582851
60,15,7,91582879
58,14,6,91583249
59,20,12,91584174
60,18,4,91584583
60,16,13,91584865
58,19,5,91585131
59,15,15,91587020
61,13,15,91587021
60,14,7,91587023
58,18,14,91587307
21,16,9,91587342
59,21,5,91587520
31,14,1,91587990
60,18,15,91588043
59,19,7,91588047
20,14,14,91588374
21,13,6,91588375
2,1,9,91588506
59,17,12,91588768
61,17,4,91588770
59,16,5,91588810
61,14,5,91588812
60,17,4,91588830
60,19,14,91589218
60,17,6,91589228
30,15,2,91589694
59,15,13,91589984
16,19,2,91590101
32,14,8,91590164
31,12,11,91590747
58,16,6,91590836
59,15,5,91590848
30,14,15,91590990
30,14,7,91590991
59,16,12,91591434
61,14,12,91591435
59,19,13,91591498
58,16,14,91591919
59,18,7,91591924
58,21,12,91591964
59,20,4,91591969
32,12,15,91592669
20,15,14,91593433
57,17,14,91593475
30,12,13,91593695
58,18,4,91593716
58,16,7,91593747
58,22,14,91593793
30,13,9,91593824
21,14,14,91593827
20,15,6,91593829
19,26,1,91593883
20,19,6,91594231
58,19,6,91601436
42,6,14,91602992
30,14,3,91605291
17,26,5,91608348
29,12,5,91609050
28,13,1,91609053
57,15,14,91609701
58,17,7,91609704
58,19,5,91610426
56,21,14,91611119
59,16,14,91611507
57,17,15,91611508
30,13,12,91611917
57,20,7,91611968
57,20,15,91612801
28,13,2,91613160
27,14,1,91613715
57,16,15,91613900
59,14,15,91613901
57,15,6,91614216
57,21,12,91614282
31,13,12,91614936
58,19,12,91615839
57,21,6,91615863
59,15,7,91615968
59,17,13,91616128
57,21,13,91616158
16,26,6,91616913
57,20,5,91616942
58,20,14,91617643
58,18,6,91617654
25,13,5,91617714
29,14,8,91617749
57,20,12,91617780
58,16,12,91617878
56,22,15,91617961
57,21,7,91617980
57,21,4,91618002
42,36,6,91618349
56,16,13,91618900
57,15,5,91618902
57,18,4,91618904
58,14,5,91619673
57,20,14,91619805
56,21,15,91619806
58,21,7,91619808
57,19,15,91619819
58,22,13,91620414
57,21,5,91620429
58,17,12,91620464
57,17,4,91620722
33,34,6,91621017
58,15,12,91621167
30,13,13,91622225
28,13,14,91622227
29,12,6,91622233
55,17,5,91622647
31,11,13,91622807
32,10,5,91622810
29,13,2,91622823
38,12,13,91623098
38,12,5,91623130
58,16,6,91623685
57,18,7,91623694
29,14,8,91624141
29,14,0,91624149
20,19,14,91624216
28,13,15,91624274
28,13,7,91624276
31,11,15,91624682
34,32,14,91624689
56,22,12,91624828
58,22,4,91624829
56,20,4,91624843
58,21,4,91624937
56,20,6,91624981
29,14,14,91625165
57,17,7,91625195
56,19,14,91634154
56,19,6,91634155
56,19,15,91634995
15,27,6,91635224
15,26,6,91637488
56,17,14,91638796
56,18,15,91639003
56,18,6,91639628
56,20,12,91640239
55,18,13,91640342
56,21,4,91640366
28,13,13,91641175
56,16,7,91641321
54,17,5,91641352
56,15,14,91642551
56,15,6,91642555
55,15,7,91644159
56,15,7,91644639
56,18,12,91644646
55,15,14,91644791
56,14,15,91644951
56,17,5,91645738
57,17,13,91645950
56,16,5,91645957
56,17,4,91647328
15,26,13,91647385
16,25,5,91647390
54,21,15,91647680
54,19,14,91648009
54,21,6,91648010
56,19,12,91648315
14,26,14,91648547
56,16,12,91648599
56,16,4,91648610
55,15,4,91649032
54,20,14,91649420
55,21,15,91649423
55,21,7,91649429
56,14,13,91649823
57,13,5,91649824
56,15,12,91649826
57,16,4,91649830
55,19,6,91650057
54,14,5,91650233
54,13,5,91650716
55,16,4,91650719
55,20,5,91650773
54,17,14,91651122
55,17,6,91651152
56,18,13,91652249
55,18,5,91652451
29,18,13,91652576
26,15,11,91652889
23,14,14,91653424
23,14,6,91653438
55,19,15,91653537
28,17,13,91653633
54,19,13,91654310
29,21,5,91654780
54,22,12,91654867
55,17,15,91655057
29,18,13,91655200
54,20,13,91655497
26,15,14,91655527
25,14,6,91655540
16,25,6,91655616
55,20,12,91655986
55,19,5,91656325
13,28,6,91656475
15,26,6,91656481
24,15,6,91656906
54,20,6,91665454
54,19,6,91667531
53,20,6,91668454
55,15,6,91669650
55,16,15,91670113
14,26,13,91671716
55,16,14,91673445
55,16,13,91673448
55,16,7,91673453
25,14,13,91675015
54,19,5,91676241
26,15,7,91677551
26,15,6,91678537
26,15,12,91678979
53,16,7,91679047
25,14,4,91681351
54,15,5,91682880
53,16,9,91682884
14,27,14,91682915
13,26,6,91682916
52,21,6,91682951
3,28,14,91684003
54,16,4,91684090
54,15,12,91685755
13,27,14,91686478
14,26,6,91686479
13,27,5,91686483
26,14,12,91687160
24,16,6,91687269
53,21,14,91687342
53,22,15,91687345
52,21,7,91687362
42,38,10,91715811
38,38,8,91715911
53,14,15,91717780
51,16,13,91775803
52,17,5,91775809
62,12,5,91794481
23,17,10,91826793
23,17,0,91832150
24,16,14,91832930
22,18,8,91835871
51,17,5,91838532
11,29,14,91838978
33,16,13,91840931
61,14,12,91841318
11,28,6,91841787
12,16,6,91842721
11,26,14,91843288
23,17,11,91843529
62,15,13,91853761
50,19,13,91857635
21,18,2,91862098
22,35,6,91863418
23,23,5,91864419
11,27,5,91865454
59,14,15,91867065
49,21,15,91867934
49,15,15,91868197
10,28,14,91868243
10,28,6,91868244
48,22,14,91868408
49,16,6,91868632
49,16,15,91868745
10,27,6,91869191
49,17,7,91871120
21,17,1,91871305
23,12,14,91872349
61,14,4,91872611
22,25,6,91872616
22,26,14,91873100
49,20,15,91873191
49,18,7,91873193
22,18,12,91873480
49,18,14,91873690
49,21,12,91884271
48,17,14,91892398
21,16,5,91893874
46,15,14,91894376
46,15,6,91894377
60,14,12,91895134
60,13,15,91895189
60,13,7,91895221
49,21,7,91895597
58,15,4,91895862
49,18,13,91896102
48,16,4,91897076
19,18,9,91897479
20,17,1,91897481
20,18,7,91897482
58,15,14,91898123
48,15,13,91898524
48,17,4,91898530
49,21,6,91898752
59,15,14,91899655
19,18,2,91900318
9,28,14,91900687
47,16,5,91901191
9,26,14,91901386
21,17,13,91901480
21,19,10,91901482
58,15,15,91902238
59,14,12,91902247
59,15,7,91902250
20,18,2,91902254
46,16,13,91902307
21,27,14,91902390
21,27,6,91902393
4,28,13,91902601
20,17,10,91902634
20,17,2,91902643
5,17,14,91903190
22,13,5,91903276
58,13,4,91903529
18,18,15,91903711
18,18,7,91903716
9,30,14,91904000
47,18,1,91904008
48,19,14,91904010
47,18,6,91904011
9,32,14,91904204
9,32,5,91904209
48,21,12,91904394
48,21,4,91904395
4,34,6,91904550
57,13,7,91904581
48,22,12,91904752
48,22,4,91904753
4,34,8,91904890
6,34,8,91905326
59,15,13,91905848
47,20,5,91905916
5,34,0,91906012
47,18,11,91906079
5,34,8,91906690
58,13,5,91914228
47,17,5,91915638
58,13,15,91917933
57,14,12,91918155
57,14,4,91918172
18,19,6,91918403
46,17,6,91918874
47,16,7,91919626
46,18,13,91920634
47,18,13,91921339
56,13,4,91921426
47,19,12,91921495
47,19,13,91922842
57,13,4,91923161
47,19,4,91923371
45,16,7,91923381
56,14,7,91923914
46,16,6,91924243
47,16,4,91924681
45,17,14,91925439
44,16,6,91925443
46,20,7,91925807
57,12,15,91925883
58,12,4,91926256
2,37,14,91926963
46,16,14,91927118
47,15,12,91927124
45,15,4,91927126
55,12,7,91927143
46,16,5,91928329
15,20,5,91928345
44,15,7,91928492
2,36,3,91928518
14,15,5,91928584
56,12,4,91928807
6,28,3,91928968
57,12,4,91929086
9,31,5,91929587
19,19,5,91929663
56,13,12,91929861
55,12,4,91929865
8,28,14,91930591
19,19,13,91930634
56,12,13,91930874
57,15,4,91930876
45,17,6,91931590
54,12,13,91932032
54,12,5,91932033
47,20,7,91932489
57,11,7,91933334
7,28,6,91933795
45,15,15,91933918
45,15,7,91933926
44,15,15,91934112
45,14,7,91934127
3,37,0,91934244
19,20,14,91934707
45,21,15,91935020
45,19,7,91935029
46,19,4,91935134
45,15,14,91935348
45,15,13,91935349
9,24,5,91935393
2,38,8,91935574
55,13,14,91935705
13,22,10,91935709
14,21,2,91935716
45,17,13,91935757
45,16,12,91935765
43,15,14,91935893
3,37,3,91936352
18,19,6,91936942
47,20,6,91936966
4,37,11,91936972
2,37,13,91936985
18,20,15,91937140
57,11,12,91937442
55,11,4,91937445
17,20,6,91937446
55,12,15,91937447
55,10,7,91937453
11,16,11,91937911
56,11,4,91944019
55,11,10,91944293
55,12,12,91944378
46,20,12,91945441
55,11,15,91947565
56,10,15,91952561
17,21,2,91952775
17,21,14,91952788
55,10,15,91953060
54,11,13,91953912
55,11,12,91953913
54,12,4,91953928
44,16,6,91954447
16,22,2,91955664
46,21,7,91956078
45,14,12,91956209
45,17,13,91958330
44,16,5,91958337
8,30,5,91958719
56,10,2,91958814
55,11,7,91958902
13,23,13,91959151
46,20,4,91960477
42,15,7,91960664
7,31,14,91960705
8,30,6,91960708
54,11,4,91961298
43,16,6,91961396
44,16,12,91961524
44,16,4,91961525
56,10,4,91962195
43,17,6,91962202
45,20,12,91962291
45,20,4,91962315
43,15,13,91962710
53,11,15,91962749
53,11,7,91962750
54,11,12,91962754
55,10,4,91962765
4,40,6,91962800
52,10,7,91963381
43,14,15,91964038
44,15,7,91964040
45,21,4,91964153
43,16,5,91964302
6,40,8,91964388
56,9,15,91965142
51,10,6,91966387
17,21,10,91966647
6,32,8,91966834
6,32,0,91966835
13,23,11,91966937
18,22,8,91966978
17,23,0,91966979
4,40,14,91967386
27,19,4,91967693
42,15,12,91967762
43,14,4,91967779
54,12,13,91967878
52,12,5,91967879
53,10,7,91968242
42,17,11,91968484
5,40,0,91968639
16,22,2,91968805
42,16,7,91969099
15,24,11,91969218
42,15,4,91969560
1,43,14,91976474
2,42,6,91976475
42,14,7,91980191
53,11,12,91980840
41,15,14,91983258
50,9,15,91985013
51,9,12,91985471
43,19,7,91985948
42,15,15,91986701
41,15,13,91986795
53,11,4,91987248
51,10,7,91987906
52,10,15,91987915
53,9,4,91988737
41,17,10,91989968
43,16,14,91990010
16,24,13,91990083
41,16,4,91991122
44,19,7,91991308
3,42,11,91991356
6,28,14,91991433
6,28,6,91991437
51,9,4,91991687
7,33,6,91991856
16,23,5,91992655
41,16,14,91993460
40,15,6,91993462
52,9,4,91993667
12,25,6,91993691
50,10,12,91993711
51,9,15,91994389
42,14,14,91994397
59,35,13,91994538
59,35,5,91994559
51,10,13,91994852
51,10,5,91994853
52,10,12,91994855
50,10,4,91994866
43,16,13,91994871
41,14,13,91994873
49,9,15,91994987
43,19,15,91995775
42,18,7,91995780
2,37,5,91996393
42,14,13,91997385
42,14,5,91997389
51,10,4,91997966
42,15,6,91998977
2,44,8,91999275
39,14,14,91999300
40,15,7,91999301
41,14,15,91999856
41,14,7,91999870
52,8,15,91999978
51,8,15,92012449
43,19,12,92025008
12,19,10,92090378
4,42,13,92104688
5,42,15,92112696
5,42,12,92119145
24,41,2,92121063
18,43,12,92121995
25,41,15,92123181
23,41,1,92123734
27,41,10,92124004
25,41,2,92124005
2,42,2,92124211
24,40,1,92124866
21,62,1,92125282
5,39,15,92144929
5,40,12,92147547
21,41,15,92147968
18,61,15,92151122
20,60,15,92154359
17,40,10,92171948
18,39,2,92171958
17,61,12,92177057
17,60,15,92177154
18,58,12,92205124
15,61,12,92207921
15,59,15,92211573
17,56,15,92230741
13,60,6,92232465
16,57,12,92235167
18,54,1,92241201
20,55,10,92241349
19,54,2,92241367
42,18,5,92242312
15,56,14,92242539
16,55,6,92242565
47,35,9,92242789
41,17,13,92249412
16,56,12,92250017
18,53,15,92272913
49,9,15,92279238
18,52,10,92295093
50,9,15,92297532
48,9,15,92302588
48,33,9,92303617
49,11,12,92304324
49,11,4,92304336
15,60,11,92312692
37,11,2,92335822
18,53,1,92370525
18,57,0,92372216
38,14,6,92400758
62,10,6,92405965
62,10,5,92406105
45,6,6,92406467
47,7,15,92430773
24,45,15,92459192
47,29,2,92459277
22,55,10,92466877
24,54,10,92549304
24,54,1,92560331
27,40,12,92583002
38,11,11,92593043
49,25,1,92610572
27,37,15,92639932
35,35,7,92642872
39,13,0,92651494
30,35,2,92654256
37,33,9,92672483
28,34,15,92676117
38,11,11,92678586
38,11,3,92678593
30,32,9,92679992
31,30,1,92708378
31,30,15,92712187
31,30,2,92714290
42,30,0,92735750
37,8,10,92747722
29,29,2,92791293
33,30,2,92800221
32,27,2,92801661
49,2,6,92891575
29,28,10,92897989
28,28,2,92932318
25,53,1,93430457
25,53,3,93430460
25,53,6,93430541
51,2,13,93671056
43,14,6,93748175
21,32,6,93768780
43,11,8,93840480
43,11,0,93840487
22,30,1,93891536
21,32,8,93893881
22,30,9,93895300
23,29,1,93895453
20,34,8,93902012
55,5,6,93906036
21,42,0,93934721
53,4,11,94332455
55,4,10,94335526
42,11,10,94337536
20,33,15,94359377
21,31,15,94360533
20,41,13,94360636
20,32,15,94362256
20,33,5,94362328
19,40,13,94363693
21,44,0,94364849
20,32,12,94366252
19,42,5,94366532
18,36,15,94366879
20,33,4,94367258
18,36,7,94368441
28,30,9,94368543
22,44,13,94368822
20,32,4,94371553
19,32,7,94371559
27,26,2,94371568
19,47,6,94373115
17,35,7,94373315
18,43,5,94373459
25,46,8,94373564
16,36,15,94373965
16,36,6,94374058
15,42,14,94374419
30,26,10,94374930
30,26,2,94374932
24,47,8,94375188
28,25,10,94382067
28,25,2,94382072
15,48,5,94382126
17,49,3,94383844
15,32,12,94384220
12,41,6,94384303
13,34,12,94384446
21,51,14,94385078
12,44,5,94385312
12,43,5,94385577
17,45,13,94385587
15,45,5,94385588
57,3,9,94386139
57,3,1,94386143
29,24,2,94386646
12,33,15,94386691
21,52,11,94387006
20,52,6,94387189
11,44,5,94387796
14,33,4,94388146
10,40,12,94388648
38,29,10,94388743
9,43,7,94388837
16,28,15,94389064
12,32,15,94389208
21,51,15,94389363
28,24,2,94389473
12,33,12,94389475
37,28,10,94389603
23,53,8,94389641
22,54,8,94389751
11,50,6,94390088
27,24,10,94390114
12,32,12,94390261
29,24,10,94390266
9,44,4,94390430
17,26,9,94390923
9,47,4,94391154
8,45,14,94391300
8,46,7,94391303
8,47,14,94391406
12,33,4,94391424
13,55,6,94391854
8,46,4,94391880
8,48,6,94391904
12,32,7,94391945
7,44,15,94391959
12,52,5,94391971
12,56,6,94392285
16,55,0,94392330
7,45,6,94392648
7,47,7,94392659
7,45,4,94392689
29,24,7,94392693
7,44,4,94392828
11,53,5,94393002
17,25,9,94393095
17,25,1,94393097
8,47,5,94393174
6,43,7,94393385
28,24,1,94393406
17,27,7,94393410
12,32,4,94393545
16,55,6,94393639
7,39,4,94393677
7,43,5,94393689
28,24,7,94393711
36,26,4,94393727
12,55,5,94393782
8,48,5,94393829
7,44,12,94393862
21,57,13,94393887
29,24,15,94394065
38,28,10,94394190
20,57,6,94394303
6,46,15,94394443
15,57,14,94394459
15,57,6,94394463
6,43,4,94394489
6,44,5,94394564
5,42,7,94394585
6,48,13,94394607
20,56,13,94394652
5,42,13,94394732
7,53,13,94395118
11,58,13,94395156
11,56,5,94395158
6,38,4,94395224
16,25,9,94395288
20,56,3,94395327
4,41,13,94395435
10,32,7,94395686
9,55,5,94395784
8,56,6,94395824
8,56,5,94395827
10,59,14,94395878
9,58,14,94395880
6,32,14,94395898
10,57,5,94395918
12,58,0,94395952
55,3,3,94396017
7,54,12,94396026
6,53,15,94396032
4,45,15,94396071
5,55,6,94396296
5,54,6,94396389
1,45,5,94396470
31,24,11,94396590
2,51,7,94396646
9,58,5,94396724
21,61,13,94396744
44,12,9,94396757
44,12,1,94396758
45,11,1,94396760
38,28,8,94396998
38,28,0,94396999
10,59,0,94397026
27,25,1,94397100
26,29,8,94397154
17,58,15,94397169
54,3,9,94397340
7,57,5,94397437
5,57,14,94397442
55,4,10,94397846
39,29,5,94398008
36,26,13,94398726
36,26,5,94398728
30,24,0,94398732
35,27,5,94398928
45,12,8,94398976
45,14,0,94398977
43,10,15,94399283
25,44,14,94399584
25,30,13,94399637
9,60,11,94399935
44,12,2,94400254
10,59,3,94400567
17,61,9,94400623
43,11,9,94400632
38,29,2,94400677
44,13,2,94400945
54,3,10,94401396
54,3,2,94401398
7,30,2,94401423
56,3,13,94401576
56,3,5,94401579
45,41,12,94402638
42,39,11,94402685
35,26,1,94402835
43,38,5,94402874
44,12,3,94402900
44,12,8,94402902
45,13,0,94402904
1,42,9,94402985
1,42,1,94402987
44,47,10,94402991
35,25,13,94403173
33,25,10,94403174
34,26,2,94403177
11,61,11,94403189
3,40,13,94403229
32,26,0,94403336
44,9,15,94403368
42,39,14,94403401
43,38,6,94403412
3,36,8,94403498
56,4,11,94403663
1,49,6,94403781
30,24,15,94403791
30,24,7,94403796
5,33,1,94403849
42,38,6,94403870
3,37,2,94404070
19,60,3,94404145
43,39,8,94404251
10,27,13,94404253
11,27,0,94404495
4,35,8,94404589
57,11,2,94404617
57,3,10,94404689
58,2,1,94404698
41,35,7,94404813
2,44,3,94404874
10,28,5,94404911
10,28,9,94404915
44,11,8,94404917
45,12,0,94404918
39,30,11,94404946
2,38,9,94404987
39,30,1,94405018
3,40,1,94405091
1,52,15,94405417
1,50,7,94405422
55,4,11,94405503
9,28,5,94405528
45,46,9,94405596
56,4,8,94406104
56,4,0,94406113
4,43,0,94406471
37,27,4,94407079
36,28,10,94409556
58,4,8,94415337
10,61,10,94415596
4,39,13,94415905
57,5,8,94416088
34,25,9,94416103
5,37,13,94416219
36,28,2,94416425
3,44,14,94416635
3,44,6,94416637
56,3,1,94416740
4,40,0,94416998
3,42,14,94417222
4,41,6,94417225
39,33,2,94417316
41,31,5,94417396
56,5,11,94417983
41,36,1,94418057
38,30,5,94418705
38,28,11,94418706
3,40,5,94419036
41,38,4,94419203
32,25,3,94419233
31,24,0,94419237
37,32,11,94419341
39,31,15,94419343
3,50,11,94419408
4,51,3,94419410
2,43,7,94419718
2,43,4,94419766
39,33,12,94419839
42,42,14,94420031
42,36,8,94420493
23,44,14,94420656
24,43,6,94420658
33,26,14,94420676
58,4,13,94420906
57,5,5,94420908
58,4,1,94420913
56,6,10,94420916
56,6,2,94420917
4,51,14,94421254
45,13,5,94421534
56,5,8,94421764
37,30,5,94421867
57,5,11,94421998
57,5,3,94422009
45,11,11,94422049
56,4,13,94422161
56,4,5,94422162
3,43,10,94422269
4,43,0,94422276
33,30,1,94422310
9,60,10,94422940
41,42,0,94423098
42,35,1,94423121
7,31,9,94423288
6,30,1,94423291
3,36,15,94423293
3,45,12,94423298
2,44,7,94423311
9,27,9,94423452
10,26,1,94423454
36,30,4,94423474
34,28,14,94423477
35,29,7,94423482
4,49,0,94423495
32,25,11,94423533
12,25,13,94423742
8,28,1,94423825
45,12,9,94423875
44,11,1,94423882
3,34,10,94423976
4,33,1,94423987
5,32,14,94424052
5,32,6,94424054
7,30,8,94424089
9,27,10,94424114
8,28,2,94424115
35,29,13,94424117
21,53,14,94424937
41,42,3,94425011
36,31,4,94425020
35,30,7,94425034
36,29,15,94425043
38,40,6,94425514
57,4,0,94425645
2,38,6,94425665
2,40,10,94425672
3,36,2,94425725
13,59,11,94426110
12,26,6,94426194
36,34,12,94426432
27,25,0,94426706
24,43,15,94426862
25,25,6,94427052
6,31,1,94427070
7,29,11,94427075
3,36,1,94427402
57,4,3,94427519
2,39,5,94427593
12,26,13,94427598
12,26,5,94427616
3,40,8,94427685
2,41,0,94427689
44,11,3,94427904
2,38,13,94428028
2,40,5,94428029
4,38,5,94428031
37,38,14,94428083
11,27,14,94428098
10,28,2,94428103
57,4,5,94428144
3,35,2,94428272
2,37,10,94428346
4,33,15,94428531
46,14,9,94428545
46,14,1,94428560
8,30,5,94428730
5,31,10,94428732
6,32,2,94428739
35,33,13,94428769
2,43,14,94428776
46,12,8,94428783
4,49,13,94428992
3,34,9,94429068
5,34,6,94429271
4,35,10,94429273
3,36,2,94429274
12,25,14,94429281
7,29,14,94429305
55,5,6,94429438
8,31,8,94429788
7,30,0,94429792
56,5,11,94429843
17,60,11,94429869
17,60,3,94429872
18,60,0,94429877
36,34,5,94429881
44,11,6,94429887
44,12,8,94429890
9,28,11,94429934
57,2,9,94429938
45,13,14,94430037
45,15,10,94430040
6,33,8,94430308
7,32,6,94430375
28,25,1,94430458
21,59,15,94430643
20,59,10,94430654
20,59,2,94430657
10,28,8,94430790
2,44,11,94430806
3,50,8,94430818
4,51,0,94430821
4,47,8,94430830
7,28,3,94430859
19,59,10,94430887
3,49,11,94430890
3,49,3,94430897
46,7,0,94430960
3,48,1,94431019
3,39,3,94431079
43,7,2,94431113
4,35,11,94431117
6,34,8,94431211
3,40,0,94431277
3,40,11,94431363
3,40,3,94431365
22,27,3,94431421
4,39,8,94431472
4,40,1,94431474
3,45,13,94431484
4,46,5,94431487
2,50,11,94431513
3,45,9,94431528
20,58,7,94431562
19,58,10,94431570
4,50,8,94431641
5,51,0,94431643
3,49,9,94431645
4,50,1,94431647
4,40,8,94431749
4,40,0,94431757
46,12,3,94431782
3,48,3,94431787
3,36,10,94431795
3,38,2,94431796
3,47,3,94431807
3,45,3,94431846
3,47,8,94431848
4,41,0,94431863
2,47,10,94431867
2,45,3,94431878
23,45,11,94431949
3,42,11,94431990
4,41,3,94431992
22,58,9,94432018
23,51,14,94432063
22,52,6,94432064
9,56,4,94432103
23,44,5,94432138
30,24,12,94432193
20,59,12,94432227
3,39,2,94432320
5,34,11,94432326
5,49,11,94432407
4,49,0,94432464
33,27,14,94432471
34,28,6,94432472
11,58,1,94432496
29,26,14,94432620
5,36,8,94432689
58,3,7,94432747
30,25,7,94432763
26,24,11,94432783
26,24,3,94432784
5,36,3,94433038
28,23,14,94433091
28,23,6,94433095
18,52,15,94433128
10,57,1,94433133
10,56,1,94433310
4,48,8,94433362
4,46,0,94433366
59,3,1,94433427
6,50,8,94433523
9,55,9,94433532
46,10,11,94433565
10,57,2,94433606
27,25,8,94433656
28,26,0,94433657
27,23,5,94433689
4,39,3,94433792
4,45,0,94433881
22,42,11,94433949
3,43,11,94434052
7,33,10,94434064
31,25,15,94434131
5,50,11,94434142
15,49,14,94434191
14,50,6,94434192
30,25,4,94434210
13,51,5,94434255
7,32,0,94434356
9,54,9,94434374
16,59,15,94434458
22,45,5,94434470
17,58,15,94434498
19,58,7,94434506
14,52,13,94434603
17,52,15,94434704
34,28,15,94434939
36,26,0,94434958
4,45,8,94435069
4,43,0,94435083
5,38,8,94435090
5,36,0,94435094
8,43,7,94435106
20,57,15,94435118
29,25,9,94435173
13,57,10,94435208
15,57,4,94435246
3,50,14,94435310
3,50,6,94435312
11,27,3,94435323
5,48,8,94435393
20,46,12,94435477
20,55,14,94435490
20,55,13,94435794
34,28,7,94435804
18,57,10,94435814
19,51,15,94435841
19,51,12,94435860
57,6,3,94435866
57,6,0,94435871
18,56,7,94435880
23,57,1,94435885
57,4,14,94435905
57,4,6,94435912
13,57,2,94435932
18,51,15,94435964
14,56,4,94435981
5,39,9,94436328
5,40,3,94436349
10,26,9,94436368
8,54,2,94436377
21,57,7,94436508
37,26,11,94436589
36,27,3,94436592
20,50,9,94436608
19,49,1,94436612
22,47,7,94436621
22,43,7,94436707
18,49,14,94436836
5,38,11,94436912
11,53,6,94436924
19,48,8,94437000
10,51,5,94437002
22,52,11,94437046
16,54,6,94437118
12,52,14,94437155
9,49,11,94437168
17,52,12,94437208
17,50,6,94437216
11,54,1,94437246
17,41,14,94437372
18,54,10,94437401
35,27,10,94437523
21,57,12,94437561
20,58,4,94437564
23,26,14,94437616
23,26,6,94437622
7,38,3,94437685
6,47,3,94438059
9,50,9,94438065
55,6,10,94438105
8,27,7,94438384
7,38,1,94444678
11,28,8,94444910
57,6,1,94446976
9,39,14,94447915
11,29,8,94448787
13,26,11,94448864
13,27,8,94449077
9,31,11,94449154
11,28,11,94449179
30,26,14,94449201
7,37,3,94449691
7,35,11,94450027
22,27,14,94450721
21,28,10,94450726
29,36,1,94450752
11,29,11,94450882
15,26,8,94451147
14,40,12,94451285
11,30,8,94451772
13,28,8,94451777
13,27,11,94451839
26,40,10,94452115
10,35,9,94452132
10,35,1,94452137
10,31,11,94452439
23,28,8,94452784
23,28,0,94452788
9,34,3,94453284
14,27,11,94453326
11,30,11,94453384
13,28,11,94453394
23,27,10,94453554
24,27,8,94453568
57,5,13,94453595
10,30,3,94454043
12,30,8,94454362
29,40,0,94454522
19,25,8,94454677
23,27,11,94454795
58,5,5,94454848
18,41,11,94454880
10,33,0,94454928
13,29,8,94454943
15,27,8,94454945
11,30,0,94455026
58,4,11,94455118
10,34,2,94455132
11,32,2,94455262
10,38,8,94455798
10,36,0,94455819
17,25,11,94456062
11,33,1,94456278
16,26,11,94456743
10,31,3,94456902
34,39,8,94457444
11,32,11,94457871
11,30,3,94457874
33,35,6,94457890
19,32,8,94458480
10,33,3,94458488
31,36,7,94458564
22,28,5,94458586
12,32,2,94459117
16,37,0,94459126
15,27,11,94459148
11,36,0,94459278
30,25,8,94459284
23,40,8,94460022
14,29,8,94461120
12,31,0,94461925
12,31,3,94462049
58,4,13,94463084
57,5,2,94463089
57,5,9,94463091
26,49,6,94463102
15,28,8,94463135
17,26,8,94463139
31,27,14,94463242
57,5,3,94463325
24,37,3,94463382
24,38,3,94463395
13,30,0,94463931
18,26,8,94463984
31,40,6,94464021
16,28,8,94464168
14,29,11,94464169
14,27,3,94464178
45,12,10,94464774
15,13,2,94465206
15,28,11,94465494
17,26,11,94465496
14,29,0,94465584
14,31,1,94465934
27,35,8,94466176
13,33,10,94466806
13,32,3,94466811
16,27,0,94467578
14,31,2,94467881
15,30,8,94468294
15,28,0,94468307
17,26,0,94468995
57,6,2,94469391
16,29,11,94476499
18,28,8,94477285
16,31,8,94478654
18,28,11,94481930
18,29,8,94483096
19,27,8,94496687
23,30,6,95123126
25,31,5,95303719
18,31,5,95328351
18,30,14,95334446
17,33,5,95368005
60,30,5,95404633
21,32,14,95405462
15,32,12,95424633
14,32,15,95433743
14,33,5,95438211
14,32,12,95452425
13,33,12,95465772
12,32,15,95483240
11,33,15,95498567
11,33,12,95516455
10,33,15,95521744
8,33,13,95557916
9,32,5,95557952
7,34,13,95575238
7,36,5,95582994
7,35,12,95591944
6,34,14,95592084
7,33,6,95592132
5,36,6,95618299
29,32,14,95620037
17,18,1,95622240
3,37,5,95651681
17,31,13,95684591
17,31,5,95684592
38,33,14,95686889
4,38,13,95705812
4,38,5,95705814
28,34,14,95710987
3,37,5,95713330
38,33,11,95716612
5,37,6,95738694
37,35,6,95739580
40,12,2,95741244
32,35,1,95744038
53,7,13,95747606
53,7,5,95747620
26,36,9,95748007
11,36,9,95748385
11,36,1,95748408
5,37,5,95748909
2,42,8,95749245
35,37,6,95771963
31,37,2,95773200
15,27,13,95780131
41,17,10,95780463
41,17,2,95780469
6,39,3,95802845
24,39,1,95804711
47,38,14,95809999
10,40,0,95811142
44,39,0,95811385
52,38,14,95811597
15,35,13,95812134
15,35,5,95812137
49,14,14,95812237
2,42,14,95812240
15,41,14,95831478
9,41,3,95840173
29,40,13,95841201
46,40,14,95841245
27,40,5,95841602
24,41,14,95841978
7,41,13,95842554
6,42,9,95842558
17,41,8,95842909
4,42,14,95843413
3,43,2,95843424
41,21,1,95856412
26,41,11,95856934
40,19,7,95857784
41,21,14,95859328
40,19,4,95865569
9,43,3,95866875
3,44,9,95866949
25,41,13,95868741
51,42,8,95869459
9,20,3,95872610
14,45,6,95899132
4,45,3,95903267
50,47,10,95930559
40,20,5,95931832
39,21,2,95931837
9,46,6,95932688
33,24,14,95934329
8,47,1,95937808
41,25,9,96213145
13,26,1,96237868
13,26,10,96242610
13,26,2,96242614
15,26,8,96245874
42,26,3,96248399
14,26,8,96249099
15,26,1,96274194
14,27,9,96276092
42,22,11,96277489
43,26,11,96278766
43,23,3,96279660
55,32,2,96280188
15,26,9,96281248
16,25,1,96281255
45,26,8,96304033
44,24,0,96304375
45,26,0,96306941
43,21,11,96307231
45,26,9,96307736
44,25,3,96307776
17,25,3,96307912
16,26,11,96309071
44,26,3,96309485
55,18,11,96311014
16,25,2,96312019
15,26,2,96312289
17,26,8,96312545
45,25,8,96320153
46,25,9,96328013
45,24,1,96328015
45,25,11,96328465
44,24,3,96328467
6,32,14,96329478
16,26,2,96333134
16,26,1,96333140
15,27,10,96337159
14,26,2,96337173
57,18,0,96339009
29,31,13,96339079
46,26,0,96339686
45,23,0,96339817
45,23,3,96339821
45,26,11,96342018
46,25,8,96342022
44,24,11,96342197
46,24,3,96342198
58,51,5,96342448
8,34,9,96343629
7,28,2,96356413
45,19,9,96363578
58,17,9,96363581
58,17,1,96363582
19,26,8,96363667
47,25,0,96364596
58,17,11,96366245
59,18,9,96366252
46,24,9,96366807
18,26,14,96367430
18,26,5,96369806
17,27,2,96369825
17,26,10,96370011
17,26,2,96370013
10,36,0,96370375
47,26,0,96371351
10,26,6,96371966
57,16,9,96372313
61,30,10,96372974
10,37,5,96373598
10,38,5,96373754
18,26,11,96374175
17,25,3,96374177
19,27,0,96374179
47,25,11,96374398
46,24,3,96374405
10,40,5,96374473
58,19,8,96375369
48,22,8,96385121
59,17,2,96390344
20,26,2,96390644
11,28,1,96391277
21,26,8,96393909
21,26,0,96393915
31,26,1,96394820
22,34,2,96401709
60,16,1,96402213
11,30,11,96403006
60,17,10,96403438
18,25,9,96404171
21,26,3,96404286
19,26,2,96405545
20,25,9,96405644
20,25,1,96405645
19,25,6,96405646
60,18,10,96406153
48,24,3,96407203
21,25,9,96420798
22,24,1,96420799
22,24,14,96423486
22,24,6,96423487
21,25,10,96423490
21,25,2,96423499
20,26,10,96428025
22,24,13,96429208
22,26,9,96429215
49,21,8,96431582
13,39,8,96432082
12,40,9,96432398
22,26,10,96432447
12,29,2,96433744
21,26,8,96434543
21,26,0,96434577
13,38,5,96434625
13,25,1,96435061
13,29,12,96436725
62,17,11,96437513
14,38,9,96447695
22,25,9,96452732
22,25,1,96452756
50,21,8,96454467
50,25,14,96455946
23,25,9,96456849
22,25,14,96458023
22,25,11,96459414
23,24,6,96461337
24,26,0,96461343
23,26,10,96462698
50,20,0,96463107
21,26,9,96463114
24,24,5,96463275
21,24,14,96465613
14,37,3,96466550
14,39,11,96466710
51,20,0,96468100
24,30,6,96469270
51,21,8,96483380
26,35,9,96487691
52,25,8,96488107
59,56,10,96493093
59,56,2,96493101
26,28,1,96498994
23,26,2,96528075
24,25,9,96530146
53,24,3,96555041
11,35,1,96556046
11,32,1,96560998
51,24,2,97150305
15,28,14,97185334
50,23,2,97206003
51,23,12,97217037
27,36,6,97241083
47,49,10,97241510
46,48,9,97280026
15,26,14,97294092
14,25,14,97294296
13,25,14,97307435
35,26,13,97308299
35,26,5,97308307
51,19,13,97311673
13,36,14,97319711
12,51,10,97338490
12,19,10,97340298
12,37,13,97368968
50,22,13,97370205
12,33,5,97370828
24,40,13,97392157
24,37,13,97396792
24,37,5,97396813
21,21,5,97399027
22,22,12,97399044
21,22,5,97400238
23,20,14,97401111
22,22,4,97401645
50,22,12,97401701
20,22,10,97402756
21,21,2,97402780
33,26,5,97403397
49,23,15,97425094
49,22,15,97426229
48,20,12,97430738
22,22,13,97433356
22,32,6,97433377
21,21,6,97436502
20,22,10,97436506
14,23,14,97437488
61,16,5,97454180
21,21,13,97454576
60,15,13,97464991
20,23,8,97467849
21,22,8,97468177
21,22,0,97468882
20,22,6,97469035
21,34,13,97486525
21,28,13,97487630
47,23,15,97496457
47,23,13,97516168
9,34,14,97517155
44,46,3,97529633
55,15,15,97555420
17,21,11,97557149
17,21,3,97557170
18,21,12,97560806
18,20,6,97561713
44,22,14,97574646
17,45,10,97589360
17,45,2,97589369
45,21,13,97589887
45,23,12,97592031
53,17,5,97625326
43,23,4,97653181
55,29,13,97710071
14,34,14,97745594
41,23,0,97781762
42,23,14,97838048
52,20,5,97843733
14,20,14,97903243
53,18,9,97904532
54,17,1,97904542
43,24,5,97927816
43,22,0,97932898
43,21,1,97935866
1,43,8,97937181
10,40,1,97961462
9,39,9,97963671
55,18,9,97963855
9,41,1,97964700
23,42,11,97965371
56,17,10,97966679
54,18,10,97966829
24,41,0,97984252
44,20,9,97987202
4,37,14,97988716
18,39,9,97989310
18,39,1,97989313
55,46,7,97991194
44,23,1,97991277
19,40,4,97991713
51,46,5,97992070
5,38,14,97992085
26,40,2,97992772
6,37,15,97994635
2,36,2,97995149
17,39,4,97995183
6,37,4,97995506
10,37,9,97996433
9,36,1,97996452
55,47,2,97996664
17,38,9,97997373
55,16,1,97997607
54,48,7,97998245
16,39,10,97998510
57,46,7,97998816
6,37,13,97999080
6,37,5,97999095
2,37,12,97999546
2,37,4,97999555
15,38,1,98000029
9,36,4,98019374
19,37,9,98019380
57,15,1,98020491
7,34,9,98021665
7,34,1,98021668
44,17,10,98023917
4,33,12,98024326
2,33,4,98024332
8,34,12,98025162
7,33,4,98025163
5,33,14,98028078
18,36,4,98028598
2,33,7,98028758
7,33,15,98028773
6,32,7,98030487
8,32,15,98031189
29,37,9,98031674
4,33,7,98031845
19,36,4,98032229
6,33,4,98032378
5,31,8,98045307
37,38,8,98045595
7,31,13,98047924
6,30,5,98047929
8,31,0,98047995
9,30,9,98049392
9,30,1,98049395
8,31,1,98050121
9,33,10,98050348
46,15,8,98050564
31,36,10,98050917
8,29,9,98052190
56,44,10,98052851
56,44,2,98052856
32,35,2,98053026
28,34,9,98053497
16,32,7,98055016
45,18,9,98055340
18,33,7,98055717
19,34,12,98055921
8,30,15,98056892
7,29,7,98056905
9,29,15,98058020
18,33,4,98059115
24,34,10,98059611
15,33,2,98059940
7,30,4,98060102
38,37,8,98060182
58,14,11,98060440
8,30,12,98060488
7,29,4,98060499
3,29,1,98060516
45,16,3,98060987
32,35,10,98061213
5,29,7,98061249
10,31,12,98061295
59,15,8,98061617
6,29,7,98061719
8,29,6,98061723
7,30,10,98061724
9,29,12,98061812
54,45,10,98061939
8,29,12,98062247
9,30,4,98062266
21,34,12,98062283
60,15,9,98073558
60,15,1,98073567
59,15,2,98077140
45,18,10,98077807
61,15,8,98080263
60,15,2,98080742
61,14,1,98080773
59,14,1,98082506
9,28,6,98084237
46,21,2,98085096
43,17,9,98085556
2,27,10,98085565
2,27,2,98085569
32,34,15,98086054
33,33,7,98086066
58,14,10,98086516
56,33,2,98087594
31,33,14,98088863
33,36,2,98089596
58,14,2,98092544
46,17,11,98092758
60,14,2,98093484
60,11,7,98093854
55,43,2,98094355
60,14,1,98107595
47,17,12,98108482
47,17,8,98111811
60,13,10,98111976
46,22,3,98112246
60,14,9,98112904
46,17,11,98112972
46,17,1,98113585
61,12,5,98114508
59,13,13,98114572
60,14,8,98114658
46,22,8,98115273
60,12,5,98115326
59,15,0,98115771
47,21,0,98115802
59,14,11,98117113
59,15,10,98117115
47,19,9,98121732
47,19,1,98121745
60,14,8,98121752
39,34,14,98122310
9,29,14,98123878
45,18,11,98123944
47,16,11,98123945
46,17,3,98123947
53,38,8,98125296
60,13,10,98141962
58,15,10,98144488
47,16,13,98153239
47,16,5,98153312
2,27,14,98155374
2,27,6,98155379
45,17,3,98173305
58,14,13,98212791
32,35,14,98217034
46,17,11,98218794
50,43,5,98281931
57,16,6,98301824
5,34,6,98302671
57,16,13,98311243
58,15,5,98311247
55,14,6,98398234
44,17,5,98424138
44,18,12,98426361
57,41,9,98447414
57,41,1,98447421
56,40,9,98460763
60,41,2,98462787
56,41,1,98463073
50,39,9,98463357
50,41,3,98466241
59,40,9,98467054
15,36,2,98469052
45,20,5,98480515
26,34,14,98488938
45,20,6,98489501
44,21,2,98489509
51,37,5,98494072
62,39,5,98495144
58,40,9,98495972
57,39,9,98496637
44,17,10,98496745
44,17,2,98496747
51,39,10,98499214
50,38,2,98499218
44,16,9,98499724
30,36,10,98499789
29,35,10,98499795
3,30,9,98519829
29,32,14,98524019
28,33,10,98524023
45,15,11,98526268
30,33,12,98527790
30,33,4,98527804
28,31,13,98527833
60,36,10,98529369
60,36,2,98529387
54,38,2,98530806
30,31,5,98530848
45,15,10,98546597
6,27,1,98551734
61,7,1,98554657
46,14,13,98554830
60,7,2,98555533
36,31,1,98555648
29,32,2,98557069
28,30,8,98560293
29,33,5,98562161
57,35,1,98562578
46,16,10,98562882
44,14,10,98562883
45,15,2,98562888
60,9,9,98588323
59,35,0,98589954
58,36,10,98591962
60,7,2,98617775
7,24,12,98623151
20,25,9,98641618
48,12,11,98648774
49,8,2,98653331
61,28,8,98654687
48,13,14,98707108
62,8,1,98744873
61,8,14,98829750
62,5,6,98953155
47,13,10,98955883
47,13,2,98955902
62,5,5,98965927
48,12,5,98967445
48,13,0,98992968
49,13,11,99017364
49,16,2,99049433
62,4,2,99055004
48,17,2,99059001
61,2,9,99101152
61,2,10,99106711
60,2,2,99108676
19,9,14,99109335
19,9,6,99109350
59,5,13,99110689
46,7,14,99114631
60,3,12,99115249
47,13,8,99115957
48,12,0,99115965
60,2,1,99115988
58,4,13,99117675
60,1,9,99117851
16,9,13,99119477
48,15,15,99119544
60,5,6,99119621
48,10,13,99119971
48,10,6,99119981
48,11,5,99120608
61,3,9,99120687
60,2,9,99121111
61,3,7,99122383
59,2,15,99122549
59,1,9,99122643
48,7,4,99122874
48,8,5,99122995
46,7,13,99124244
47,11,13,99124355
47,11,5,99124368
58,2,2,99125167
47,10,13,99133629
60,4,12,99136455
60,2,15,99136801
61,3,10,99137335
46,10,4,99140670
60,2,4,99140991
46,8,13,99141449
47,10,4,99141824
46,10,14,99142486
46,10,6,99142487
60,3,12,99143745
59,3,15,99143750
45,11,6,99144615
60,1,7,99145034
16,12,0,99145591
47,8,14,99146039
60,25,5,99146447
58,3,15,99146728
46,10,7,99146967
58,3,14,99147080
60,3,4,99148521
46,8,15,99148859
45,7,7,99148871
47,13,5,99149247
59,4,4,99149468
59,3,12,99149716
58,4,4,99149717
57,2,13,99149816
2,22,5,99150262
45,7,13,99150394
45,9,7,99150596
46,8,5,99150613
46,8,14,99150672
45,9,6,99150673
45,9,4,99150879
47,12,13,99150880
47,12,5,99150892
57,2,6,99151097
46,13,7,99151133
46,9,6,99151310
45,8,15,99151684
46,9,7,99152021
46,14,7,99152290
45,7,12,99152522
46,13,4,99152547
45,8,13,99152972
8,27,11,99153053
59,1,4,99153178
46,8,12,99153417
46,8,4,99153418
60,1,4,99153478
58,2,6,99153610
10,28,11,99153682
11,27,3,99153690
46,7,5,99153928
46,5,7,99154034
58,2,12,99154394
58,2,4,99154407
47,15,4,99154512
45,9,15,99154631
46,13,14,99155303
46,9,12,99155601
46,9,4,99155602
45,12,7,99155688
8,28,14,99155980
47,7,5,99156216
47,9,12,99156218
47,11,4,99156230
45,10,14,99156265
45,10,6,99156273
57,3,7,99156447
57,1,15,99164464
46,14,15,99166028
46,15,7,99166546
44,9,6,99167956
45,10,13,99168366
44,9,5,99168373
44,6,15,99170149
44,6,7,99170155
18,27,14,99171202
43,10,10,99171808
43,10,2,99171813
57,1,12,99172175
45,11,7,99172627
44,6,4,99173470
44,9,7,99173683
44,7,15,99173909
44,7,7,99173937
43,8,7,99174230
44,11,14,99174984
39,10,9,99175012
45,8,14,99175180
43,6,14,99175181
42,7,10,99175214
42,5,13,99175439
43,4,5,99175440
45,11,4,99176051
44,9,14,99176880
45,8,6,99176884
44,5,4,99177103
44,5,13,99177457
44,8,14,99177475
44,8,6,99177476
55,1,7,99177899
44,8,7,99178244
55,2,12,99178646
54,1,4,99178651
44,7,4,99178898
43,6,4,99178908
44,6,13,99178941
44,6,5,99178942
23,6,6,99179038
42,6,14,99179407
39,10,10,99179658
39,10,2,99179661
43,6,12,99180051
43,5,15,99180532
43,5,7,99180540
4,24,5,99180646
45,13,12,99181140
44,12,4,99181143
7,30,14,99181191
17,25,6,99181724
43,5,14,99182115
14,14,13,99182450
44,8,12,99182595
43,7,4,99182597
43,7,12,99182639
44,5,15,99182995
44,8,13,99183515
43,9,1,99183524
59,22,6,99183534
55,1,12,99183673
54,1,15,99183676
61,22,7,99184228
44,7,13,99184702
35,25,1,99185137
1,12,10,99185149
42,7,4,99185261
23,5,14,99185427
13,15,10,99185892
60,22,9,99185939
59,21,1,99185941
59,21,8,99185942
59,21,0,99185950
42,5,14,99186286
44,5,6,99186292
42,8,15,99186447
1,25,14,99186627
45,14,7,99186724
42,6,13,99186771
42,7,12,99186773
42,5,4,99186777
43,8,13,99186882
41,10,2,99187027
43,9,3,99187068
44,11,7,99187165
9,30,13,99187441
8,31,14,99187445
43,8,14,99187459
42,8,6,99188036
43,11,7,99188126
3,33,14,99196402
19,29,13,99201158
44,13,4,99202196
42,5,7,99202553
43,10,14,99203663
41,9,14,99204447
42,8,6,99204453
41,5,15,99205628
7,32,6,99205734
43,9,13,99206710
43,10,4,99206714
42,7,13,99207231
42,7,5,99207243
42,6,14,99208029
59,19,7,99208139
9,32,3,99208548
56,19,2,99209040
1,35,14,99209127
41,6,15,99209374
40,5,7,99209380
41,7,14,99209424
42,6,5,99209427
40,8,14,99209529
40,7,7,99210049
40,7,14,99210372
42,7,6,99210385
41,5,12,99210549
62,18,15,99211581
41,8,13,99211742
8,23,2,99211939
58,19,9,99212712
56,19,1,99212714
18,30,6,99212718
41,6,6,99212778
58,19,10,99212817
40,9,15,99213042
17,26,14,99213315
44,11,13,99213453
43,10,5,99213462
57,18,10,99214065
40,4,15,99214150
40,4,7,99214152
40,5,12,99214154
40,7,4,99214155
41,6,12,99214855
40,5,4,99214864
44,13,14,99214865
43,12,6,99214867
40,8,7,99215376
12,17,14,99215425
41,7,7,99216367
42,6,13,99217301
41,5,5,99217302
44,12,15,99217413
40,6,12,99217518
59,19,4,99217727
40,6,14,99217941
17,25,13,99217959
16,24,5,99217976
41,6,5,99226942
40,7,6,99228511
39,4,7,99229377
59,17,10,99230946
41,9,15,99232446
40,5,14,99232634
39,4,4,99233455
39,6,13,99233909
40,5,13,99235227
39,5,7,99235666
41,9,12,99235687
39,8,14,99235848
39,8,6,99235870
6,12,13,99236790
41,9,14,99239096
1,31,9,99239162
40,6,5,99243320
39,4,14,99243664
19,8,13,99243691
11,18,13,99244672
10,17,5,99244681
37,5,7,99244822
39,9,7,99244907
42,12,4,99245132
38,7,7,99245213
39,8,5,99246279
3,29,5,99247413
40,10,7,99247845
38,8,6,99249511
38,7,4,99250194
38,7,0,99339315
39,8,1,99370771
42,12,9,99406726
38,8,11,100017573
41,9,3,100049036
39,4,3,100049515
9,18,2,100053077
38,3,11,100053437
3,37,12,100054083
39,5,11,100054439
41,7,11,100054782
40,6,3,100054788
41,8,8,100055037
7,34,10,100055108
39,9,8,100055194
40,8,0,100055206
40,7,11,100055951
39,7,3,100056133
18,31,2,100056310
40,9,2,100056895
12,17,11,100056898
12,17,3,100056901
37,5,2,100056903
38,4,11,100057299
39,5,3,100057300
37,3,3,100057305
40,7,3,100057422
40,4,0,100057654
38,5,10,100057779
2,36,15,100057784
18,13,10,100057862
10,17,2,100058167
6,36,10,100058608
7,35,2,100058612
58,17,14,100059405
2,37,4,100059702
39,3,9,100059905
39,3,1,100059914
12,16,3,100059922
41,6,0,100059975
7,35,9,100060252
6,34,1,100060260
40,6,0,100060782
38,4,0,100060784
42,11,8,100060814
41,7,0,100060961
20,10,0,100061837
40,4,3,100061997
8,33,2,100062087
39,3,3,100062193
43,12,8,100062224
42,13,0,100062225
21,13,0,100063093
20,9,0,100063286
40,5,8,100072616
39,4,0,100072620
43,12,0,100072730
42,8,11,100073183
40,5,11,100076099
42,5,0,100076578
43,12,3,100077903
41,4,0,100078439
42,8,3,100079736
40,6,3,100079742
42,6,8,100079986
42,9,11,100080202
42,9,3,100080206
40,5,0,100080357
41,6,9,100082204
10,34,5,100083177
42,8,0,100083579
40,6,8,100084682
42,6,0,100084683
41,6,11,100084931
41,6,3,100084932
43,9,3,100085399
42,4,8,100085777
42,4,0,100085790
42,6,11,100085981
44,13,8,100086560
43,9,13,100086800
43,9,5,100086809
43,10,8,100087372
7,31,10,100087456
42,10,10,100087708
60,18,11,100088219
41,5,9,100088627
42,7,8,100088702
42,7,0,100088703
40,6,11,100088780
42,6,3,100088782
44,12,3,100089419
44,11,0,100089470
43,10,11,100089896
59,20,6,100090558
22,13,8,100090594
44,9,8,100090599
19,2,10,100091615
43,9,11,100091786
43,10,10,100091788
43,10,2,100091789
3,22,8,100092173
2,33,2,100092461
44,8,11,100092677
43,7,3,100092682
22,12,3,100092843
23,13,0,100092880
41,6,10,100092885
42,5,3,100093363
43,13,8,100093636
45,13,0,100093638
44,9,0,100093747
43,5,8,100093955
44,12,11,100106201
43,4,11,100107330
2,31,1,100109241
60,21,5,100110746
45,14,2,100112729
44,10,11,100115025
4,29,1,100116007
43,6,9,100116078
45,13,3,100116921
2,30,10,100117460
8,30,12,100117525
14,14,1,100117948
45,14,3,100119376
44,8,0,100119923
43,6,11,100120688
44,10,9,100121725
45,12,0,100121743
46,13,13,100122108
56,2,3,100123374
60,22,9,100123569
61,21,1,100123585
56,2,0,100123804
45,10,3,100124179
12,13,9,100124881
13,12,1,100124900
13,12,11,100125029
43,7,10,100125170
61,22,8,100125319
61,22,0,100125326
9,31,4,100125685
57,1,11,100137364
46,11,9,100139043
46,11,1,100139062
59,3,11,100139283
46,13,8,100143061
59,1,8,100143474
45,7,0,100145232
60,2,0,100145424
60,4,8,100145762
57,3,8,100145927
58,4,0,100145928
45,9,3,100148437
58,3,10,100149484
46,10,3,100149956
46,10,10,100150525
60,3,11,100150864
46,9,1,100151067
58,2,3,100151109
59,3,3,100151189
60,1,8,100151461
45,8,3,100151847
46,5,11,100151855
58,2,11,100152115
46,9,3,100153310
60,3,0,100153367
6,28,10,100153385
14,11,1,100154744
46,6,0,100154758
61,24,6,100154839
3,28,15,100155180
15,10,1,100155443
17,12,8,100155500
45,7,11,100155514
45,7,3,100155527
46,11,11,100155831
58,4,3,100156534
61,3,8,100156695
60,2,8,100163238
59,2,11,100163677
59,3,8,100164998
61,2,0,100173888
45,7,2,100176668
60,3,10,100186009
61,4,14,100186848
62,3,6,100186853
47,12,2,100187232
61,5,0,100188318
59,2,6,100196861
61,3,10,100198278
61,5,8,100199217
59,2,15,100199794
60,4,15,100201525
46,10,5,100202481
59,3,13,100203191
46,11,6,100206038
47,10,6,100206051
60,2,4,100207234
58,2,15,100207777
60,3,4,100207836
60,4,12,100208221
60,2,15,100208396
61,3,7,100208397
58,4,14,100208507
27,7,14,100208655
16,12,2,100209038
60,2,12,100211810
59,1,4,100211829
57,3,14,100211913
61,3,12,100212043
45,11,14,100212217
47,9,13,100212313
59,2,4,100212426
46,9,4,100212487
60,1,15,100213070
60,3,7,100213072
58,1,7,100213073
58,2,12,100213849
58,4,4,100213850
17,11,13,100215490
59,2,15,100215646
57,2,7,100215649
56,2,6,100215722
57,3,7,100215727
45,9,14,100215753
47,9,6,100215755
57,2,13,100216308
56,3,10,100216311
46,9,13,100216441
61,24,14,100216778
61,24,9,100216785
47,11,13,100216788
45,9,13,100216789
45,11,5,100216790
10,29,2,100217070
2,21,11,100217084
46,11,12,100217116
46,11,4,100217117
60,2,7,100217557
45,6,7,100217696
15,13,2,100217710
16,12,9,100217714
60,1,12,100218016
58,1,4,100218023
58,3,4,100218335
59,3,12,100218351
57,3,4,100218353
1,22,10,100218960
1,22,2,100218973
58,1,12,100226043
58,2,12,100228171
56,2,4,100228195
44,8,6,100228671
45,8,15,100229109
45,8,7,100229118
45,6,4,100229421
46,14,15,100230363
44,6,4,100230818
45,8,6,100230900
57,1,4,100230964
56,2,15,100231213
56,2,7,100231216
43,9,14,100231368
45,9,6,100231370
46,14,4,100232147
45,8,12,100232320
44,7,4,100232324
46,13,4,100232899
44,7,12,100233088
44,5,7,100233093
11,29,8,100233324
44,6,13,100234298
56,1,13,100234382
44,6,14,100235020
44,6,15,100235023
44,6,7,100235026
61,22,12,100235138
6,26,6,100235174
55,2,12,100235202
56,1,4,100235210
45,8,13,100235229
44,9,14,100235280
44,9,6,100235298
44,6,5,100235542
45,14,7,100235778
9,29,6,100235854
44,7,15,100235864
45,8,5,100236434
46,14,12,100236663
56,2,12,100237123
57,3,4,100237125
44,7,14,100237138
44,7,6,100237142
44,5,12,100237297
43,6,15,100237551
9,29,13,100237719
43,7,12,100237777
43,5,4,100237780
43,5,7,100237899
45,10,5,100238068
55,2,15,100238541
55,2,7,100238542
45,12,15,100238620
46,13,7,100238621
46,12,15,100238846
46,14,7,100238847
46,15,4,100238926
44,8,15,100239084
44,8,7,100239086
44,7,5,100239439
1,24,6,100239477
55,1,7,100239572
43,9,9,100239635
45,9,14,100239637
45,7,6,100239641
43,9,7,100239649
45,12,12,100239937
60,21,13,100240120
60,23,9,100240122
59,22,1,100240125
23,10,4,100240169
43,4,15,100240457
43,4,7,100240463
54,1,4,100240565
43,8,4,100240593
45,6,12,100240744
8,30,6,100241320
23,11,4,100241561
43,7,5,100241584
42,6,15,100241734
42,4,7,100241756
43,5,14,100241864
43,5,6,100241911
43,11,7,100241918
44,14,12,100242092
44,12,4,100242096
4,27,14,100242152
4,27,6,100242182
45,7,12,100242199
43,7,4,100242201
44,5,15,100242256
17,21,13,100242350
17,22,4,100242355
43,8,5,100242545
45,14,14,100242590
44,13,12,100242596
45,13,14,100242836
46,13,15,100242837
46,15,7,100242839
45,11,13,100242845
45,11,5,100242846
5,26,13,100242953
4,25,5,100242958
16,17,7,100242971
42,8,7,100243077
43,9,14,100243102
43,7,6,100243106
55,1,12,100243192
10,30,8,100243215
43,6,13,100243482
55,1,5,100243697
5,26,12,100243720
42,6,4,100244021
43,11,15,100244150
44,10,7,100244157
42,7,14,100244209
54,1,15,100244390
46,13,13,100245230
8,30,5,100245309
44,11,15,100245354
43,5,12,100245359
43,5,4,100245360
3,18,13,100245834
16,16,15,100245860
44,14,7,100245902
42,7,4,100245965
43,8,13,100246031
44,5,13,100246039
43,6,12,100246345
22,6,4,100246712
2,31,0,100246743
44,8,14,100246984
42,6,14,100246986
42,6,5,100246994
46,16,4,100247043
60,20,13,100247086
60,20,5,100247087
17,23,4,100247097
18,27,14,100247130
41,6,7,100247237
43,7,12,100247250
16,20,13,100247409
41,5,15,100247773
43,5,7,100247777
40,10,1,100247871
44,13,14,100247965
42,8,4,100247971
45,13,5,100248167
42,9,6,100248289
42,9,5,100248406
44,7,5,100248407
3,28,11,100248479
42,9,15,100248494
43,8,7,100248501
23,12,12,100248509
43,13,15,100248524
45,13,7,100248525
44,11,12,100248571
16,18,4,100248629
1,26,0,100248839
54,1,12,100248923
43,8,6,100248993
44,10,4,100249102
44,10,13,100249326
2,31,3,100249473
42,5,15,100249899
45,14,12,100249983
62,22,4,100250359
41,8,13,100257480
42,7,5,100257482
41,5,4,100262862
40,7,14,100263757
41,6,14,100264372
4,29,13,100265531
15,21,13,100265684
41,8,15,100267211
44,11,13,100267238
39,5,7,100267436
42,4,12,100268264
40,4,7,100268701
42,7,4,100268806
42,9,13,100268809
42,7,5,100268818
1,28,8,100270478
41,7,15,100270619
40,6,7,100270651
2,23,13,100272093
41,9,6,100279100
41,8,11,100280431
43,12,8,100281047
40,9,11,100290938
40,9,3,100290950
40,4,3,100296932
57,19,14,100299471
57,19,6,100299477
41,8,3,100299738
7,33,3,100303363
41,8,9,100303400
40,6,3,100306497
7,33,10,100306801
7,33,2,100306815
19,8,5,100308266
39,5,2,100308998
13,16,6,100309797
42,4,11,100419351
42,4,3,100419353
43,7,0,100420502
22,6,10,100422074
44,11,9,100423402
43,10,1,100423403
43,7,11,100425157
43,6,0,100425219
42,6,9,100425355
43,10,11,100425387
44,11,3,100425388
22,6,11,100425482
43,6,8,100425491
42,6,11,100425836
42,6,3,100425837
44,13,11,100426507
44,7,0,100426956
43,8,0,100428042
43,6,3,100429678
55,1,8,100429881
55,1,0,100429883
44,11,11,100432136
44,6,8,100432156
58,22,6,100433043
44,7,3,100433586
3,16,10,100433755
43,11,11,100433985
44,11,8,100433991
45,14,8,100434104
44,13,0,100434121
42,6,2,100434470
4,17,0,100434496
44,10,1,100434889
23,13,8,100435054
44,12,3,100435058
44,8,3,100435136
44,5,8,100435525
46,13,8,100435716
45,12,0,100435722
45,10,0,100436068
44,6,3,100436094
56,2,3,100436097
21,7,3,100436484
57,2,0,100437821
61,22,8,100493420
58,2,14,100540760
46,15,3,100560098
45,9,5,100594787
15,11,1,100618136
46,5,0,100619812
45,10,10,100624059
58,2,2,100646883
60,4,2,100647683
60,2,9,100648587
46,10,3,100655340
46,10,9,100710948
47,14,11,100745274
46,10,11,100746220
47,13,14,100747491
61,2,0,100793297
47,11,9,100806838
47,11,8,100810735
47,11,0,100810738
46,11,1,100810745
62,4,10,100888377
60,3,14,100889780
48,14,9,100902387
48,14,1,100902418
47,11,11,100961671
62,4,13,100968935
62,2,6,100988333
49,6,11,101185617
2,22,2,101201963
51,12,10,101203328
51,9,0,101205547
51,11,11,101207295
51,10,8,101207549
51,10,0,101207552
51,8,0,101207764
51,11,9,101210088
5,22,10,101210353
22,7,13,101211608
23,4,9,101213669
22,9,12,101213759
52,10,1,101213807
52,13,8,101213830
52,11,0,101213834
51,10,3,101213979
52,12,9,101214166
53,11,1,101214168
52,12,0,101214174
51,9,3,101215090
51,10,10,101215202
51,8,11,101215338
52,13,2,101215681
31,3,3,101215919
51,7,8,101216862
50,11,10,101217141
52,11,2,101217147
52,10,3,101217848
12,26,10,101218323
51,13,11,101218763
10,9,1,101220081
52,12,10,101234663
21,7,11,101237156
21,7,3,101237161
52,10,8,101238152
53,15,2,101238772
53,13,8,101239100
53,11,0,101240109
54,9,0,101240492
52,11,8,101240946
53,10,0,101240948
53,11,9,101240967
6,12,10,101240980
54,13,8,101240988
53,14,10,101245353
53,8,3,101246690
54,8,3,101246706
54,13,2,101246855
54,11,10,101247547
54,11,11,101247549
54,9,3,101247553
51,13,0,101248414
37,25,14,101249157
53,10,11,101249160
53,9,11,101249296
53,9,3,101249304
54,12,10,101249646
52,12,2,101249647
55,12,8,101249793
53,12,0,101249801
21,8,10,101250147
22,9,10,101250154
52,14,10,101250467
52,16,2,101250471
53,11,11,101264801
55,14,1,101265289
24,13,10,101265392
54,8,9,101265911
53,15,11,101267068
56,8,8,101268069
54,15,3,101268289
55,10,8,101268858
54,14,10,101268898
55,11,8,101270243
55,12,0,101270585
56,11,0,101270819
55,14,3,101271439
53,18,10,101271486
14,14,14,101271518
36,11,9,101272656
23,9,14,101272809
23,9,6,101272812
54,11,2,101273104
54,14,11,101273976
54,12,3,101273981
55,13,9,101273987
55,14,9,101274164
38,28,5,101274180
56,12,11,101274326
15,13,6,101274482
42,29,14,101274503
55,9,11,101274963
55,9,3,101274964
14,13,14,101275134
14,13,6,101275144
57,10,9,101275333
55,10,1,101275335
55,18,2,101275356
56,15,9,101275380
56,17,1,101275852
27,13,5,101277063
55,15,2,101277172
54,15,9,101277526
14,19,5,101277569
56,11,3,101277633
54,16,3,101278563
56,14,8,101278793
55,13,0,101278795
54,12,11,101278864
55,11,3,101278866
54,10,3,101278870
26,14,6,101279349
54,11,3,101279580
55,13,2,101279612
45,29,0,101279786
27,7,1,101279898
55,19,9,101280573
56,18,1,101280607
11,14,6,101280744
15,15,8,101281156
14,13,9,101281162
56,11,9,101281546
57,10,1,101281550
57,9,8,101281552
39,28,0,101281712
56,10,11,101290063
56,11,8,101293118
56,17,11,101293984
56,18,11,101296759
57,11,8,101297736
57,16,11,101297947
56,16,3,101298040
56,16,1,101298416
57,16,8,101299381
56,16,14,101301032
17,2,5,101301878
56,18,2,101301925
57,13,8,101302634
56,15,1,101303451
30,3,3,101303705
17,14,0,101304608
44,31,0,101305104
57,12,2,101305730
57,11,3,101306780
56,14,2,101308336
58,14,10,101308367
58,15,0,101308456
58,15,11,101308477
56,15,3,101308479
58,17,8,101308481
28,10,0,101308862
14,15,8,101309261
16,18,14,101309386
57,12,8,101309442
22,26,0,101310059
57,12,3,101310181
22,27,8,101310374
38,8,2,101310479
37,30,6,101310866
10,14,2,101310886
57,14,10,101312094
41,30,5,101312467
57,13,3,101313258
16,15,2,101325995
58,12,11,101327235
59,17,8,101329915
57,18,2,101330165
58,16,3,101332032
59,17,0,101332041
59,13,9,101332176
44,33,14,101333767
58,19,9,101335776
17,26,14,101335823
17,28,10,101335825
30,30,3,101336146
44,33,13,101336524
45,32,5,101336531
19,4,10,101336555
18,16,13,101336793
18,14,2,101336895
58,19,10,101336934
18,27,0,101337742
59,13,8,101337946
37,33,8,101338407
31,4,3,101338622
57,18,11,101338641
57,18,3,101338644
17,20,1,101340369
38,33,3,101340418
41,7,2,101340609
26,28,8,101341400
19,12,9,101341908
57,20,8,101342462
58,19,0,101342466
48,36,0,101342622
29,10,11,101343232
28,9,3,101343235
19,17,13,101343243
21,28,13,101343952
21,28,5,101343953
43,36,0,101359524
59,19,5,101361925
30,13,10,101362462
59,20,0,101362783
18,30,6,101363962
12,17,5,101364760
59,17,2,101365832
43,37,1,101366301
58,20,3,101366829
31,13,13,101366832
59,16,8,101367034
33,6,0,101367502
17,23,10,101367613
17,23,2,101367624
26,32,8,101368557
31,15,1,101368754
21,12,14,101369134
48,39,8,101369936
48,39,0,101369937
33,9,8,101371113
30,16,11,101371115
49,40,3,101371263
59,15,9,101371575
60,16,1,101371578
50,41,0,101372876
46,39,11,101373111
46,39,3,101373113
60,21,8,101373132
18,22,13,101373220
18,22,5,101373224
32,14,0,101373963
31,12,5,101374010
49,40,11,101374815
30,12,7,101374853
1,1,8,101374875
1,1,0,101374876
30,15,8,101374939
20,14,2,101375002
31,13,4,101375989
59,14,3,101376099
59,21,6,101385171
57,22,8,101390607
18,26,10,101392149
31,20,1,101393639
23,11,13,101394225
47,42,3,101395614
46,41,3,101395619
32,14,10,101395838
31,13,2,101395847
21,33,6,101396284
47,42,0,101396505
28,36,5,101396767
22,34,8,101397065
22,34,0,101397067
1,8,13,101397985
25,34,3,101398078
29,12,10,101398224
45,2,13,101398273
46,1,5,101398279
27,14,13,101399048
19,18,9,101399379
21,33,11,101399401
59,22,3,101399423
14,35,8,101399561
31,14,10,101399794
1,6,9,101399956
1,6,1,101399957
59,22,5,101400094
57,23,1,101401518
59,24,10,101401796
20,19,6,101402022
2,3,9,101402137
24,33,11,101402262
31,37,14,101402366
42,42,9,101402433
43,41,1,101402447
11,18,0,101402523
49,42,11,101402705
2,3,8,101402916
61,18,9,101403015
34,9,0,101403033
14,35,0,101403718
59,22,6,101403725
22,12,10,101404064
22,12,2,101404070
2,3,10,101404421
26,35,13,101404725
26,35,5,101404730
30,21,2,101404740
20,34,3,101404910
40,41,3,101404926
60,18,3,101405153
46,2,8,101405562
8,35,11,101405634
49,44,0,101406239
23,34,8,101406358
60,25,8,101406992
32,15,10,101420017
2,8,14,101421302
2,8,6,101421307
60,24,8,101424064
60,24,0,101424065
20,22,11,101424072
62,23,13,101424165
19,37,11,101426695
61,24,5,101426723
45,45,3,101427236
45,45,14,101427661
18,38,8,101428454
47,46,11,101428587
50,47,14,101428767
50,47,6,101428770
31,16,2,101429864
54,24,0,101431085
32,20,8,101431266
42,20,10,101432021
50,48,8,101432134
50,48,0,101432139
21,36,14,101432202
23,37,8,101433183
53,25,8,101433429
23,38,8,101434042
40,24,2,101434445
15,39,3,101434666
3,6,3,101434686
11,40,13,101434872
10,39,5,101434878
20,23,10,101436340
20,23,2,101436353
1,12,10,101437301
19,37,3,101437973
43,9,10,101438016
5,40,9,101449138
5,40,1,101449145
46,49,8,101455488
45,48,0,101455496
22,38,0,101458255
25,40,8,101461319
50,51,0,101461743
25,40,3,101464913
22,41,3,101465064
49,6,6,101465367
46,49,3,101465971
54,26,14,101467621
29,21,10,101467868
31,18,13,101468392
32,18,2,101469311
16,23,8,101488455
60,27,11,101488809
34,17,11,101491091
13,23,3,101491734
33,18,11,101493452
13,24,14,101496107
5,8,10,101497338
23,39,13,101497565
20,38,0,101497936
2,17,8,101498093
49,54,11,101498203
20,30,5,101499092
26,23,11,101499188
26,23,3,101499226
12,43,14,101512579
14,24,13,101516063
60,28,1,101518478
5,45,6,101523278
17,44,5,101523510
5,45,5,101524087
60,29,8,101529272
12,25,14,101529369
12,25,6,101529383
18,43,6,101530873
23,48,9,101711923
3,43,2,101735770
27,39,14,101737941
16,26,9,101744077
26,41,6,101747663
26,40,14,101769033
26,40,6,101769038
25,43,5,101773205
24,44,14,101773943
25,43,6,101773952
16,25,1,101780877
4,15,6,101803969
1,20,13,101805009
59,30,5,101806770
5,13,5,101807026
16,24,10,101807567
16,24,2,101807582
21,27,5,101808844
57,29,13,101834104
25,42,12,101837050
15,24,1,101838249
21,22,14,101839624
26,37,6,101839711
17,29,13,101841328
5,11,6,101844193
26,36,6,101862907
16,22,15,101864615
1,19,5,101867287
24,19,6,101867746
26,36,5,101870887
15,30,2,101873853
17,27,14,101890516
34,38,6,101894764
15,22,6,101896453
32,23,13,101897342
1,15,6,101898759
6,8,13,101899009
2,16,8,101899091
24,38,14,101900137
25,37,6,101900186
5,9,8,101901966
54,33,14,101903221
19,25,12,101903830
33,20,5,101906099
4,8,13,101920692
33,38,6,101921366
3,12,5,101922569
4,7,6,101931190
26,32,6,101932081
23,38,6,101932257
28,28,14,101933496
29,27,6,101933503
16,19,13,101934044
16,19,5,101934054
25,34,6,101934059
22,16,13,101934253
35,34,13,101937444
23,37,13,101956745
33,37,5,101957003
3,9,6,101957631
38,27,6,101957893
2,10,6,101961396
1,11,11,101963084
31,19,14,101963219
27,28,6,101963409
24,34,6,101963873
24,35,5,101964720
2,9,11,101965860
23,13,15,101966846
54,32,6,101968008
22,37,6,101982267
22,37,5,101983502
24,33,5,101986468
2,9,5,101988484
34,32,6,101988525
22,36,5,101991273
21,37,14,101991348
21,37,5,101991354
31,13,9,101991539
2,10,5,101991593
3,7,5,101991941
28,12,10,101993728
16,25,12,101993755
17,22,15,101997158
32,38,12,101997197
23,35,15,101997607
23,34,5,101997937
33,36,12,101998798
24,31,6,102013503
34,31,13,102015984
31,37,5,102023382
18,20,12,102025795
26,27,5,102026846
23,33,15,102030200
31,36,15,102030280
17,20,15,102030383
16,23,12,102031038
26,27,6,102031206
31,35,13,102044134
23,31,14,102047896
21,34,14,102051108
22,33,6,102051110
27,10,10,102051589
2,5,5,102054735
22,32,6,102058982
22,33,15,102059421
60,42,10,102060797
27,14,8,102061104
61,41,5,102061193
23,30,13,102083256
28,14,1,102084499
32,31,6,102085508
38,22,14,102090694
36,25,14,102092337
36,27,12,102092366
54,27,6,102093665
16,20,12,102093828
52,28,5,102113395
14,20,1,102113885
11,21,10,102116665
8,19,10,102116967
22,8,9,102123321
15,20,12,102124166
53,24,13,102146729
22,9,12,102148916
54,25,13,102149824
22,5,1,102180243
52,25,14,102182642
51,50,11,102184139
52,49,3,102184145
48,26,15,102185289
32,7,10,102185961
54,23,13,102203962
55,22,5,102203968
52,23,14,102208748
30,10,9,102215494
31,9,1,102215502
49,47,2,102218777
27,32,10,102218876
26,31,2,102218881
26,30,10,102239751
49,45,2,102240396
25,29,10,102244369
54,46,12,102248561
24,26,7,102309563
26,27,10,102342524
51,61,13,102402026
50,60,5,102406042
51,24,0,102423176
53,20,2,102423816
52,23,8,102433431
48,55,14,102435201
49,54,6,102435208
7,13,10,102436306
49,54,5,102437722
52,21,10,102462351
52,25,8,102463862
52,25,0,102463866
54,18,9,102464328
55,19,1,102464329
54,21,9,102464333
54,21,1,102464335
30,8,14,102464553
52,24,1,102464622
53,23,8,102464885
53,22,0,102465873
55,19,10,102465906
53,23,2,102467240
54,20,1,102469264
53,21,14,102476754
45,43,10,102481218
44,42,2,102481219
52,22,5,102481437
41,8,1,102482781
43,41,7,102483554
20,7,13,102485469
53,19,6,102486438
45,42,2,102488294
27,7,14,102489543
20,3,1,102491396
55,17,12,102491439
54,16,4,102491440
44,41,10,102493466
42,41,2,102493467
53,18,5,102493992
42,40,4,102496849
40,41,10,102497463
41,40,2,102497481
62,20,6,102552669
51,17,14,102567401
52,18,14,102570900
27,10,10,102574242
52,18,13,102576987
61,17,15,102578242
61,17,13,102580812
62,18,5,102580815
62,18,15,102581186
61,17,7,102581194
32,23,14,102581196
32,23,6,102581197
52,16,6,102581289
27,9,5,102581918
52,18,12,102582137
12,11,15,102582263
24,14,13,102583721
24,14,5,102583731
21,13,6,102584160
10,18,11,102584254
54,36,5,102584372
50,18,15,102584412
62,19,4,102584479
2,16,8,102584547
61,19,15,102584739
13,1,8,102584756
51,17,13,102585015
6,18,3,102585137
16,7,13,102585196
53,16,12,102585485
53,18,4,102585486
51,17,14,102585859
26,10,1,102585887
62,18,12,102586116
62,18,4,102586117
9,19,8,102586928
7,19,0,102586929
9,20,8,102587299
61,17,12,102587346
61,19,4,102587351
61,18,2,102587559
7,19,8,102587602
21,13,3,102587632
52,16,4,102587713
19,3,6,102587864
55,36,8,102588310
61,18,15,102588729
60,17,7,102588734
12,11,13,102588772
10,13,9,102588829
26,26,0,102589305
52,16,15,102589438
27,9,14,102589563
27,9,6,102589572
50,16,14,102589672
20,3,11,102589731
52,17,14,102589891
50,17,6,102589892
49,17,7,102590123
50,21,12,102590169
51,16,13,102590239
52,15,5,102590243
61,14,9,102590319
61,14,1,102590328
53,16,4,102590452
50,50,14,102590471
50,50,6,102590477
61,18,12,102590599
62,17,4,102590600
60,18,7,102591001
60,18,4,102591087
27,7,13,102591124
62,16,15,102591500
60,16,7,102591510
60,16,12,102591625
11,12,6,102591642
51,16,15,102591932
61,18,4,102592268
62,16,7,102592296
61,15,7,102592299
49,22,12,102592394
50,21,4,102592402
15,8,5,102592571
8,19,11,102592730
34,12,15,102593020
3,12,14,102593245
38,5,7,102593427
53,36,9,102593536
6,14,14,102593553
51,15,7,102593854
23,15,8,102593907
27,7,5,102594043
20,14,6,102594129
62,16,12,102597520
61,16,15,102598023
60,14,12,102600945
61,14,4,102601753
60,15,7,102602607
59,14,12,102603426
61,15,4,102603493
60,15,15,102603991
6,15,5,102604615
50,16,12,102604626
51,15,12,102604627
61,15,12,102604723
60,13,9,102605057
60,15,4,102605279
49,18,5,102605352
59,14,7,102605422
2,15,5,102606054
50,17,15,102606239
3,16,13,102606250
50,14,4,102606425
60,14,7,102606432
50,17,7,102606539
48,19,5,102606979
50,18,12,102607152
50,16,15,102607197
9,15,13,102607488
61,14,12,102607547
60,13,4,102607548
48,17,7,102607641
59,15,2,102607947
61,13,4,102608268
59,15,15,102608330
60,16,7,102608332
49,15,6,102608381
49,17,12,102608559
5,17,0,102608822
58,15,15,102608857
58,13,7,102608863
24,27,0,102608974
61,13,12,102609067
59,14,4,102609130
3,16,0,102609370
48,19,14,102609416
59,13,7,102609539
49,15,15,102609755
55,34,0,102609799
3,17,8,102609874
50,15,14,102610008
48,16,13,102610385
49,17,5,102610387
59,12,7,102610618
8,16,6,102610906
49,13,15,102610973
58,14,4,102611116
50,47,9,102611237
58,13,12,102611339
58,15,4,102611340
49,15,5,102611428
50,17,12,102611437
49,18,4,102611438
61,16,5,102611458
58,12,15,102611525
48,15,7,102611533
4,22,3,102611605
3,16,3,102611682
2,22,8,102612055
48,18,14,102612295
49,18,6,102612395
9,15,14,102612403
2,17,14,102612462
36,1,1,102612516
2,22,11,102612589
47,17,14,102612633
47,17,15,102612731
49,17,7,102612732
48,17,15,102612767
47,16,7,102612774
25,9,5,102612786
52,35,9,102612851
32,10,14,102612854
50,15,13,102612957
7,23,3,102613019
12,13,12,102613097
2,16,11,102613151
60,13,12,102613231
60,12,15,102613286
59,14,12,102613435
60,13,4,102613437
2,11,13,102613438
2,11,5,102613440
58,12,12,102613445
59,14,5,102613575
50,14,13,102613721
58,12,14,102613749
31,9,6,102613756
48,15,12,102613933
50,15,4,102613935
49,15,12,102614084
48,16,4,102614088
21,16,6,102614157
47,18,15,102614205
13,12,4,102614311
59,16,12,102614321
3,18,8,102614339
3,18,0,102614342
10,20,14,102614349
29,21,6,102614425
3,23,8,102614639
59,17,14,102614734
61,17,12,102614744
10,19,6,102614765
59,13,15,102614949
59,15,7,102614950
57,13,7,102614956
48,17,14,102614974
48,17,6,102614976
31,15,6,102615012
57,14,7,102615026
33,3,6,102615324
3,19,6,102615418
49,16,12,102615545
48,14,4,102615563
4,17,11,102615578
3,17,3,102615642
47,16,15,102615857
47,14,7,102615867
59,12,15,102615991
60,13,7,102615993
58,11,7,102615994
20,16,8,102616170
59,13,6,102616196
58,14,12,102616227
58,12,4,102616232
57,14,15,102616346
59,14,7,102616347
57,12,7,102616351
49,15,14,102616432
57,12,12,102616446
57,11,15,102616455
47,13,7,102616475
54,34,5,102616628
59,13,1,102616652
48,12,7,102616939
2,18,13,102616948
1,17,13,102616950
1,19,5,102616951
2,17,11,102616956
47,42,2,102617011
9,15,6,102617051
48,13,15,102617094
49,12,4,102617188
55,32,12,102617222
47,18,13,102617263
48,17,13,102617562
49,16,5,102617564
45,45,2,102617637
59,13,12,102617659
53,33,7,102617674
4,18,8,102617681
30,18,6,102617691
58,14,4,102617725
47,14,14,102617803
29,20,14,102617810
29,20,6,102617823
5,17,5,102617864
8,9,5,102617900
48,16,5,102617983
3,19,13,102618158
3,19,5,102618160
2,19,8,102618173
48,20,12,102618199
12,10,7,102618492
23,20,12,102618499
52,33,15,102618521
56,13,7,102618612
59,12,12,102618620
59,12,4,102618622
9,3,8,102618676
57,13,15,102618835
58,12,7,102618837
47,13,15,102618896
59,13,13,102618947
57,13,5,102618948
57,14,12,102618950
59,14,4,102618951
2,24,8,102618959
47,16,12,102619232
48,15,4,102619233
55,31,13,102619272
55,31,5,102619275
48,17,7,102619461
22,19,12,102619565
60,16,15,102619579
2,18,3,102619647
49,12,12,102619685
53,32,9,102619726
55,32,1,102619731
30,24,13,102619739
3,18,3,102619826
48,12,4,102619833
49,13,12,102619871
48,16,14,102619873
47,15,6,102619877
21,20,4,102619963
21,16,5,102620035
34,1,13,102620202
34,1,5,102620205
1,10,13,102620215
24,27,3,102620313
52,33,1,102620315
58,12,15,102620577
56,12,7,102620578
2,19,11,102620603
47,16,7,102620668
23,27,3,102620757
6,13,14,102620768
47,19,4,102620834
2,20,13,102620874
2,21,0,102620879
57,10,7,102620920
21,19,14,102620932
46,18,6,102620941
10,16,13,102620991
8,18,8,102621000
47,16,15,102621057
22,12,1,102621090
54,32,12,102621093
51,34,10,102621107
49,34,2,102621109
59,11,12,102621140
57,11,4,102621144
8,10,12,102621229
58,10,7,102621248
10,14,5,102621320
47,15,4,102621363
56,13,15,102621388
56,11,7,102621392
46,15,6,102621393
42,38,14,102621410
3,19,0,102621470
5,17,6,102621508
6,16,13,102621509
6,16,5,102621512
29,23,14,102621579
48,18,15,102621663
47,19,7,102621664
46,15,14,102621822
46,18,15,102621870
48,16,15,102621872
12,10,4,102621875
12,9,13,102621879
55,31,15,102621881
55,31,7,102621885
54,31,1,102621888
46,13,6,102621969
5,16,14,102622005
6,15,13,102622008
10,13,13,102622067
10,13,5,102622070
11,16,4,102622072
47,12,7,102622092
2,20,14,102622128
2,20,6,102622133
48,15,7,102622145
48,14,14,102622148
46,14,15,102622149
47,13,7,102622152
46,18,4,102622158
56,10,15,102622181
11,23,6,102622227
22,9,9,102622255
22,9,1,102622260
10,19,13,102622349
11,18,5,102622355
22,23,14,102622402
60,16,12,102622413
59,17,4,102622422
46,13,13,102622439
47,14,5,102622441
55,31,12,102622688
33,1,14,102622906
46,16,12,102623065
48,14,12,102623066
52,32,7,102623088
58,12,12,102623120
7,9,6,102623312
58,11,12,102623334
58,11,4,102623335
23,13,14,102623336
11,11,14,102623381
59,11,4,102623395
9,23,14,102623413
53,32,2,102623439
53,32,12,102623557
13,6,13,102623582
14,5,5,102623585
48,18,13,102623682
47,19,9,102623685
58,10,15,102623765
56,10,7,102623779
1,20,11,102623901
1,20,3,102623904
56,13,12,102624008
57,12,4,102624009
6,12,6,102624157
7,13,13,102624159
6,12,5,102624160
2,22,0,102624168
18,16,6,102624264
7,11,12,102624424
9,20,6,102624466
58,13,13,102624536
46,18,7,102624548
45,17,9,102624553
30,15,12,102624574
47,13,5,102624607
48,45,1,102624683
9,21,6,102624687
10,20,5,102624695
8,16,14,102624852
23,10,15,102624981
48,12,13,102625064
47,12,12,102625072
48,12,12,102625077
56,10,10,102625127
8,17,11,102625165
4,19,6,102625222
7,18,6,102625267
48,13,12,102625319
46,13,4,102625320
11,8,11,102625348
5,17,5,102625615
52,32,4,102625642
54,31,4,102625821
2,23,0,102626153
57,11,12,102628333
57,10,12,102629362
47,12,5,102630694
56,9,7,102630923
56,9,4,102631050
55,11,7,102631456
56,10,15,102631562
57,9,7,102631567
46,12,5,102631713
56,9,15,102632160
46,18,12,102632386
46,16,4,102633162
55,8,7,102633334
56,9,12,102634081
55,8,4,102634082
2,23,3,102634224
1,22,3,102634227
8,20,6,102634360
1,24,8,102634410
55,11,12,102634440
5,22,11,102634551
54,10,15,102634911
56,10,7,102634913
54,8,7,102634916
56,10,12,102634955
55,10,4,102635656
5,22,6,102636094
54,9,4,102637064
54,8,12,102637294
55,9,12,102637481
45,15,15,102637497
44,10,2,102637580
55,8,15,102637806
55,7,7,102637938
45,11,13,102638124
27,13,13,102638134
27,13,5,102638135
1,24,11,102638217
28,8,12,102638288
1,25,8,102638422
54,9,7,102638791
56,8,9,102638883
2,24,3,102638970
4,23,6,102639327
5,17,13,102639400
22,28,13,102639417
46,16,6,102639669
27,7,6,102639763
3,24,8,102641271
55,11,4,102641279
54,8,15,102641337
55,9,7,102641338
53,7,7,102641341
19,9,14,102641435
45,15,13,102641547
45,15,4,102641719
54,9,12,102641738
53,8,4,102641739
56,9,4,102641918
54,7,4,102641930
10,10,13,102641976
5,22,5,102642674
53,8,12,102642691
52,8,15,102642698
54,8,2,102642736
53,9,4,102642811
55,8,5,102642863
2,24,5,102643198
26,13,13,102643416
27,12,5,102643419
3,17,14,102644951
4,18,13,102644953
50,30,2,102645043
55,7,2,102645368
26,12,14,102645502
56,8,7,102645693
54,6,7,102645694
3,18,6,102646177
2,31,8,102646408
3,19,14,102646594
3,19,6,102646604
50,30,9,102646693
55,7,12,102646739
54,8,4,102646740
5,23,12,102646750
54,7,15,102646837
54,7,7,102646839
44,16,15,102646902
6,30,6,102647055
4,23,14,102647698
26,6,14,102647899
26,8,10,102647903
27,7,7,102647905
25,9,6,102648039
7,23,0,102648124
54,9,14,102648318
53,8,6,102648320
53,8,7,102648323
53,9,15,102648470
13,9,5,102648475
28,10,12,102648648
5,23,11,102649022
2,16,14,102649233
26,6,15,102649256
7,18,14,102649361
45,14,13,102649656
7,20,6,102649934
45,16,6,102649942
7,22,8,102650063
43,10,7,102650074
26,7,15,102650255
7,14,4,102650380
3,25,0,102650547
53,7,14,102650592
53,7,6,102650630
43,10,14,102651351
49,40,1,102651916
5,23,6,102652121
6,22,5,102652123
35,35,15,102652396
9,28,10,102652480
2,26,8,102653074
53,7,13,102653303
52,8,5,102653305
54,8,12,102653723
54,6,15,102654832
56,8,4,102655268
55,8,10,102655275
8,11,13,102655383
3,16,6,102656068
4,17,13,102656069
3,16,5,102656071
52,7,13,102674139
52,7,5,102674154
6,5,13,102698285
7,4,5,102698317
5,6,5,102704337
53,9,14,102717193
35,31,15,102735266
3,7,6,102742047
33,31,15,102780923
33,31,12,102795647
33,29,15,102799728
32,31,15,102804694
33,30,12,102804877
37,27,12,102807011
36,27,12,102808193
34,28,12,102811252
33,27,15,102836350
34,27,2,102923607
53,8,13,102925414
53,10,14,102930975
54,9,6,102931001
52,7,6,103021206
52,9,14,103027273
42,13,14,103027466
53,9,14,103028273
43,13,13,103341663
44,12,5,103341668
52,8,4,103404667
26,26,13,103434623
2,17,10,104417198
1,16,10,104425567
2,11,9,104444955
1,10,1,104444979
2,9,1,104449528
19,9,11,104461850
6,8,1,104464766
7,8,2,104469641
19,10,9,104484411
17,10,1,104484412
19,10,10,104485909
14,4,9,104490133
21,9,9,104490512
20,8,1,104490548
18,9,2,104490589
20,9,8,104492323
20,7,1,104498146
18,4,1,104499647
54,7,10,105046681
25,31,14,105869741
24,38,5,105901215
22,32,14,105958161
23,31,6,105958206
20,39,14,105990931
23,30,15,105995803
22,30,15,106084567
22,30,1,106244805
43,29,7,106246746
23,44,9,106272549
23,29,11,106278377
26,40,9,106371244
26,40,1,106371252
24,39,14,106582436
24,32,5,106582502
23,38,14,106582895
25,30,12,106584276
23,32,13,106588001
24,31,5,106588004
24,30,15,106590438
24,30,12,106609223
23,30,12,106618194
42,27,9,106620758
22,33,14,106622536
21,32,6,106622537
43,28,9,106622945
41,26,9,106625279
21,30,13,106644502
44,43,11,106656457
18,36,9,106867501
20,43,3,106931332
45,30,14,106935780
45,30,6,106935848
21,36,0,106965232
46,33,13,106968215
44,32,4,106999737
24,29,11,107021957
27,43,1,107029363
24,36,6,107238000
26,38,13,107244712
25,29,13,107248949
26,28,5,107248981
33,36,6,107276737
39,27,10,107277850
57,22,0,107280854
23,30,15,107306083
22,31,5,107307084
56,5,14,107373178
56,5,6,107373265
23,38,9,107718172
4,28,13,107749402
41,29,7,107840696
55,4,12,107862815
45,13,0,107867257
44,9,13,107869413
17,12,0,107872616
24,28,6,107891927
25,38,14,107892300
24,36,5,107893467
27,41,14,107894165
27,41,6,107894175
26,40,6,107894824
24,37,14,107895621
23,35,14,107896090
24,34,6,107896099
42,29,8,107896302
36,38,6,107896857
24,28,15,107896887
42,29,0,107897039
24,34,13,107897146
24,30,5,107897304
23,35,13,107897456
24,37,4,107898012
23,31,6,107898507
23,32,6,107898798
23,32,15,107898799
23,34,7,107898806
23,32,14,107898986
23,32,7,107899024
23,37,14,107899027
26,38,8,107899056
22,34,14,107899155
25,27,15,107899295
42,29,3,107899428
43,31,10,107899464
24,30,13,107899553
23,37,5,107899757
23,34,6,107899949
23,36,7,107899956
24,39,14,107900363
23,32,5,107900408
23,35,4,107900413
23,36,15,107900476
25,41,6,107900594
23,33,13,107900952
23,32,12,107900956
25,41,14,107901165
23,31,14,107901172
23,30,5,107901336
23,34,5,107901557
44,12,7,107901680
36,23,7,107901685
23,37,15,107901712
43,30,0,107902010
23,36,12,107902150
23,36,5,107902264
23,37,13,107902577
23,35,5,107902578
23,37,12,107902590
22,32,6,107902607
23,29,5,107902695
43,29,0,107902830
24,40,13,107902879
42,27,8,107902938
22,32,15,107902943
24,39,6,107903063
25,40,6,107903077
43,30,11,107903081
22,36,14,107903119
22,35,14,107903129
22,35,7,107903137
24,38,5,107903246
24,39,12,107903247
23,38,6,107903304
25,41,5,107903513
22,36,5,107903530
38,23,7,107903560
22,33,14,107903696
22,33,7,107903701
22,38,13,107903703
22,38,5,107903705
23,40,4,107903707
22,38,7,107903715
22,33,12,107903908
23,31,4,107904022
22,37,15,107904035
22,32,5,107904081
22,36,12,107904100
22,39,14,107904253
22,37,6,107904257
23,29,7,107904267
24,39,5,107904528
23,30,4,107904567
22,32,12,107904589
22,34,12,107904594
44,29,8,107904722
22,29,15,107904822
22,37,13,107904967
22,35,5,107904972
44,30,0,107905105
24,40,5,107905111
22,31,13,107905234
44,31,8,107905254
22,35,13,107905256
22,33,5,107905257
22,35,12,107905259
22,37,4,107905263
21,35,15,107905409
21,37,7,107905412
22,30,14,107905459
23,40,12,107905590
21,35,7,107905595
44,30,8,107905615
31,23,12,107905757
23,40,6,107905795
21,37,5,107905800
21,36,7,107905887
41,25,15,107905953
21,32,15,107905983
28,24,12,107906030
21,33,7,107906045
44,29,11,107906105
21,38,14,107906211
21,36,15,107906214
21,32,14,107906391
21,30,6,107906393
21,30,5,107906398
22,37,5,107906409
22,30,12,107906412
22,32,4,107906414
22,38,12,107906418
22,40,4,107906424
44,30,11,107906510
22,39,12,107906544
45,30,0,107906622
20,42,15,107911077
18,40,14,107912213
27,21,9,107912829
27,21,1,107912839
17,35,7,107913362
50,33,3,107913696
21,44,7,107913895
47,42,3,107913917
48,43,0,107913919
43,22,2,107913923
46,47,8,107914229
46,46,11,107914234
51,39,2,107914424
18,30,5,107914441
16,34,15,107914629
15,40,5,107914729
16,39,5,107914731
44,21,9,107914801
44,21,1,107914802
51,34,0,107915021
17,31,15,107915290
43,44,14,107915295
52,38,1,107915304
51,30,10,107915384
51,30,2,107915386
50,45,1,107915485
52,31,10,107915601
28,20,1,107915722
42,21,10,107915732
45,22,1,107915742
17,33,5,107918831
16,44,8,107919151
16,44,0,107919161
54,3,14,107919383
54,3,6,107919385
18,47,0,107919911
17,48,8,107920023
16,33,1,107920109
50,42,0,107920247
21,51,13,107920336
21,52,7,107920338
19,51,10,107920343
22,50,14,107920392
19,50,11,107920395
16,31,2,107920648
16,44,10,107920662
16,44,2,107920666
52,43,3,107920742
15,36,9,107920774
16,37,1,107920777
51,34,11,107920778
53,34,3,107920779
22,50,8,107921059
21,49,0,107921060
19,51,4,107921073
15,38,8,107921221
19,47,9,107921380
48,45,9,107921411
54,3,5,107921470
19,49,11,107921698
16,32,2,107921743
15,34,11,107921796
24,52,10,107921826
49,46,8,107921831
50,47,0,107921833
19,39,4,107921857
18,38,7,107921860
45,50,6,107921901
50,44,13,107922022
50,44,5,107922024
48,46,6,107922026
49,45,5,107922029
17,37,13,107922151
15,39,1,107922155
15,36,3,107922158
48,49,7,107922257
23,52,0,107922272
50,43,9,107922302
51,44,1,107922306
22,53,8,107922337
17,31,1,107922443
51,32,9,107922451
51,34,8,107922455
16,39,0,107922505
19,45,11,107922523
19,45,3,107922524
21,45,13,107922553
16,40,0,107922596
16,42,11,107922599
19,43,15,107922638
17,44,8,107922649
20,48,10,107922741
22,49,0,107922748
20,47,9,107922823
19,48,1,107922827
51,31,14,107922844
52,30,6,107922845
22,47,15,107922897
21,48,7,107922899
31,19,9,107922906
31,19,1,107922914
21,43,4,107922949
27,21,2,107922967
16,34,1,107923051
17,32,3,107923060
52,38,8,107923104
48,43,3,107923167
50,44,12,107923200
51,41,6,107923239
51,41,15,107923240
51,41,7,107923243
50,42,10,107923246
17,45,8,107923317
18,44,0,107923320
47,51,8,107923341
47,51,0,107923345
49,42,13,107923458
49,42,5,107923466
17,41,0,107923506
20,46,3,107923646
18,31,8,107923672
18,33,10,107923677
16,33,2,107923679
16,37,8,107923713
17,36,3,107923716
17,38,9,107923733
50,36,8,107923748
17,34,9,107923844
16,35,8,107923846
46,43,5,107923929
17,31,2,107924015
17,34,2,107924037
49,48,15,107924051
49,48,7,107924060
19,39,15,107924104
45,42,14,107924107
50,42,15,107924135
46,30,2,107924159
51,33,11,107924175
17,41,3,107924218
22,43,9,107924274
22,43,1,107924276
46,48,11,107924328
46,48,3,107924330
21,47,3,107924367
51,42,4,107924489
47,47,1,107924584
52,39,12,107924588
17,33,7,107924771
17,42,8,107924797
17,40,0,107924799
43,22,11,107924901
44,23,3,107924902
18,30,1,107924951
20,44,0,107925228
18,42,0,107925231
19,30,0,107925238
50,43,15,107925263
46,43,8,107925294
46,43,0,107925299
50,41,14,107925380
50,41,6,107925382
48,40,3,107925386
19,41,4,107925392
21,44,4,107925415
42,22,10,107925423
28,21,8,107925442
22,51,8,107925447
23,50,0,107925449
21,50,10,107925463
19,32,9,107925501
19,32,1,107925503
46,47,5,107925511
53,4,6,107925516
30,20,11,107925530
31,21,3,107925531
50,41,15,107925549
47,36,10,107925561
46,37,2,107925562
46,49,12,107925563
48,49,4,107925566
17,40,3,107925579
52,39,7,107925610
52,39,4,107925764
45,22,8,107925872
43,22,0,107925875
24,23,14,107925880
26,23,6,107925885
21,43,5,107925914
33,20,0,107925959
23,50,8,107925976
51,37,5,107925984
50,35,8,107925995
52,35,0,107925996
18,35,9,107926010
17,36,8,107926011
18,35,0,107926014
51,41,4,107926080
50,30,0,107926231
21,45,0,107926293
20,43,7,107926296
46,45,13,107926315
47,46,5,107926316
47,45,11,107926320
47,48,9,107926324
47,47,13,107926328
47,48,7,107926334
46,48,10,107926339
48,47,0,107926341
19,42,8,107926344
49,49,5,107926359
51,33,3,107926369
17,34,11,107926415
20,44,11,107926436
19,43,3,107926437
46,46,13,107926546
46,46,5,107926547
21,45,8,107926622
20,44,0,107926625
18,37,3,107926657
45,31,10,107926813
45,23,5,107926858
44,24,11,107926859
44,24,3,107926860
32,20,11,107926909
30,20,8,107926913
29,21,0,107926924
48,27,12,107927034
21,26,1,107927081
37,19,3,107927163
17,34,10,107927216
23,42,1,107927263
50,30,14,107927271
49,29,6,107927275
52,35,5,107927299
29,21,5,107927354
49,45,12,107927405
19,29,1,107927421
50,32,13,107927464
50,32,5,107927468
51,34,0,107927471
51,42,12,107927533
49,43,15,107927537
47,44,2,107927543
49,28,15,107927572
48,29,7,107927573
47,29,10,107927576
48,27,13,107927611
48,27,5,107927619
38,20,0,107927626
18,33,11,107927628
41,22,8,107927649
40,21,0,107927658
38,20,3,107927826
48,26,13,107927971
48,26,5,107927973
28,21,6,107928026
27,22,8,107928029
25,24,13,107928041
25,22,5,107928045
19,29,2,107928139
32,20,9,107928153
33,20,11,107928155
33,20,3,107928156
35,19,11,107928218
24,48,9,107928226
19,35,8,107928265
19,35,0,107928268
48,44,15,107928322
51,36,5,107928374
20,31,0,107928406
19,33,3,107928430
49,38,14,107928436
50,41,4,107928456
23,47,9,107928526
47,44,10,107928547
22,45,0,107928560
26,43,11,107928561
24,43,3,107928564
50,40,4,107928618
49,40,4,107928646
48,39,7,107928647
20,28,8,107928833
18,30,15,107928849
47,41,7,107928864
46,49,4,107928868
24,47,5,107928926
45,48,4,107928966
18,35,8,107928976
18,33,0,107928978
21,25,11,107929016
45,25,0,107929026
50,36,9,107929070
49,37,8,107929076
50,36,0,107929077
47,27,4,107929084
19,36,9,107929194
43,37,1,107929217
43,37,10,107929226
48,40,10,107929249
50,37,4,107929301
45,43,3,107929446
45,42,8,107929451
45,48,12,107929467
46,47,4,107929469
46,47,14,107929470
44,45,14,107929471
46,47,7,107929473
44,45,7,107929475
23,44,15,107929480
23,44,7,107929482
50,34,6,107929483
48,36,4,107929494
47,35,12,107929539
46,35,9,107929542
46,35,1,107929546
20,32,8,107929639
50,31,15,107929645
46,41,8,107929663
47,42,0,107929666
47,43,7,107929670
25,44,8,107929721
45,46,12,107929809
26,24,15,107929890
49,43,4,107929904
48,40,6,107929907
46,41,11,107929914
47,27,5,107929932
45,29,2,107929934
28,21,14,107930035
29,22,0,107930049
30,38,6,107930122
20,34,8,107930304
48,40,12,107930368
20,29,11,107930429
40,22,14,107930507
42,22,12,107930513
47,44,5,107930521
47,45,0,107930523
46,45,3,107930527
38,37,5,107930540
49,33,14,107930557
51,35,13,107930576
49,34,8,107930580
22,41,5,107930643
19,36,10,107930645
47,28,4,107930701
20,28,1,107930776
20,27,8,107930778
47,38,4,107930817
28,21,11,107930916
20,29,0,107930943
49,31,13,107931033
50,30,5,107931034
49,31,2,107931044
28,22,6,107931086
48,33,11,107931100
34,21,0,107931113
19,31,3,107931158
44,13,0,107931348
47,39,1,107931456
49,36,11,107931458
48,37,3,107931459
47,39,2,107931470
45,47,6,107931564
45,49,7,107931569
24,44,3,107931630
21,27,0,107931744
24,25,14,107931755
45,34,9,107931868
20,31,11,107932027
40,39,13,107932059
40,39,5,107932065
19,35,11,107932069
19,34,3,107932085
54,35,13,107932205
54,35,5,107932211
24,41,8,107932338
47,38,15,107932414
40,34,13,107932484
48,34,12,107932510
20,28,3,107932586
20,35,8,107932645
24,46,3,107932809
44,34,11,107932870
20,32,0,107933104
22,27,0,107933261
24,44,11,107933269
23,43,3,107933271
25,46,10,107933274
24,45,2,107933276
49,37,13,107933381
46,37,10,107933382
43,22,8,107933412
42,23,0,107933413
21,29,0,107933476
21,27,3,107933520
41,22,3,107933759
53,42,9,107934097
52,43,1,107934098
20,34,0,107934115
20,33,11,107934120
20,34,11,107934125
26,41,14,107934318
25,46,8,107934506
26,45,0,107934508
52,42,11,107934861
45,38,12,107934863
53,3,15,107934984
22,30,8,107935132
31,23,11,107935161
25,24,11,107935335
27,22,11,107935340
29,37,14,107935620
25,40,0,107935751
25,40,3,107935754
26,43,8,107935757
27,41,11,107935901
42,34,15,107935922
45,29,9,107936198
41,41,7,107936211
21,33,0,107936223
21,29,3,107936413
30,38,5,107936461
21,34,0,107936752
21,34,3,107936753
29,22,8,107937160
36,20,8,107937362
41,35,1,107937429
36,30,11,107937850
23,30,11,107944877
24,31,1,107946459
53,2,14,107946848
27,25,5,107946928
24,30,3,107946956
42,25,14,107947447
41,24,6,107947453
24,29,11,107947470
39,23,0,107949139
24,30,11,107949345
25,28,11,107949404
25,29,8,107949686
24,31,11,107949983
25,30,8,107950159
24,32,9,107950162
28,25,0,107950290
24,33,11,107950930
36,22,11,107951118
33,35,15,107953571
35,22,3,107953893
35,23,8,107954439
35,23,14,107954577
36,23,8,107954587
36,34,7,107956897
34,24,11,107958081
54,2,9,107958829
26,32,8,107959648
40,28,6,107960121
44,10,8,107965417
43,6,10,107966048
42,25,5,107968245
35,25,8,107968395
46,45,5,107968808
34,26,13,107968972
32,27,6,107968977
33,26,14,107981868
56,2,1,107992029
45,12,11,107993306
45,9,3,107998242
46,13,8,107998538
56,3,11,107998641
9,16,8,107998730
56,4,8,107999111
44,10,3,108000625
45,8,1,108000921
46,12,3,108001297
46,14,11,108007367
45,6,1,108007436
46,14,3,108011760
46,12,11,108012050
45,8,11,108012943
47,14,0,108014089
57,3,11,108014561
58,3,8,108014631
45,7,1,108015286
46,11,9,108015366
46,11,14,108015999
45,7,11,108016124
46,11,3,108016130
59,4,0,108016450
46,6,11,108016845
47,11,11,108017461
46,10,3,108017478
58,4,2,108018140
58,4,1,108018144
47,13,0,108018565
58,2,9,108019477
59,3,8,108020505
59,3,0,108020508
46,8,0,108021299
47,14,3,108021599
58,4,8,108021969
57,3,0,108021975
46,7,9,108022091
20,8,2,108022661
57,4,11,108022798
57,2,3,108022803
19,13,14,108023116
47,15,3,108023283
48,13,0,108023288
46,9,11,108023968
57,2,2,108024784
57,27,14,108024786
56,26,6,108024793
59,4,3,108024824
46,11,10,108024827
46,12,8,108024830
47,11,0,108024832
46,13,2,108025047
46,7,8,108025087
3,13,10,108026739
20,13,11,108026866
58,5,1,108028115
47,8,8,108028756
21,9,10,108029033
47,13,11,108029458
48,14,0,108029473
29,5,2,108031728
59,4,2,108053822
60,4,8,108057812
48,11,5,108062339
59,5,9,108085476
58,4,9,108089827
59,5,13,108152181
58,4,13,108180161
22,30,6,108268294
46,9,6,108270568
32,33,13,108273359
29,34,6,108281644
29,35,5,108292696
30,35,13,108294268
29,35,14,108296357
32,32,13,108300797
32,32,3,108304234
33,33,0,108304283
30,32,14,108306257
32,32,6,108306261
22,31,13,108308476
47,14,4,108308624
29,33,14,108309368
32,33,0,108309868
31,32,8,108310739
31,32,11,108310742
23,32,13,108310863
29,35,6,108310945
31,33,13,108310947
30,34,5,108310951
28,39,6,108312868
29,40,8,108327328
30,35,13,108327392
25,39,14,108328463
26,38,6,108328468
48,15,13,108329243
46,15,2,108329308
31,35,13,108330396
19,33,14,108330758
19,33,6,108330779
25,41,6,108330908
27,36,5,108331003
23,33,13,108333674
26,38,5,108334072
26,37,6,108334193
28,35,6,108334196
14,35,0,108334984
47,14,13,108335876
27,36,13,108338549
24,40,14,108338799
26,37,14,108339514
27,37,5,108340343
29,35,5,108340344
24,42,6,108340416
24,34,6,108340755
13,35,14,108340891
12,36,10,108340893
27,42,8,108340982
25,43,5,108341354
26,42,11,108341508
25,41,12,108341880
29,40,11,108341928
20,34,9,108342383
20,34,1,108342398
31,38,6,108343149
46,15,3,108344069
27,39,6,108351191
28,38,5,108351213
28,38,6,108355036
28,39,14,108356879
27,39,5,108358589
23,46,14,108361933
22,45,14,108363403
22,43,15,108363467
23,41,6,108364443
26,39,13,108365105
28,39,5,108365117
18,35,11,108365636
13,36,13,108365997
22,45,12,108366189
28,41,0,108366204
22,46,12,108367029
24,40,5,108367680
59,22,6,108367786
24,47,8,108368072
58,10,5,108368313
25,40,14,108368498
26,41,5,108368502
26,39,5,108369831
21,45,15,108369882
22,47,13,108370568
21,46,14,108370614
20,45,6,108370615
22,42,6,108370882
21,46,15,108371092
55,11,5,108371297
21,46,6,108371308
25,45,11,108371639
25,40,13,108371944
25,40,6,108372435
22,48,8,108372450
21,46,12,108372618
24,42,13,108373397
22,42,5,108373419
21,44,15,108373423
21,47,13,108373569
21,45,5,108373571
22,48,3,108373830
21,46,5,108374201
17,18,11,108374266
21,49,14,108374539
22,48,13,108374543
21,48,14,108374553
21,48,13,108374608
21,46,13,108375196
24,43,3,108389704
22,43,5,108391545
57,10,5,108391868
24,44,8,108394098
21,44,6,108394727
19,16,9,108395064
20,54,0,108395344
21,45,6,108395559
24,45,14,108397068
24,44,11,108398077
17,54,13,108398239
20,45,5,108398358
19,46,9,108398362
24,45,6,108399642
25,45,8,108399763
24,46,0,108399775
45,16,14,108400117
25,47,0,108400300
58,11,13,108400427
21,44,13,108400606
20,54,3,108400772
16,55,14,108400774
16,53,6,108400781
19,46,6,108400999
25,46,13,108401322
16,52,7,108401554
16,54,12,108401802
23,46,6,108402371
24,45,11,108402597
16,52,12,108402599
23,46,0,108402658
15,54,7,108404227
44,12,14,108405002
21,45,5,108405569
17,18,10,108405840
20,45,13,108405985
38,36,9,108406271
38,36,1,108406279
36,36,1,108406584
19,47,6,108412186
12,59,6,108414739
15,60,0,108417110
17,60,11,108417294
16,49,13,108417540
23,49,8,108417558
11,58,14,108418034
13,60,11,108418860
11,60,6,108419054
22,50,0,108419696
22,50,3,108419921
20,49,3,108420448
23,51,6,108420858
23,51,11,108421149
16,61,11,108421886
24,52,8,108422055
23,51,0,108422056
11,57,15,108422097
11,61,13,108422339
12,60,5,108422344
22,50,6,108422582
11,60,12,108424116
21,50,8,108424353
22,52,14,108424726
22,52,6,108424731
16,50,6,108425186
17,49,11,108425343
22,53,6,108425367
11,60,5,108425474
18,61,11,108425855
10,61,6,108425913
17,50,8,108426778
18,50,6,108427171
20,52,0,108428155
19,52,8,108428927
20,52,3,108428968
17,51,14,108429457
16,50,11,108429575
20,51,11,108429980
18,50,5,108430004
21,52,8,108430434
21,53,0,108430572
19,52,14,108431285
21,52,6,108431302
16,51,8,108431885
10,58,7,108431987
21,53,13,108432335
19,53,11,108432706
21,53,8,108433291
15,51,11,108433490
18,38,11,108433504
15,52,6,108433836
20,54,14,108434437
21,53,6,108434439
19,52,11,108435278
14,53,8,108435571
16,52,11,108436218
16,52,3,108436337
16,53,14,108436750
14,52,11,108437345
18,54,11,108437366
16,55,8,108445736
15,56,0,108448120
15,56,3,108448323
15,56,5,108449957
18,58,6,108451185
15,57,6,108452801
12,57,5,108453075
15,57,8,108453372
9,58,8,108453440
11,58,6,108453498
14,58,11,108453740
13,57,13,108453804
14,58,13,108454372
14,58,5,108455081
17,59,5,108455307
10,57,11,108455889
15,60,7,108456361
11,57,13,108456524
10,59,6,108457715
10,58,8,108457732
17,61,3,108458374
12,59,0,108458568
16,61,13,108458726
17,60,5,108458731
14,60,14,108458732
9,59,6,108460006
12,59,5,108460114
10,59,8,108460356
9,59,8,108460528
8,59,11,108460876
18,62,8,108460991
13,61,14,108461039
13,61,6,108461041
12,60,6,108461892
13,60,5,108462153
4,62,10,108462224
7,60,6,108462360
12,61,7,108462379
8,60,6,108462921
16,62,11,108462980
9,60,8,108463235
17,62,11,108463392
12,60,11,108463661
12,61,13,108463725
12,62,3,108464364
8,61,13,108464872
12,61,6,108465034
8,62,14,108466915
7,61,6,108467247
7,61,5,108468218
7,61,11,108468697
8,61,5,108468846
42,18,2,108484181
19,40,0,108497283
7,31,5,108498350
53,15,6,108616626
52,14,1,108809104
17,37,14,109024642
3,34,14,109074051
26,38,5,109091112
28,41,13,109118399
24,32,14,109154640
1,37,14,109184926
23,33,14,109216702
23,34,13,109250103
23,34,5,109250119
22,34,6,109276102
10,20,14,109311569
45,12,14,109331939
45,13,5,109339660
45,12,13,109342828
46,11,5,109342897
10,19,6,109343233
62,17,2,109558506
61,18,2,109590057
39,22,2,109625811
12,21,8,109652426
11,20,9,109655342
49,12,14,109774612
44,37,2,109810114
41,19,13,109867530
44,33,9,109986703
48,33,1,109998169
47,32,1,110015036
22,34,10,110028370
22,34,2,110028373
36,18,6,110028752
18,61,12,110029533
24,52,10,110044223
24,52,2,110044228
14,11,2,110049864
23,53,12,110049901
23,52,15,110051974
25,51,2,110053171
24,52,12,110053788
24,51,15,110054966
23,51,10,110055219
22,53,12,110056671
23,52,12,110058048
21,52,13,110062168
23,49,13,110073437
19,61,9,110081207
3,32,10,110093536
24,46,15,110104126
25,46,12,110107174
3,31,9,110112786
24,45,15,110118148
25,44,15,110120572
26,44,12,110122639
25,43,14,110123319
26,42,15,110137080
24,43,14,110139097
27,41,15,110140929
28,40,15,110150585
37,16,2,110153026
3,30,9,110153232
28,40,12,110156394
22,30,9,110173246
27,38,15,110175184
26,39,12,110181659
35,34,10,110216667
38,30,10,110363572
37,29,2,110363661
30,30,15,110366493
32,28,9,110374710
33,27,1,110374720
38,28,10,110384465
39,28,2,110387152
31,28,15,110391953
37,27,10,110395643
33,27,15,110397385
37,27,9,110399654
35,27,1,110399655
29,28,1,110468472
41,29,0,110747981
50,7,10,110797981
25,29,5,111145485
25,30,9,111964048
26,29,1,111964055
25,32,6,112625357
24,40,13,112653628
41,30,0,112657082
22,39,14,112672620
24,31,5,112706827
25,31,12,112713641
23,46,3,112719131
42,30,10,112734544
23,31,15,112766479
24,31,12,112770124
24,30,15,112770380
22,32,15,112771099
25,30,12,112779378
22,33,12,112779651
23,31,12,112805603
21,32,6,113014503
48,40,14,113061328
20,35,1,113062408
25,53,8,113062412
47,6,10,113156094
38,10,4,113484206
38,9,13,113484214
47,6,7,113485683
47,6,14,113486408
61,11,2,113487341
61,11,1,113487355
37,9,14,113488867
37,9,4,113491120
46,6,15,113491238
61,22,1,113492635
39,15,15,113493065
38,14,7,113493069
48,5,12,113493457
46,5,4,113493464
36,9,14,113493681
37,8,4,113493756
2,22,5,113494259
2,15,1,113494427
61,10,5,113494667
37,9,13,113494874
40,15,4,113495003
37,7,15,113495639
12,14,10,113496203
38,10,12,113496332
39,11,4,113496338
38,12,7,113496795
39,10,13,113496844
38,9,5,113496846
37,10,6,113496871
36,8,13,113498119
37,8,15,113498957
36,7,7,113498959
40,14,12,113499377
38,14,4,113499384
37,8,14,113499837
38,7,6,113499840
61,9,13,113509647
46,5,15,113514123
23,39,14,113518758
22,38,6,113518760
23,39,7,113518767
23,37,14,113518815
23,41,5,113521032
23,36,12,113521153
23,39,12,113521259
22,41,14,113521442
23,37,13,113521474
23,39,4,113521487
23,33,6,113521583
23,32,2,113522509
22,42,5,113522668
21,37,14,113522784
22,36,15,113522786
21,39,6,113523214
22,38,5,113523686
22,39,13,113523751
37,8,5,113523822
22,34,6,113523889
22,37,7,113524040
22,42,13,113524331
21,35,14,113524870
21,35,6,113524877
22,36,5,113524888
22,40,12,113524899
23,34,12,113524981
22,37,12,113525002
38,14,15,113525583
21,42,14,113525599
21,42,6,113525601
24,30,1,113525763
22,36,12,113525780
22,34,15,113525808
23,32,15,113525949
22,41,5,113526011
22,36,13,113526026
21,40,14,113526197
21,38,6,113526199
23,35,4,113526243
21,37,15,113526542
21,38,14,113526633
20,43,6,113526836
21,41,12,113527390
21,38,13,113527501
21,36,5,113527505
21,35,15,113527536
22,37,4,113527545
21,39,13,113527590
21,43,14,113527641
21,44,7,113527646
20,36,6,113527697
21,38,7,113527702
21,42,5,113527751
22,35,7,113527836
21,39,12,113527929
21,40,5,113528088
21,42,12,113528091
20,40,15,113528348
20,40,14,113528470
20,38,6,113528472
20,40,7,113528474
21,36,14,113528585
20,42,14,113528746
21,37,12,113528751
24,31,12,113528886
23,31,15,113529092
24,49,6,113529205
21,37,13,113529418
21,36,12,113529422
20,40,12,113529428
20,39,14,113529432
20,37,6,113529433
22,34,14,113529438
23,33,13,113529440
20,37,15,113529457
21,34,5,113529650
21,37,4,113529651
20,38,5,113529689
20,41,4,113529693
21,34,15,113529728
20,43,7,113529865
23,32,12,113529949
20,39,5,113529993
19,41,13,113530064
20,43,4,113530072
20,36,15,113530084
20,42,12,113530105
20,39,13,113530108
20,37,5,113530110
20,43,13,113530195
22,34,7,113530334
19,42,7,113530428
19,42,6,113530517
21,45,5,113530524
21,46,12,113530529
20,45,14,113530563
59,10,1,113530696
19,41,14,113530732
19,39,15,113530735
20,38,13,113530737
20,36,5,113530739
20,38,12,113530741
19,41,6,113530788
20,34,14,113530824
23,50,6,113530902
19,42,5,113530980
20,35,15,113531094
20,37,7,113531098
18,41,14,113531127
18,41,6,113531130
19,43,7,113531134
19,43,6,113531224
19,43,15,113531228
24,51,14,113531235
19,40,14,113531287
19,38,6,113531291
22,35,4,113531428
19,37,6,113531468
19,39,7,113531473
19,38,5,113531528
19,41,12,113531579
42,30,5,113531933
19,41,4,113532120
19,40,4,113532370
19,42,4,113532431
15,47,14,113534997
15,47,6,113534998
17,52,6,113535236
18,52,15,113535356
16,51,14,113535431
14,46,14,113535534
17,37,14,113536303
16,53,6,113536410
19,34,12,113536419
16,36,14,113536443
17,35,6,113536444
17,56,14,113536600
17,56,6,113536602
16,51,12,113536632
18,34,15,113536736
19,33,15,113536777
22,57,5,113536778
15,51,6,113536866
14,46,5,113536985
17,35,15,113537317
17,55,13,113537483
16,54,5,113537484
15,55,6,113537489
15,55,5,113537494
16,57,14,113537629
16,57,6,113537630
15,51,5,113537644
16,57,13,113537680
16,57,5,113537681
18,33,15,113537750
17,58,13,113538100
18,57,5,113538113
16,59,14,113538205
16,59,6,113538207
14,52,6,113538301
13,51,6,113538311
15,58,14,113538550
16,57,15,113538556
18,60,7,113538570
15,58,6,113538581
16,59,13,113538582
14,56,6,113538596
13,55,14,113538600
14,57,6,113538640
14,57,14,113538646
13,57,6,113538805
21,61,15,113538833
19,61,7,113538835
13,52,4,113538927
13,48,12,113538939
13,53,6,113538962
19,35,14,113538979
19,35,6,113538982
15,60,6,113539088
20,55,15,113539154
14,57,4,113539251
13,55,13,113539283
15,60,14,113539464
17,32,14,113539534
12,56,14,113539596
34,8,1,113539730
22,58,11,113539734
13,51,5,113539912
12,58,6,113540178
16,36,5,113540189
16,36,9,113540193
16,36,1,113540194
38,30,0,113540369
27,29,8,113540372
13,41,1,113540569
43,30,15,113540586
43,30,7,113540588
15,59,13,113540591
16,58,5,113540599
25,29,12,113540672
15,62,14,113540758
19,33,11,113541145
39,29,10,113541184
48,37,0,113541215
26,29,11,113541250
17,36,5,113541432
44,27,13,113541480
6,12,6,113541507
44,34,4,113541538
20,34,6,113541953
18,35,13,113542165
60,9,5,113542393
59,10,5,113542681
15,38,3,113542978
48,44,3,113543698
46,5,13,113543756
45,4,5,113543763
34,9,13,113544761
34,9,5,113544767
45,38,1,113544819
49,49,6,113544826
48,43,1,113544917
44,7,3,113545614
48,46,11,113545775
49,49,5,113546191
47,51,6,113546198
59,10,6,113546429
61,8,10,113546600
62,7,2,113546602
47,50,2,113547480
49,48,13,113547541
49,48,5,113547544
14,61,2,113547735
41,32,14,113547912
44,5,1,113548157
12,46,3,113548189
48,47,5,113548234
35,9,14,113548468
38,15,11,113548511
48,49,13,113548693
48,49,1,113548699
48,48,8,113548700
47,50,0,113548705
21,32,14,113548745
21,32,6,113548748
46,50,0,113548895
47,52,5,113549452
43,30,12,113549488
43,30,4,113549489
58,11,2,113549636
17,61,4,113549656
18,60,15,113549658
34,10,13,113549671
34,10,5,113549672
21,32,13,113549689
35,14,12,113549736
36,13,4,113549741
17,33,5,113549759
19,31,13,113549839
19,33,5,113549840
43,40,9,113549875
42,39,1,113549905
36,10,13,113549942
16,60,9,113550081
47,44,13,113550093
42,40,11,113550143
15,38,5,113550170
18,34,6,113550200
18,34,7,113550205
46,46,13,113550252
44,5,14,113550314
24,31,10,113550318
16,59,15,113550341
15,58,7,113550343
18,61,9,113550365
18,61,1,113550369
47,45,13,113550388
47,45,5,113550390
48,50,5,113550436
18,12,15,113550558
12,24,14,113550615
46,46,14,113550661
48,46,12,113550665
43,6,15,113550702
44,5,7,113550707
18,34,9,113550736
18,34,1,113550737
19,33,6,113550741
35,30,9,113550760
21,32,1,113550796
23,30,1,113550799
41,38,9,113550814
26,30,14,113550889
26,30,6,113550890
20,33,12,113550915
20,33,4,113550916
12,23,15,113551017
16,37,6,113551021
15,38,2,113551025
21,62,6,113551035
47,46,6,113551117
46,47,7,113551123
16,58,8,113551126
36,15,4,113551142
25,30,15,113551174
15,38,13,113551189
16,37,5,113551192
45,45,13,113551244
23,30,5,113551288
22,31,2,113551291
39,32,7,113551463
18,35,12,113551544
22,60,15,113551556
17,61,1,113551568
26,29,13,113551591
25,30,12,113551621
13,55,11,113551653
29,30,0,113551661
16,59,11,113551729
15,59,11,113551740
24,29,6,113551757
38,31,15,113551770
29,29,7,113551828
19,14,12,113551830
43,44,10,113551863
41,42,10,113551870
20,62,12,113551918
20,62,4,113551920
18,60,9,113551931
48,55,8,113551971
49,54,0,113551982
28,30,2,113552001
18,34,15,113552052
20,32,15,113552053
18,32,7,113552058
17,37,13,113552081
16,36,5,113552083
15,55,8,113552096
31,28,12,113552156
30,29,4,113552158
46,47,8,113552267
45,48,0,113552269
12,50,3,113552273
46,51,10,113552291
45,50,2,113552292
18,61,12,113552294
17,60,15,113552297
19,58,15,113552298
18,59,7,113552300
28,27,5,113552308
42,33,13,113552332
42,33,5,113552335
37,12,13,113552347
21,32,15,113552361
38,30,11,113552372
38,30,3,113552382
25,29,15,113552400
20,59,8,113552404
20,59,0,113552408
38,32,8,113552443
39,31,0,113552445
14,55,0,113552448
36,28,15,113552468
47,49,13,113552492
36,29,8,113552506
29,29,6,113552522
31,29,9,113552526
29,29,1,113552528
29,29,2,113552531
17,46,15,113552551
17,46,7,113552553
28,29,10,113552574
35,10,4,113552589
44,6,12,113552615
59,9,5,113552626
16,47,15,113552629
58,10,6,113552634
36,30,4,113552637
25,29,12,113552647
27,29,4,113552650
24,29,1,113552653
29,28,1,113552661
17,57,15,113552684
15,56,15,113552688
16,57,7,113552689
35,29,7,113552694
28,29,12,113552717
19,59,9,113552748
18,60,2,113552753
19,58,0,113552757
34,29,15,113552784
34,29,7,113552787
29,28,9,113552797
16,59,2,113552843
39,31,10,113552863
39,31,2,113552864
18,46,14,113552867
28,29,2,113552875
39,31,8,113552923
39,33,0,113552924
29,30,11,113552926
21,32,12,113552942
18,58,2,113552961
17,57,9,113552962
17,57,1,113552966
42,33,14,113552994
42,35,6,113552998
44,6,4,113553018
17,58,8,113553020
18,57,0,113553021
15,52,14,113553034
19,59,3,113553085
35,28,15,113553089
16,55,7,113553132
17,56,15,113553163
34,10,8,113553169
25,28,15,113553203
34,28,4,113553214
25,29,7,113553232
38,32,3,113553266
24,29,7,113553278
43,33,4,113553318
27,26,13,113553339
31,30,8,113553359
34,10,14,113553419
37,28,7,113553425
23,31,4,113553437
20,51,15,113553449
19,50,7,113553451
20,58,1,113553488
14,51,10,113553504
28,28,12,113553559
29,27,14,113553608
35,28,10,113553655
36,29,2,113553656
28,28,10,113553679
44,6,2,113553758
16,48,12,113553771
17,47,4,113553774
16,46,6,113553780
16,49,13,113553785
14,49,5,113553787
38,28,7,113553847
20,58,2,113553855
16,48,1,113553869
27,28,10,113553893
37,13,15,113553902
35,13,7,113553903
17,54,10,113553933
17,54,2,113553935
14,48,14,113554000
19,57,6,113554023
17,57,10,113554029
19,57,2,113554031
45,34,5,113554034
44,35,9,113554038
44,35,1,113554040
18,55,6,113554056
21,59,10,113554067
20,59,8,113554068
41,29,15,113554074
15,52,4,113554085
39,28,11,113554101
40,29,0,113554109
36,13,15,113554142
36,13,7,113554143
17,56,4,113554187
16,55,14,113554189
15,56,6,113554191
16,55,15,113554192
15,54,7,113554194
28,33,5,113554205
26,51,8,113554247
48,23,6,113554350
46,3,5,113554360
28,27,9,113554362
42,31,0,113554383
14,44,7,113554386
24,28,4,113554406
14,49,11,113554418
13,48,3,113554420
14,50,2,113554423
14,45,5,113554436
14,47,12,113554438
22,58,3,113554451
18,52,4,113554460
47,48,4,113554475
19,56,7,113554488
18,59,2,113554491
13,45,14,113554528
14,46,6,113554530
15,45,15,113554532
15,47,7,113554533
43,6,7,113554546
10,15,9,113554654
10,15,1,113554655
46,48,15,113554666
21,58,13,113554713
26,27,15,113554729
17,53,1,113554810
19,56,2,113554856
22,51,0,113554998
21,55,14,113555076
45,37,4,113555088
46,38,9,113555090
45,37,1,113555091
25,28,7,113555126
17,48,13,113555176
17,48,5,113555184
19,54,0,113555216
15,51,11,113555282
16,52,8,113555285
18,53,0,113555336
16,51,0,113555337
14,40,1,113555342
20,54,4,113555418
16,50,5,113555451
16,49,8,113555453
15,51,1,113555460
19,53,7,113555544
45,34,12,113555558
27,27,10,113555561
16,49,14,113555562
16,49,6,113555565
20,54,12,113555570
36,14,5,113555644
60,8,1,113555709
18,47,8,113555824
18,53,2,113555833
19,49,13,113555880
16,36,6,113555906
21,54,15,113555938
19,55,1,113555944
28,38,5,113555946
19,55,2,113555989
21,54,12,113555995
19,54,10,113556004
20,56,5,113556050
21,57,12,113556051
21,57,4,113556053
27,35,6,113556074
17,49,5,113556180
46,51,4,113556436
45,36,0,113556514
44,4,15,113556569
18,53,1,113556625
27,36,7,113556657
21,56,9,113556684
22,50,10,113556782
23,58,1,113556920
19,52,11,113557194
20,53,9,113557199
44,40,6,113557227
21,55,15,113557252
21,54,2,113557254
44,5,11,113557316
15,60,15,113557329
15,37,10,113557449
14,38,2,113557456
34,11,3,113557465
17,36,9,113557471
16,35,1,113557472
43,6,12,113557473
45,6,4,113557476
17,43,1,113557509
17,36,10,113557587
20,51,4,113557652
19,50,10,113557653
19,50,2,113557656
18,49,9,113557658
19,50,15,113557660
18,49,7,113557664
24,54,5,113557851
46,39,11,113557928
46,39,3,113557931
18,35,7,113557957
18,35,9,113557960
36,27,15,113557970
62,6,13,113557976
62,6,5,113557978
61,7,6,113557979
45,6,13,113558048
46,5,5,113558052
36,11,9,113558059
23,57,11,113558142
36,11,5,113558161
37,13,13,113558166
35,12,5,113558240
34,13,2,113558249
31,15,14,113558259
14,39,2,113558527
17,36,8,113558531
17,35,8,113558828
45,6,8,113558880
22,56,14,113559041
22,56,6,113559044
21,57,1,113559055
27,39,3,113559064
15,37,2,113559066
17,36,1,113559110
17,35,11,113559145
35,14,4,113559180
18,35,8,113559198
44,5,13,113559287
44,5,5,113559290
14,40,11,113559296
24,53,8,113559298
19,33,12,113559302
16,35,2,113559307
59,9,11,113559322
60,8,11,113559385
18,34,12,113559424
19,33,4,113559427
14,41,11,113559508
22,28,14,113559529
26,26,6,113559573
33,9,2,113559594
44,7,8,113559613
61,7,13,113559623
41,29,3,113559749
17,35,1,113559819
45,4,11,113559854
32,25,3,113559991
22,28,13,113560065
23,27,5,113560070
37,14,13,113560108
38,13,5,113560110
19,32,7,113560211
23,29,8,113560254
28,27,1,113560319
30,26,6,113560328
36,14,12,113560479
37,15,4,113560481
31,26,9,113560498
32,27,0,113560504
23,54,10,113560520
23,54,2,113560523
49,22,5,113560527
39,28,15,113560659
39,28,7,113560661
22,53,12,113560666
21,52,4,113560670
17,35,2,113560675
39,29,4,113560678
41,29,11,113560681
21,29,6,113560731
17,36,14,113560736
17,36,6,113560739
16,37,2,113560742
36,12,0,113560840
38,27,13,113560862
38,27,5,113560866
28,25,5,113560936
25,28,1,113560938
36,12,15,113561069
35,13,7,113561073
20,32,7,113561096
31,16,8,113561200
32,15,0,113561202
62,6,5,113561216
23,52,12,113561312
17,34,11,113561322
12,49,9,113561341
18,34,1,113561350
18,34,10,113561351
18,34,2,113561354
39,30,8,113561369
45,3,11,113561398
45,3,3,113561420
21,31,15,113561446
19,33,12,113561496
20,32,4,113561499
17,37,9,113561578
60,8,13,113561586
60,8,5,113561589
28,30,10,113561734
27,29,2,113561736
48,54,11,113561776
49,53,3,113561781
43,6,10,113561823
44,5,2,113561825
21,29,11,113561840
24,28,8,113561969
42,32,11,113561985
43,6,15,113562017
44,5,7,113562020
23,29,2,113562037
43,31,0,113562103
19,33,1,113562176
27,30,9,113562183
28,28,8,113562186
22,46,0,113562257
48,25,0,113562318
45,5,8,113562321
44,4,0,113562322
19,33,0,113562462
28,26,11,113562574
29,27,3,113562582
19,45,7,113562584
43,32,3,113562835
41,30,3,113562846
45,5,5,113562964
36,12,6,113563352
22,29,11,113565311
38,29,14,113566347
33,28,0,113566446
30,28,14,113566799
43,33,12,113566953
25,28,11,113566994
31,27,11,113567089
31,28,8,113567164
26,29,0,113567235
19,33,11,113567446
29,27,11,113567524
41,33,14,113567618
30,28,8,113567692
30,27,11,113567694
40,31,13,113567801
36,27,14,113568281
31,28,0,113568426
41,32,13,113568436
61,8,10,113568563
42,34,13,113568738
30,28,0,113568766
30,29,3,113568774
61,8,1,113569200
40,32,13,113569237
24,30,8,113569615
61,8,9,113569677
30,28,11,113570047
33,28,3,113570103
29,28,11,113570971
30,29,8,113571039
38,32,14,113571822
36,15,3,113571864
40,32,5,113572004
35,14,2,113572362
37,17,2,113572590
36,12,13,113572777
35,29,15,113573408
27,29,9,113573481
27,30,2,113573521
33,28,8,113573522
26,28,7,113573650
19,34,11,113573754
29,29,14,113573830
28,28,9,113573839
28,29,11,113573884
27,28,3,113573889
36,28,12,113574054
23,31,2,113574289
37,29,3,113574459
39,31,0,113574464
30,29,9,113574493
44,5,10,113574497
31,28,9,113574653
24,30,1,113574901
27,29,15,113574931
23,31,9,113574939
23,30,1,113575040
29,28,10,113575123
28,29,2,113575124
25,30,4,113575313
39,32,10,113575477
30,28,12,113575542
44,6,13,113575622
25,29,15,113575770
37,29,9,113575795
39,30,0,113575835
35,29,4,113575865
31,28,1,113576102
31,26,3,113576105
18,40,0,113576302
37,29,10,113576449
38,30,2,113576450
48,25,6,113576597
18,42,10,113576621
19,35,9,113576649
36,28,4,113576696
33,27,1,113576904
44,7,8,113576913
45,6,0,113576926
29,28,15,113577110
29,27,1,113577129
37,28,4,113577366
19,41,3,113577523
28,28,3,113577689
19,41,11,113577806
36,28,2,113577871
20,42,0,113577919
19,38,9,113578414
26,28,15,113578510
26,28,9,113578512
25,29,1,113578517
19,40,8,113578764
19,41,2,113579179
19,38,3,113579185
29,30,8,113579190
21,45,10,113579247
20,39,0,113579620
20,39,8,113579804
23,31,12,113580359
22,32,8,113581008
45,5,11,113581502
43,35,5,113581694
20,33,11,113581714
23,30,10,113581744
23,30,2,113581745
28,30,11,113582016
21,32,11,113582182
36,13,8,113582442
45,7,8,113582559
24,30,2,113582840
35,10,3,113583424
20,37,11,113583607
21,33,11,113583623
21,36,0,113583794
24,30,0,113583857
29,28,13,113583974
26,29,1,113583978
29,41,8,113584003
29,28,3,113584033
25,30,8,113584039
14,33,2,113584108
31,37,2,113584257
27,28,14,113584295
29,29,1,113584326
29,27,14,113584451
29,27,6,113584456
61,8,11,113584550
22,34,1,113584596
22,33,8,113584778
29,30,11,113584789
25,30,14,113584827
25,30,6,113584828
21,34,11,113584854
61,8,1,113585032
37,13,5,113585033
36,12,3,113585043
29,27,13,113585174
26,29,3,113585256
62,8,1,113585270
28,28,8,113585338
29,29,0,113585344
24,32,9,113585433
22,34,8,113585525
26,28,11,113585585
24,28,3,113585599
62,8,10,113585664
62,8,2,113585683
31,28,11,113585703
31,30,3,113585704
34,9,10,113585755
34,9,2,113585758
27,29,2,113585771
21,36,11,113585778
21,38,11,113585804
21,33,3,113585854
23,33,2,113585873
29,28,8,113585918
30,29,0,113585920
28,28,11,113585922
61,9,8,113585934
32,28,3,113586023
22,33,11,113586112
32,27,3,113586201
44,4,10,113586250
41,31,7,113586291
23,33,0,113586305
40,30,4,113586510
30,28,5,113586537
31,26,11,113586540
29,26,3,113586541
30,28,9,113586543
30,28,1,113586544
47,25,5,113586549
31,27,8,113586609
29,27,0,113586612
23,32,11,113586615
46,7,0,113586712
28,30,1,113586716
35,28,3,113586775
22,34,11,113586802
22,32,3,113586809
36,29,15,113586826
37,28,7,113586837
33,27,11,113586872
33,27,3,113586893
62,8,11,113586975
62,9,10,113586977
23,33,11,113587099
37,28,9,113587368
15,32,13,113587381
15,32,5,113587383
22,37,11,113587392
32,29,14,113587394
31,28,6,113587396
31,28,0,113587442
25,31,11,113587468
22,36,2,113587528
35,28,8,113587539
32,27,14,113587570
34,27,6,113587574
34,29,0,113587575
32,27,0,113587576
31,29,8,113587741
32,28,0,113587745
37,30,11,113587820
31,27,11,113587965
38,31,8,113588096
36,28,3,113588139
37,29,8,113588143
37,29,0,113588144
24,32,0,113588211
36,27,11,113588233
40,31,3,113588257
37,29,11,113588267
61,9,6,113588301
23,34,0,113588385
2,36,8,113588389
2,36,0,113588394
21,32,14,113588471
22,31,6,113588472
61,9,11,113588494
46,4,4,113588529
34,28,11,113588735
24,39,9,113588760
24,39,1,113588765
37,14,3,113588820
36,13,5,113588831
36,13,10,113588833
36,13,2,113588839
34,28,13,113588840
34,28,5,113588842
31,27,3,113588849
36,29,8,113588878
35,28,0,113588890
48,26,0,113588936
30,30,8,113589015
30,28,0,113589025
33,28,8,113589029
31,29,11,113589152
31,29,3,113589154
33,28,11,113589221
34,29,3,113589222
32,29,11,113589304
31,28,3,113589305
33,29,14,113589306
34,28,6,113589308
33,29,1,113589314
22,34,10,113589441
22,32,2,113589445
38,30,8,113589480
34,28,8,113589498
16,33,3,113589585
40,31,11,113589683
31,37,10,113589701
38,30,3,113589713
39,31,8,113589743
38,30,0,113589753
32,37,8,113589765
32,37,0,113589766
50,24,7,113589812
45,27,10,113589818
34,29,8,113589846
33,29,3,113589847
31,16,14,113589969
36,28,8,113590067
34,28,0,113590070
35,14,8,113590098
8,12,9,113590277
46,5,8,113590287
36,12,11,113590338
35,13,3,113590354
40,32,3,113590510
41,31,8,113590614
41,33,0,113590616
16,33,0,113590718
47,11,2,113590756
23,36,0,113590777
40,32,11,113590907
32,36,1,113591041
31,30,8,113591240
60,9,11,113591295
47,26,8,113591325
47,26,0,113591335
40,32,3,113591590
33,30,8,113592173
32,30,8,113592238
31,29,0,113592251
47,4,0,113592382
37,31,14,113592457
39,32,8,113592530
39,32,0,113592545
30,28,14,113592745
30,28,6,113592746
39,33,14,113593024
38,32,6,113593027
39,31,5,113593031
42,34,0,113593189
42,33,13,113593403
37,31,5,113593594
38,17,3,113593683
37,30,5,113594471
35,31,14,113604783
36,30,6,113604788
62,10,14,113604971
46,6,10,113607018
46,6,2,113607027
34,33,6,113611320
34,31,9,113612607
35,31,0,113612981
35,31,11,113613522
35,31,3,113613525
36,10,8,113614181
38,10,0,113614183
37,31,3,113614313
47,6,10,113614517
47,6,2,113614527
38,17,9,113614652
39,16,1,113614907
37,32,10,113614961
34,31,6,113614969
38,32,4,113615297
47,8,14,113615666
37,10,3,113615813
35,30,6,113615900
13,34,13,113616488
13,34,5,113616490
31,32,1,113616540
31,32,0,113616545
38,14,9,113616737
38,14,1,113616742
35,31,5,113617424
32,16,14,113617443
13,35,2,113617865
47,9,14,113618140
47,6,8,113618476
38,15,0,113618618
39,16,0,113618920
38,14,13,113619203
38,15,3,113619217
48,6,0,113620093
38,32,8,113621658
36,30,7,113621800
34,32,5,113622837
47,6,6,113637699
34,35,6,113637715
35,32,6,113640466
35,32,5,113643030
40,17,0,113644443
39,14,8,113645624
30,33,0,113646142
36,32,0,113646671
38,15,0,113647237
48,7,8,113647753
38,31,11,113648024
38,31,3,113648040
38,15,4,113649395
36,31,5,113650389
49,7,8,113650447
47,6,3,113650512
48,7,11,113650687
48,8,8,113651219
49,6,0,113652536
39,17,8,113652883
47,9,2,113653509
39,14,12,113653617
46,7,10,113655548
47,6,1,113655770
48,6,1,113657038
47,8,0,113667541
48,7,13,113670682
48,5,5,113670697
47,7,13,113673378
48,6,5,113673387
37,33,10,113673544
48,7,14,113674115
48,9,4,113679116
35,33,11,113679123
48,9,14,113679226
37,10,1,113679414
48,9,6,113679493
36,32,11,113679833
39,13,5,113680593
48,5,13,113681566
46,7,1,113681591
39,17,11,113683021
47,6,10,113683384
38,15,0,113684310
48,8,12,113685409
48,8,4,113685410
35,17,2,113685774
46,8,2,113686712
54,28,11,113687284
53,28,5,113688026
47,7,7,113701376
48,7,8,113702280
47,8,6,113705283
38,15,0,113705603
38,32,8,113705929
47,8,0,113707627
47,8,14,113707691
46,7,14,113710123
47,6,6,113710124
46,8,7,113710136
38,14,1,113710243
49,29,9,113710364
39,14,13,113711452
46,8,15,113712163
38,14,11,113714438
38,13,5,113715180
48,7,8,113716406
47,6,1,113718160
48,8,6,113724224
48,7,5,113724328
47,7,11,113732208
47,7,14,113732725
49,6,5,113738157
48,6,8,113741492
48,6,0,113741494
48,7,5,113745594
48,8,8,113745729
39,31,2,113750315
3,26,1,113769833
36,31,14,113772467
7,35,10,113773872
7,35,2,113773876
36,32,0,113775451
38,10,10,113777385
38,10,2,113777400
15,37,9,113779576
39,14,14,113793220
39,14,11,113797966
48,7,10,113798498
48,7,2,113798501
48,7,1,113798551
40,13,11,113804790
40,14,9,113805449
48,8,3,113807779
38,33,11,113809868
49,7,1,113824596
50,7,8,113825027
38,34,5,113829434
40,15,8,113843981
50,10,0,113864211
26,37,5,113872438
58,30,5,113873702
21,39,8,113884484
20,39,11,113888379
25,38,11,113890805
53,32,11,113899802
37,36,9,113901458
21,39,11,113904776
51,10,14,113905301
51,10,6,113905306
37,36,14,113905357
21,40,8,113906681
49,11,14,113929807
54,22,6,113930639
20,41,11,113931208
19,42,11,113932054
27,40,8,113934576
18,44,14,113935864
22,41,8,113936010
42,38,6,113937811
23,43,14,113960293
38,16,10,113962709
19,43,11,113963267
19,43,13,113966286
18,35,13,113995259
24,44,5,113999765
17,46,14,114014597
5,41,13,114026987
14,26,3,114029138
4,40,13,114051262
3,39,14,114059183
52,26,14,114062077
39,21,13,114082594
1,29,14,114090028
12,26,6,114117983
12,26,13,114119976
38,24,4,114120759
36,21,13,114178822
45,18,6,114215160
59,19,1,114266709
59,19,2,114267857
8,27,6,114268735
35,21,1,114311879
19,29,13,114312229
57,19,10,114401310
62,16,5,114464808
58,19,9,114480441
57,20,1,114485999
61,17,6,114486873
61,17,5,114486882
60,18,14,114491254
36,23,11,114499913
59,19,2,114501056
46,14,5,114744431
45,15,2,114750244
49,26,11,114770777
38,18,6,114906306
38,13,9,114931865
46,39,5,114956671
29,39,2,114960705
34,20,2,114966671
35,19,1,114966690
29,37,10,115015465
35,18,1,115020471
34,18,1,115022648
35,19,9,115030629
39,15,14,115050558
38,11,2,115055173
49,36,6,115056271
19,36,10,115060616
19,36,2,115060618
50,33,10,115092613
40,17,14,115113255
35,32,1,115119647
14,33,2,115210495
40,15,14,115325588
50,9,1,115368363
51,8,11,115370634
61,18,15,115397675
61,19,12,115400903
61,17,5,115403160
40,11,2,115403791
61,18,12,115403947
61,17,15,115404084
60,19,15,115404146
60,19,5,115404533
59,21,6,115406000
60,20,14,115406003
60,18,15,115406005
59,20,6,115406418
26,21,2,115435260
42,14,5,115435490
59,21,15,115454130
52,23,12,115463889
52,21,15,115464651
60,10,1,115482852
48,24,14,115484220
61,9,12,115493610
61,7,13,115514388
58,9,13,115516115
59,8,5,115516197
60,6,13,115516536
61,5,5,115516575
60,8,14,115517069
59,7,5,115517079
45,24,6,115517700
57,10,14,115517857
56,11,6,115521603
61,7,11,115522924
61,10,6,115524342
57,11,12,115526186
59,6,6,115526340
61,10,3,115529031
59,9,7,115529681
58,7,6,115530476
62,3,9,115531211
58,7,14,115531390
56,10,15,115536785
61,6,8,115548404
57,8,15,115549441
58,7,12,115550008
57,7,15,115550483
56,10,13,115550945
60,5,5,115552163
42,26,5,115553261
61,13,13,115553769
58,6,12,115556794
50,16,6,115557612
57,6,15,115557920
59,2,5,115558189
61,11,11,115558721
61,9,8,115559049
59,9,3,115559470
60,10,0,115559475
54,11,0,115559544
43,24,15,115559748
58,4,5,115559941
57,5,6,115560210
60,2,12,115560256
60,7,14,115560375
59,8,6,115560376
54,11,14,115560930
55,12,0,115560988
59,2,15,115561330
59,6,5,115561785
57,5,14,115562375
59,5,6,115562406
58,3,5,115562431
60,2,13,115562438
58,2,14,115571815
52,7,9,115572887
62,1,5,115573468
56,2,6,115576548
61,5,0,115576637
58,8,3,115578753
51,13,6,115579239
49,20,9,115580613
60,9,0,115582625
58,16,3,115582975
59,1,14,115583046
56,2,5,115583337
61,10,6,115583355
61,10,5,115583357
60,10,14,115583414
43,14,0,115583570
62,6,0,115583649
52,8,15,115584216
55,4,15,115584309
51,7,13,115585430
47,17,6,115586644
60,6,8,115586728
56,3,12,115586873
61,6,11,115586969
61,6,3,115586992
60,11,6,115587161
61,2,0,115587568
44,24,13,115587589
50,12,3,115587681
40,25,13,115587735
45,20,6,115587767
59,5,13,115588826
56,11,13,115589474
56,11,5,115589479
61,6,0,115589924
58,2,6,115590417
60,4,0,115590754
59,9,13,115592139
59,6,11,115592216
44,24,15,115592519
58,16,8,115592743
56,16,0,115592748
53,11,6,115593510
50,16,1,115604733
53,15,14,115607596
51,8,15,115608440
61,1,0,115610413
57,12,14,115610691
57,12,6,115610707
51,8,5,115610911
57,7,3,115610932
47,14,6,115611415
56,3,3,115611424
60,6,14,115611772
62,6,13,115611774
54,3,14,115611991
52,5,15,115613961
57,4,0,115613975
57,8,13,115614365
57,8,3,115615032
61,6,5,115615345
61,2,13,115615617
61,5,5,115617445
57,4,3,115617449
54,3,6,115618346
53,2,13,115618347
52,13,14,115618785
55,4,13,115619845
57,8,6,115622075
52,14,14,115622578
41,24,12,115623024
47,14,0,115624168
56,9,14,115624601
56,9,6,115624604
56,7,11,115624634
49,7,14,115633972
62,2,6,115638430
59,7,6,115641687
26,33,10,115642687
57,8,14,115644089
55,10,3,115644949
51,12,6,115645556
62,2,13,115646952
55,3,0,115647079
58,4,0,115647967
53,6,0,115649431
56,8,14,115649773
56,7,13,115650125
53,9,3,115650134
55,7,3,115650785
55,3,3,115650885
61,1,8,115650910
51,8,6,115651947
11,35,9,115652049
3,33,9,115653532
51,12,3,115653554
56,8,8,115653572
55,7,0,115653591
58,5,3,115653935
60,1,11,115654072
55,4,0,115654454
56,3,11,115654532
54,3,3,115654533
53,6,3,115654604
58,4,8,115654819
57,5,0,115654820
54,3,14,115655501
55,4,6,115655516
57,5,11,115656092
56,4,3,115656097
59,6,8,115656317
59,6,0,115656320
54,10,3,115657039
3,31,1,115673069
4,32,2,115674715
58,8,13,115674723
42,11,3,115674784
26,9,6,115676042
42,11,2,115676530
14,34,10,115676620
62,3,14,115676815
15,15,1,115676976
57,4,14,115677232
16,14,1,115677386
61,2,6,115677627
43,11,2,115677738
50,7,11,115677920
43,13,9,115677939
2,32,10,115677965
1,31,2,115677968
2,30,9,115677969
51,8,0,115678177
60,6,13,115678299
58,4,0,115678409
18,15,5,115678860
11,33,2,115680071
57,1,14,115680553
54,2,3,115680698
57,4,0,115681087
58,5,14,115681136
3,31,15,115681192
61,2,0,115681237
1,31,1,115681507
59,2,6,115681523
53,2,3,115681615
42,12,8,115681626
43,11,0,115681627
60,8,8,115682436
59,8,0,115682496
48,17,6,115682734
55,7,14,115682948
59,5,3,115683257
56,4,8,115683448
52,5,0,115683981
43,11,8,115684633
44,10,0,115684644
56,4,11,115684828
55,3,3,115684835
53,9,0,115684900
60,6,0,115685173
3,31,10,115685268
43,13,0,115685355
52,9,3,115685664
16,16,10,115685687
16,16,2,115685712
4,30,10,115685778
4,31,12,115685789
55,10,0,115686004
59,8,13,115686402
15,15,2,115686549
60,2,14,115686563
53,16,0,115687263
53,16,11,115687282
52,15,3,115687290
57,3,8,115687358
59,1,8,115687387
43,12,11,115687421
17,13,1,115687487
51,15,14,115687521
49,21,0,115687643
54,7,0,115687751
55,4,8,115687910
54,3,0,115687918
55,13,3,115688183
52,9,0,115688819
60,8,6,115708377
44,15,3,115711672
45,14,11,115711874
48,11,14,115712955
61,1,14,115713327
56,14,5,115713483
46,15,8,115716158
47,14,0,115716162
50,6,14,115718883
50,6,6,115718920
52,2,6,115719189
44,15,2,115719229
47,11,6,115728025
54,6,13,115736592
54,6,5,115736603
52,18,13,115736606
55,12,13,115737767
56,11,5,115737768
55,13,15,115739262
53,6,14,115739577
53,6,6,115739587
54,13,14,115740222
55,12,6,115740227
58,8,5,115741551
57,8,14,115743561
44,13,14,115744112
51,18,14,115744210
49,7,12,115745117
55,13,12,115747176
19,13,6,115747241
44,13,13,115747835
45,12,5,115747837
45,13,12,115748732
56,9,6,115749673
44,12,5,115750044
62,15,13,115760769
43,12,14,115766218
57,2,13,115768578
57,2,5,115768585
43,12,4,115768903
61,14,13,115769545
44,10,13,115769754
44,10,5,115769762
40,24,2,115769967
43,11,13,115771788
61,16,7,115772636
60,17,4,115773308
49,17,6,115773321
62,16,15,115775058
40,19,15,115775623
46,6,13,115775745
42,10,13,115775755
43,11,5,115775757
25,5,14,115775853
61,18,12,115775886
62,17,4,115775887
61,3,5,115776540
61,5,12,115776646
41,15,15,115777094
7,19,7,115777118
61,8,7,115777186
60,7,6,115777206
44,9,12,115777352
62,17,14,115778030
60,17,6,115778033
45,7,14,115778085
45,5,6,115778089
62,10,6,115778195
60,4,6,115778290
60,6,12,115778404
61,3,15,115778519
6,22,14,115778690
42,11,14,115778920
60,7,5,115779716
60,4,15,115779842
27,13,5,115779932
62,4,14,115779981
62,4,6,115779984
62,4,15,115779985
61,3,7,115779986
61,17,12,115780204
62,18,4,115780205
43,9,13,115780368
59,5,15,115780596
48,6,15,115780604
43,12,12,115780798
42,11,4,115780800
60,5,11,115780803
43,8,5,115781534
61,14,12,115781635
39,20,5,115781736
62,2,15,115790496
61,2,1,115792247
61,9,10,115793354
62,16,4,115793792
42,9,5,115795611
60,3,15,115795909
60,3,7,115795916
45,4,13,115796411
60,9,2,115796417
62,7,15,115796862
41,9,13,115797868
60,3,4,115797964
42,9,14,115798036
43,10,6,115798043
61,15,7,115798455
60,7,7,115798627
60,3,12,115800086
59,2,4,115800088
41,10,6,115800225
41,10,13,115800263
40,9,5,115800275
59,2,7,115800329
41,11,6,115800863
41,10,12,115801010
61,8,12,115801272
62,7,4,115801276
61,16,5,115801573
60,8,12,115801717
58,9,14,115802492
60,14,12,115803229
57,13,15,115804143
59,2,15,115804514
58,1,7,115804522
58,3,15,115804644
60,4,5,115805061
58,2,7,115805274
55,6,14,115805396
55,6,6,115805400
61,17,12,115805449
6,23,14,115805742
40,8,13,115805914
42,9,12,115805917
40,9,4,115805918
5,22,14,115806559
5,22,6,115806561
51,1,13,115806566
52,2,5,115806567
40,10,12,115806759
6,18,5,115806855
59,2,12,115806907
60,1,4,115806920
60,7,15,115806927
61,8,7,115806930
62,7,7,115807050
62,17,15,115807465
40,10,14,115807585
60,6,14,115807665
59,5,6,115807670
42,6,7,115807800
57,15,2,115807807
40,11,7,115807829
59,13,1,115807874
13,16,10,115807880
61,8,2,115807950
58,2,15,115807979
59,3,7,115807981
61,15,15,115808062
17,12,14,115808392
62,9,4,115808406
59,5,15,115808511
59,5,7,115808514
60,6,4,115808870
58,8,4,115808959
5,19,7,115809016
59,7,9,115809080
40,8,12,115809201
42,6,12,115809207
57,15,8,115809414
41,9,15,115809588
40,10,7,115809589
59,2,4,115809659
60,14,7,115809729
45,5,15,115809958
60,6,13,115810107
3,25,13,115810242
41,11,14,115810288
40,10,6,115810289
57,5,14,115810456
61,8,1,115810474
62,7,1,115810480
59,8,14,115810550
59,8,6,115810552
13,17,11,115810613
14,16,3,115810614
60,6,9,115810657
60,6,1,115810661
61,15,7,115810698
61,18,7,115811104
59,8,13,115811268
41,9,14,115811313
39,10,15,115811314
39,8,7,115811317
59,7,15,115811365
57,7,7,115811369
58,1,15,115811496
47,12,6,115811791
58,1,5,115811812
58,12,7,115812690
61,13,4,115813220
60,7,7,115813366
60,9,12,115821924
61,7,12,115828917
60,7,15,115829418
58,17,1,115833359
61,15,15,115833605
59,8,4,115835616
38,8,14,115835756
55,13,6,115836124
38,8,7,115836321
59,16,1,115836553
58,5,12,115838019
58,5,4,115838021
61,5,15,115838710
11,17,9,115838973
37,17,14,115839732
55,1,8,115839793
55,8,15,115840333
60,15,5,115840472
60,15,9,115840475
61,4,7,115840843
61,6,12,115840846
58,19,5,115840970
57,11,15,115841548
61,25,7,115841993
39,10,12,115842288
57,16,10,115842526
61,13,7,115842551
57,7,14,115842666
56,6,6,115842681
37,7,7,115843018
58,5,14,115843548
57,14,9,115843919
61,20,10,115864254
62,14,1,115865286
1,17,10,115865876
61,23,12,115868351
60,12,15,115868454
55,11,1,115873380
39,10,14,115959829
49,15,5,115961308
48,15,14,115961916
2,17,2,116092214
52,18,6,116122766
14,15,9,116123174
13,14,1,116123180
51,10,5,116123219
61,23,11,116144247
61,5,5,116147180
38,15,14,116149974
13,15,2,116151181
48,3,14,116151513
45,12,10,116301971
47,9,9,116302420
47,9,1,116302432
58,20,9,116304093
37,2,14,116304602
37,2,6,116304604
52,21,14,116305918
37,5,5,116306553
58,5,13,116308511
61,6,8,116308776
55,5,13,116309282
56,4,5,116309285
36,4,14,116309363
46,13,10,116311856
57,19,2,116312065
40,2,14,116312086
38,2,6,116312087
42,6,6,116312970
36,3,6,116313023
16,12,3,116313048
61,10,8,116322934
60,7,2,116325283
52,3,6,116325330
45,9,14,116326131
61,6,2,116326323
59,5,2,116326943
53,7,11,116327153
61,1,14,116327542
37,2,12,116327686
36,2,15,116327905
14,13,14,116328029
15,14,6,116328034
62,5,1,116328215
62,5,2,116328364
61,9,2,116328461
51,10,6,116328682
50,5,6,116328847
60,4,1,116329336
38,4,13,116330065
41,1,5,116330222
46,7,6,116330269
53,7,1,116330413
57,6,1,116330999
59,7,14,116331057
35,2,14,116331105
44,7,13,116331426
44,7,5,116331431
54,9,2,116331460
53,7,2,116331472
56,7,2,116331498
55,8,1,116331500
53,24,9,116331721
37,1,14,116331844
37,1,6,116331847
60,15,6,116332097
61,14,5,116332104
55,8,9,116332335
36,3,12,116333421
39,2,5,116333531
35,4,15,116333563
4,19,14,116333721
61,8,10,116333973
60,12,1,116334369
43,5,13,116334521
56,23,1,116334710
36,4,13,116334800
53,24,4,116334893
23,5,9,116335027
23,5,1,116335029
58,5,2,116335039
43,8,5,116335262
60,18,1,116335834
59,16,6,116335854
60,10,12,116336097
36,2,6,116336122
50,11,6,116336382
14,15,6,116336511
16,13,5,116336514
60,9,15,116336553
56,4,14,116336556
61,8,15,116337682
46,2,14,116337725
45,1,14,116337727
56,23,11,116337868
57,18,1,116338494
38,1,0,116338907
50,19,4,116338940
44,6,13,116339136
43,8,6,116339243
60,6,12,116339497
33,6,14,116339613
33,6,6,116339616
49,2,15,116339871
39,4,5,116339889
4,16,15,116340053
61,1,6,116340326
52,18,5,116340386
36,2,5,116340582
50,2,14,116340827
60,8,15,116341093
45,14,2,116341635
44,15,2,116341642
51,19,13,116341991
51,19,5,116341996
58,1,0,116342006
35,2,5,116342410
53,22,13,116342411
53,22,5,116342415
4,18,6,116342588
5,17,5,116342598
41,1,12,116342943
51,10,14,116343018
61,5,12,116343028
52,3,5,116343152
56,6,15,116343401
51,3,9,116343832
58,11,12,116343942
34,3,6,116344167
35,2,6,116344381
51,22,7,116344545
60,6,13,116358009
53,1,13,116359312
52,2,2,116359316
52,2,9,116359320
52,23,4,116360551
35,10,1,116375157
61,4,2,116398770
47,11,14,116405482
48,10,6,116405492
61,16,6,116406055
53,21,2,116419391
59,1,13,116425773
32,2,5,116428364
60,16,8,116433131
32,3,15,116436714
31,17,2,116466733
30,21,10,116557009
58,3,5,116646005
48,2,1,116648195
31,2,2,116651323
49,4,11,116656746
62,5,14,116672870
3,32,10,116676937
3,32,2,116676947
49,3,10,116682686
61,9,6,116685432
60,7,2,116688088
35,3,1,116741223
52,8,10,116746772
45,11,2,116747530
61,19,13,116750047
62,18,5,116750051
48,3,1,116778590
39,10,9,116780061
55,22,14,116799638
55,22,6,116799644
57,6,5,116830075
11,14,10,116833424
5,28,10,116837741
56,21,14,116837983
57,4,3,116840187
48,1,1,116935825
62,27,10,117052725
15,12,1,117059767
15,12,6,117062054
41,11,7,117112544
62,7,2,117152921
43,10,1,117173791
51,11,11,117177474
51,11,3,117177478
52,10,11,117185187
44,9,1,117185567
52,7,1,117211529
53,1,2,117215216
55,2,4,117215284
52,1,10,117216057
53,5,1,117216895
51,4,10,117217300
52,5,2,117217319
47,5,2,117242396
51,6,15,117248394
55,5,1,117272447
62,1,13,117368929
48,14,10,117404675
54,5,11,117406094
41,16,6,117717249
43,14,1,117738766
55,7,14,117797706
39,29,14,117869274
45,9,10,117900034
45,9,2,117900042
44,10,9,117906202
38,12,9,117937887
42,9,2,117962185
43,31,1,118045929
38,30,11,118052684
33,27,14,118109041
40,32,5,118118580
32,27,6,118137025
32,29,4,118145423
31,28,15,118145586
33,29,10,118148508
33,29,2,118148515
31,27,15,118148517
31,29,7,118148542
42,31,5,118148647
32,29,15,118149827
31,28,7,118149839
30,27,6,118150926
32,30,7,118151291
33,24,12,118152545
33,28,15,118153348
31,30,12,118153621
33,30,4,118153623
30,29,7,118153895
40,9,1,118155536
38,10,2,118155740
31,27,12,118156031
31,29,4,118156070
33,22,5,118156076
32,26,12,118171486
31,26,1,118176846
31,26,2,118176879
37,8,2,118177847
44,4,1,118177887
32,25,12,118178246
31,24,14,118179045
43,4,9,118179288
30,24,13,118180290
30,25,7,118180405
31,24,15,118180654
30,26,10,118181607
29,25,2,118181617
45,3,1,118182963
44,18,2,118183961
30,24,15,118184362
47,3,10,118184479
47,3,2,118184524
32,23,4,118184533
40,6,1,118185530
44,4,2,118186557
50,5,10,118187518
31,21,9,118202852
32,21,8,118205186
30,21,9,118205660
30,21,1,118205674
39,27,13,118206048
31,19,1,118206555
31,21,12,118206562
30,20,15,118208177
32,20,4,118209695
49,1,15,118213693
47,1,7,118213699
33,21,4,118216162
43,13,7,118216188
31,17,9,118217324
31,17,2,118217327
49,3,2,118217420
52,2,10,118217729
37,27,9,118217794
58,3,6,118217971
29,20,9,118218356
39,27,7,118219458
32,16,2,118239253
33,15,2,118240477
35,12,2,118245201
31,17,1,118247343
37,8,1,118250039
41,3,9,118262372
41,3,1,118262409
42,9,10,118269089
41,17,9,118274501
42,3,1,118274990
42,3,2,118275482
43,10,2,118278579
44,9,1,118279225
40,14,2,118303561
41,14,10,118304297
42,12,11,118304480
43,12,2,118304487
40,14,1,118305388
42,14,9,118306574
44,15,9,118312213
47,12,1,118335516
54,6,11,118351504
31,27,5,118395016
29,27,15,118523742
30,26,15,118526421
28,28,13,118529919
50,6,5,119219302
48,28,13,119436942
62,12,14,119459207
62,12,9,119463521
47,7,2,119649865
62,13,10,119652703
45,28,9,119682940
49,6,2,119702119
62,13,9,119709868
29,26,5,119746255
28,26,1,120058268
62,11,13,120184647
62,12,14,120430507
43,26,7,120455398
47,34,10,120494471
45,40,5,120498942
28,28,10,120529185
28,28,2,120529186
29,27,1,120531529
30,26,11,120899863
51,8,14,120982909
51,6,1,120987108
45,42,6,121310545
36,26,3,121338985
28,27,13,121360310
26,43,8,121373196
26,43,0,121373215
28,27,2,121557084
24,36,10,121558022
51,30,0,121587996
50,35,10,121649008
47,30,13,121654381
47,43,13,121679506
44,30,2,121746183
41,12,8,121897357
10,13,10,121926093
10,13,2,121926102
61,13,14,121936399
62,12,6,121936408
38,9,7,121937439
43,35,10,121948187
43,38,3,121949853
27,37,13,121951557
15,24,13,121954410
43,40,3,121954498
27,35,4,121954535
26,36,13,121954821
46,30,3,121955407
46,30,11,121955961
47,31,0,121956473
27,41,6,121956874
38,34,11,121957453
26,40,14,121957666
47,31,3,121957731
25,36,14,121957885
43,25,4,121957983
26,33,15,121958076
39,24,7,121958096
26,37,4,121958472
27,29,5,121958730
29,27,12,121958968
48,32,0,121958988
26,34,5,121959017
61,12,1,121959153
26,36,12,121959160
26,34,12,121959183
26,31,6,121959422
26,34,13,121959603
61,12,10,121959779
62,11,2,121959781
38,24,7,121960013
26,38,12,121960379
40,24,9,121960673
41,24,15,121960745
41,24,7,121960983
41,24,9,121960984
30,26,12,121960998
42,24,7,121961045
25,38,7,121961052
24,35,14,121961082
25,38,14,121961118
24,37,6,121961121
26,32,14,121961236
49,33,0,121961433
49,33,3,121961454
25,37,14,121961703
25,35,6,121961716
26,40,12,121961769
25,37,12,121961806
25,39,4,121961808
41,24,4,121961937
25,38,13,121961962
25,34,5,121962115
26,41,13,121962567
27,29,12,121962577
25,35,12,121962601
25,37,4,121962605
42,25,2,121962625
46,27,2,121962643
25,39,12,121962854
24,36,6,121963086
30,25,15,121963246
3,25,6,121963258
40,24,12,121963279
42,24,10,121963387
24,37,14,121963461
25,40,5,121964006
25,31,15,121964265
23,39,6,121964410
38,9,14,121964446
38,9,6,121964447
47,26,1,121964453
24,38,13,121964512
38,23,1,121964545
24,38,4,121964572
24,37,13,121964637
24,35,5,121964639
33,24,2,121964737
43,24,15,121964739
43,24,1,121964761
40,23,7,121964783
41,24,2,121964858
45,24,4,121964977
50,40,11,121965068
38,23,7,121965111
24,38,12,121965130
24,40,4,121965135
44,24,10,121965468
24,40,12,121965620
22,39,14,121965724
22,39,6,121965727
23,38,15,121965795
23,36,6,121965816
48,6,12,121965986
23,37,6,121965996
44,23,7,121966113
50,30,2,121966138
31,25,12,121966150
43,24,2,121966274
24,32,15,121966333
22,40,6,121966346
38,23,10,121966552
41,23,4,121966575
36,23,9,121966829
34,23,1,121966834
23,36,14,121966893
38,23,2,121966917
39,22,1,121966921
43,23,10,121966924
41,23,2,121966927
47,24,9,121967093
23,37,5,121967243
23,39,12,121967248
23,41,4,121967253
24,31,5,121967290
45,23,9,121967376
21,38,14,121967455
23,36,5,121967461
23,37,12,121967462
23,39,4,121967466
41,23,10,121967501
42,23,10,121967601
34,23,2,121967611
36,23,7,121967616
48,48,11,121967790
23,39,5,121967823
44,23,15,121967907
22,37,15,121967998
22,39,7,121968000
25,32,4,121968015
23,36,13,121968065
22,41,14,121968073
23,40,13,121968076
23,38,5,121968078
23,40,12,121968080
23,40,5,121968089
22,38,6,121968130
43,22,7,121968143
21,38,6,121968177
38,13,7,121968254
22,40,15,121968297
34,23,10,121968313
21,40,14,121968325
22,39,15,121968328
22,41,7,121968329
26,28,12,121968337
29,24,10,121968346
40,21,9,121968421
37,22,15,121968470
39,22,7,121968471
48,51,8,121968482
42,23,2,121968573
53,45,11,121968624
37,10,14,121968663
46,23,4,121968669
32,24,10,121968770
31,23,2,121968774
23,32,6,121968789
37,9,7,121968850
38,9,12,121968865
22,37,7,121968873
47,50,3,121968885
31,41,8,121969081
43,22,10,121969099
54,46,9,121969171
54,46,1,121969176
48,50,3,121969185
22,38,5,121969244
22,39,12,121969253
22,41,4,121969257
22,40,4,121969272
56,42,2,121969278
46,24,2,121969304
32,22,2,121969347
47,23,9,121969371
20,41,6,121969405
61,11,6,121969443
45,22,9,121969447
22,36,7,121969454
49,52,8,121969474
48,53,0,121969647
22,38,4,121969656
37,9,6,121969842
22,37,4,121969899
39,22,4,121969958
45,23,2,121970019
48,53,3,121970165
34,23,4,121970342
47,21,1,121970840
62,9,10,121970860
61,36,14,121971204
62,43,10,121971509
62,43,2,121971513
53,24,2,121971683
24,40,1,121972667
21,41,10,121972899
38,14,2,121973027
24,41,3,121973688
32,24,11,121973861
27,33,8,121974009
51,21,0,121974866
50,20,13,121975363
47,6,4,121975470
29,29,8,121975607
39,12,11,121975720
32,26,8,121975738
47,5,13,121975795
47,5,5,121975799
50,21,3,121975835
39,13,5,121975914
51,21,11,121975998
28,31,13,121976039
54,22,14,121976164
54,22,6,121976166
39,13,3,121976178
52,22,11,121976186
54,22,13,121976189
25,28,10,121976200
25,28,2,121976202
26,28,8,121976204
39,15,4,121976209
54,22,3,121976211
27,34,13,121976471
27,34,5,121976473
28,32,8,121976476
28,32,0,121976479
37,10,6,121976500
14,22,6,121976561
38,12,8,121976657
59,27,3,121976736
29,29,1,121976861
56,25,0,121977136
39,21,5,121977195
38,22,6,121977202
39,14,3,121977231
23,42,8,121977280
23,42,11,121977284
22,42,10,121977286
55,24,3,121977343
57,26,0,121977411
62,10,5,121977416
26,41,13,121977726
26,41,5,121977727
25,42,9,121977732
46,20,3,121977809
26,37,12,121977833
58,28,6,121977971
59,29,0,121977982
25,41,6,121978032
61,32,11,121978046
61,32,3,121978049
61,11,6,121978142
26,35,5,121978279
27,32,15,121978414
60,28,3,121978567
48,6,13,121978583
60,35,12,121978631
51,22,14,121978703
51,22,6,121978704
28,30,8,121978876
28,30,0,121978879
51,21,13,121978882
62,37,1,121979086
48,4,13,121979171
24,42,6,121979234
25,41,5,121979236
25,36,15,121979327
25,36,7,121979328
26,42,4,121979481
61,29,11,121979588
61,38,10,121979623
61,36,6,121979629
61,43,9,121979660
61,43,1,121979665
24,41,9,121979667
48,5,12,121979673
59,31,15,121979781
59,31,7,121979782
36,9,14,121979784
35,8,6,121979786
29,29,11,121979822
28,28,3,121979826
12,14,3,121979879
47,5,15,121979925
2,33,8,121980072
38,14,7,121980116
59,29,6,121980278
39,16,8,121980286
22,20,14,121980320
62,37,14,121980329
50,24,14,121980348
32,23,11,121980409
31,26,8,121980412
25,46,14,121980516
25,46,6,121980518
62,45,15,121980722
62,45,7,121980724
60,29,3,121980762
61,43,2,121980785
58,30,14,121980792
58,30,6,121980794
24,27,7,121980923
60,35,6,121980935
61,37,11,121980948
62,38,3,121980949
59,44,9,121981239
29,24,1,121981256
35,23,0,121981348
61,11,1,121981423
50,55,5,121981742
62,51,4,121981763
43,22,6,121981797
47,4,5,121981805
27,26,10,121981895
27,26,2,121981898
27,27,8,121981900
38,13,14,121981950
61,37,14,121981967
54,29,9,121982060
38,14,4,121982216
49,54,11,121982382
50,22,5,121982430
23,38,14,121982517
24,37,15,121982519
47,46,1,121982586
46,22,8,121982610
38,11,5,121982721
37,15,2,121982795
25,35,15,121982848
49,56,11,121982858
46,47,9,121982975
37,8,15,121982987
37,8,7,121982991
49,6,8,121983036
42,22,0,121983063
59,42,9,121983119
60,43,1,121983136
46,47,2,121983168
47,45,13,121983211
47,6,15,121983593
61,51,6,121983799
42,23,6,121983857
60,12,2,121983869
55,52,0,121984206
57,55,2,121984313
59,53,1,121984320
48,3,5,121984346
47,6,14,121984347
45,6,6,121984349
50,23,10,121984365
44,35,14,121984425
53,31,13,121984475
53,31,5,121984478
47,54,2,121984481
47,5,11,121984483
47,5,3,121984484
47,6,10,121984503
47,4,5,121984538
57,31,6,121984626
59,31,13,121984629
58,32,9,121984637
49,23,14,121984673
60,50,10,121984782
59,49,2,121984787
48,35,13,121984833
48,35,5,121984837
61,50,4,121984912
56,50,8,121984936
61,10,9,121985007
46,36,1,121985025
61,10,14,121985043
44,42,14,121985049
27,33,12,121985107
49,22,10,121985119
52,22,13,121985163
37,10,15,121985178
47,5,2,121985294
55,55,6,121985297
35,22,14,121985357
26,31,14,121985364
26,31,6,121985365
47,7,10,121985374
46,36,2,121985386
43,21,11,121985387
41,21,3,121985389
38,11,13,121985456
37,12,5,121985459
32,25,2,121985464
29,25,14,121985493
38,15,11,121985537
48,46,2,121985559
49,45,1,121985560
58,44,15,121985566
57,53,11,121985581
32,26,12,121985596
46,40,10,121985632
56,54,6,121985638
56,54,11,121985639
38,10,15,121985643
46,35,7,121985674
38,14,13,121985735
24,40,14,121985782
33,24,0,121985803
46,6,12,121985804
48,6,4,121985805
29,28,15,121985832
27,29,2,121985834
28,28,9,121985835
25,36,5,121985846
57,43,9,121985946
56,42,1,121985949
47,5,5,121985990
46,7,8,121985993
46,7,0,121985998
47,35,12,121986010
45,35,4,121986013
53,52,13,121986021
52,53,9,121986026
59,50,7,121986043
55,53,3,121986051
54,53,11,121986052
37,23,8,121986113
24,39,6,121986157
27,32,7,121986169
50,52,7,121986283
32,26,10,121986372
30,26,2,121986374
46,5,14,121986401
55,55,13,121986474
55,55,5,121986477
54,54,11,121986478
53,55,3,121986479
28,29,12,121986484
50,56,13,121986496
40,22,10,121986508
41,22,8,121986511
2,31,13,121986559
2,31,5,121986564
24,37,6,121986619
59,41,15,121986657
38,13,13,121986693
37,12,6,121986711
54,53,13,121986774
41,21,8,121986917
39,21,0,121986918
44,34,5,121986935
44,35,8,121986938
44,35,0,121986946
50,56,6,121986952
51,55,5,121986954
49,56,14,121986976
49,56,13,121986979
36,8,14,121987037
37,7,6,121987038
36,8,13,121987040
36,8,5,121987041
39,22,13,121987045
38,21,5,121987047
36,23,1,121987057
53,55,5,121987063
52,56,1,121987071
51,44,6,121987089
34,23,7,121987155
33,23,10,121987157
57,30,14,121987308
43,21,7,121987361
50,57,13,121987392
52,30,10,121987430
49,56,3,121987523
24,36,6,121987690
45,6,10,121987787
45,6,2,121987789
49,41,11,121987870
42,34,14,121988001
44,22,14,121988198
46,5,13,121988349
55,49,12,121988367
24,29,12,121988377
50,22,15,121988471
59,36,4,121988568
1,30,13,121988572
57,32,14,121988642
57,32,6,121988645
56,45,14,121988647
20,14,8,121988659
20,14,0,121988661
58,29,8,121988833
58,29,0,121988841
47,4,5,121988971
2,32,8,121988986
3,33,0,121988987
48,57,3,121989057
50,57,8,121989060
49,46,15,121989089
24,47,2,121989162
47,22,15,121989185
26,33,9,121989199
45,6,14,121989210
46,5,6,121989211
45,6,3,121989215
45,48,11,121989228
56,30,9,121989231
25,40,14,121989237
24,36,9,121989246
45,7,2,121989260
52,24,8,121989262
52,24,0,121989263
30,27,12,121989298
41,33,7,121989312
2,28,0,121989371
26,33,14,121989402
44,21,15,121989447
55,48,10,121989465
45,5,15,121989488
38,12,13,121989585
59,48,4,121989645
25,34,1,121989656
49,23,9,121989673
46,22,12,121989712
26,31,6,121989739
37,10,0,121989773
37,10,13,121989776
36,26,10,121989793
45,23,14,121989801
46,22,6,121989804
25,33,14,121989812
27,29,1,121989844
26,30,10,121989849
24,43,9,121989865
25,34,10,121989899
25,34,2,121989900
25,46,1,121989909
25,33,11,121989914
26,34,3,121989915
46,6,7,121989935
37,12,14,121989940
27,31,8,121989994
51,24,10,121990002
52,23,2,121990005
26,37,0,121990030
36,8,15,121990072
50,22,7,121990081
52,40,14,121990094
25,44,14,121990115
38,11,14,121990124
36,11,6,121990126
38,9,6,121990128
46,5,2,121990157
28,28,2,121990174
40,21,11,121990233
39,22,3,121990234
43,22,12,121990240
44,21,4,121990244
25,37,9,121990247
58,29,11,121990318
58,29,3,121990319
50,21,14,121990320
49,21,15,121990324
49,23,7,121990325
27,30,12,121990336
31,24,13,121990343
31,24,5,121990346
29,26,1,121990348
25,39,8,121990349
25,39,0,121990354
25,42,8,121990360
24,41,0,121990364
36,9,15,121990384
36,9,7,121990387
36,11,8,121990390
46,6,10,121990406
29,27,11,121990423
28,29,8,121990427
30,27,8,121990429
25,35,1,121990457
48,5,11,121990471
24,38,10,121990488
30,26,10,121990492
30,26,2,121990495
26,40,8,121990506
25,41,0,121990508
26,34,2,121990509
38,15,0,121990578
35,22,6,121990599
36,21,5,121990602
57,25,8,121990607
23,28,12,121990672
23,28,4,121990673
24,42,11,121990676
24,41,8,121990697
42,23,14,121990701
53,24,7,121990723
25,40,3,121990730
54,24,2,121990737
25,40,2,121990742
25,39,11,121990745
24,38,3,121990746
52,41,8,121990748
37,10,11,121990758
38,11,3,121990760
26,40,11,121990769
44,47,15,121990780
45,40,5,121990799
50,24,2,121990875
42,33,8,121990896
44,5,10,121990907
25,44,3,121990926
34,23,5,121990952
41,40,10,121990970
31,26,2,121990979
55,30,2,121991019
27,32,8,121991085
24,37,11,121991088
34,23,11,121991131
26,33,10,121991141
27,32,2,121991145
40,22,2,121991157
42,20,9,121991159
49,25,6,121991178
48,21,15,121991180
25,39,2,121991194
25,37,11,121991205
26,36,8,121991208
26,36,0,121991209
48,30,14,121991230
33,24,14,121991239
34,23,6,121991241
38,14,6,121991248
23,42,14,121991263
25,35,8,121991274
27,32,9,121991291
56,25,11,121991304
55,26,3,121991308
38,15,10,121991324
38,13,11,121991327
27,32,0,121991348
50,21,15,121991356
48,20,15,121991361
26,35,8,121991364
30,27,0,121991370
31,25,11,121991371
30,26,3,121991377
28,39,14,121991378
28,39,6,121991380
26,39,10,121991384
25,34,11,121991403
26,33,3,121991407
45,21,10,121991446
46,20,9,121991447
26,35,11,121991460
33,24,11,121991466
33,24,3,121991468
26,35,10,121991471
25,36,2,121991472
26,34,14,121991477
27,32,10,121991481
26,33,2,121991482
27,32,8,121991485
36,23,2,121991495
26,38,10,121991496
25,37,2,121991499
27,31,11,121991501
28,29,0,121991515
53,24,10,121991516
52,23,10,121991519
25,33,10,121991525
27,33,2,121991528
29,29,8,121991595
27,29,0,121991597
27,32,2,121991598
27,32,1,121991603
55,26,11,121991636
31,26,8,121991667
31,26,0,121991668
27,33,9,121991698
47,5,0,121991710
28,32,1,121991724
28,29,11,121991738
27,28,3,121991740
35,23,5,121991745
48,20,1,121991764
34,24,6,121991789
28,35,13,121991807
26,37,8,121991808
45,48,10,121991813
44,47,2,121991815
36,23,8,121991849
36,23,0,121991852
48,21,12,121991884
48,21,4,121991886
46,21,10,121991899
54,21,15,121991934
53,22,7,121991936
51,24,2,121991939
37,13,10,121991953
3,28,0,121992039
50,24,13,121992096
49,23,5,121992098
60,47,10,121992110
59,48,2,121992112
53,23,10,121992127
47,21,12,121992133
57,29,8,121992155
56,26,10,121992180
28,36,1,121992194
29,31,8,121992221
28,30,0,121992223
28,30,10,121992226
27,29,10,121992227
28,30,2,121992229
27,37,3,121992234
46,4,3,121992241
38,11,8,121992251
39,12,0,121992252
29,29,10,121992254
29,29,2,121992255
29,29,9,121992257
29,29,1,121992268
3,31,5,121992282
54,23,10,121992303
54,23,2,121992306
55,24,9,121992307
54,23,1,121992310
40,40,13,121992313
55,25,12,121992326
55,23,4,121992329
57,32,11,121992330
43,41,9,121992347
50,21,13,121992352
48,21,9,121992357
37,23,0,121992364
51,22,10,121992376
51,22,2,121992379
35,8,1,121992391
33,25,8,121992392
35,23,8,121992394
33,23,0,121992395
59,34,14,121992414
41,24,6,121992437
39,16,11,121992468
1,33,14,121992472
2,32,6,121992476
30,27,11,121992490
30,27,3,121992491
31,28,0,121992530
53,23,2,121992567
58,32,6,121992584
48,6,12,121992598
51,40,9,121992664
52,39,13,121992714
52,41,14,121992716
28,31,0,121992724
2,32,11,121992730
1,33,3,121992735
26,45,1,121992759
56,24,9,121992800
38,9,3,121992806
54,24,1,121992815
58,54,3,121992820
59,27,8,121992843
58,26,0,121992845
39,22,0,121992863
37,8,9,121992874
58,26,8,121992921
38,22,11,121992965
38,22,3,121992967
47,5,9,121992978
47,5,1,121992980
31,27,3,121993015
24,26,8,121993045
37,13,4,121993112
58,26,9,121993158
58,26,1,121993161
55,24,10,121993166
2,31,15,121993197
56,25,8,121993207
60,36,6,121993208
43,41,10,121993213
61,31,3,121993218
56,30,7,121993223
48,21,7,121993229
30,31,8,121993272
60,33,4,121993281
62,29,1,121993295
27,40,3,121993304
60,35,13,121993360
55,27,3,121993381
29,33,8,121993421
61,30,2,121993432
46,4,9,121993436
45,5,1,121993437
54,24,2,121993468
50,20,13,121993471
47,21,10,121993481
38,23,2,121993499
28,41,3,121993515
59,26,14,121993522
59,24,6,121993525
2,33,9,121993549
53,22,5,121993565
60,32,11,121993599
62,30,10,121993647
53,22,4,121993658
42,32,12,121993666
49,21,12,121993717
50,22,4,121993722
60,32,1,121993743
54,43,10,121993767
54,43,2,121993768
22,23,11,121993774
62,30,1,121993798
53,23,15,121993803
55,23,7,121993804
54,23,10,121993810
52,23,2,121993813
30,30,11,121993854
47,20,9,121993901
60,34,8,121994000
62,35,4,121994024
61,10,1,121994037
62,31,3,121994057
48,30,6,121994062
44,40,9,121994120
42,40,1,121994122
21,22,14,121994137
21,22,6,121994145
49,20,9,121994256
62,31,10,121994291
55,22,0,121994294
46,49,8,121994323
61,30,8,121994386
62,29,0,121994390
61,33,3,121994411
60,28,11,121994432
61,27,3,121994437
2,25,11,121994471
62,32,11,121994537
41,33,9,121994540
40,33,10,121994544
30,41,8,121994562
43,32,8,121994570
37,23,13,121994573
37,23,5,121994575
39,14,11,121994579
39,14,3,121994582
35,24,7,121994614
43,41,2,121994659
58,31,13,121994680
57,30,5,121994681
56,32,12,121994683
57,31,4,121994685
55,30,9,121994687
57,31,14,121994690
47,28,6,121994747
22,22,9,121994759
55,23,10,121994833
1,28,8,121994838
14,24,13,121994859
12,10,13,121994918
11,11,1,121994933
30,33,0,121994972
59,30,6,121995022
62,29,2,121995146
51,20,15,121995147
60,27,10,121995214
31,40,0,121995228
11,13,11,121995230
61,31,11,121995282
22,23,14,121995307
42,39,9,121995369
42,39,1,121995372
46,47,4,121995420
41,33,4,121995552
46,6,4,121995646
58,30,15,121995762
47,20,14,121995804
47,20,6,121995809
46,37,6,121995840
39,16,15,121995855
23,38,6,121995868
1,26,5,121996033
52,31,14,121996072
52,31,6,121996079
32,27,3,121996084
21,39,13,121996088
41,40,2,121996222
42,41,14,121996234
42,41,6,121996237
45,45,6,121996263
25,35,7,121996369
25,33,5,121996373
25,35,10,121996375
25,33,2,121996379
32,41,8,121996388
42,21,2,121996415
42,42,8,121996416
20,21,14,121996431
59,27,11,121996690
58,26,3,121996692
61,35,6,121996741
61,35,5,121996742
11,9,13,121996779
37,33,10,121996888
38,32,2,121996895
46,52,10,121996967
57,32,13,121997024
56,33,10,121997028
48,4,6,121997231
48,6,10,121997232
46,4,10,121997233
48,4,2,121997237
51,20,11,121997357
61,35,4,121997376
50,22,12,121997402
36,24,0,121997424
36,11,12,121997447
37,10,4,121997448
44,21,14,121997529
39,16,8,121997583
39,16,0,121997585
41,22,1,121997610
57,23,1,121997637
56,23,10,121997639
1,34,3,121997725
54,40,5,121997751
54,40,8,121997753
20,17,2,121997819
38,10,13,121997836
38,16,15,121997862
37,25,8,121997884
53,21,14,121997895
45,20,8,121997900
44,21,0,121997902
55,23,4,121997903
40,22,8,121997912
38,22,0,121997915
37,11,12,121997936
36,10,4,121997943
57,24,8,121997947
41,22,8,121997951
52,22,15,121997962
53,21,7,121997963
13,23,5,121998000
36,8,9,121998017
36,8,1,121998025
49,5,8,121998038
33,34,1,121998086
44,21,5,121998089
42,21,11,121998091
47,6,13,121998096
46,7,2,121998109
44,21,6,121998134
45,20,15,121998143
45,40,7,121998176
47,39,1,121998198
48,50,8,121998290
48,51,14,121998293
53,22,15,121998304
55,22,7,121998306
55,22,9,121998308
54,21,1,121998311
54,21,11,121998441
54,21,3,121998445
44,22,10,121998451
48,6,11,121998478
37,12,7,121998485
38,23,11,121998487
47,6,11,121998518
46,7,3,121998520
52,21,3,121998531
54,22,14,121998536
36,13,5,121998568
38,11,5,121998569
40,14,13,121998576
42,22,8,121998589
41,21,0,121998592
53,49,15,121998619
47,34,13,121998641
58,24,3,121998642
55,39,5,121998692
55,39,14,121998694
55,39,6,121998696
41,40,12,121998804
38,24,11,121998909
40,22,11,121998911
39,23,3,121998914
48,3,5,121998920
48,4,4,121998924
47,4,9,121998926
54,22,8,121998964
49,22,11,121999009
49,21,10,121999014
51,21,2,121999015
45,20,11,121999051
38,14,14,121999224
39,15,6,121999227
39,32,7,121999278
34,32,15,121999282
35,26,0,121999313
45,22,8,121999317
40,21,3,121999332
3,32,1,121999397
55,37,13,121999400
54,22,11,121999513
53,21,3,121999515
55,29,11,121999528
56,29,8,121999531
56,29,0,121999532
51,21,3,121999540
47,5,8,121999558
46,4,0,121999560
58,24,11,121999564
40,23,11,121999566
59,47,5,121999597
43,22,0,121999605
52,21,0,121999631
38,23,3,121999639
57,24,14,121999653
55,24,11,121999657
45,40,14,121999663
47,22,3,121999682
39,23,0,121999711
58,31,4,121999739
58,30,14,121999740
58,24,0,121999760
43,22,3,121999823
35,14,9,121999871
35,14,1,121999875
42,21,13,121999897
43,22,5,121999900
52,22,8,121999904
51,23,11,121999906
53,23,3,121999907
44,25,8,121999928
43,24,9,121999936
55,23,8,121999940
54,22,0,121999941
39,25,8,121999960
37,25,0,121999962
61,27,12,121999965
32,39,11,121999984
60,26,15,122000024
59,25,7,122000039
58,29,15,122000062
58,31,7,122000063
37,13,8,122000075
50,22,0,122000118
49,21,13,122000150
53,40,12,122000215
40,25,2,122000247
47,21,8,122000257
32,15,8,122000424
44,23,8,122000823
41,22,0,122000878
61,27,0,122000955
54,24,0,122000986
55,23,0,122001277
41,24,8,122005190
48,22,11,122005831
47,5,1,122006598
39,15,9,122007589
54,24,3,122007626
55,25,3,122008452
56,25,0,122009038
48,23,8,122009128
61,30,15,122009847
60,31,12,122010193
61,32,4,122010196
61,34,13,122010238
61,34,5,122010242
46,6,10,122010871
46,6,2,122010875
61,32,1,122010935
39,25,11,122011056
61,31,13,122011140
49,7,0,122011238
59,31,5,122011447
53,23,8,122011505
52,24,0,122011506
47,5,2,122012269
60,34,14,122012375
36,36,2,122012530
60,33,13,122013003
33,33,9,122013138
39,15,3,122013347
48,6,9,122013819
48,6,1,122013822
48,6,0,122013828
36,35,9,122013883
52,22,5,122013937
44,27,9,122013975
39,12,8,122014081
37,8,14,122014417
55,25,4,122014437
61,30,7,122014495
61,30,4,122014502
34,34,9,122014734
59,28,4,122014990
39,25,6,122014994
43,32,5,122015012
36,28,13,122015015
60,32,14,122015526
42,33,2,122015651
51,23,15,122015933
56,26,0,122016192
14,32,10,122016229
37,36,8,122016879
48,37,14,122016883
48,37,6,122016896
49,4,12,122017219
37,27,11,122017372
39,17,3,122017403
44,28,7,122017414
47,6,8,122017685
48,5,0,122017699
37,27,10,122017999
52,40,13,122018089
38,26,9,122018116
39,25,1,122018123
38,26,10,122018188
39,25,2,122018190
50,32,10,122018198
50,40,7,122018321
61,34,6,122019048
44,27,1,122019207
47,5,1,122019363
43,24,2,122019474
40,17,6,122019647
48,6,8,122019844
40,24,13,122019851
40,24,5,122019852
39,25,9,122019854
45,36,12,122019916
39,25,10,122020160
40,16,13,122020190
52,22,11,122020298
37,8,1,122020354
42,23,6,122020478
41,25,0,122020480
40,25,10,122020482
51,21,13,122020890
40,25,11,122021024
54,24,0,122021355
38,12,1,122021389
47,23,6,122021454
39,13,3,122021552
44,23,11,122021597
44,23,3,122021602
40,24,14,122021644
58,28,3,122021949
45,23,11,122022240
45,23,3,122022241
47,5,10,122022750
48,4,9,122022762
47,24,8,122023091
47,22,0,122023099
47,23,8,122023103
48,24,0,122023104
38,12,11,122023374
51,39,13,122023499
51,40,4,122023512
38,31,0,122023607
52,22,5,122023751
39,14,14,122023754
39,14,9,122023757
38,31,1,122023822
49,4,11,122023984
49,4,8,122024067
45,24,0,122024082
44,26,9,122024086
51,22,3,122024223
57,26,8,122024434
54,23,8,122024625
60,32,15,122024631
61,31,12,122024635
51,41,14,122024636
54,24,11,122024859
58,27,7,122024886
47,23,3,122024978
49,37,8,122024995
50,22,3,122025111
55,25,0,122025201
54,23,11,122025264
47,22,3,122025277
52,24,8,122025371
52,24,0,122025372
52,24,3,122025380
60,29,12,122025412
60,29,4,122025416
55,25,11,122025614
54,24,3,122025621
50,24,8,122025878
54,25,11,122026055
54,25,3,122026056
56,26,0,122026157
38,8,11,122026216
51,32,0,122026340
59,29,3,122026424
58,28,15,122026651
58,28,7,122026652
61,32,9,122026787
37,13,11,122026795
39,14,6,122026799
45,24,3,122026918
54,24,4,122026940
52,24,14,122026974
46,24,11,122027230
43,32,13,122027262
41,26,10,122027292
41,24,3,122027305
48,26,13,122027307
48,26,5,122027309
52,25,11,122027634
48,24,8,122027738
60,35,14,122027887
60,35,12,122027890
50,24,0,122028227
47,25,8,122028251
18,31,5,122028267
53,26,8,122028476
50,5,0,122028588
48,23,3,122028725
59,34,13,122028726
58,33,13,122028727
47,24,11,122028884
50,11,11,122029301
52,25,3,122029354
52,24,11,122029398
49,5,11,122029484
49,5,3,122029492
55,31,12,122029937
46,26,1,122029990
55,26,8,122030014
39,13,9,122030071
38,13,2,122030558
53,25,6,122030635
51,25,0,122030653
48,7,10,122031000
49,6,2,122031012
47,24,0,122031774
44,37,0,122032231
50,6,2,122048385
50,6,8,122048974
51,4,13,122049039
39,12,0,122049456
40,10,0,122049535
51,5,8,122050686
52,6,0,122050687
40,12,3,122052039
40,14,8,122052722
40,14,0,122052725
38,10,2,122053916
18,31,14,122054349
18,31,6,122054357
41,16,8,122056693
40,15,0,122056699
40,33,10,122059339
43,28,10,122061471
39,10,2,122061536
41,12,11,122061682
39,12,3,122061701
41,13,9,122061708
50,7,8,122061777
52,6,11,122062540
51,5,3,122062546
39,10,11,122062789
40,11,3,122062791
41,28,2,122063083
51,5,9,122068327
51,6,1,122077105
41,16,11,122078139
34,29,6,122080366
41,9,0,122083199
51,5,6,122083529
14,15,1,122084171
51,8,14,122084736
41,15,0,122085562
39,9,10,122086084
41,12,13,122087559
41,12,5,122087561
13,13,5,122088431
14,15,14,122089045
39,30,14,122089286
6,10,6,122090347
51,8,13,122090621
51,8,5,122090637
35,28,5,122090902
34,29,1,122090908
47,29,8,122091206
48,28,0,122091211
18,31,5,122091485
50,8,6,122091506
25,53,14,122091526
40,13,5,122091870
50,7,15,122091960
49,6,7,122091966
51,7,15,122092047
49,7,7,122092050
43,28,12,122092419
41,15,13,122092517
42,28,12,122094064
45,27,11,122094195
46,28,3,122094198
39,13,10,122104313
49,6,12,122111327
50,7,13,122111492
40,12,13,122113527
39,9,15,122114542
50,7,4,122115196
39,9,7,122116047
39,11,4,122116234
11,16,1,122116341
49,6,4,122118409
1,24,9,122120509
40,16,15,122124351
39,15,7,122124386
49,28,10,122124851
38,8,1,122132371
48,8,10,122143767
38,8,6,122144328
38,13,3,122155362
36,29,14,122155843
48,6,6,122176061
49,6,9,122204702
49,6,6,122205795
48,7,2,122205806
39,14,5,122209052
48,8,10,122248596
49,9,2,122248597
49,7,0,122282138
40,16,1,122312824
44,32,11,122406568
41,33,13,122436931
44,36,13,122462737
39,35,14,122465210
38,34,14,122466817
38,35,6,122480055
39,37,6,122481498
39,37,4,122488498
39,37,13,122489229
39,35,5,122489253
41,37,11,122489809
45,30,0,122490777
37,37,14,122498497
37,37,6,122498498
46,32,14,122498561
39,37,5,122499124
41,31,14,122499164
39,39,3,122499888
38,33,6,122510111
38,40,6,122522828
40,33,6,122522835
47,30,13,122523753
42,32,13,122523771
40,14,6,122527520
39,34,8,122527842
46,31,14,122529185
47,30,6,122529203
46,42,11,122529666
42,33,13,122530432
45,35,3,122531259
14,22,13,122531289
47,33,2,122531408
40,14,5,122545152
41,36,3,122545351
37,37,11,122546293
42,37,0,122546554
42,37,3,122547202
45,47,14,122548085
41,38,14,122549836
38,37,5,122549846
38,38,14,122550166
38,38,13,122552879
42,39,14,122552952
41,38,3,122553098
42,38,5,122553145
38,38,6,122553894
38,38,8,122553897
43,39,3,122553912
37,38,3,122553936
46,49,8,122553964
45,41,0,122554408
45,41,11,122554524
45,41,3,122554526
42,39,0,122554998
31,33,14,122555359
39,39,14,122555487
39,39,13,122555490
41,38,11,122555750
43,39,8,122556049
37,39,3,122556185
45,41,14,122556667
47,32,14,122557453
43,40,14,122557588
43,39,11,122557729
42,39,8,122557991
44,46,14,122558028
31,33,9,122558257
44,41,14,122558708
42,39,11,122558712
44,40,11,122559005
42,40,3,122559006
46,43,6,122559756
46,49,0,122560201
42,40,13,122560822
41,39,11,122560839
42,41,3,122561200
46,51,0,122561359
41,40,8,122561671
42,40,8,122562101
45,32,6,122562833
28,33,3,122563187
46,47,14,122571499
46,46,3,122575195
45,33,5,122584166
2,27,14,122586624
44,33,5,122589258
43,35,14,122591648
46,33,13,122592639
29,35,5,122616839
38,17,9,122617171
32,36,14,122617182
38,19,7,122617316
38,17,14,122617461
42,36,6,122618161
43,35,6,122622088
27,36,14,122623803
26,37,10,122623806
43,37,14,122623963
61,19,6,122656479
23,38,5,122676245
44,37,6,122676500
31,39,0,122681356
45,39,6,122711995
30,39,6,122714543
44,40,6,122719526
62,18,6,123301577
1,33,13,123432220
37,15,11,123434821
1,27,13,123435773
38,18,8,123437685
50,25,9,123463341
38,18,11,123465266
40,18,1,123656465
34,36,6,123681075
1,31,2,123744979
62,40,1,123799553
22,59,15,123800580
22,59,12,123804726
23,58,12,123805727
21,59,15,123806175
62,21,9,123807937
20,60,15,123808601
22,57,15,123810732
23,57,12,123810922
20,61,7,123812765
23,54,1,123818899
19,58,6,123826548
19,58,5,123829270
20,57,5,123830939
21,55,12,123832269
20,56,12,123833436
21,53,15,123835983
18,59,6,123836284
18,59,15,123836790
20,53,2,123838892
23,53,4,123841298
19,57,12,123842406
21,53,12,123842701
19,55,15,123842790
22,51,15,123843612
24,47,1,123862659
21,62,14,123863792
18,53,5,123865985
24,47,12,123867318
24,47,10,123868666
25,46,2,123868722
25,46,1,123868774
25,45,2,123871268
26,45,10,123872284
18,51,13,123873982
19,50,5,123873990
26,44,9,123874982
26,44,1,123875011
21,45,2,123885609
22,44,2,123889108
23,43,1,123890364
40,15,14,123894154
25,43,15,123894947
25,43,10,123897652
24,42,1,123897671
22,43,10,123897731
22,43,2,123897744
26,43,12,123898837
25,42,15,123901987
24,43,7,123902211
25,42,1,123902361
23,42,2,123902768
25,49,1,123920940
22,41,2,123921439
19,42,5,123927182
22,40,15,123930100
25,40,12,123930108
24,40,2,123930582
19,42,15,123930670
20,48,14,123935034
26,44,6,123935948
18,43,6,123936640
17,42,6,123947763
18,41,5,123953810
23,49,11,123962492
20,38,2,123962848
21,37,2,123963662
17,40,14,123967477
24,37,7,123969261
19,37,15,123984361
19,38,12,123988009
38,13,14,123994368
62,17,2,123996502
25,53,3,123999436
21,34,10,124012143
38,14,10,124024564
19,35,15,124029421
61,16,1,124031347
56,30,1,124031739
54,29,6,124051653
61,16,9,124053447
34,33,0,124080906
25,29,15,124086676
26,29,2,124088230
28,29,9,124088236
29,29,7,124088741
29,29,15,124089137
22,30,2,124092666
24,30,9,124092682
23,29,10,124093527
23,29,2,124093543
27,29,12,124093744
35,34,0,124094632
26,27,10,124109927
61,15,10,124110974
62,14,2,124110980
32,29,2,124114172
26,27,15,124115076
29,27,1,124117779
30,27,1,124119261
26,26,1,124120639
25,27,15,124122350
20,31,10,124277169
20,31,2,124277232
62,15,13,124426333
62,15,5,124426340
16,15,9,124463734
16,15,1,124463748
49,6,6,125054876
49,8,2,125114944
18,31,5,125838169
17,30,15,125901411
15,31,2,126184862
16,31,2,126215369
15,34,8,126215836
16,40,9,126239448
16,41,3,126247978
16,40,0,126249860
16,33,11,126249953
20,29,6,126433390
19,31,13,126435347
20,30,5,126435531
17,32,5,126481795
19,29,15,126482655
19,30,12,126483391
18,31,12,126496125
17,31,15,126497880
16,41,7,126500188
16,32,5,126515661
16,32,12,126526108
15,32,6,126529568
15,33,5,126530338
18,29,12,126531313
16,32,13,126531399
22,48,9,126531492
16,30,12,126546798
13,35,5,126549596
15,30,15,126552246
17,29,12,126561897
12,33,15,126591173
12,31,15,126620020
13,30,12,126653161
10,34,1,126843485
13,30,8,126899683
12,43,9,126934650
12,45,3,126936278
15,28,11,126960348
16,28,8,126962287
16,41,2,127117377
19,29,5,127300608
18,30,13,127302325
17,32,13,127303110
18,30,6,127303397
19,29,12,127303851
16,37,6,127303944
4,24,14,127304123
4,24,6,127304129
17,33,6,127304136
17,39,7,127304701
40,8,12,127305221
21,42,10,127305555
15,28,14,127305873
15,28,6,127305877
17,35,12,127305893
16,35,5,127305899
17,39,4,127305969
26,29,8,127306093
17,31,6,127306200
17,33,5,127306265
17,31,15,127306667
16,33,13,127306891
17,35,4,127306901
16,35,15,127307051
16,33,6,127307328
16,34,6,127307361
16,34,15,127307375
16,35,7,127307596
17,39,13,127307698
17,38,12,127307703
15,28,1,127307998
16,38,7,127308049
16,39,15,127308547
17,32,12,127308633
39,9,14,127308686
15,35,5,127308984
16,37,4,127308996
23,41,12,127309116
16,34,7,127309238
50,6,12,127309425
16,31,13,127309480
15,39,14,127309514
16,38,13,127309517
27,26,13,127309706
27,26,5,127309708
15,36,6,127309849
16,38,4,127309857
16,35,13,127309955
17,33,4,127310145
15,35,6,127310541
16,38,5,127310584
15,36,7,127310592
16,31,6,127310665
17,30,12,127310667
15,36,15,127310670
16,32,5,127310757
16,33,7,127310869
16,39,13,127310924
15,35,15,127310965
16,35,4,127311072
15,34,14,127311390
16,44,6,127311405
15,37,13,127311443
15,36,13,127311904
15,34,5,127311905
16,30,15,127311919
16,32,7,127311921
16,34,4,127311928
26,26,3,127312051
14,33,6,127312083
15,35,7,127312086
15,35,12,127312117
16,32,13,127312266
15,32,15,127312556
15,34,7,127312558
24,40,4,127312813
15,37,5,127312815
15,32,5,127312918
15,36,4,127313033
15,38,5,127313164
16,48,14,127318011
16,48,6,127318012
17,47,6,127318013
12,43,13,127319181
13,31,12,127319666
11,40,13,127319705
11,38,12,127320186
11,36,13,127320433
15,27,6,127320454
25,26,14,127320485
14,28,15,127320728
11,31,5,127320853
12,32,12,127321001
10,39,7,127321007
10,40,6,127321063
15,27,15,127321357
11,35,12,127321722
10,34,15,127322122
14,28,12,127322569
17,52,3,127322593
23,54,13,127322851
23,54,5,127322853
39,35,9,127322911
7,38,6,127322937
12,49,15,127323747
24,27,6,127323763
24,27,5,127323766
12,28,15,127324159
6,37,14,127324285
16,53,11,127324465
41,40,1,127324811
11,51,10,127325059
13,27,15,127325069
15,54,11,127325079
13,54,6,127325371
13,56,14,127325417
12,30,4,127325605
14,27,10,127325704
13,55,6,127325728
9,34,4,127325902
7,51,4,127326129
12,56,6,127326221
4,44,14,127326225
12,28,12,127326339
11,55,13,127326384
13,27,12,127326442
11,57,6,127326646
40,40,5,127326808
12,29,4,127326812
11,29,7,127326860
4,44,13,127326902
2,44,6,127327009
12,28,7,127327117
13,27,7,127327166
4,39,12,127327200
12,27,12,127327224
10,58,6,127327343
12,28,4,127327366
14,26,4,127327511
13,24,9,127327540
14,25,12,127327556
13,24,2,127327565
14,23,1,127327567
14,24,15,127327569
23,27,15,127327665
19,60,10,127327720
19,60,2,127327721
2,40,4,127327740
3,41,12,127327810
13,25,12,127327824
10,29,4,127327848
13,24,15,127327849
20,59,8,127327866
2,44,13,127327889
1,43,13,127327890
2,44,5,127327891
3,43,5,127327893
15,57,7,127327914
39,12,14,127327938
11,59,13,127327950
11,59,5,127327953
12,58,5,127327954
62,12,10,127327958
62,12,2,127327959
10,27,15,127327962
12,25,15,127327963
13,26,4,127327981
12,26,7,127327990
1,45,14,127328017
1,45,6,127328021
39,9,6,127328030
2,38,10,127328115
38,11,14,127328224
38,9,6,127328226
5,33,13,127328232
48,5,7,127328243
39,10,6,127328315
17,58,7,127328387
47,7,4,127328410
15,22,13,127328419
38,10,15,127328462
39,9,12,127328468
14,19,15,127328523
46,6,7,127328598
17,60,4,127328818
10,61,6,127328959
13,13,9,127329184
13,13,1,127329187
13,25,7,127329188
12,26,4,127329192
30,24,2,127329333
13,24,12,127329439
14,23,12,127329440
12,23,9,127329445
12,23,15,127329448
13,24,7,127329450
32,25,10,127329537
32,25,2,127329541
37,30,8,127329664
12,25,4,127329709
11,25,7,127329714
38,33,11,127329727
23,26,5,127330137
11,22,9,127330285
12,23,1,127330286
12,24,15,127330287
12,23,10,127330295
24,26,15,127330468
35,31,0,127330563
14,20,12,127330688
23,26,15,127330757
24,25,5,127330764
36,31,11,127331024
36,33,3,127331026
37,37,14,127331094
38,36,6,127331101
40,34,1,127331395
36,36,2,127331566
37,35,1,127331572
35,30,5,127332089
36,36,0,127332119
37,32,0,127332138
36,31,0,127332139
40,40,3,127332209
42,37,0,127332231
39,31,11,127332269
48,6,14,127332284
48,6,6,127332288
37,35,14,127332322
5,26,5,127332334
38,37,4,127332477
22,26,1,127332807
24,25,13,127332867
37,39,6,127332885
22,30,14,127333201
39,10,5,127333221
29,26,11,127333249
32,24,4,127333322
41,41,3,127333467
23,26,12,127333594
22,27,6,127333618
21,28,15,127333623
23,26,13,127333986
23,24,5,127333988
20,61,11,127334087
33,37,2,127334128
35,34,5,127334188
32,36,10,127334203
22,26,7,127334308
28,27,11,127334365
40,39,6,127334634
34,33,5,127334653
22,25,6,127334664
34,38,10,127334732
29,28,8,127334756
30,27,3,127334761
22,28,12,127334904
41,39,5,127335032
22,28,4,127335114
37,28,7,127335274
35,26,7,127335276
34,38,8,127335346
34,38,0,127335352
36,37,13,127335453
37,38,5,127335454
30,31,5,127335474
46,6,14,127335568
46,6,6,127335572
16,27,13,127335577
16,27,5,127335578
33,34,13,127335655
31,32,13,127335658
30,33,14,127335663
41,40,9,127335853
42,39,1,127335855
39,40,14,127336082
31,33,8,127336111
38,11,6,127336146
30,37,8,127336180
30,37,0,127336181
22,27,12,127336357
21,26,13,127336620
20,25,8,127336671
32,38,3,127336949
39,9,13,127337158
37,27,4,127337265
31,39,14,127337356
28,38,11,127337484
28,38,3,127337487
20,31,7,127337521
21,29,12,127337757
16,23,13,127337988
17,26,12,127338015
18,27,4,127338017
38,9,7,127338094
12,24,13,127338113
20,29,15,127338131
32,37,5,127338215
11,24,1,127338259
13,31,13,127338392
30,28,13,127338402
16,27,12,127338408
27,32,13,127338433
27,32,5,127338436
26,33,1,127338439
39,14,13,127338440
40,15,5,127338441
38,9,5,127338486
39,16,14,127338712
40,15,6,127338717
11,31,12,127338730
11,33,4,127338736
37,27,7,127338962
47,5,12,127338984
38,15,14,127339114
39,14,6,127339122
39,10,14,127339208
37,10,6,127339210
29,39,3,127339214
16,27,15,127339273
13,27,10,127339281
11,26,14,127339347
17,26,7,127339398
29,39,5,127339482
40,13,13,127339573
38,11,13,127339575
31,39,8,127339640
15,25,4,127339667
40,14,7,127339694
38,9,12,127339698
39,8,12,127339700
37,8,4,127339701
37,8,7,127339703
2,18,13,127339727
21,28,12,127339757
29,37,12,127339869
38,7,15,127339923
37,37,5,127340136
2,16,5,127340393
39,11,5,127340508
38,12,10,127340510
38,12,2,127340513
38,12,9,127340514
38,12,1,127340515
39,11,6,127340523
61,13,8,127340614
15,28,12,127340626
14,27,4,127340632
26,36,8,127340903
36,8,1,127340961
11,25,5,127341111
10,25,6,127341114
19,28,7,127341121
39,16,12,127341241
40,15,4,127341242
46,7,6,127341327
39,16,11,127341329
39,16,3,127341338
28,41,8,127341661
28,41,2,127341670
13,31,6,127341697
13,29,13,127341700
13,31,5,127341701
11,30,12,127341894
29,27,13,127341934
29,29,5,127341936
22,33,11,127342002
37,12,3,127342021
36,26,12,127342059
20,37,10,127342389
39,11,8,127342589
10,30,15,127342641
8,51,0,127342825
20,33,0,127342913
15,25,7,127342919
16,25,4,127343054
47,6,11,127343089
38,13,3,127343116
14,26,5,127343201
26,39,12,127343262
13,32,13,127343393
38,13,5,127343625
38,12,8,127343627
38,29,9,127343710
28,36,4,127343766
33,24,9,127343777
33,24,1,127343781
21,34,0,127343792
48,5,15,127343840
49,4,15,127343842
38,12,6,127344033
9,25,1,127344370
47,6,3,127344549
25,32,3,127344753
26,45,13,127349289
26,45,5,127349290
23,44,14,127350169
8,27,5,127350242
17,37,6,127350298
18,39,14,127350386
18,39,6,127350393
22,53,14,127350519
22,53,6,127350520
24,48,12,127350605
18,39,13,127350796
20,41,8,127350833
4,31,14,127350843
16,31,8,127351068
7,27,3,127351302
19,51,6,127351791
13,36,6,127351856
23,57,8,127351865
24,51,6,127351897
16,40,5,127351994
3,26,13,127352004
4,25,5,127352005
4,27,13,127352038
14,33,11,127352092
39,13,9,127352348
18,41,4,127352683
18,52,6,127352706
17,52,11,127352709
7,27,5,127352913
17,36,15,127353072
21,53,15,127353143
25,46,9,127353196
16,42,5,127353273
22,54,15,127353341
21,53,7,127353357
13,37,14,127353461
2,32,11,127353471
3,33,3,127353473
10,37,7,127353500
16,49,7,127353601
22,54,5,127353621
2,34,8,127353739
4,35,11,127353804
4,35,3,127353806
17,50,10,127353863
15,46,1,127354032
23,55,13,127354054
22,56,9,127354061
22,56,1,127354062
22,56,15,127354063
2,27,5,127354153
39,13,13,127354159
21,54,6,127354379
22,53,5,127354383
24,46,15,127354408
15,47,12,127354434
3,29,6,127354764
2,28,14,127354785
23,55,12,127354813
14,41,13,127354836
16,51,15,127354871
15,50,7,127354876
21,55,15,127354986
20,60,14,127355023
48,7,11,127355131
21,54,13,127355136
22,54,12,127355140
14,40,14,127355212
15,50,6,127355266
13,48,15,127355274
20,54,5,127355293
13,42,5,127355402
16,58,7,127355425
13,37,7,127355471
15,59,14,127355500
15,59,6,127355501
19,53,13,127355565
40,17,8,127355604
14,53,14,127355649
15,52,6,127355651
3,30,7,127355721
14,49,4,127355901
15,50,13,127355977
13,52,14,127356479
4,34,0,127356488
14,49,15,127356493
16,52,12,127356503
14,43,13,127356569
18,59,9,127356587
5,34,11,127356627
13,42,13,127356724
13,44,5,127356725
18,55,14,127356737
10,47,11,127356823
13,59,10,127356892
14,49,5,127357013
15,52,14,127357108
9,38,15,127357172
8,37,7,127357178
11,42,8,127357246
15,57,15,127357248
7,33,11,127357304
18,59,15,127357310
16,59,7,127357312
14,38,4,127357338
10,44,1,127357356
13,54,4,127357441
17,57,4,127357472
15,55,4,127357474
14,54,12,127357570
8,37,5,127357583
2,30,14,127357629
9,39,13,127357682
10,46,3,127357720
12,53,13,127357728
40,16,9,127357735
49,6,6,127357767
11,50,4,127357904
14,54,4,127357918
13,53,7,127357924
15,57,5,127358227
12,57,6,127358271
14,54,13,127358337
15,55,5,127358339
14,58,12,127358341
16,58,4,127358342
14,55,7,127358509
22,57,6,127358515
9,46,14,127358517
3,37,12,127358534
12,62,14,127358546
12,62,6,127358548
8,34,8,127358642
6,34,3,127358651
13,58,12,127358753
6,53,11,127358897
2,38,15,127358964
7,46,6,127358972
10,57,7,127359027
13,60,5,127359121
8,37,13,127359181
7,46,14,127359203
8,43,5,127359206
12,56,11,127359255
2,36,5,127359312
2,38,12,127359316
6,45,14,127359340
11,52,13,127359460
11,52,5,127359462
7,46,7,127359480
11,57,7,127359581
27,46,8,127359583
7,48,14,127359595
8,47,6,127359597
8,48,6,127359604
7,49,14,127359685
6,47,14,127359714
5,46,6,127359717
10,57,13,127359988
27,45,8,127360188
5,40,3,127360214
11,44,4,127360265
11,60,12,127360357
38,12,14,127360384
11,58,5,127360428
12,62,12,127360584
3,27,13,127360594
6,41,0,127360634
1,34,13,127360668
1,34,5,127360673
10,55,6,127360686
9,57,15,127360727
11,46,6,127360819
9,56,6,127360849
8,57,1,127360855
5,52,10,127360862
5,52,2,127360864
11,61,14,127360966
1,44,6,127361008
7,46,4,127361162
2,55,5,127361212
5,49,6,127361298
4,43,12,127361440
6,45,7,127361542
7,56,0,127361652
6,52,12,127361959
4,50,15,127362107
4,54,12,127362304
12,61,13,127362380
5,46,14,127362394
22,50,12,127362401
3,48,13,127362472
2,49,1,127362478
12,62,5,127362740
12,61,6,127362745
5,52,4,127362902
4,51,7,127362912
3,50,7,127362948
9,62,5,127363039
8,58,12,127363119
2,49,14,127363335
38,12,13,127363477
3,55,14,127363486
2,54,6,127363493
1,55,2,127363498
4,52,4,127363846
3,51,7,127363850
4,25,13,127364274
6,61,7,127364325
48,6,11,127364614
47,7,14,127364616
9,61,8,127365104
1,53,14,127365160
1,56,13,127365932
2,54,7,127365993
2,57,13,127366510
2,58,5,127366544
1,59,5,127366956
39,15,7,127368397
49,6,11,127369650
38,12,11,127369904
39,11,3,127369930
47,7,3,127371697
47,8,8,127371904
47,8,0,127371942
47,7,5,127372225
48,8,14,127372517
37,10,11,127373131
37,10,3,127373134
9,26,13,127373232
49,7,8,127373270
49,7,0,127373276
49,8,8,127373371
39,14,8,127373594
38,13,11,127373813
38,13,3,127373826
39,13,14,127373956
51,19,14,127374330
2,32,2,127374429
39,11,5,127374664
38,12,6,127374675
47,8,11,127374736
48,5,7,127375575
40,17,2,127396781
40,14,0,127399393
40,14,8,127400663
41,17,5,127401058
24,31,9,127401445
24,31,1,127401449
41,13,8,127402790
40,14,3,127402793
40,18,2,127402876
41,13,11,127403778
13,14,11,127404003
39,15,10,127404549
39,15,2,127404550
40,13,0,127404995
49,7,14,127405085
4,25,9,127406190
3,24,1,127406192
2,21,9,127406210
2,27,3,127406216
3,31,2,127406492
2,21,3,127406629
4,23,9,127406634
3,42,2,127416242
2,42,15,127417831
2,41,10,127418724
3,41,7,127420249
3,41,2,127421753
2,40,10,127421871
6,42,3,127422690
3,41,15,127423014
3,40,9,127423016
4,41,2,127423315
3,41,12,127423403
2,40,2,127423406
4,41,15,127423782
2,40,4,127423894
3,40,10,127424025
2,39,9,127424034
4,41,1,127424079
3,40,7,127424195
2,39,7,127424706
6,41,9,127424739
6,41,1,127424744
4,40,4,127425095
2,40,10,127425097
4,40,9,127425127
2,40,1,127425149
4,39,1,127425650
1,40,2,127425862
4,40,15,127425971
7,40,1,127426085
6,40,9,127426251
4,40,1,127426253
7,45,8,127426577
2,39,4,127426951
2,39,15,127427014
3,39,9,127427019
2,39,12,127427108
1,38,10,127427163
3,39,4,127427377
41,15,9,127427763
8,44,11,127427946
2,38,10,127428063
2,38,2,127428073
51,9,8,127428159
8,40,9,127428438
8,40,10,127428879
4,39,2,127429216
6,39,9,127429224
3,39,12,127429276
4,39,10,127429278
3,38,2,127429281
3,38,1,127429289
5,39,15,127429660
41,14,11,127429713
7,39,9,127429766
6,38,1,127429770
4,46,14,127430001
5,38,10,127430026
8,44,3,127430070
7,39,10,127430653
7,39,2,127430657
50,9,11,127431031
3,38,9,127431339
10,43,0,127431484
9,40,10,127431697
8,39,2,127431703
4,38,7,127431978
3,38,15,127432182
6,38,10,127432315
8,40,2,127432415
4,20,2,127432476
8,38,2,127432557
8,46,0,127432579
4,37,9,127432773
4,37,1,127432775
10,39,9,127433235
7,38,10,127433449
10,43,3,127433755
7,38,9,127433878
11,40,10,127434299
9,39,10,127434609
9,39,2,127434689
9,39,1,127434693
11,44,0,127434851
11,39,10,127434947
9,47,0,127435341
9,47,3,127435344
9,38,2,127435788
12,40,10,127435893
9,38,10,127436006
9,38,9,127436009
11,44,3,127436136
11,38,9,127436892
11,38,1,127436899
10,38,2,127437381
6,50,6,127437975
54,9,5,127444692
12,37,10,127451499
11,36,2,127451505
15,37,7,127452066
52,11,8,127452175
14,37,4,127452941
17,38,9,127454050
14,38,2,127454070
14,36,2,127454379
51,10,2,127454529
42,15,8,127454662
2,39,8,127454698
14,36,9,127455292
12,36,15,127455479
17,37,9,127455832
4,38,13,127456312
15,36,10,127456663
15,36,9,127456666
41,15,2,127456772
3,39,8,127457212
15,36,1,127457252
16,36,9,127457365
2,40,0,127457496
7,36,6,127457672
2,43,8,127457747
2,41,0,127457749
2,42,0,127458010
13,35,10,127458442
5,39,0,127458876
3,38,3,127458882
2,42,11,127458884
53,9,13,127459066
51,9,9,127459070
19,40,11,127459288
4,39,11,127459847
5,38,3,127459857
3,44,0,127460081
4,42,1,127460093
2,42,3,127460108
12,35,2,127460194
4,42,2,127460347
3,41,0,127460658
17,36,10,127460719
3,43,11,127460804
4,42,3,127460805
20,38,1,127460914
3,42,0,127461044
3,45,3,127461279
20,39,8,127461428
18,37,1,127461452
8,36,1,127461924
5,39,2,127461932
42,14,2,127462005
20,39,11,127462125
4,46,0,127462386
4,42,8,127462529
18,43,8,127462654
3,42,3,127462683
3,43,10,127462691
19,37,1,127462750
14,35,15,127462998
16,35,9,127463468
14,35,1,127463469
4,42,9,127463477
51,9,6,127463542
52,10,7,127463544
4,43,8,127463574
7,37,11,127463683
5,47,0,127463749
18,35,9,127463891
5,47,3,127464143
15,35,1,127464240
5,41,3,127464777
52,8,13,127466510
6,50,13,127466743
52,10,6,127467753
53,10,8,127467907
52,9,15,127467975
51,9,6,127467991
43,14,9,127468222
20,36,9,127468560
6,25,9,127468746
7,37,2,127468927
13,36,4,127469027
8,36,1,127469231
51,10,10,127475781
52,9,7,127478895
41,14,14,127481929
41,14,1,127482887
50,9,2,127483634
52,9,13,127484824
51,8,5,127484836
9,36,2,127487369
7,38,8,127487647
52,8,10,127488431
52,8,2,127488450
50,8,9,127489478
13,34,1,127489776
9,46,7,127489898
52,7,5,127490274
51,9,3,127491548
14,33,14,127491734
14,33,6,127491751
40,15,6,127492260
42,16,11,127492541
19,42,1,127494221
13,37,2,127494482
41,14,6,127494494
7,39,5,127494620
7,41,9,127494622
18,44,6,127494701
42,15,13,127494785
41,14,5,127494802
7,44,9,127494999
7,43,0,127495006
9,36,10,127495012
9,36,2,127495013
53,7,4,127495475
42,12,4,127496079
53,8,13,127496257
51,8,5,127496260
52,8,12,127496262
6,42,11,127496974
6,42,3,127496979
17,44,6,127497055
51,9,1,127497705
52,9,8,127497706
20,39,12,127498367
19,38,6,127499090
19,40,12,127499270
18,42,15,127499299
50,9,5,127499779
7,27,4,127499892
17,43,15,127499931
6,40,5,127499936
52,10,0,127500481
49,10,2,127510119
42,17,9,127510444
49,9,10,127516073
49,9,2,127516083
50,8,13,127516619
50,8,5,127516631
50,9,11,127517585
50,9,3,127517600
42,18,8,127519560
16,38,1,127519734
42,15,14,127520448
16,39,12,127521825
14,39,2,127521866
51,8,6,127521870
50,7,13,127521872
7,38,12,127523347
11,42,7,127523452
13,41,8,127523803
11,44,12,127523807
7,31,5,127525447
42,12,13,127526889
42,12,5,127526901
9,35,12,127526939
15,17,14,127527006
11,44,4,127527375
11,42,4,127528648
10,41,7,127528654
11,42,5,127528707
9,44,1,127528720
51,8,5,127530094
7,40,12,127541001
52,7,5,127546669
51,7,15,127547547
8,33,10,127547954
40,12,8,127549159
7,34,15,127550866
51,7,5,127551376
9,38,12,127553457
42,17,8,127553660
6,34,6,127553875
50,8,6,127553946
7,38,4,127554638
42,12,5,127555392
41,15,9,127555511
50,8,11,127557313
51,7,3,127557319
50,8,5,127557342
40,11,13,127557706
40,11,5,127557711
41,17,11,127557958
42,16,3,127557990
6,36,15,127560675
49,9,14,127561222
40,13,11,127561799
10,33,12,127562590
50,9,6,127572908
51,8,6,127575673
50,8,12,127578159
49,8,2,127583499
50,9,0,127588609
40,14,15,127592435
8,32,9,127593623
41,16,3,127594338
51,7,11,127608537
50,8,3,127608572
50,8,5,127614364
51,7,5,127624959
10,32,10,127647361
51,8,14,127682062
14,31,10,127965268
14,31,2,127965811
52,8,5,128030504
42,17,6,128051671
52,8,13,128237235
52,8,5,128237315
11,31,2,128322841
48,6,9,128583639
59,8,2,128667538
61,8,9,128668061
59,8,1,128668062
62,2,9,128668287
62,2,1,128668290
57,6,13,128668800
58,8,4,128669564
62,12,12,128669789
61,11,4,128669812
58,10,5,128670828
58,9,12,128671398
58,8,9,128671402
58,8,1,128671404
58,10,14,128671439
56,8,5,128671908
57,6,14,128672521
60,16,0,128672850
59,8,15,128672876
62,7,7,128672943
58,7,7,128673177
56,5,13,128673235
56,7,15,128673401
61,6,13,128673713
61,8,1,128673717
55,8,6,128674101
57,7,4,128674337
62,8,12,128674367
60,4,10,128674413
59,3,2,128674454
61,12,9,128674487
61,11,15,128674502
55,8,5,128674558
57,7,14,128674888
57,7,6,128674896
57,9,13,128674994
56,7,12,128675460
54,9,6,128676144
59,10,12,128676431
58,9,4,128676440
53,10,5,128676557
56,11,14,128677006
58,8,13,128677366
57,7,5,128677369
58,8,12,128677372
56,8,14,128677374
57,10,12,128677530
57,7,15,128677779
55,9,4,128677794
56,8,5,128678153
56,9,12,128678154
57,10,4,128678156
60,10,7,128678302
58,8,7,128678332
58,9,2,128678650
56,10,4,128678746
59,15,12,128678787
59,11,14,128678830
56,9,15,128678905
54,9,7,128678916
56,16,3,128678964
53,9,15,128679054
54,8,7,128679180
59,9,12,128679417
59,9,4,128679422
55,9,14,128679554
55,9,6,128679555
56,11,4,128679736
52,9,13,128679869
59,14,6,128679897
56,7,7,128680052
57,9,4,128680324
59,10,7,128680332
58,9,7,128680334
58,8,14,128680363
60,7,12,128680366
59,8,4,128680376
55,16,15,128680541
56,8,12,128680600
56,10,13,128680668
53,9,12,128680751
61,5,1,128680822
55,6,14,128680832
61,8,14,128680841
58,8,15,128680922
58,8,1,128681242
58,10,9,128681259
58,9,10,128681414
54,8,4,128681492
58,10,10,128681629
57,9,6,128681828
57,7,12,128681895
56,10,5,128682037
61,11,13,128682207
57,9,15,128682572
57,9,7,128682573
58,9,12,128682578
54,10,14,128682705
50,15,14,128682739
58,12,13,128683034
57,13,9,128683047
59,7,12,128683088
57,7,4,128683091
54,9,13,128683197
54,9,5,128683207
56,7,14,128683398
58,7,15,128683401
59,7,4,128683460
60,7,14,128683878
62,7,6,128683881
61,7,4,128683898
53,9,14,128684045
58,9,13,128684118
56,9,5,128684119
56,9,6,128684122
56,9,13,128684158
56,11,12,128684162
60,8,10,128684277
57,9,12,128684280
56,8,4,128684293
56,15,15,128684386
55,14,7,128684398
54,9,14,128684449
61,9,6,128684703
59,8,7,128684844
54,8,15,128685084
55,10,7,128685159
61,7,7,128685184
60,7,11,128685230
60,7,3,128685243
54,7,4,128685264
56,10,12,128685396
58,7,6,128685582
52,10,14,128686027
52,10,6,128686028
57,13,15,128686105
60,6,13,128686290
56,14,15,128686580
59,7,7,128686736
56,5,7,128686825
51,9,7,128686839
55,8,12,128686936
57,9,9,128687042
57,7,15,128687066
58,8,7,128687068
60,7,9,128687088
60,7,1,128687089
56,15,12,128687138
56,15,4,128687157
56,8,7,128687172
57,13,12,128687261
58,14,4,128687262
56,9,12,128687623
56,9,4,128687626
52,9,7,128687645
58,7,12,128687661
57,8,4,128687796
47,16,14,128697022
45,16,14,128697507
46,15,6,128697514
56,11,7,128698359
54,11,15,128699107
47,11,14,128699577
45,15,6,128701232
49,16,4,128701565
44,17,6,128701949
53,12,15,128702022
47,13,0,128702034
48,16,15,128702616
48,16,7,128702629
46,13,14,128702687
52,10,11,128703147
44,15,14,128703204
43,14,6,128703208
54,13,4,128703278
52,11,6,128703283
49,15,13,128703326
47,17,15,128704402
48,17,4,128704672
49,12,12,128705040
47,11,15,128706651
48,12,14,128706654
46,12,10,128706659
48,14,6,128706749
47,16,7,128706771
56,8,12,128707654
56,8,4,128707678
52,9,15,128708236
47,16,12,128708691
46,15,4,128708721
46,14,13,128708889
48,14,5,128708912
62,2,2,128709303
57,7,1,128709770
59,6,12,128709995
45,12,14,128710068
45,13,15,128710117
48,14,13,128710171
46,12,4,128710378
55,7,15,128710618
56,6,15,128710784
55,6,1,128710795
51,11,14,128711354
50,10,6,128711365
42,14,6,128711402
40,14,10,128711813
47,15,7,128711847
45,13,7,128711851
47,15,12,128711952
47,13,4,128711961
46,16,14,128712169
46,16,6,128712173
54,15,5,128712203
43,13,13,128712647
44,12,5,128712649
43,12,6,128712652
41,14,2,128712657
52,11,4,128712920
50,11,12,128713096
42,13,15,128713656
42,13,7,128713666
47,13,15,128714055
47,13,7,128714057
41,13,9,128714315
48,11,15,128714594
48,11,7,128714652
46,13,14,128714964
47,12,5,128714970
44,15,2,128714971
52,9,12,128715065
47,12,14,128715101
47,12,6,128715130
42,10,14,128715283
43,12,4,128715650
45,11,7,128715832
45,15,13,128715895
44,16,5,128715900
48,12,12,128716130
46,11,3,128716179
42,11,13,128716318
43,10,5,128716320
42,13,12,128716321
41,12,7,128716351
49,11,13,128716498
47,11,7,128716501
46,12,1,128716503
48,12,14,128716504
47,11,6,128716506
46,17,12,128716521
44,17,15,128716525
45,16,7,128716528
42,11,15,128716530
42,11,7,128716568
46,14,12,128717085
50,9,14,128717298
50,9,6,128717306
55,5,7,128717482
47,11,5,128717657
50,9,1,128717751
42,12,14,128718278
44,11,14,128718512
47,10,14,128718548
49,12,4,128718553
41,11,9,128718769
41,11,1,128718800
42,13,6,128719013
45,11,4,128719061
42,12,9,128719111
39,16,4,128719207
36,12,6,128730932
38,13,4,128732043
40,9,1,128732062
41,12,4,128732623
43,14,4,128733755
42,13,15,128733758
41,12,7,128733785
42,13,12,128734712
37,13,12,128734733
37,12,7,128735415
40,11,7,128736509
37,12,4,128736925
36,11,4,128737103
37,11,15,128737151
36,12,7,128737167
38,11,9,128737252
38,11,1,128737253
35,12,12,128737818
43,12,15,128738948
45,10,15,128738959
42,13,7,128739374
35,13,7,128739437
44,10,7,128739571
39,11,9,128739619
38,13,12,128740222
38,13,4,128740223
34,13,15,128741278
36,13,7,128741279
38,14,2,128741305
34,13,6,128741569
35,12,6,128741740
37,13,4,128741742
34,11,7,128742085
33,12,15,128742651
36,13,14,128742855
36,13,6,128742858
43,12,12,128743122
44,11,4,128743124
38,12,12,128743555
39,11,4,128743615
35,12,5,128744054
36,14,12,128744077
36,13,15,128744078
36,11,7,128744109
42,13,4,128744923
37,10,12,128745006
32,13,15,128745705
35,16,6,128746128
42,14,10,128746496
42,14,2,128746500
32,14,12,128746627
33,13,15,128746684
36,12,14,128746708
37,11,6,128746712
34,13,4,128746984
37,12,7,128747063
38,11,10,128747598
37,12,2,128747599
35,13,15,128747673
32,12,7,128747752
34,14,2,128747856
34,12,0,128747946
42,12,4,128748499
35,14,12,128748589
37,13,14,128748921
32,13,12,128749398
34,11,13,128749610
41,11,15,128750026
41,11,7,128750087
30,18,5,128750435
26,18,13,128768004
27,17,5,128768005
29,15,7,128769512
43,8,10,128774533
51,2,2,128775546
27,14,5,128776603
27,15,4,128776630
26,15,14,128777050
26,15,6,128777115
41,9,6,128777338
41,9,14,128777341
42,8,6,128777349
27,15,14,128778287
28,14,6,128778291
26,15,5,128778475
25,16,6,128778501
30,15,5,128778663
29,16,6,128779649
25,15,11,128780147
25,15,6,128781657
49,1,9,128797590
20,20,5,128803611
48,1,9,128805345
29,15,9,128806085
29,15,12,128806295
23,19,4,128808809
23,15,13,128809000
42,5,1,128811537
20,22,6,128825183
21,21,5,128828272
20,21,14,128828275
20,22,3,128833103
20,22,12,128833437
21,22,13,128835745
19,21,13,128835765
19,23,10,128835941
18,22,2,128835946
21,22,3,128839465
18,22,11,128839946
21,22,14,128840079
19,22,13,128840111
20,21,5,128840182
20,21,13,128842575
38,6,12,128863427
34,8,15,128868188
31,10,2,128868220
36,6,2,128870866
35,7,15,128871188
36,6,15,128874235
33,8,2,128874774
33,8,1,128875147
37,4,2,128891884
17,24,14,128893967
38,3,2,128898566
16,24,5,128901152
7,22,3,128901586
49,1,13,128901870
46,2,4,128905892
48,2,8,128906493
34,5,2,128919238
34,5,1,128919240
35,4,10,128921498
37,2,5,128922659
36,3,1,128922674
39,3,12,128923590
37,3,15,128926788
38,2,7,128926799
49,2,8,128929983
40,4,13,128932051
45,2,8,128932521
39,2,6,128933190
45,2,11,128935325
44,1,3,128935344
46,2,3,128935851
36,3,12,128936301
47,2,6,128950404
32,5,15,128951721
33,5,12,128953646
39,2,14,128956041
45,1,14,128956662
37,3,8,128958575
36,4,8,128960073
44,13,3,128960425
45,2,6,128960492
34,4,15,128961509
35,5,14,128964535
36,6,13,128964935
35,3,15,128965441
35,6,6,128967875
34,3,13,128968623
33,4,9,128984365
33,4,11,128994323
33,4,14,128994739
34,3,6,128994751
42,5,8,128996055
42,5,0,128996083
35,4,8,128996438
34,3,0,128996449
48,3,14,128997928
48,3,6,128997934
41,5,8,128998004
38,5,8,128998810
2,31,5,129018996
61,14,2,129045423
36,8,5,129056425
31,3,6,129091902
34,8,0,129093028
19,25,8,129178860
50,8,13,129186627
49,8,5,129195258
57,8,14,129207555
58,7,6,129208201
26,16,1,129212368
25,12,8,129214054
27,10,8,129216191
2,31,8,129216959
28,17,6,129218263
28,9,11,129242911
5,33,8,129250238
28,15,15,129268277
3,33,2,129274006
29,14,6,129274334
29,14,13,129276033
10,31,11,129277285
5,34,0,129278261
3,34,3,129278871
30,11,8,129279814
9,32,11,129280412
47,7,10,129281541
9,34,8,129295924
11,32,11,129298578
12,32,8,129300905
11,33,8,129301319
14,31,8,129301511
34,6,11,129301966
15,30,8,129301977
6,32,11,129306123
25,20,8,129307348
35,14,10,129307748
12,33,8,129307928
10,34,8,129308142
38,10,2,129308497
6,33,3,129309584
17,29,8,129309635
6,34,3,129309697
33,11,8,129310074
6,35,11,129310526
6,35,3,129310528
33,12,8,129311228
21,27,0,129313243
30,18,6,129330620
28,24,13,129331659
28,24,5,129331670
14,34,8,129338861
14,33,11,129339569
49,8,8,129340720
10,33,8,129342476
37,7,11,129343113
50,7,1,129353102
45,10,10,129361287
44,11,1,129362002
38,13,2,129362583
13,31,8,129363785
45,12,12,129365643
45,12,4,129365648
12,33,1,129365674
38,13,1,129366131
38,13,8,129368309
42,16,10,129369137
13,14,9,129372107
14,13,1,129372110
13,34,0,129373757
40,12,2,129387649
24,32,8,129391752
23,32,11,129395950
23,33,8,129398157
26,30,11,129399625
30,26,8,129399663
13,14,2,129400511
51,7,11,129401722
51,8,8,129401849
15,33,0,129403037
43,5,2,129403419
44,5,8,129403466
46,11,10,129404099
46,11,2,129404113
40,13,9,129404328
42,9,13,129405031
42,9,5,129405040
37,17,8,129406107
38,17,8,129406109
46,11,4,129406200
31,26,8,129406473
25,33,11,129424585
43,10,10,129425732
29,30,11,129428119
16,16,2,129428519
27,32,8,129428731
49,15,10,129430950
32,26,11,129432579
53,7,1,129433468
53,7,0,129433472
34,24,11,129433654
26,33,11,129434102
45,12,2,129435560
45,5,8,129436310
46,11,9,129436455
30,30,8,129436509
33,21,8,129436572
28,33,11,129459079
45,8,2,129484957
38,18,2,129485540
41,11,5,129493519
15,13,1,129493808
15,13,14,129493847
15,13,11,129493850
15,13,3,129493881
46,8,10,129494719
40,16,5,129497703
45,7,11,129499624
46,1,10,129525079
49,7,2,129526676
45,4,5,129526880
52,23,10,129530985
44,8,14,129545306
38,17,12,129551388
38,15,1,129551750
45,5,2,129552161
49,3,2,129556780
46,4,9,129560476
45,5,1,129560477
39,12,14,129561230
40,11,6,129561240
46,7,7,129562459
37,8,10,129576226
27,21,2,129585097
13,14,15,129587039
13,15,5,129587990
12,16,8,129589129
12,16,0,129589143
13,16,0,129593116
45,2,9,129608912
31,29,11,129621902
51,3,8,129642126
31,18,1,129681413
32,17,10,129687445
32,17,2,129687473
31,17,9,129687543
36,35,11,129749494
37,34,3,129750319
36,35,10,129772512
40,36,5,129772624
37,36,10,129773939
22,28,1,129778988
42,24,11,129779075
40,35,10,129800590
39,35,2,129802147
41,35,10,129803028
41,33,11,129807895
43,24,11,129809613
36,30,9,129812983
37,29,1,129812985
42,32,9,129824573
42,32,1,129824598
41,31,10,129829169
42,32,10,129829614
33,13,9,129830787
33,13,10,129833037
45,32,0,129834397
43,31,1,129835277
43,32,10,129836243
46,32,1,129840547
46,32,10,129843104
46,32,2,129843105
45,30,11,129843906
45,30,3,129843907
39,25,10,129844142
31,13,2,129844621
41,28,10,129852715
43,29,9,129857136
26,14,9,129862630
26,14,1,129862633
46,29,4,129864015
39,21,10,129865130
45,28,7,129866167
44,28,15,129867372
24,18,10,129867385
30,13,2,129868445
25,19,10,129868994
39,20,2,129871210
37,19,9,129872101
15,12,9,129872363
36,18,9,129873281
38,20,10,129874008
38,20,12,129874138
15,12,6,129874589
38,9,1,129874599
25,15,10,129883110
40,8,10,129886662
40,8,2,129886664
45,25,10,129886665
43,25,2,129886666
44,23,10,129888465
43,24,2,129888466
36,15,11,129889013
48,24,2,129889851
28,11,9,129890381
28,11,1,129890400
45,25,2,129891430
32,14,2,129893202
27,15,9,129893622
32,13,6,129895117
47,23,10,129896195
46,24,2,129896252
47,23,7,129896706
45,22,2,129896817
38,28,1,129898817
31,13,15,129899199
47,23,15,129899360
29,10,1,129899586
29,19,10,129899789
43,16,10,129900008
30,10,1,129900598
49,22,10,129901298
49,22,2,129901301
49,22,11,129902151
49,22,3,129902165
26,14,2,129902716
30,11,9,129902770
28,20,2,129903938
30,11,10,129903989
47,21,9,129904406
27,12,10,129905465
26,11,2,129905505
47,22,1,129905561
43,16,1,129905962
32,10,9,129906223
31,9,1,129906237
31,10,2,129906430
34,9,2,129907003
43,9,5,129922889
47,17,11,129922960
49,18,10,129923234
32,7,10,129925969
48,17,2,129927589
44,11,9,129928645
49,16,10,129929191
47,14,11,129930165
37,6,14,129930514
48,15,3,129930567
27,22,6,129932034
49,16,2,129932662
41,6,14,129932796
42,9,0,129932944
38,5,1,129933008
48,15,10,129933230
50,15,2,129933796
51,14,1,129933797
24,19,10,129934939
34,6,1,129935586
41,6,10,129935739
29,8,2,129935875
47,12,9,129936094
41,5,9,129936609
39,5,2,129937286
39,4,9,129937458
27,15,10,129955112
28,14,9,129955305
28,14,1,129955309
36,5,10,129957130
40,27,9,129957441
40,27,1,129957445
45,1,9,129957529
45,1,1,129957543
35,5,9,129959252
52,9,9,129959491
28,14,2,129960606
42,4,4,129961002
41,4,2,129961397
46,1,10,129961579
46,1,2,129961586
44,3,12,129961847
45,2,12,129961929
31,16,1,129963577
38,5,12,129964183
30,13,2,129964400
40,2,2,129964562
51,8,9,129964946
27,26,8,129965673
41,3,4,129966236
29,14,2,129967970
39,26,10,129968702
36,7,1,129984212
37,6,9,129986713
38,2,9,129987033
35,8,9,129987991
35,8,2,129988874
36,7,8,129989756
36,7,0,129989768
41,26,9,129991742
41,26,1,129991768
40,25,9,129992679
35,8,11,129993176
37,8,3,129993178
42,9,3,129993865
37,7,8,129994554
36,7,10,129994557
42,9,10,129997633
40,6,8,130005315
41,26,10,130015339
43,5,8,130018203
44,5,8,130028869
55,2,2,130030196
44,12,13,130030444
47,3,8,130048764
43,8,13,130051071
32,23,10,130059216
30,24,1,130060038
43,11,5,130062822
29,25,6,130119465
29,25,5,130119468
28,26,13,130121580
27,31,9,130185496
29,25,12,130400107
28,25,15,130400674
45,23,11,130551191
45,22,9,130585449
43,22,10,130592325
34,19,1,130641570
32,19,2,130684322
23,29,5,130703896
22,29,14,130709798
23,28,6,130709820
23,33,14,130713136
22,32,6,130713174
21,31,6,130734937
30,18,2,130745747
29,18,10,130762770
19,30,6,130773360
28,18,10,130776796
27,19,2,130776797
49,4,2,130897788
19,26,1,131087667
24,20,11,131111616
21,25,9,131120544
43,21,13,131123337
24,22,8,131149938
43,23,13,131174826
42,22,13,131180075
44,26,14,131180906
24,24,8,131210429
24,24,11,131248573
26,23,1,131393093
26,23,2,131394513
27,22,1,131405597
31,20,9,131406129
25,23,2,131422982
41,23,10,131428593
41,22,9,131432333
26,23,12,131437325
51,21,5,131778418
44,22,4,131808659
25,21,10,131869969
25,21,2,131869973
37,11,14,131963412
61,10,14,131993543
37,9,13,131996940
59,12,9,131998246
59,11,3,132120496
61,10,6,132120638
59,12,10,132142606
60,12,6,132173097
60,12,14,132176542
61,11,6,132176545
62,11,6,132181970
60,12,5,132187441
61,12,8,132187447
62,12,9,132208024
61,12,5,132209404
38,14,2,132276017
36,9,6,132302583
22,26,5,132305758
61,12,5,132309058
42,22,14,132329995
37,8,12,132331538
58,13,10,132333390
59,12,2,132333393
39,20,0,132335925
60,11,1,132337318
59,12,9,132337717
45,4,15,132337765
61,11,1,132337937
39,20,3,132338152
46,5,7,132339405
40,21,0,132339418
36,6,7,132340020
11,25,14,132340022
11,18,13,132340046
37,11,12,132340955
60,11,2,132341695
36,8,5,132342446
61,10,1,132343766
59,11,2,132357604
59,11,1,132363426
59,11,10,132366940
60,10,2,132366947
42,25,7,132369482
36,9,12,132373753
60,10,11,132374173
25,23,8,132458531
27,22,10,132556901
60,9,1,132579066
23,25,13,132580304
24,23,14,132586232
25,22,6,132586266
41,26,2,132587467
22,25,14,132610440
23,24,6,132610499
25,23,12,132610685
32,19,1,132611836
21,26,6,132622215
26,22,12,132622244
39,36,2,132625676
24,22,12,132655604
61,9,14,132706204
39,19,9,132706971
58,11,2,132713494
41,20,10,132863395
61,9,13,132874444
62,9,14,132963261
20,21,10,133028885
21,20,2,133028888
21,21,8,133115723
24,19,5,133122642
19,30,8,133150781
22,22,2,133152310
23,21,8,133170972
23,23,8,133219542
23,24,2,133240249
40,39,6,133269201
25,23,11,133330628
32,20,9,133467194
24,25,6,133487469
23,26,14,133497289
39,22,10,133498567
40,22,10,133512322
39,21,10,133518828
22,26,14,133521353
23,25,6,133521362
23,27,5,133524879
23,25,15,133525234
25,21,9,133526013
30,19,10,133526091
30,19,2,133526103
40,20,7,133527704
26,21,15,133528307
24,24,12,133529398
23,23,14,133531291
39,20,4,133532367
42,22,10,133545261
31,18,10,133547224
39,19,9,133549104
22,23,14,133549188
23,22,6,133549196
26,20,15,133549561
25,20,2,133550362
21,29,6,133552368
22,24,15,133552427
39,19,10,133553026
24,22,12,133554895
23,22,5,133556225
43,21,3,133556283
22,24,5,133556440
21,29,14,133557300
21,26,15,133558673
21,24,6,133559378
26,19,2,133559576
30,18,1,133561451
20,34,6,133562723
19,31,6,133577911
25,25,9,133585642
38,17,1,133586460
47,30,10,133586464
47,30,2,133586466
25,19,15,133590825
23,20,2,133591801
21,36,13,133592011
47,25,0,133593952
62,10,13,133776089
47,27,14,133991448
47,27,6,133991462
44,22,13,134051936
23,23,2,134061777
23,22,11,134086850
24,22,8,134093512
43,27,14,134155470
44,26,6,134155471
45,2,5,134365632
62,9,10,134371028
57,12,10,134371836
60,10,2,134373389
59,10,1,134373740
45,3,12,134375042
44,3,12,134386705
58,10,15,134388919
35,10,4,134389470
35,8,7,134393586
56,11,10,134394664
35,11,4,134397271
34,8,7,134400351
23,30,14,134401340
28,21,9,134405003
58,9,14,134405559
58,9,6,134405579
24,25,5,134405704
59,9,2,134405917
57,10,5,134405977
57,10,1,134405993
25,24,12,134412491
22,26,5,134412503
24,25,12,134412611
24,24,15,134412614
23,27,13,134412955
23,25,12,134414766
23,24,15,134415561
22,25,15,134415865
24,22,15,134416137
29,19,9,134416955
29,19,1,134416956
22,25,5,134417023
21,26,6,134417039
27,20,1,134417296
23,25,7,134417542
21,25,13,134417685
22,26,12,134417690
25,21,15,134417900
21,25,15,134418506
58,10,2,134418652
32,19,9,134419348
37,20,4,134419477
26,20,15,134419526
21,27,12,134419564
24,21,15,134419731
28,20,12,134419851
23,23,12,134419852
21,26,12,134419909
34,19,7,134419926
21,26,5,134420055
21,35,4,134420191
20,28,14,134420370
19,27,6,134420374
22,24,12,134420480
28,19,1,134420561
25,21,12,134420741
25,20,1,134420936
36,19,7,134421146
22,24,7,134421151
28,18,9,134421255
21,25,12,134421261
20,30,14,134421285
20,28,6,134421288
25,20,15,134421480
31,19,12,134421484
31,19,4,134421603
20,28,7,134421641
23,24,4,134421683
27,20,10,134421700
25,21,10,134421734
20,29,14,134421740
20,27,15,134421745
28,20,4,134421811
20,32,4,134421887
41,23,11,134421889
22,23,12,134421896
22,25,4,134421899
20,28,5,134421915
33,19,12,134421941
20,27,7,134421959
27,19,15,134422083
37,19,9,134422202
20,34,15,134422210
20,29,13,134422241
20,35,14,134422258
26,21,2,134422393
24,40,14,134422561
20,30,4,134422565
38,20,10,134422663
20,27,12,134422667
24,20,15,134422849
34,19,2,134422979
26,19,15,134423036
28,19,9,134423041
19,27,7,134423293
23,22,7,134423603
32,18,12,134423686
21,36,6,134423803
28,19,12,134423822
19,29,15,134423870
19,31,7,134423874
22,23,7,134423911
21,22,15,134423921
36,18,7,134423947
27,19,12,134424011
25,20,12,134424024
25,20,10,134424035
31,18,9,134424056
22,21,15,134424097
25,19,2,134424144
20,37,6,134424147
39,20,10,134424151
27,18,1,134424178
19,26,15,134424208
27,19,7,134424245
30,18,7,134424558
28,18,1,134424562
18,35,6,134424908
19,28,13,134424937
23,21,7,134425035
26,20,4,134425085
35,18,1,134425106
31,18,12,134425119
33,18,4,134425124
19,28,4,134425132
27,18,15,134425239
26,19,12,134425251
22,22,7,134425344
34,17,7,134425359
39,21,2,134425394
26,18,1,134425398
24,19,15,134425487
34,18,12,134425561
36,18,4,134425563
30,18,12,134425697
31,18,10,134425699
29,18,2,134425703
22,26,14,134425715
26,18,15,134425833
42,22,10,134425872
40,20,10,134425886
18,27,15,134425901
32,17,1,134426041
25,18,15,134426108
36,18,15,134426168
38,18,7,134426170
19,36,13,134426200
35,18,12,134426254
27,18,2,134426268
25,19,10,134426298
25,20,4,134426313
29,17,1,134426320
43,23,3,134426429
32,17,9,134426546
33,17,9,134426548
31,17,1,134426551
33,17,7,134426599
37,18,15,134426671
33,37,11,134426696
22,22,4,134426730
39,19,10,134426795
23,19,15,134426887
18,28,13,134426977
30,18,4,134426979
28,18,10,134426981
26,18,2,134426988
20,24,14,134426996
23,21,4,134427030
28,18,4,134427126
20,25,7,134427135
18,27,13,134427190
31,17,10,134427265
37,18,10,134427281
29,17,15,134427401
34,17,15,134427411
36,17,9,134427414
42,21,10,134427534
29,17,9,134427597
44,24,3,134427604
24,19,9,134427651
31,17,12,134427685
27,17,15,134427723
29,17,7,134427725
33,17,10,134427781
31,17,2,134427782
34,17,4,134427799
30,17,2,134427802
36,17,4,134427947
35,17,4,134427964
30,17,4,134428022
40,19,10,134428148
38,18,10,134428183
31,17,4,134428212
35,17,15,134428276
36,17,10,134428280
34,17,2,134428283
37,17,4,134428330
21,21,7,134428626
27,18,4,134428793
29,17,4,134428842
33,16,7,134428969
32,16,9,134428973
32,16,15,134429068
34,16,7,134429072
31,16,1,134429076
32,16,1,134429153
28,16,15,134429184
45,26,11,134429261
30,16,15,134429393
21,21,4,134429448
26,17,12,134429453
35,16,9,134429508
20,20,15,134429543
14,31,14,134429559
14,31,6,134429560
32,16,2,134429655
33,16,4,134429770
22,44,3,134429851
15,33,14,134429872
14,32,6,134429877
39,19,2,134429926
31,16,2,134429942
46,27,0,134429980
34,16,4,134430095
28,15,10,134430132
27,16,2,134430134
28,16,2,134430337
28,16,12,134430339
28,16,10,134430344
27,16,10,134430362
41,20,2,134430390
43,22,2,134430469
22,44,0,134430529
38,17,12,134430613
30,15,7,134430634
26,17,4,134430663
28,16,4,134430729
16,37,13,134430753
31,16,10,134430848
46,28,3,134430952
32,15,15,134430972
33,15,1,134430979
42,19,10,134431017
29,21,12,134431044
30,20,4,134431046
13,30,14,134431135
19,41,13,134431163
45,23,11,134431183
27,15,15,134431202
29,15,9,134431208
13,31,14,134431211
14,32,13,134431215
13,28,3,134431336
33,15,7,134431402
23,45,3,134431474
31,15,9,134431477
29,15,1,134431479
34,15,9,134431483
32,15,1,134431486
34,15,12,134431522
28,15,12,134431542
14,31,5,134431567
26,15,15,134431621
13,31,5,134431737
46,26,3,134431762
31,15,12,134431814
33,15,4,134431815
39,16,7,134431840
29,15,15,134431849
15,38,12,134431873
28,42,11,134431946
16,41,13,134432011
13,30,6,134432026
30,15,12,134432103
32,15,4,134432104
27,43,11,134432136
13,31,15,134432161
34,15,4,134432182
32,15,10,134432186
46,25,11,134432229
15,42,14,134432238
44,20,10,134432282
27,15,7,134432406
12,35,6,134432409
29,15,12,134432412
31,15,4,134432414
13,32,15,134432457
28,15,4,134432562
33,14,15,134432593
32,15,2,134432598
45,21,10,134432604
19,46,14,134432635
19,46,6,134432636
27,15,12,134432660
29,15,4,134432661
13,29,5,134432709
42,17,9,134432719
32,14,15,134432755
13,30,5,134432763
45,19,9,134432765
13,33,12,134432820
13,34,12,134432872
13,30,7,134432879
13,32,12,134432893
44,18,9,134432944
42,19,2,134433010
44,19,10,134433066
32,14,7,134433096
31,14,9,134433100
60,8,13,134433130
13,41,14,134433186
38,15,7,134433242
28,14,2,134433291
24,46,3,134433315
38,15,4,134433336
33,14,12,134433405
44,18,3,134433409
14,41,14,134433416
12,31,6,134433474
12,32,15,134433477
27,44,8,134433497
21,15,10,134433510
21,15,2,134433513
28,14,9,134433529
26,14,1,134433533
12,32,6,134433536
12,33,15,134433541
12,31,12,134433584
13,32,4,134433586
26,14,15,134433655
28,14,7,134433659
12,38,13,134433662
12,38,5,134433663
27,14,7,134433674
12,31,5,134433724
12,33,12,134433726
13,38,7,134433743
12,31,7,134433827
13,40,6,134433867
27,14,12,134433886
29,14,4,134433888
32,14,4,134433944
20,18,15,134434044
48,41,8,134434051
45,45,8,134434079
14,43,6,134434110
12,39,5,134434139
29,42,11,134434157
11,31,5,134434213
32,13,15,134434217
21,48,3,134434257
29,20,15,134434286
12,32,4,134434330
45,19,10,134434401
33,13,12,134434405
14,41,6,134434438
13,41,13,134434443
13,41,5,134434445
39,15,10,134434476
37,15,2,134434478
44,17,4,134434486
11,33,4,134434505
12,41,14,134434562
38,14,1,134434569
11,40,14,134434662
12,41,6,134434664
30,9,14,134434689
30,9,6,134434690
11,33,5,134434702
28,13,4,134434737
40,15,15,134434887
46,18,1,134434893
37,14,10,134434943
29,43,8,134434951
29,20,12,134434955
29,20,4,134434956
10,29,14,134434991
41,14,7,134435002
10,31,15,134435049
11,32,7,134435050
26,9,2,134435081
27,8,2,134435092
46,18,9,134435192
10,32,14,134435195
11,31,13,134435199
11,32,4,134435210
27,19,9,134435261
28,20,1,134435263
39,13,2,134435316
38,14,10,134435332
38,13,4,134435354
37,12,7,134435356
29,10,6,134435382
41,14,15,134435404
42,14,9,134435409
33,12,7,134435412
33,12,4,134435433
32,11,7,134435460
10,32,12,134435474
34,9,9,134435512
34,9,1,134435514
29,7,15,134435521
44,3,4,134435530
11,34,12,134435543
11,32,5,134435569
27,8,15,134435576
39,14,12,134435626
40,13,12,134435628
41,14,4,134435629
47,18,9,134435636
47,18,1,134435639
39,13,10,134435651
9,30,6,134435685
27,8,12,134435694
30,17,12,134435729
30,19,4,134435731
29,18,4,134435732
28,7,2,134435735
43,13,0,134435739
39,13,12,134435749
38,13,15,134435756
40,13,7,134435757
38,12,2,134435776
32,10,12,134435784
40,12,15,134435796
28,7,15,134435803
38,13,12,134435811
40,13,4,134435812
10,37,14,134435821
38,12,15,134435837
31,6,13,134435848
28,7,1,134435857
29,19,4,134435859
29,19,7,134435866
28,18,7,134435867
29,19,14,134435908
27,7,2,134435939
27,7,1,134435946
9,33,12,134435950
38,11,9,134435956
29,20,7,134435984
27,18,7,134435986
29,7,10,134435994
37,10,9,134436054
34,9,15,134436266
28,6,1,134436334
39,11,2,134436343
7,32,2,134436434
28,17,15,134436452
28,17,7,134436454
45,4,0,134436482
41,12,12,134436558
36,10,12,134436604
28,6,15,134436746
30,6,4,134436782
44,3,0,134436854
29,5,1,134436878
31,22,13,134436927
29,20,13,134436928
9,32,13,134437154
42,4,11,134437497
44,4,3,134437499
47,41,11,134437584
51,22,8,134437596
51,22,0,134437597
44,3,11,134437768
33,6,4,134438147
29,4,1,134444432
43,3,14,134446285
59,8,9,134446945
60,7,1,134446948
44,3,9,134449024
49,25,0,134449212
56,9,2,134449274
40,7,3,134449478
43,4,3,134449486
60,7,2,134449808
43,1,9,134450319
43,1,1,134450323
59,8,6,134450633
25,4,10,134450948
29,4,2,134451277
16,10,6,134452063
61,5,1,134452710
43,2,3,134453030
42,4,10,134453251
43,3,10,134453270
43,3,2,134453273
61,7,8,134453540
61,6,11,134453628
61,6,3,134453631
24,13,14,134453659
60,7,6,134453674
44,4,9,134453779
44,4,1,134453786
62,5,9,134453823
61,6,15,134453824
49,29,13,134453943
50,30,13,134453991
44,3,13,134454088
43,2,5,134454092
57,10,2,134454376
59,7,13,134454406
58,8,1,134454414
45,40,12,134454439
33,4,8,134454869
46,19,7,134455032
23,43,6,134455099
61,6,5,134455150
60,7,10,134455153
59,8,2,134455154
23,12,14,134455225
44,3,5,134455498
42,3,10,134455500
60,8,8,134455570
17,9,6,134455704
58,9,1,134455806
41,40,5,134455807
11,24,8,134455855
45,31,11,134456237
45,31,3,134456240
31,13,10,134456242
31,13,2,134456246
40,33,1,134456512
48,23,0,134456646
47,27,8,134456703
49,25,8,134456705
48,26,0,134456714
45,26,3,134456769
26,48,0,134456905
42,3,2,134456971
43,4,14,134457081
59,9,8,134457287
59,8,1,134457427
33,3,13,134457589
33,3,5,134457593
32,4,9,134457597
61,6,1,134457683
62,5,14,134457685
61,4,14,134457686
62,5,6,134457687
22,4,13,134457745
62,5,13,134457766
47,29,0,134457786
24,6,14,134457865
22,6,2,134457872
18,5,6,134457910
43,37,6,134457923
43,37,5,134457927
42,39,12,134457929
23,38,14,134458153
22,37,14,134458154
22,37,6,134458156
28,4,10,134458175
44,4,11,134458178
44,4,10,134458185
20,4,10,134458212
59,8,11,134458240
59,8,3,134458243
43,13,10,134458319
42,14,2,134458321
43,13,1,134458325
62,6,13,134458341
60,8,2,134458346
62,6,2,134458347
61,7,3,134458351
43,39,4,134458413
57,10,1,134458422
57,9,5,134458431
48,27,14,134458644
23,5,5,134458717
26,3,11,134458728
25,5,8,134458737
24,6,0,134458740
43,2,9,134458759
38,6,11,134458762
38,6,3,134458763
44,4,14,134458821
42,2,14,134458823
42,4,6,134458824
44,2,6,134458825
18,5,1,134459163
44,2,5,134459203
56,10,5,134459349
41,9,0,134459482
61,6,14,134459513
26,4,6,134459968
38,7,7,134460132
59,9,8,134460171
59,9,0,134460173
61,7,5,134460176
24,7,8,134460272
25,8,0,134460273
57,10,10,134460381
58,9,2,134460387
17,9,13,134460517
17,10,8,134460521
22,5,2,134460532
6,18,1,134460685
43,4,5,134460833
44,3,11,134460859
44,3,3,134460862
20,5,14,134460866
12,22,3,134460918
22,4,13,134460920
22,4,5,134460921
15,12,0,134461075
31,35,14,134461094
44,29,2,134461119
43,13,8,134461151
15,6,14,134461208
15,11,3,134461214
37,6,0,134461288
13,11,10,134461410
62,6,11,134461458
12,21,12,134461489
11,20,4,134461491
12,21,13,134461573
11,22,9,134461582
18,6,8,134461730
12,23,0,134461756
11,22,3,134461759
36,7,8,134461865
22,6,0,134461912
20,5,8,134462038
21,5,3,134462443
5,31,1,134462465
19,6,14,134462537
19,6,6,134462538
17,6,11,134462568
18,12,8,134462621
21,5,5,134462673
34,5,14,134462689
43,17,6,134462777
12,22,0,134462901
16,11,8,134463101
17,10,5,134463103
24,6,6,134463284
43,30,2,134463371
43,36,7,134463516
46,26,15,134463525
39,8,11,134463551
44,3,7,134463829
43,36,4,134464001
22,45,15,134464009
44,4,2,134464069
22,45,9,134464162
60,8,6,134464206
59,9,2,134464211
43,3,1,134464268
43,3,9,134464365
43,3,10,134464367
57,10,2,134464383
7,34,12,134464450
6,33,4,134464455
44,4,10,134464459
58,10,8,134464501
44,3,12,134464546
44,4,1,134464571
43,4,15,134464633
43,36,5,134464658
23,7,1,134464762
33,34,2,134464776
20,40,0,134464881
30,5,10,134464884
27,4,8,134464894
41,36,6,134464908
41,36,5,134464912
23,44,2,134465054
12,23,14,134465100
13,24,13,134465106
13,22,8,134465110
44,28,15,134465153
19,6,9,134465230
20,5,1,134465233
18,5,14,134465246
23,7,11,134465363
22,6,3,134465367
41,40,12,134465383
31,5,1,134465492
44,18,1,134465641
24,45,10,134465664
18,6,1,134465687
18,6,7,134465690
18,6,6,134465693
5,27,3,134465782
24,7,4,134465808
58,9,6,134465817
59,8,5,134465822
58,9,14,134465824
58,9,13,134465826
57,10,5,134465829
31,5,15,134465866
58,9,5,134465889
61,7,14,134465905
31,38,9,134465912
31,38,1,134465913
42,35,7,134465918
21,5,15,134465941
21,6,10,134465945
21,4,2,134465947
17,7,1,134466024
19,6,8,134466040
25,5,2,134466087
19,5,6,134466093
21,5,12,134466107
43,2,7,134466163
37,37,9,134466206
25,47,8,134466209
61,5,14,134466210
40,8,13,134466289
42,2,9,134466321
41,3,2,134466325
33,36,5,134466349
17,7,9,134466364
30,36,6,134466440
27,40,6,134466474
24,43,2,134466475
29,33,5,134466489
44,16,12,134466525
11,21,9,134466550
11,22,10,134466551
10,23,2,134466553
11,22,2,134466554
19,41,8,134466653
29,4,14,134466691
29,4,6,134466694
15,44,14,134466742
43,4,12,134466785
31,35,5,134466842
42,30,2,134466854
22,44,6,134466977
14,8,14,134466994
41,11,15,134467044
31,36,12,134467057
24,11,15,134467072
63,7,13,134467087
61,5,13,134467088
63,5,5,134467089
61,7,1,134467094
31,29,0,134467101
31,4,0,134467284
43,4,1,134467306
62,6,3,134467327
61,7,10,134467328
37,33,1,134467400
37,33,2,134467404
38,32,1,134467408
42,15,12,134467425
45,22,15,134467513
43,26,9,134467542
23,5,4,134467564
19,42,1,134467565
23,4,3,134467567
31,5,12,134467589
30,4,7,134467593
24,10,7,134467662
18,7,12,134467700
43,27,15,134467707
18,44,12,134467804
45,18,5,134467843
42,20,2,134467851
43,19,1,134467852
23,5,14,134467854
21,5,6,134467855
33,33,2,134467879
36,34,3,134467906
35,33,8,134468080
43,34,12,134468181
23,39,8,134468216
16,8,7,134468223
16,43,10,134468251
37,30,0,134468253
45,3,8,134468256
22,41,12,134468259
15,42,10,134468381
17,42,15,134468507
17,42,7,134468508
30,32,5,134468554
43,5,11,134468558
17,6,15,134468611
17,6,1,134468621
17,5,9,134468632
18,39,5,134468693
43,14,4,134468808
18,43,4,134468847
22,6,7,134468909
37,32,1,134468956
27,43,8,134469002
5,27,0,134469198
24,9,7,134469261
8,28,8,134473377
28,32,12,134474924
25,38,15,134475166
25,32,6,134475578
14,34,4,134475858
7,27,10,134476277
8,26,2,134476278
15,35,4,134476440
19,5,5,134477066
59,8,14,134477574
59,8,6,134477578
19,6,6,134477724
7,20,11,134477775
18,6,6,134477836
7,22,0,134477989
7,22,3,134477991
7,26,2,134478066
39,20,3,134478245
22,8,14,134478315
8,17,11,134478500
14,34,7,134478538
7,21,3,134478753
17,32,2,134479103
19,6,14,134479228
17,7,6,134479251
19,7,8,134479560
8,21,8,134480015
14,21,3,134480576
10,18,8,134480801
21,8,14,134480825
60,7,6,134480879
61,8,8,134480911
19,9,8,134480931
30,7,0,134481123
19,7,3,134481393
29,7,0,134481532
20,8,0,134481586
27,7,8,134481627
18,8,3,134481655
29,5,10,134481770
29,5,2,134481773
30,7,3,134481916
22,8,5,134482015
8,25,8,134482103
29,7,11,134482137
27,7,3,134482140
57,10,11,134482247
30,7,11,134482500
21,9,5,134482711
27,7,11,134482743
23,11,3,134482872
18,10,13,134482908
20,10,5,134482909
29,26,5,134483037
23,11,8,134483472
24,10,0,134483477
8,22,0,134483589
28,8,8,134483612
32,7,8,134484526
7,19,3,134484641
24,11,8,134484670
29,8,11,134484704
15,21,0,134484780
28,27,14,134485047
28,27,5,134485058
29,9,8,134485253
31,9,13,134485254
11,16,8,134485260
22,10,11,134485274
20,10,3,134485288
23,11,14,134485377
23,11,11,134485381
22,10,3,134485382
61,7,11,134485853
16,23,13,134485946
33,6,0,134485982
30,9,8,134486126
15,15,11,134486219
15,22,0,134486252
17,15,8,134486600
34,6,8,134486738
26,12,13,134486815
14,24,2,134487127
23,11,0,134487323
24,12,11,134487327
23,11,3,134487333
13,9,5,134487414
12,10,6,134487430
16,16,8,134487742
16,15,11,134487746
17,16,8,134488267
29,28,14,134488900
16,17,6,134489019
30,10,5,134489404
35,9,13,134489719
35,9,5,134489724
34,10,5,134489728
16,22,1,134489942
45,24,14,134490078
18,15,0,134490227
16,17,0,134490357
15,17,11,134490501
38,13,6,134490742
15,22,2,134490887
43,5,10,134491508
27,11,11,134491740
29,25,12,134491782
26,16,14,134491911
15,21,11,134491926
17,17,0,134491953
62,7,13,134492071
24,17,2,134492142
21,15,8,134492477
35,9,8,134492576
33,7,8,134492827
34,6,3,134492933
36,10,13,134493213
16,20,8,134493594
21,27,11,134493621
16,20,11,134493633
44,5,0,134494196
33,11,11,134494483
26,14,0,134494879
62,7,2,134494988
34,10,14,134495701
19,16,14,134495973
19,18,8,134495976
19,16,0,134495984
23,28,6,134496371
38,23,1,134496828
37,23,11,134496832
18,18,11,134497570
25,15,3,134497974
17,18,3,134498490
23,21,0,134498502
60,9,14,134498869
18,19,11,134498889
19,16,3,134499159
20,17,11,134499301
62,7,9,134499314
62,7,1,134499324
26,14,11,134499373
27,16,9,134499506
18,18,0,134499621
43,4,9,134500007
60,9,6,134500457
28,14,8,134500691
28,16,3,134506029
34,16,3,134507961
31,16,0,134508348
21,23,8,134508485
35,17,0,134508659
21,22,9,134509161
32,16,3,134509202
31,16,13,134509302
21,23,11,134509592
31,16,3,134509681
21,22,0,134510750
61,9,6,134510774
60,10,8,134511245
21,23,3,134511551
30,18,11,134511680
32,17,3,134511930
30,17,3,134511945
31,18,0,134512391
22,23,0,134512476
61,9,5,134512683
23,24,1,134512762
32,18,8,134513157
45,5,8,134513255
59,10,11,134513881
29,20,11,134513929
30,21,3,134513930
60,10,14,134514229
31,18,11,134514752
46,5,8,134515478
62,9,6,134516602
62,9,5,134516785
30,22,9,134517724
35,9,3,134517836
60,10,13,134517890
32,19,0,134518168
28,22,11,134518441
29,21,3,134518444
28,21,11,134518446
30,21,11,134518454
32,19,11,134518456
31,20,8,134518459
36,13,0,134520078
46,5,0,134520162
35,7,11,134520231
60,9,14,134522852
29,22,14,134523173
30,22,0,134525207
61,10,1,134525524
62,9,6,134525525
44,3,10,134528263
30,23,3,134528772
60,10,11,134529886
37,13,5,134530294
30,23,8,134530525
47,5,8,134530869
45,5,0,134530871
62,11,14,134531357
60,11,6,134531378
34,7,3,134531499
60,11,8,134531656
20,22,0,134532501
46,4,9,134547432
47,5,9,134547963
61,11,13,134549630
62,10,5,134549631
60,11,13,134550755
35,7,6,134551393
45,4,9,134551807
61,10,5,134552235
46,5,10,134552386
46,25,14,134553922
47,4,1,134554705
30,25,6,134557933
34,7,2,134559421
62,10,2,134560896
46,7,14,134560996
47,6,6,134561025
62,10,11,134561311
62,10,3,134561314
35,6,11,134561383
61,11,1,134561759
59,12,6,134562238
27,29,11,134562634
45,5,10,134572112
46,4,13,134574763
29,26,6,134578498
37,11,13,134580818
35,7,8,134592100
35,10,15,134607767
44,4,15,134615483
43,3,5,134617554
58,11,6,134619398
59,10,10,134619735
60,9,1,134621538
35,14,7,134621727
34,10,15,134622142
35,10,12,134622437
35,9,5,134624405
34,10,4,134624984
34,11,7,134638319
42,4,14,134643989
60,8,2,134644589
61,8,6,134645302
33,10,6,134650943
42,4,6,134652282
44,4,13,134653251
59,9,2,134653288
27,26,2,134654729
61,7,9,134654929
61,7,1,134654963
34,10,13,134656452
60,8,2,134665471
59,9,1,134665922
61,8,8,134671061
58,10,11,134672535
60,8,11,134672548
59,10,8,134687209
34,11,1,134706347
59,10,1,134706417
58,11,1,134715431
60,9,11,134716866
61,9,6,134717539
60,10,6,134742138
24,27,13,134960979
22,27,10,135020624
22,27,2,135020819
22,28,12,135051014
60,11,6,135062060
11,30,5,135243278
10,29,13,135250249
8,32,6,135281875
8,27,9,135281984
7,26,9,135308641
4,28,15,135329804
4,28,12,135336148
8,28,12,135342295
5,2,6,136077493
6,2,8,136156800
14,1,6,136173532
8,10,2,136175765
15,2,14,136180931
1,22,9,136183285
15,2,6,136185217
14,4,11,136186375
5,27,8,136198716
7,21,10,136199604
8,20,2,136199610
6,25,1,136200827
8,6,6,136201518
6,26,8,136202231
4,28,11,136204151
7,7,6,136204340
7,26,8,136204651
15,12,11,136204665
7,7,8,136205700
14,10,1,136205953
15,8,15,136206119
16,11,0,136206791
9,23,10,136207518
8,24,2,136207519
10,17,8,136207599
17,11,11,136208479
6,27,3,136208835
8,27,11,136209117
11,14,7,136209368
19,9,1,136209465
13,16,11,136209708
10,19,1,136210161
6,23,9,136210186
15,15,8,136210551
14,15,11,136210552
10,6,8,136210557
2,30,11,136210921
11,18,11,136210974
18,10,11,136210987
10,24,10,136211558
14,16,11,136212234
16,13,0,136212402
15,13,3,136212709
15,16,8,136212712
3,31,8,136212785
2,30,0,136212799
9,27,11,136212850
19,8,0,136213303
17,12,11,136213350
19,8,3,136213471
17,13,3,136213606
17,7,12,136213740
5,28,13,136213853
4,29,11,136213854
13,18,3,136214942
13,17,8,136215285
11,19,11,136215287
13,17,11,136215299
19,11,8,136215496
4,30,11,136215733
15,14,3,136216510
12,19,11,136216530
15,16,0,136216552
14,18,10,136216606
14,18,0,136216612
9,28,8,136216735
17,11,3,136216962
10,26,11,136217438
19,11,11,136217543
15,16,3,136217662
19,11,0,136217701
20,9,0,136217826
18,12,0,136218092
15,17,8,136218507
10,28,8,136218987
8,28,0,136218990
16,17,0,136219030
19,11,3,136219052
15,19,8,136219206
16,24,14,136226192
5,12,10,136229674
5,12,2,136229675
7,11,14,136230382
7,11,6,136230383
20,19,8,136231622
25,10,8,136232130
17,22,11,136232462
4,23,6,136232955
19,19,14,136233141
25,8,11,136233555
17,24,11,136233860
8,30,3,136233988
6,12,6,136234239
26,6,2,136234608
19,24,9,136235404
19,24,1,136235407
19,20,11,136235808
25,12,8,136235811
24,14,2,136235823
19,24,10,136236383
19,24,2,136236393
25,11,11,136236416
9,31,0,136236614
11,29,11,136236700
26,6,10,136237138
23,2,8,136237158
26,11,8,136237243
3,24,11,136237470
11,21,1,136237691
11,21,2,136237697
1,31,0,136237893
20,23,1,136238590
26,10,11,136238774
17,24,3,136238868
19,22,8,136239000
10,32,8,136239333
20,19,3,136239391
22,2,11,136239531
27,8,8,136239571
20,23,2,136239585
25,13,8,136239898
2,27,8,136240001
12,30,8,136240082
11,30,11,136240138
27,10,8,136240323
24,2,8,136240369
25,12,0,136240388
9,31,3,136241014
20,21,0,136241059
2,26,9,136241516
26,11,0,136241715
27,10,11,136241973
27,8,3,136241985
2,27,11,136242135
3,26,8,136242140
5,13,6,136242189
27,9,8,136242298
27,7,0,136242299
26,13,8,136242441
4,14,6,136242594
4,14,5,136242596
18,26,8,136242609
2,26,0,136242777
10,32,0,136242907
25,14,8,136243345
4,14,8,136243731
19,26,0,136243745
24,14,11,136243824
2,29,8,136243898
2,27,0,136243913
20,21,3,136244045
20,25,10,136244154
20,25,9,136244158
12,30,11,136244247
25,17,9,136244323
12,31,8,136244335
13,30,0,136244353
21,24,8,136244366
21,22,0,136244370
12,30,0,136244394
21,21,0,136244466
21,24,2,136244468
27,12,8,136244664
27,10,0,136244668
27,11,8,136244919
12,32,8,136244959
14,30,8,136245163
12,31,11,136245243
25,17,11,136245562
2,27,3,136245658
25,12,3,136245677
2,31,0,136245825
2,31,11,136245844
1,29,9,136246058
3,26,11,136246084
28,8,8,136246089
13,30,11,136246346
15,28,11,136246352
15,22,10,136246412
3,27,9,136246555
3,28,8,136246559
13,22,1,136246829
21,22,3,136246988
28,10,8,136247192
3,27,0,136247328
24,2,14,136247558
28,9,8,136247570
4,27,11,136248099
3,26,3,136248101
3,28,0,136248105
4,27,8,136248155
12,30,3,136248371
24,2,11,136248821
6,13,8,136249078
4,31,8,136249384
24,2,0,136249436
21,21,11,136249605
4,28,3,136249611
6,25,8,136250102
23,24,8,136250185
22,23,0,136250190
28,8,11,136250282
28,11,8,136250297
19,26,3,136250386
15,30,8,136250677
22,23,3,136250862
9,24,8,136260408
18,30,11,136262597
19,22,14,136262908
27,3,5,136263753
9,24,11,136263786
24,22,13,136263821
27,24,8,136264550
7,27,9,136264704
29,17,11,136264720
28,18,0,136265029
19,21,7,136265734
21,23,8,136265821
22,22,0,136265839
27,25,2,136265905
32,8,4,136265939
25,5,5,136266241
28,21,8,136266308
28,24,10,136266756
7,28,11,136266865
18,32,8,136266963
10,23,11,136267156
8,32,10,136267186
7,29,11,136267495
34,4,15,136267579
23,21,13,136267884
23,21,5,136267887
29,19,0,136268475
7,29,10,136268538
8,30,0,136268618
21,19,13,136269124
20,18,5,136269222
22,22,14,136269236
27,23,11,136269477
29,21,8,136269489
27,26,11,136269669
28,23,8,136269879
8,30,10,136269931
9,31,2,136269932
8,28,2,136269993
8,25,3,136269997
29,20,8,136270163
26,22,10,136270245
8,30,3,136270392
8,28,9,136270512
29,3,8,136270514
8,30,8,136270561
30,19,8,136270831
9,27,1,136270857
20,30,11,136271082
20,31,8,136271232
8,29,0,136271284
9,30,1,136271289
11,25,8,136271553
6,17,14,136271645
27,26,0,136271999
31,18,11,136272091
9,24,3,136272133
28,21,3,136272223
26,26,3,136272262
18,31,3,136272510
29,19,3,136272955
30,18,8,136272965
9,26,10,136273154
9,28,8,136273367
19,33,8,136273423
33,8,11,136273451
9,31,3,136273809
18,32,3,136273988
22,22,11,136274388
22,22,3,136274391
21,31,8,136274491
20,30,0,136274492
21,30,11,136274493
17,33,8,136274540
8,30,11,136274732
10,31,0,136275210
9,29,8,136275242
30,20,8,136275283
35,9,8,136275537
31,2,8,136275684
21,22,1,136275709
9,26,3,136275813
5,17,11,136275844
34,10,3,136275899
9,29,0,136276016
10,31,11,136276309
9,30,3,136276334
31,18,0,136276348
29,23,8,136276492
20,30,3,136276607
9,27,11,136276619
21,31,0,136276629
28,27,8,136276657
23,22,15,136276712
28,4,6,136276743
10,27,8,136276921
26,5,8,136276988
20,21,12,136276989
25,27,11,136277194
25,28,8,136277279
21,31,11,136277732
11,33,0,136278064
31,20,8,136278259
30,18,3,136278270
24,20,11,136278300
9,29,11,136278467
23,7,6,136278473
35,7,11,136278497
10,28,1,136278508
20,23,2,136278702
29,24,8,136278895
30,22,8,136278935
22,30,11,136278949
24,28,11,136278950
27,5,13,136278976
28,4,8,136278990
30,19,3,136279269
36,2,0,136279336
35,8,3,136279346
11,32,1,136279476
11,32,0,136279484
21,20,3,136279620
11,32,3,136279663
20,32,0,136279732
30,21,11,136279755
10,26,0,136279903
25,22,9,136280051
30,21,0,136280337
9,29,3,136280451
31,21,1,136280467
11,31,0,136280570
30,22,0,136280899
34,12,3,136281062
10,27,0,136281072
10,29,0,136281116
27,26,3,136281217
4,18,11,136281282
20,31,3,136281312
27,4,11,136281362
21,22,12,136281384
20,21,4,136281387
31,19,0,136281691
20,34,8,136281701
19,33,0,136281704
19,32,3,136281710
31,20,0,136281731
31,17,3,136281762
20,33,0,136281773
4,21,2,136291909
16,22,1,136293486
24,22,10,136296233
28,6,14,136296379
14,25,11,136297105
35,20,8,136297356
33,25,10,136297644
33,25,2,136297646
31,4,5,136297917
16,23,11,136298915
36,1,10,136299632
36,1,2,136299704
34,19,3,136300436
12,15,6,136300697
34,23,8,136300866
15,26,8,136301389
28,21,11,136302049
35,20,3,136302389
28,30,8,136302517
14,26,11,136302688
35,15,11,136302824
24,34,11,136302865
35,22,11,136303028
28,22,0,136303318
26,33,8,136303869
36,21,11,136304447
28,21,3,136305638
14,28,8,136305760
37,16,8,136305919
36,21,10,136305977
37,19,2,136306606
37,20,2,136306636
37,18,11,136306641
37,20,8,136306920
37,18,0,136306953
38,9,13,136306974
39,8,5,136306982
21,24,1,136307098
15,26,11,136307987
36,25,9,136308224
36,25,1,136308229
27,20,9,136308255
29,20,1,136308256
38,19,2,136308365
35,22,0,136308858
37,18,3,136309084
38,19,8,136309481
29,20,3,136310033
36,21,3,136310108
14,27,0,136310578
34,26,11,136310681
28,22,10,136310724
26,33,0,136310793
37,22,8,136311028
37,18,2,136311039
37,22,2,136311073
14,28,0,136311172
16,25,11,136311366
29,22,2,136311439
29,31,13,136311629
27,33,11,136311714
25,21,12,136311721
26,33,3,136311743
29,33,8,136311904
37,22,0,136312164
31,21,0,136312329
28,22,1,136312612
35,25,3,136312709
38,19,9,136312723
25,35,3,136312938
24,34,3,136312939
28,21,2,136327472
28,21,9,136328943
32,33,3,136331125
31,31,3,136331891
46,1,6,136332823
41,17,11,136334172
16,28,3,136334308
16,28,11,136334864
33,22,12,136335989
33,20,2,136336199
42,20,8,136336847
33,22,9,136337097
32,18,9,136338039
35,29,10,136338578
33,34,0,136339111
41,23,8,136339117
41,22,11,136340673
33,32,11,136340905
44,15,10,136340939
43,17,1,136341733
18,26,11,136342924
39,27,8,136343789
34,20,10,136343811
37,28,11,136343840
42,20,2,136343963
33,21,9,136359186
34,22,10,136359564
35,21,2,136359567
45,15,11,136368448
27,22,9,136368686
35,21,9,136371740
34,22,1,136371759
46,16,9,136374345
46,18,1,136374348
38,29,8,136374938
37,32,2,136375166
33,20,7,136375211
45,19,9,136375400
47,20,1,136397784
33,20,10,136406645
47,21,8,136406674
23,11,2,136624011
44,30,9,136625269
37,1,1,136641084
42,24,9,136641534
45,33,9,136641721
44,32,1,136641737
12,25,13,136643923
44,32,2,136646292
62,9,9,136646930
45,31,9,136648122
11,27,3,136649118
45,33,2,136650898
46,32,1,136650904
45,32,2,136651391
46,31,1,136653568
38,22,3,136653796
44,31,1,136654193
41,14,1,136654699
43,23,1,136655348
38,33,6,136655489
45,31,10,136655623
34,2,2,136656309
25,21,1,136656564
40,15,1,136657067
16,23,9,136672615
31,2,5,136672845
16,23,10,136673827
16,23,2,136673828
25,15,1,136674148
45,25,10,136674251
47,28,10,136674520
46,29,2,136674522
17,22,1,136675461
28,4,2,136676318
48,27,2,136676759
47,28,1,136676760
47,26,3,136678216
27,4,15,136679479
31,7,10,136679751
46,26,8,136679954
14,20,12,136680218
52,24,0,136680328
26,5,12,136680739
26,14,1,136680880
31,6,3,136680899
30,2,1,136681330
45,18,1,136681454
30,2,2,136681519
28,3,1,136681859
30,2,15,136681938
49,28,9,136682220
48,27,10,136682221
47,24,9,136682255
48,23,1,136682263
48,27,8,136682458
32,5,11,136682611
16,23,12,136683008
28,3,15,136683218
14,22,1,136683360
29,2,1,136683832
49,25,6,136683901
16,17,2,136684222
37,21,10,136684304
37,20,9,136685020
56,7,6,136685805
31,6,8,136686008
31,6,11,136686016
29,2,2,136686287
48,26,15,136686491
27,14,14,136686576
26,13,6,136686583
25,14,1,136686587
32,7,3,136686709
15,22,15,136686823
27,14,4,136686893
46,11,1,136686945
28,6,10,136687161
15,21,1,136687217
50,25,8,136687267
17,16,8,136687553
25,2,2,136696339
49,21,1,136696558
34,1,2,136696599
52,24,2,136696736
26,1,9,136696764
26,1,1,136696773
29,3,8,136696930
50,22,9,136697175
50,23,13,136697835
52,25,10,136697920
51,24,2,136697923
50,20,1,136698712
29,2,11,136698887
51,23,10,136699504
14,20,10,136700057
27,4,12,136701022
14,20,2,136701473
53,23,15,136702644
53,23,1,136703220
15,19,1,136703324
51,21,9,136703591
51,22,12,136703854
30,1,9,136703957
14,18,15,136704330
14,18,7,136704352
14,18,12,136704558
14,18,4,136704560
16,18,2,136704603
15,18,2,136704618
20,22,11,136705187
38,20,7,136705353
14,18,10,136705364
26,4,10,136705514
49,17,10,136705600
48,18,2,136705602
29,2,12,136706063
53,21,7,136706135
52,21,15,136706431
53,20,7,136706451
55,21,11,136706821
55,21,3,136706826
15,16,15,136706895
14,17,7,136706938
54,22,12,136707927
50,16,9,136708573
54,21,15,136708913
54,20,9,136708914
15,18,15,136709006
16,17,1,136709007
55,20,0,136709268
57,21,1,136710003
22,3,6,136710250
53,19,9,136710355
52,18,1,136710361
14,18,2,136710833
56,19,9,136711507
55,18,1,136711511
37,19,1,136712570
54,18,10,136713150
26,1,10,136713182
56,18,11,136713413
27,1,10,136713619
16,16,4,136714432
16,15,9,136714434
15,16,1,136714436
16,16,1,136714901
53,17,1,136715056
56,18,9,136715665
56,18,1,136715684
50,12,8,136716048
18,12,10,136716303
17,11,2,136716309
23,3,12,136716665
25,2,10,136716739
24,3,2,136716741
17,15,1,136716774
16,16,7,136716952
41,23,10,136717242
40,22,2,136717252
57,19,2,136717452
16,15,7,136717819
17,15,12,136718135
56,16,0,136718155
55,16,2,136718156
56,15,1,136718172
24,2,13,136718358
16,16,2,136718694
15,15,10,136718733
15,15,2,136718736
61,7,12,136719016
54,15,2,136723557
59,16,1,136724064
55,14,1,136725104
58,16,2,136725427
55,14,4,136726407
58,16,1,136726464
59,15,9,136727042
53,13,14,136727821
54,12,6,136727837
58,14,9,136728108
59,14,10,136728681
59,14,2,136728683
55,12,15,136729126
23,16,1,136730115
54,10,3,136730722
60,14,1,136732422
17,13,12,136733207
55,8,10,136735142
56,9,10,136735575
24,15,1,136736684
55,9,2,136737160
57,9,10,136738679
56,8,2,136738683
59,9,9,136739017
57,7,10,136739619
60,8,13,136739672
60,8,5,136739682
59,9,1,136739688
58,6,9,136739841
58,6,1,136739842
56,6,10,136741777
58,7,4,136741937
57,6,7,136741939
25,9,10,136743373
59,6,2,136745232
40,37,8,136748150
24,2,8,136764811
37,6,13,136765346
46,4,2,136767009
42,20,1,136769238
36,4,11,136774237
37,7,0,136774726
36,4,2,136775898
46,2,2,136786506
46,3,8,136793058
45,3,2,136793765
47,2,11,136793821
47,1,1,136794383
47,1,11,136794384
47,3,3,136794386
46,4,8,136794842
47,3,0,136794878
47,3,10,136794948
46,1,3,136794996
46,2,2,136795019
46,3,2,136795453
47,1,9,136795971
48,2,1,136796110
47,2,13,136796261
48,3,5,136796295
47,2,10,136796461
46,1,2,136796473
48,1,1,136796577
47,3,11,136798920
44,21,2,136813111
43,20,10,136827643
45,20,4,136832494
45,20,9,136839311
45,20,10,136870252
42,17,8,137119491
45,19,0,137143424
43,18,3,137153741
49,22,13,137156300
44,38,9,137177774
48,25,6,137181821
47,34,10,137184652
28,35,9,137248670
27,34,1,137248693
28,35,1,137249882
33,20,2,137421051
26,26,6,137432974
29,21,1,137455083
28,22,15,137466808
33,19,2,137468741
40,19,9,137469074
44,21,9,137487701
43,20,9,137495798
43,19,9,137527895
48,26,6,138059473
61,7,2,138367569
62,6,1,138369575
34,8,14,138370738
62,6,2,138371218
59,8,1,138373249
59,8,2,138374376
43,1,5,138385484
61,5,6,138393745
60,6,2,138393751
42,3,6,138394392
38,21,9,138395682
60,5,9,138397017
60,5,1,138397034
16,26,1,138397573
35,7,12,138400022
6,16,5,138406583
59,7,2,138407038
61,5,1,138407043
26,24,2,138412704
27,23,1,138413218
42,21,4,138415635
27,23,2,138417380
25,26,15,138417496
45,24,3,138418170
40,19,9,138418295
43,22,10,138418743
41,20,4,138419289
27,22,15,138419555
32,19,2,138420180
32,19,15,138421234
43,20,7,138421278
24,27,15,138421445
33,19,15,138421478
24,27,6,138422045
41,20,10,138422067
36,19,12,138422116
46,25,0,138422137
37,19,12,138422193
41,19,7,138422405
41,20,12,138422611
43,21,1,138422723
47,26,8,138422755
35,19,10,138422818
34,19,12,138422972
29,20,15,138423292
40,19,4,138423391
37,19,2,138423396
58,7,1,138424104
25,23,15,138424227
36,18,9,138424311
41,18,1,138424408
44,21,12,138424445
40,18,7,138424507
48,25,0,138424545
43,19,7,138424702
42,19,4,138424706
39,18,7,138424948
32,19,12,138425045
47,24,8,138425099
47,24,11,138425158
43,20,15,138425223
48,31,2,138425228
41,19,10,138425351
24,39,14,138425356
25,38,6,138425357
48,26,8,138425398
43,21,2,138425436
25,24,12,138425552
41,18,9,138425561
38,18,1,138425572
23,38,14,138425906
34,18,9,138426008
23,28,6,138426213
23,28,15,138426214
48,25,8,138426240
23,28,14,138426430
42,19,12,138426576
42,19,10,138426578
23,39,11,138426584
23,39,3,138426586
27,20,15,138426634
35,18,12,138426643
23,26,15,138426699
23,28,7,138426700
48,23,3,138426770
23,28,12,138426800
26,21,15,138426801
38,18,2,138426833
37,17,9,138426996
26,22,12,138427209
24,25,12,138427305
27,42,12,138427341
33,19,4,138427348
25,22,15,138427350
36,18,4,138427385
43,20,2,138427432
23,25,6,138427487
41,18,15,138427522
49,24,0,138427602
23,27,5,138427630
33,18,12,138427787
35,18,4,138427789
32,19,4,138427794
26,43,6,138427812
35,17,15,138427854
37,17,7,138427859
24,39,11,138427886
23,26,5,138427892
23,29,4,138427895
24,23,15,138428136
24,25,7,138428138
45,20,12,138428142
44,20,2,138428147
23,40,6,138428349
24,24,12,138428404
36,17,15,138428424
44,19,15,138428577
23,26,14,138428617
33,18,7,138428640
38,17,15,138428646
40,17,7,138428648
39,17,7,138428651
42,17,7,138428722
44,19,12,138428896
39,17,15,138429021
26,42,15,138429035
43,18,15,138429038
23,38,13,138429047
28,21,4,138429258
37,17,12,138429280
35,17,2,138429286
24,22,15,138429312
26,20,15,138429317
23,40,14,138429322
23,37,5,138429426
22,38,13,138429516
21,28,6,138429565
22,27,5,138429571
45,19,15,138429610
22,25,13,138429634
22,25,5,138429635
25,22,12,138429661
27,19,15,138429837
29,19,7,138429839
42,17,15,138429849
31,18,7,138429896
25,22,14,138429913
31,18,12,138429921
22,39,14,138430015
51,23,0,138430190
34,17,12,138430191
36,17,4,138430193
23,39,12,138430252
46,18,9,138430352
44,18,1,138430353
45,17,1,138430355
24,21,6,138430361
44,18,10,138430408
42,18,2,138430410
20,29,14,138430499
23,23,15,138430759
21,37,13,138430768
21,37,5,138430770
22,39,4,138430773
25,22,7,138430868
53,34,1,138430898
36,16,15,138430945
54,33,9,138430965
54,33,1,138430971
52,37,11,138430985
21,36,6,138431094
36,16,1,138431104
41,16,7,138431142
36,16,2,138431162
52,36,11,138431194
27,20,7,138431387
49,22,11,138431516
27,21,4,138431557
26,22,4,138431596
35,16,7,138431629
23,42,14,138431690
59,7,10,138431707
60,6,2,138431710
44,18,2,138431719
51,39,11,138431752
24,43,14,138431804
50,42,8,138431838
23,39,5,138431999
22,39,6,138432008
22,38,5,138432012
23,26,4,138432014
53,25,10,138432033
24,43,13,138432121
22,42,14,138432133
22,42,6,138432135
23,43,7,138432136
53,36,11,138432314
26,44,8,138432337
21,41,14,138432414
21,40,14,138432431
52,23,9,138432542
54,37,8,138432587
45,18,2,138432608
35,16,4,138432630
22,40,12,138432633
22,27,4,138432912
22,24,15,138432913
22,26,7,138432916
20,39,14,138432938
21,36,5,138432944
48,17,9,138432969
52,41,8,138432997
47,17,9,138433019
46,16,1,138433021
24,23,4,138433055
54,39,8,138433314
51,42,11,138433396
23,20,14,138433420
51,43,8,138433428
23,20,13,138433477
23,20,5,138433481
47,17,10,138433486
20,37,15,138433497
46,16,2,138433561
49,17,9,138433575
22,41,6,138433614
18,27,14,138433632
19,38,6,138433682
45,47,11,138433720
61,5,11,138433798
22,25,7,138433864
21,42,14,138433885
54,39,0,138433907
49,46,8,138433915
50,18,9,138433934
49,17,1,138433938
54,23,2,138434011
54,23,1,138434015
51,18,9,138434020
51,18,1,138434021
23,42,5,138434034
25,44,13,138434085
47,46,11,138434105
20,38,13,138434132
52,19,9,138434156
50,18,2,138434163
51,41,3,138434196
21,26,7,138434202
37,39,13,138434215
37,39,5,138434217
40,42,3,138434226
50,42,3,138434330
51,44,8,138434349
50,43,0,138434352
20,42,6,138434375
52,43,8,138434376
52,42,10,138434380
45,48,14,138434408
24,21,7,138434465
52,43,11,138434513
45,48,11,138434671
51,43,0,138434676
24,22,4,138434690
23,43,5,138434740
22,43,6,138434745
49,17,9,138434746
48,16,1,138434749
22,24,13,138434781
22,22,5,138434783
49,17,10,138434907
19,32,7,138434926
51,19,8,138434971
45,15,10,138434982
43,14,2,138435055
55,39,3,138435056
47,15,9,138435064
54,41,11,138435088
54,39,3,138435090
51,17,9,138435173
50,16,1,138435175
57,38,1,138435194
53,43,8,138435229
52,42,0,138435233
52,42,3,138435235
55,40,0,138435290
50,17,9,138435304
54,20,2,138435317
54,20,1,138435318
55,40,11,138435349
55,38,3,138435350
52,43,0,138435420
52,17,1,138435440
51,17,1,138435480
54,19,1,138435554
53,19,2,138435563
55,22,9,138435731
56,23,1,138435735
57,8,2,138435737
52,44,11,138435767
45,14,10,138435792
45,14,2,138435794
54,17,10,138435813
49,16,1,138435836
50,15,1,138435837
36,40,5,138435846
51,17,2,138435903
53,16,10,138435952
55,17,11,138435977
33,4,14,138435979
33,4,6,138435982
44,48,14,138436007
53,44,8,138436013
51,44,0,138436014
49,13,10,138436046
48,14,2,138436047
49,13,2,138436048
54,18,9,138436163
55,16,2,138436211
56,18,3,138436341
53,42,3,138436345
61,5,5,138436359
53,43,0,138436361
55,15,9,138436364
55,15,1,138436366
56,27,2,138436407
53,15,15,138436451
44,2,11,138436518
58,7,11,138436557
55,20,3,138436562
55,40,3,138436584
56,14,11,138436632
56,14,3,138436634
20,37,13,138436723
20,25,7,138436770
49,10,10,138436785
57,14,9,138436796
56,15,1,138436797
53,44,11,138436830
58,36,0,138436863
32,21,14,138436919
53,11,10,138436971
53,11,2,138436975
53,11,1,138436976
58,36,11,138436978
58,34,3,138436982
57,14,10,138437015
61,6,8,138437077
33,21,11,138437117
33,21,3,138437118
57,15,11,138437131
34,7,7,138437139
54,12,10,138437177
20,39,13,138437299
19,38,3,138437345
53,10,9,138437415
53,10,1,138437417
59,35,0,138437574
20,33,3,138437695
54,11,4,138437755
59,16,9,138437757
59,35,3,138437782
21,42,4,138437936
36,8,2,138438018
21,39,5,138438262
21,40,3,138438289
24,41,0,138438626
44,3,3,138438698
29,11,14,138440685
29,11,6,138440687
44,6,13,138440692
59,17,13,138441707
59,17,11,138441793
59,19,14,138441916
59,19,6,138441918
39,7,11,138441920
43,8,0,138441927
49,10,0,138442023
20,34,12,138442024
49,10,3,138442220
50,11,0,138442236
58,18,14,138442323
51,12,14,138442388
51,12,6,138442392
43,8,3,138442480
41,8,8,138442483
40,8,14,138442486
40,8,0,138442558
39,9,8,138442570
59,20,14,138442648
44,9,0,138442690
42,8,5,138442818
57,18,14,138442859
47,9,11,138442881
41,8,0,138442884
32,10,6,138442947
39,8,11,138442962
59,19,0,138443000
43,8,5,138443007
41,8,11,138443011
39,8,3,138443012
58,18,11,138443018
49,12,8,138443092
49,12,0,138443094
48,10,11,138443143
50,13,0,138443300
41,9,8,138443327
38,9,8,138443388
38,10,8,138443447
42,9,6,138443463
40,9,8,138443467
31,11,6,138443472
58,20,6,138443720
47,10,8,138444038
45,10,0,138444042
37,9,3,138444051
27,13,11,138444263
45,3,5,138444407
49,12,3,138444429
62,29,6,138445030
57,17,6,138445053
40,9,0,138445459
41,9,5,138445607
38,9,3,138445610
37,10,11,138445629
38,9,11,138445634
44,2,11,138445868
35,12,7,138446512
33,9,5,138446711
31,11,5,138446884
26,15,6,138446991
26,15,5,138446993
58,8,1,138447023
26,14,11,138447032
45,2,5,138447167
44,3,9,138447170
44,3,1,138447174
56,17,4,138447190
25,16,8,138447213
24,16,11,138447396
41,9,14,138447460
41,9,0,138447470
19,29,11,138447610
43,3,15,138447635
30,12,8,138447779
28,14,8,138447930
44,2,15,138448122
43,3,10,138448128
32,11,0,138448132
44,4,6,138448298
40,9,3,138448506
31,12,8,138448532
32,12,8,138448559
39,9,3,138448565
39,10,8,138448625
31,11,3,138448645
20,39,11,138448698
41,10,6,138448733
37,11,11,138448801
45,10,3,138448818
25,16,11,138448821
44,1,13,138448851
44,3,14,138448852
43,2,6,138448854
43,4,10,138448856
42,3,2,138448859
40,10,0,138448901
31,12,11,138448907
44,3,12,138448972
48,11,8,138448982
45,11,11,138448998
22,21,2,138449010
23,20,1,138449013
32,12,14,138449124
61,6,5,138449182
43,3,14,138449206
47,11,3,138449215
34,8,13,138449244
47,11,8,138449255
48,12,0,138449268
39,10,3,138449302
31,13,8,138449368
23,19,11,138449425
53,14,13,138449511
45,2,6,138449537
37,10,3,138449550
38,11,14,138449551
40,11,6,138449552
45,11,8,138449559
25,17,11,138449567
40,10,3,138449574
28,15,8,138449582
41,10,3,138449671
25,18,8,138449674
27,16,8,138449677
30,14,8,138449681
32,13,8,138449745
56,17,7,138449837
32,12,13,138449864
48,11,11,138449893
31,13,11,138449910
55,14,11,138449936
54,15,3,138449939
47,12,0,138449969
38,11,0,138450012
47,11,11,138450040
22,22,8,138450136
22,21,11,138450237
31,13,14,138450241
33,13,6,138450245
46,12,0,138450248
26,16,11,138450258
28,14,11,138450260
43,2,7,138450273
34,9,2,138450316
26,18,8,138450397
24,18,0,138450399
35,10,15,138450419
28,15,11,138450423
27,17,8,138450440
29,15,8,138450442
54,16,2,138450499
46,11,11,138450508
44,11,3,138450509
23,21,8,138450537
25,19,8,138450545
21,24,8,138450610
27,16,11,138450622
24,19,11,138450632
56,17,11,138450655
41,11,0,138450664
56,17,12,138450682
57,18,4,138450683
31,13,13,138450691
21,23,11,138450699
45,11,13,138450837
52,49,8,138450889
31,14,8,138450894
53,47,11,138450910
32,14,0,138450930
38,11,11,138450978
28,15,0,138451004
32,14,6,138451219
42,11,3,138451238
57,44,11,138451243
24,18,3,138451274
35,7,5,138451319
21,40,8,138451335
21,40,0,138451338
20,39,3,138451340
40,11,11,138451369
45,12,0,138451441
29,15,11,138451484
28,14,3,138451488
25,17,3,138451624
48,51,6,138451632
48,13,0,138451717
22,24,8,138451822
21,26,1,138451829
20,28,11,138451831
32,14,5,138451888
31,14,11,138451891
39,11,11,138451950
34,12,8,138451965
51,49,11,138451997
34,10,12,138452013
34,10,4,138452017
54,48,8,138452041
25,20,8,138452140
26,18,11,138452291
28,16,11,138452293
21,24,11,138452349
54,47,0,138452421
41,11,11,138452476
22,41,0,138452492
59,8,8,138452517
34,15,2,138452544
23,23,8,138452640
30,14,0,138452677
56,46,11,138452739
27,18,8,138452788
26,17,0,138452791
61,5,6,138452804
21,40,3,138452810
20,33,3,138452925
22,23,9,138452990
23,24,1,138452993
59,22,14,138453025
59,22,6,138453027
59,21,9,138453070
60,20,1,138453082
57,18,3,138453195
56,18,7,138453260
45,4,8,138453323
45,4,0,138453332
44,3,15,138453579
22,23,0,138453613
57,46,8,138453642
22,24,11,138453653
21,22,9,138453769
58,45,8,138453772
54,16,4,138453791
24,23,1,138453844
23,22,0,138453849
34,10,14,138453895
34,10,6,138453898
55,17,10,138453909
20,33,8,138453946
56,15,5,138453983
57,18,0,138453995
43,4,12,138454053
44,2,6,138454057
43,4,8,138454059
43,4,0,138454061
43,3,1,138454063
61,24,4,138454069
52,15,9,138454098
30,15,11,138454108
52,49,11,138454121
58,44,11,138454326
59,7,11,138454407
24,44,3,138454424
44,3,10,138454510
44,3,2,138454512
51,14,7,138454549
55,48,8,138454562
55,47,11,138454566
56,17,4,138454613
44,4,9,138454713
20,31,3,138454761
52,13,3,138454766
59,21,2,138454784
34,10,5,138454864
34,13,8,138454907
32,13,13,138454912
21,36,3,138454921
23,40,0,138454935
33,13,3,138454949
23,39,9,138454954
43,5,11,138455003
33,6,10,138455075
33,6,2,138455077
21,32,8,138455086
45,3,9,138455144
44,2,1,138455147
51,13,4,138455156
41,11,3,138455195
57,18,15,138455239
44,13,10,138455270
49,13,7,138455324
36,13,15,138455335
36,13,7,138455337
21,36,11,138455424
60,5,13,138455428
53,14,1,138455465
61,23,8,138455589
61,23,0,138455591
45,10,8,138455612
45,1,15,138455642
44,2,7,138455643
59,22,10,138455746
33,12,11,138455808
35,10,11,138455812
21,35,8,138455867
21,33,0,138455871
60,20,0,138455878
54,14,15,138455881
59,22,3,138455916
58,18,9,138455955
61,23,13,138456017
60,22,5,138456022
24,41,4,138456036
48,12,7,138456132
44,2,14,138456140
62,28,11,138456246
62,28,3,138456252
60,7,6,138456253
38,12,10,138456276
37,13,2,138456277
44,3,11,138456312
44,1,3,138456316
45,2,1,138456317
21,32,0,138456405
44,4,7,138456458
21,33,11,138456475
25,45,3,138456506
53,14,4,138456514
61,26,8,138456554
62,25,0,138456557
59,8,6,138456575
35,12,8,138456715
43,10,15,138456780
43,10,7,138456781
61,21,5,138456803
45,11,7,138456872
22,37,3,138456914
54,15,12,138456963
32,14,13,138457008
23,40,8,138457022
37,12,15,138457048
48,12,4,138457076
22,23,3,138457084
23,38,3,138457114
60,23,2,138457125
37,12,10,138457211
53,14,15,138457311
44,5,8,138457321
33,10,8,138457484
43,35,1,138457503
61,24,10,138457550
53,14,10,138457663
59,17,3,138457669
32,14,6,138457673
34,12,6,138457674
23,25,8,138457686
44,2,2,138457806
22,34,8,138457900
23,24,2,138457909
60,18,11,138457954
59,17,8,138457994
59,17,0,138458005
22,33,10,138458138
23,33,0,138458140
60,20,8,138458174
61,19,0,138458176
34,18,10,138458205
22,31,8,138458239
34,9,1,138458333
59,18,2,138458414
23,38,8,138458454
45,2,14,138458663
38,20,13,138458850
25,40,11,138458871
62,5,5,138458941
62,27,1,138459042
23,24,11,138459063
24,23,8,138459084
24,21,0,138459087
30,16,9,138459109
30,15,0,138459125
23,37,10,138459349
24,22,8,138459357
42,4,2,138459401
22,30,0,138459707
25,21,8,138459885
24,21,11,138459887
25,19,3,138460101
25,22,2,138460181
43,5,2,138460215
44,1,5,138460239
43,10,11,138460311
33,13,5,138460328
22,31,11,138460517
36,10,13,138460658
37,9,5,138460661
36,12,10,138460665
35,11,1,138460668
34,12,2,138460669
26,46,10,138460715
25,39,8,138460779
34,10,11,138460835
22,32,11,138460838
34,6,11,138460966
45,3,12,138461044
44,4,4,138461047
45,3,8,138461194
23,25,3,138461370
43,4,3,138461411
36,17,9,138461429
33,7,12,138461553
25,20,0,138461578
53,49,11,138461599
51,50,11,138461603
52,48,13,138461720
51,49,10,138461722
50,51,1,138461978
44,2,15,138462004
47,9,3,138462157
58,9,8,138462198
58,9,0,138462207
40,11,14,138462491
45,2,12,138462791
19,26,14,138462926
19,26,6,138462927
25,18,3,138462936
45,3,13,138462942
44,4,5,138462943
46,2,5,138462945
43,5,1,138462946
45,5,14,138463361
43,3,14,138463362
44,4,6,138463367
44,9,11,138463474
62,5,3,138463489
59,7,9,138463590
54,49,8,138463654
24,23,0,138463789
44,3,5,138463804
55,48,6,138463909
55,48,5,138463912
28,40,14,138463917
28,40,6,138463919
26,21,8,138463961
61,6,11,138463990
32,6,10,138464079
24,29,3,138464097
34,6,8,138464120
34,6,0,138464125
54,49,13,138464202
52,12,12,138464237
46,10,6,138464249
48,8,5,138464255
50,50,1,138464340
48,11,4,138464408
35,12,4,138464526
53,49,1,138464549
42,6,11,138464675
35,7,13,138464689
26,40,3,138464736
55,15,12,138464740
54,13,1,138464768
33,11,6,138464832
48,51,1,138464908
45,2,11,138465008
26,19,11,138465080
55,48,5,138465269
26,40,8,138465282
26,40,11,138465288
56,15,10,138465327
54,15,2,138465330
24,24,0,138465382
52,13,4,138465389
43,3,3,138465421
45,3,8,138465422
44,4,0,138465423
60,8,8,138465564
61,7,0,138465567
33,5,13,138465672
31,15,14,138465747
31,15,6,138465749
30,16,2,138465755
31,15,13,138465757
32,14,5,138465761
31,15,8,138465763
44,3,4,138465868
54,13,4,138465888
28,18,8,138465978
27,17,0,138465982
34,13,3,138466038
44,3,11,138466044
51,12,7,138466051
26,37,9,138466077
34,10,1,138466101
59,8,11,138466139
60,20,1,138466150
53,12,15,138466155
58,15,8,138466507
56,47,6,138466615
27,18,11,138466619
29,16,11,138466621
34,11,4,138466680
59,45,14,138466758
50,50,2,138466801
25,21,0,138466853
33,7,0,138466862
26,20,11,138466897
44,1,15,138466981
31,16,8,138467172
31,16,0,138467174
29,34,1,138467263
43,3,10,138467412
43,3,2,138467414
43,3,9,138467415
42,4,1,138467417
44,2,1,138467418
44,10,1,138467421
33,14,13,138467548
32,15,8,138467552
28,17,0,138467657
25,22,10,138467667
61,7,2,138467688
25,21,3,138467699
35,13,13,138467704
44,2,11,138467817
44,2,2,138467822
27,20,8,138467845
27,18,0,138467848
60,8,0,138467932
45,10,3,138467956
25,20,3,138467960
44,3,14,138468050
27,19,11,138468100
26,21,11,138468183
32,14,11,138468185
30,14,3,138468187
28,18,11,138468221
29,18,8,138468239
29,16,0,138468246
34,14,8,138468322
34,14,6,138468328
29,17,11,138468410
31,15,11,138468411
38,12,3,138468449
46,12,8,138468471
42,10,8,138468498
42,12,0,138468500
39,12,11,138468501
40,11,3,138468511
26,31,8,138468544
26,21,0,138468645
40,12,5,138468652
32,16,10,138468698
43,1,9,138468712
27,19,0,138468771
45,5,0,138468809
34,6,8,138468815
35,7,0,138468820
58,9,9,138468947
50,12,3,138468995
48,10,3,138468997
46,11,8,138469004
27,20,11,138469014
39,11,5,138469028
34,10,12,138469074
34,10,4,138469075
61,6,5,138469090
49,10,11,138469156
30,15,3,138469202
45,2,6,138469231
45,4,9,138469232
43,2,9,138469233
44,3,1,138469237
39,12,8,138469241
37,14,4,138469255
33,15,8,138469272
31,15,0,138469278
28,20,8,138469379
28,18,0,138469382
26,20,3,138469432
42,11,8,138469593
55,13,3,138469663
41,13,0,138469760
49,12,0,138470040
58,16,3,138471579
39,13,8,138472303
40,12,11,138473485
40,12,13,138474045
27,25,11,138474314
48,13,8,138475668
40,13,11,138475790
47,13,0,138476112
40,12,3,138476378
46,13,0,138476455
31,21,8,138476650
40,14,8,138476664
46,12,11,138477285
50,13,3,138477314
29,35,8,138477946
46,12,3,138478336
55,15,8,138478363
31,31,10,138478423
31,31,2,138478435
38,14,3,138478472
40,14,11,138478481
29,25,3,138478712
49,13,0,138479057
41,13,13,138479349
51,13,3,138479653
53,14,0,138479788
47,13,8,138480037
41,13,3,138480218
49,13,11,138480569
47,13,3,138480578
29,26,0,138480983
30,26,0,138481140
52,14,0,138481299
40,14,0,138481322
54,15,11,138481448
41,21,9,138482140
41,21,1,138482142
37,37,10,138482215
29,26,3,138482755
44,5,14,138484856
44,3,6,138484858
36,13,14,138485048
36,13,6,138485051
34,33,15,138485196
35,32,6,138485783
33,33,10,138485836
33,33,2,138485839
33,29,1,138486034
46,35,9,138486475
46,13,8,138486526
33,31,9,138486620
34,32,2,138486802
34,32,9,138486803
34,32,1,138486808
33,35,10,138486938
51,42,2,138487675
40,18,3,138487745
32,27,9,138488094
52,47,5,138488100
45,44,5,138488163
32,27,10,138488200
58,43,5,138488515
32,26,3,138488543
50,14,8,138488744
48,14,0,138488747
44,45,5,138488810
50,41,1,138488864
39,15,10,138488878
44,13,11,138489132
42,13,3,138489134
62,6,5,138489256
41,14,11,138489340
35,13,11,138489403
33,27,0,138489417
40,16,8,138489484
47,14,0,138489514
60,18,13,138489587
47,34,1,138489714
53,44,1,138489741
54,41,10,138489816
54,15,0,138489903
45,3,9,138490065
60,7,6,138490093
52,41,9,138490170
51,40,1,138490326
51,14,0,138490377
52,41,2,138490420
47,13,11,138490431
50,43,7,138490444
56,17,14,138490474
51,37,5,138490582
34,11,14,138490759
34,11,6,138490762
33,27,3,138490816
59,8,13,138490817
59,8,5,138490825
60,8,2,138490843
44,43,4,138490888
40,14,3,138491042
55,40,10,138491067
54,41,2,138491068
43,4,9,138491128
42,42,4,138491322
43,42,4,138491340
44,4,4,138491393
43,43,4,138491398
43,43,13,138491399
43,43,5,138491406
49,39,14,138491798
37,31,2,138492002
36,32,1,138492003
35,33,2,138492007
50,37,2,138492049
31,27,0,138492073
48,42,13,138492124
41,41,4,138492212
52,34,8,138492525
59,9,2,138492602
53,39,5,138492603
55,39,7,138492621
54,39,10,138492623
54,38,7,138492656
46,38,15,138492659
47,37,7,138492670
54,44,1,138492755
54,43,2,138492762
47,37,4,138492771
42,15,6,138492891
40,16,11,138492910
39,15,3,138492914
42,15,8,138493025
33,26,2,138493076
52,35,10,138493193
44,37,11,138493255
42,14,13,138493841
56,16,8,138493999
54,36,15,138494125
41,15,14,138494587
56,41,15,138494710
49,15,10,138494822
58,41,4,138494850
61,40,2,138494880
43,14,11,138494924
41,14,3,138494926
31,41,8,138495300
57,18,14,138495347
48,14,8,138495571
40,17,3,138495587
54,39,2,138495628
52,14,11,138495778
34,31,14,138495828
57,39,10,138495860
56,38,2,138495873
44,14,11,138495971
42,14,3,138495976
32,39,3,138496061
55,17,14,138496108
42,15,11,138496292
56,18,0,138496344
41,15,0,138496395
47,14,8,138496427
55,38,2,138496667
40,16,3,138496734
40,16,0,138496737
53,38,4,138497079
60,7,5,138497131
45,2,13,138497199
55,37,9,138497292
42,15,0,138497498
39,29,10,138497592
55,16,8,138497598
31,39,3,138497617
45,3,1,138497809
44,3,11,138497810
48,14,11,138497839
49,15,8,138497843
47,15,0,138497846
41,16,14,138497862
43,16,6,138497863
44,15,5,138497871
41,17,11,138498207
43,15,11,138498208
49,15,0,138498231
42,17,8,138498264
61,21,13,138498531
40,18,11,138498645
56,37,10,138498852
59,39,9,138498917
58,40,1,138498918
41,21,2,138499064
44,2,14,138499520
42,16,14,138499527
42,17,11,138499532
41,17,10,138499535
56,37,1,138499542
44,42,10,138499667
44,4,1,138500220
61,33,1,138504863
60,27,3,138509007
56,34,14,138509765
59,26,8,138510949
59,26,0,138510954
59,34,6,138512526
60,33,6,138512537
58,27,6,138513718
58,27,7,138513725
58,32,13,138513843
58,31,7,138513972
56,34,6,138514230
52,18,14,138515164
57,24,14,138515200
53,28,7,138516790
54,29,7,138517718
54,26,7,138518854
54,25,8,138520099
62,7,13,138520178
51,18,8,138521250
56,25,15,138522079
46,20,6,138522123
9,16,0,138523218
44,18,11,138523261
46,18,3,138523514
45,19,8,138524104
50,22,5,138524627
61,8,6,138524787
45,3,10,138525140
52,28,13,138525625
50,19,8,138526159
50,19,11,138526708
49,19,8,138527144
47,19,0,138527147
45,19,0,138527170
45,3,11,138527454
36,12,8,138527619
36,12,0,138527627
46,20,14,138527830
45,21,6,138527832
45,22,14,138528342
45,22,13,138528995
45,22,5,138529017
37,14,5,138529040
53,28,4,138529117
46,19,3,138529723
49,19,11,138530073
47,19,3,138530078
45,21,14,138530498
46,20,13,138530501
45,21,6,138530570
48,20,0,138530725
35,9,0,138531098
40,24,13,138531358
41,23,5,138531361
8,17,8,138531437
51,25,15,138543769
48,4,0,138553358
50,27,15,138558468
46,4,2,138560611
44,23,14,138561979
45,22,6,138562013
47,4,2,138562288
46,5,5,138570403
38,16,6,138574544
42,25,2,138577509
46,24,5,138580213
47,6,13,138583222
46,4,10,138585816
41,24,13,138593264
40,25,9,138593268
40,25,1,138593279
39,27,5,138593314
62,8,9,138609811
61,9,1,138612313
36,9,13,138615988
61,9,6,138717225
43,26,3,138875372
62,10,2,138990533
38,16,10,138991655
61,11,2,138992171
47,25,8,139084757
56,22,1,139176173
51,24,8,139178150
51,25,8,139186576
52,24,11,139205134
55,26,0,139250125
60,23,8,139275030
57,25,3,139276724
36,29,0,139403718
54,30,6,139464065
53,31,2,139464071
32,32,9,139468435
11,37,13,139498908
51,4,13,139841399
2,33,1,139900473
40,7,6,139990025
43,16,5,140181485
43,30,2,140239335
34,30,2,140264898
57,23,10,140280836
61,28,10,140307252
60,22,3,140435151
45,10,1,140435423
20,22,10,140496298
46,10,1,140523705
48,5,9,140579690
48,5,1,140579694
48,11,0,140582934
48,11,2,140584447
48,10,11,140587800
47,11,2,140592934
49,7,9,140618501
21,12,5,140624141
50,9,1,140655476
23,12,10,140776995
53,14,0,140777943
36,25,9,140780239
15,16,10,140781791
53,12,10,140796796
56,6,1,140874697
8,28,1,140955559
4,28,1,140960962
6,28,10,140963249
5,28,10,140964023
15,28,2,140967582
5,27,2,140984312
7,27,2,140985193
11,27,10,140986975
14,27,10,140990549
55,10,13,140993543
7,26,9,140993745
35,27,2,140993867
1,26,9,140994843
11,27,1,140997686
15,26,9,140999808
15,26,1,140999818
4,26,10,141000285
5,25,2,141014226
14,25,1,141014370
3,25,10,141015626
8,26,10,141015994
7,25,2,141016001
55,10,14,141016378
14,26,10,141018934
31,26,2,141021491
14,25,10,141021563
14,25,2,141021578
57,13,5,141301867
55,10,11,141403328
16,14,14,141519284
55,9,13,141520096
56,8,5,141521037
56,8,6,141521044
28,9,6,141523104
54,10,6,141523931
54,8,14,141526404
55,4,10,141528789
56,8,12,141528984
56,8,4,141528985
56,5,4,141529417
55,8,14,141529438
56,6,13,141529591
55,8,6,141529674
55,6,13,141530238
56,7,4,141530481
56,6,12,141530621
54,10,14,141531102
9,25,6,141531173
55,6,12,141531593
55,12,15,141543250
55,5,5,141544901
55,11,13,141545193
55,7,12,141547351
26,11,6,141547439
26,12,4,141549774
8,26,6,141549825
55,9,13,141552032
54,10,5,141552055
56,12,13,141552761
55,11,5,141552762
11,26,0,141553204
53,7,15,141553860
54,6,7,141553862
53,8,10,141554056
54,4,7,141554211
53,6,7,141554214
54,5,15,141554794
54,5,7,141554800
53,5,14,141554836
7,27,5,141556601
26,13,14,141556917
14,22,6,141557225
24,12,13,141557742
55,13,4,141557894
54,4,12,141558671
53,5,13,141558910
54,5,4,141558929
24,13,3,141559373
53,6,6,141559550
24,16,14,141559647
53,5,6,141559816
53,5,12,141560035
55,5,13,141560064
54,8,6,141560343
27,11,12,141560646
54,6,12,141561001
49,9,2,141561181
55,9,15,141561628
7,27,3,141561731
52,8,3,141562078
48,9,2,141562297
55,11,14,141562317
54,10,6,141562332
51,9,2,141562818
12,27,11,141562884
52,6,7,141562932
54,7,4,141563252
52,7,14,141573549
51,6,9,141578056
52,6,14,141579009
7,30,14,141580579
8,29,6,141580580
52,6,13,141581036
24,14,8,141582221
51,6,6,141582327
53,8,7,141582407
52,3,7,141585085
53,9,6,141585698
52,3,6,141586130
23,14,6,141587811
53,8,12,141587813
54,9,4,141587814
52,7,4,141587819
51,7,14,141588005
52,8,14,141588009
53,3,15,141588187
51,3,7,141588241
8,28,11,141589263
53,11,4,141590006
22,14,0,141590082
13,12,13,141590630
13,12,5,141590632
51,2,7,141592116
22,15,9,141592769
52,4,14,141592779
53,10,12,141593204
53,10,4,141593205
52,5,6,141593347
52,5,15,141593349
51,4,7,141593380
52,3,12,141593433
52,3,4,141593445
48,9,9,141593781
47,8,1,141593809
52,7,12,141594065
51,2,4,141613451
51,4,15,141614300
51,5,6,141614410
22,14,13,141618762
50,6,15,141619662
7,28,13,141619987
8,30,8,141621938
51,6,12,141621980
23,13,5,141622058
51,4,12,141623780
51,4,4,141623847
50,5,4,141624058
50,1,7,141624537
51,7,14,141638910
49,6,7,141639618
49,5,6,141642429
21,14,9,141645485
50,2,14,141647364
49,1,6,141647391
21,15,2,141649015
55,20,10,141649778
48,6,6,141650443
49,2,15,141651153
50,5,12,141651259
50,6,13,141651595
12,18,14,141651709
22,15,11,141653120
22,15,3,141653148
49,5,7,141653495
22,14,8,141653548
22,14,0,141653577
50,3,14,141654145
48,3,6,141654147
1,36,5,141654976
12,17,14,141656240
49,3,7,141656720
50,3,4,141656992
9,32,3,141657034
49,5,13,141665372
48,4,13,141674851
48,2,5,141675116
47,3,14,141675224
48,2,12,141679020
22,13,13,141680888
49,3,5,141680906
48,6,14,141680907
47,5,14,141680908
47,5,6,141680918
50,7,7,141681221
48,5,4,141681344
12,28,14,141681495
47,4,4,141682014
47,4,6,141684075
21,14,14,141684396
21,14,6,141684397
49,2,12,141685397
20,16,3,141686276
48,2,7,141686483
48,5,14,141686485
49,6,6,141686489
46,2,13,141686583
47,3,6,141686962
46,5,6,141699236
10,37,5,141703026
10,33,14,141705812
48,4,4,141707343
46,3,13,141707654
48,3,5,141707658
46,5,14,141707723
47,3,5,141709183
48,8,7,141709927
48,6,14,141710011
47,2,4,141711463
9,38,5,141711493
46,6,8,141711569
46,6,0,141711582
14,28,6,141712083
9,34,6,141712223
46,4,6,141713288
47,3,7,141713644
45,4,14,141714037
8,39,5,141716007
2,41,11,141716361
46,2,14,141717649
12,38,5,141718003
20,16,13,141718006
21,15,5,141718007
45,5,2,141718118
46,3,5,141719244
45,6,9,141719252
44,5,6,141730637
15,38,8,141731495
45,4,5,141732407
13,38,11,141732454
11,40,8,141734560
12,39,11,141735194
20,16,6,141735724
16,38,6,141736914
45,2,14,141738487
19,17,11,141738895
43,2,4,141739522
19,19,8,141739573
45,2,12,141739909
45,2,4,141739910
14,39,8,141740280
16,38,5,141740989
10,41,8,141741039
44,3,13,141742163
11,40,11,141742622
16,38,8,141744024
21,17,14,141744534
45,3,15,141744697
15,39,6,141744906
6,43,0,141745140
15,38,11,141745272
4,23,14,141745566
44,5,15,141745601
44,5,7,141745624
14,40,6,141747904
10,41,0,141747911
5,31,5,141748793
48,7,13,141749091
46,4,4,141749572
44,1,4,141749895
14,40,8,141750218
16,39,11,141771713
48,23,3,141844734
21,42,9,141866110
48,25,13,141888327
49,24,5,141888390
44,6,2,141895686
45,5,5,141899029
44,6,5,141899041
47,8,5,141904676
30,35,11,141926076
14,35,13,141986141
11,39,11,142017914
19,53,1,142024891
32,36,11,142028024
1,60,8,142118430
47,23,5,142686450
38,4,9,142898640
47,21,5,142900622
46,22,1,142900774
49,18,9,142906513
