x,y,feature,timestamp
48,23,1,33460497
53,18,2,34857508
51,20,1,34857953
50,20,5,34869976
52,19,1,34872721
52,18,5,34875015
51,20,12,34888576
51,19,15,34889186
52,19,12,34890381
49,20,2,34899595
50,19,2,34901061
50,19,1,34901353
47,24,14,34906169
51,18,15,34922690
46,23,9,34994208
49,21,8,34998485
52,18,8,34998490
52,21,2,35056168
52,18,6,35057228
53,17,5,35057997
50,19,6,35079682
52,17,5,35079687
52,17,6,35080186
51,19,12,35094107
60,25,6,35123223
51,20,1,35124537
52,18,8,35150541
51,18,11,35152236
52,19,11,35166339
52,20,8,35168673
51,21,8,35173413
49,22,11,35176108
50,22,8,35178000
50,21,11,35180189
51,21,2,35209998
53,19,2,35210014
52,19,2,35218964
49,21,6,35234118
48,22,15,35240632
62,46,7,35240646
47,23,15,35240685
51,19,15,35243113
51,21,2,35243849
50,22,1,35243851
53,18,12,35245592
52,20,2,35248495
52,18,5,35250634
54,16,5,35250649
50,20,12,35263055
52,18,12,35263173
52,20,12,35272055
53,18,15,35276914
48,22,1,35277035
50,19,12,35280321
52,17,12,35280370
50,20,15,35292649
52,18,15,35294666
52,19,12,35296507
47,22,12,35298876
47,21,15,35298938
51,17,12,35303153
49,18,15,35305069
48,19,5,35309673
52,17,15,35331223
50,17,12,35341056
49,18,12,35341793
51,16,15,35430289
49,15,15,35436379
49,15,12,35498104
13,16,5,35655825
21,18,3,35687176
21,20,0,35712548
20,20,11,35716179
20,19,5,35718377
49,41,8,35719178
43,37,13,35746819
18,22,3,35750181
17,23,14,35765917
54,19,5,35894488
42,17,5,35934221
53,16,2,35950681
51,16,12,35999190
62,26,10,36030634
19,36,0,36122959
22,37,3,36123411
18,36,0,36124371
20,37,0,36125023
37,16,13,36152530
21,41,0,36186980
61,19,6,36257110
60,20,6,36259722
62,19,5,36263479
60,21,6,36266258
62,19,6,36266283
61,19,11,36268209
60,20,14,36269433
61,20,8,36270132
61,20,5,36270400
62,20,6,36274602
46,14,11,36276248
61,20,11,36278006
61,20,14,36280910
61,22,5,36306413
60,25,6,36368106
62,25,13,36437573
61,21,2,36494986
2,61,1,36528988
2,54,10,36544658
2,53,9,36545529
4,54,2,36551709
7,54,9,36552816
2,53,15,36553396
3,53,10,36553640
3,53,6,36553656
5,53,10,36553667
3,53,2,36553669
5,52,9,36554630
7,55,3,36555250
3,51,10,36556240
4,52,5,36556454
4,52,1,36556543
7,54,1,36558415
2,50,9,36559995
3,50,6,36560152
4,51,7,36560269
4,46,9,36586024
2,48,2,36589989
3,45,9,36592221
7,47,4,36593793
8,41,10,36964330
10,43,10,36967293
14,46,3,37000977
16,36,7,37045651
19,57,8,37056144
15,59,13,37058456
19,54,0,37061455
20,57,2,37062581
18,60,11,37062842
24,54,5,37093792
4,25,9,37188183
2,30,2,37215541
23,31,2,37311142
21,33,2,37312863
3,28,11,37366630
6,25,11,37366650
3,30,8,37372646
2,31,8,37373017
6,27,8,37373027
7,30,12,37385500
3,35,1,37390531
5,31,6,37391252
5,31,8,37391487
2,37,1,37395033
4,35,1,37395037
4,32,11,37396313
4,34,1,37397766
8,28,11,37397803
3,35,11,37398354
3,33,11,37398867
7,29,11,37398884
3,34,3,37399352
9,27,11,37399844
5,33,1,37403167
9,29,8,37404517
8,29,11,37404982
10,27,11,37404990
4,34,2,37405944
10,28,8,37405965
3,33,3,37406298
11,29,6,37416151
12,28,6,37417566
7,36,2,37428571
8,35,9,37432696
11,30,11,37434679
10,31,11,37434903
8,36,11,37437591
14,28,2,37437652
14,30,10,37459593
1,32,9,37460750
15,29,11,37462318
17,27,11,37462324
15,30,11,37468629
4,53,2,37490828
16,36,2,37491872
16,36,1,37491887
3,54,2,37497298
3,42,10,37498357
4,51,8,37499255
11,56,13,37512822
10,55,13,37514162
11,58,0,37516530
42,36,10,37524896
11,56,5,37526330
16,33,2,37559974
19,32,12,37741926
21,30,8,37836110
20,31,8,37836463
20,30,11,37837008
20,31,11,37934444
17,37,6,37957474
29,31,13,37960352
17,37,14,37965168
19,32,15,37967873
19,33,12,37968251
18,32,15,37982633
18,33,12,37986277
14,39,13,37989132
14,39,5,37989141
19,32,12,37990901
14,38,5,37991283
16,35,12,37991731
16,34,15,37992218
19,31,15,37992820
40,34,14,37994458
16,51,14,37994836
15,37,12,37997867
16,49,13,37998180
14,47,13,37998181
15,33,2,38007745
16,33,12,38014747
15,33,15,38017634
11,39,14,38020222
11,39,6,38020227
13,35,15,38021554
14,35,12,38021640
23,34,2,38021682
13,37,12,38022544
12,37,15,38025698
15,32,15,38026012
24,37,14,38026229
24,33,5,38026332
11,48,13,38027029
13,36,12,38027345
12,37,5,38027783
12,38,6,38028631
13,34,15,38028867
12,40,6,38029950
12,49,4,38030179
12,52,14,38030500
12,38,12,38030825
12,50,13,38030938
11,40,5,38031243
12,39,12,38031585
13,33,15,38041166
13,34,12,38041532
15,32,12,38042032
15,31,15,38044289
11,36,12,38048250
22,33,5,38050199
10,38,12,38050304
10,36,5,38050360
16,30,15,38050653
12,34,12,38050658
12,33,15,38051092
10,36,15,38052603
14,32,12,38053271
21,34,6,38053662
10,37,15,38054371
9,39,5,38054444
7,46,14,38055559
9,40,12,38055583
10,35,15,38056428
7,43,14,38056629
15,31,12,38056934
37,34,13,38057025
33,33,6,38057053
22,32,6,38058248
22,32,5,38058286
9,50,13,38059026
17,30,12,38059507
21,34,5,38059643
9,39,12,38059697
6,45,14,38059945
8,43,6,38059969
9,39,15,38059986
9,37,6,38060279
8,38,5,38060289
12,32,15,38060328
13,32,12,38062248
12,31,6,38072297
10,33,15,38072603
12,32,12,38073130
9,35,12,38075797
9,34,15,38076957
13,30,15,38079751
14,30,12,38082344
7,38,5,38084797
8,36,15,38086008
11,31,15,38086209
8,36,12,38086857
8,37,12,38087407
19,33,6,38089236
9,33,15,38090029
8,34,1,38122391
10,32,11,38134162
12,31,11,38138668
14,29,11,38138671
11,32,11,38139310
13,31,8,38140968
10,34,8,38141436
12,32,8,38141437
10,34,11,38149857
14,30,11,38149872
13,31,11,38149957
11,34,8,38150871
13,32,8,38150876
20,32,10,38151085
14,31,8,38151470
8,42,8,38153135
16,30,5,38154747
9,43,0,38155606
13,33,8,38167278
12,49,14,38167367
14,31,11,38168483
16,30,11,38176748
15,32,8,38176954
16,31,8,38178415
13,33,11,38178694
17,29,11,38178702
17,31,8,38205223
16,31,11,38208122
17,32,8,38240016
22,30,5,38935053
21,31,8,39201640
50,12,2,39833686
25,28,15,39919985
25,28,5,39920411
24,30,12,39921254
27,26,1,39923725
25,28,12,39925575
26,28,12,39926138
26,27,15,39926343
24,28,15,39926603
23,30,12,39928866
22,31,15,39929622
22,33,12,39931101
22,29,15,39931355
21,34,6,39932134
22,31,12,39932427
22,39,14,39933137
23,39,13,39933177
22,32,15,39933313
21,32,6,39933488
22,34,6,39933809
23,40,13,39933971
21,32,15,39934205
21,33,6,39934419
21,36,7,39934430
21,38,13,39934438
23,38,6,39935198
21,38,14,39935323
39,26,7,39935545
22,36,13,39935640
22,37,4,39935650
21,37,13,39936108
21,35,5,39936110
21,31,13,39936403
38,25,4,39937036
21,31,12,39937037
20,28,12,39946152
18,31,15,39946847
21,44,13,39946871
19,29,6,39946965
19,30,12,39947076
19,28,15,39947125
39,24,9,39947135
18,42,14,39947186
36,23,10,39947349
38,23,9,39947358
18,28,14,39947446
19,27,6,39947447
16,35,13,39947525
19,42,13,39947674
22,45,13,39947792
23,46,5,39947793
25,44,5,39947796
19,27,15,39947798
16,35,15,39948080
20,45,14,39948216
24,47,13,39948265
18,41,13,39948350
17,39,14,39948359
17,31,6,39948404
16,32,15,39948407
17,32,12,39948567
16,33,6,39948765
37,23,10,39948778
37,23,9,39948788
17,34,12,39948797
15,34,13,39948909
17,37,4,39948919
37,23,2,39949308
18,40,13,39949407
17,41,4,39949423
17,41,7,39949430
22,47,14,39949483
18,29,12,39949637
21,28,13,39949728
16,39,13,39949809
16,39,5,39949812
16,36,7,39950009
17,40,14,39950197
22,47,5,39950250
17,42,13,39950352
19,26,15,39950424
16,35,5,39950495
15,37,14,39950518
20,26,12,39950557
16,36,5,39950765
16,40,4,39950774
19,26,5,39950905
20,25,15,39950940
36,23,2,39950984
16,29,6,39951094
38,23,10,39951110
18,28,12,39951264
40,24,9,39951356
21,24,15,39951404
16,40,14,39951704
16,36,6,39951708
15,36,12,39951747
17,28,15,39951995
15,37,13,39952155
35,21,9,39952245
16,33,5,39952392
16,30,12,39952463
14,33,13,39952502
16,33,12,39952510
37,22,10,39952636
38,23,1,39952661
18,30,7,39952774
15,33,12,39952854
15,35,4,39952867
19,26,12,39952923
16,41,13,39952939
17,38,5,39952948
17,40,12,39952949
16,43,14,39952957
16,39,15,39952969
16,43,7,39952971
16,40,13,39953034
15,37,5,39953039
18,26,5,39953059
15,35,15,39953071
15,38,14,39953080
19,25,15,39953288
16,43,4,39953320
14,38,13,39953343
15,35,12,39953373
17,28,12,39953578
17,26,1,39953600
17,43,12,39953633
17,26,2,39953696
16,29,12,39953714
16,44,12,39953766
18,43,6,39953788
15,42,13,39953811
14,41,7,39953826
14,37,12,39953840
16,28,15,39953867
17,31,7,39953873
40,23,9,39953882
38,22,2,39953925
38,22,9,39953930
15,36,7,39953939
16,28,5,39953975
17,28,7,39954064
45,41,0,39954078
15,32,13,39954080
15,30,5,39954085
15,33,13,39954116
14,30,5,39954121
14,38,6,39954172
16,32,7,39954182
21,46,8,39954247
38,23,9,39954271
36,21,9,39954275
15,36,4,39954306
19,27,14,39954348
19,25,13,39954359
18,30,4,39954391
15,28,2,39954403
13,39,6,39954415
14,38,5,39954420
17,42,5,39954449
16,45,13,39954473
13,36,15,39954512
14,39,7,39954517
13,40,14,39954520
15,37,4,39954563
14,30,15,39954575
14,32,7,39954582
15,43,7,39954654
17,26,15,39954692
36,22,10,39954750
12,39,14,39954957
22,23,15,39954984
15,44,13,39954996
15,42,5,39955000
15,41,6,39955048
13,43,6,39955107
17,27,12,39955113
17,25,6,39955127
37,22,2,39955195
16,45,6,39955243
20,27,4,39955304
19,26,4,39955309
14,36,14,39955317
13,33,6,39955323
14,37,4,39955461
20,24,12,39955514
14,43,14,39955638
39,23,4,39955665
14,32,13,39955751
13,31,5,39955757
15,45,14,39955808
37,21,9,39955831
14,43,13,39955838
16,27,15,39955860
11,38,14,39955884
11,38,6,39955889
13,36,6,39955890
13,37,12,39956011
14,34,4,39956066
14,35,7,39956081
16,28,12,39956101
16,30,4,39956117
39,22,1,39956265
18,29,4,39956320
12,37,15,39956410
13,40,13,39956440
17,26,12,39956481
17,30,4,39956483
19,25,7,39956549
13,41,7,39956579
40,24,10,39956584
38,22,10,39956585
39,21,1,39956601
16,28,7,39956654
36,21,10,39956719
14,43,6,39956877
14,43,5,39956885
12,38,6,39956905
38,22,7,39956913
17,25,15,39956949
16,27,10,39956963
12,39,13,39956988
13,36,5,39956994
13,37,13,39957027
14,35,12,39957038
14,31,12,39957078
13,34,4,39957080
13,31,15,39957084
13,33,7,39957089
41,24,10,39957185
15,33,4,39957274
12,34,6,39957285
12,37,7,39957294
12,32,1,39957326
13,35,12,39957378
13,36,4,39957461
13,39,5,39957501
11,40,4,39957510
13,42,14,39957513
13,36,12,39957577
11,36,15,39957592
11,38,7,39957597
17,26,7,39957656
10,37,14,39957681
12,35,12,39957731
12,37,4,39957737
15,31,7,39957812
13,33,5,39957864
20,26,4,39957872
47,47,8,39957889
18,24,15,39957949
17,27,4,39957974
12,33,15,39958062
13,42,5,39958136
11,31,14,39958306
12,33,12,39958335
11,36,4,39958340
19,27,4,39958359
17,25,12,39958375
13,43,13,39958384
15,29,7,39958415
12,41,15,39958525
13,31,7,39958568
12,42,14,39958651
39,22,10,39958676
37,22,10,39958714
13,37,5,39958795
12,45,14,39958882
12,45,6,39958887
15,26,15,39958891
16,25,15,39958892
17,24,15,39958894
19,26,7,39958896
18,25,7,39958898
11,36,12,39958913
11,38,4,39958918
13,43,4,39958937
12,35,7,39958996
11,34,7,39958997
13,41,15,39959012
13,42,13,39959102
37,21,10,39959183
36,22,2,39959188
14,27,15,39959210
16,29,7,39959214
13,44,14,39959255
18,24,13,39959493
16,24,6,39959558
13,32,9,39959605
11,39,6,39959721
12,33,4,39959760
14,31,14,39959790
15,30,13,39959808
13,31,4,39959837
16,27,4,39959892
18,27,4,39960099
40,23,1,39960110
10,35,15,39960144
10,37,7,39960145
10,35,12,39960152
10,37,4,39960159
12,42,13,39960162
12,43,14,39960179
11,42,14,39960180
18,26,7,39960212
38,45,10,39960220
13,42,12,39960274
13,44,13,39960330
38,21,10,39960344
15,30,4,39960423
15,26,12,39960454
17,24,12,39960455
18,25,4,39960463
14,26,15,39960471
16,24,15,39960476
16,26,7,39960481
40,46,10,39960506
38,44,10,39960514
11,32,15,39960533
41,49,10,39960659
13,44,5,39960681
12,42,15,39960685
11,41,4,39960726
14,31,4,39960788
11,32,7,39960810
16,26,4,39960834
17,23,15,39960848
11,32,4,39960868
12,30,7,39960886
13,46,14,39960908
12,43,6,39960913
52,11,9,39961053
11,39,12,39961064
13,45,5,39961103
11,42,13,39961136
23,22,9,39961174
11,40,6,39961219
14,47,5,39961242
15,26,10,39961388
10,34,1,39961491
14,25,1,39961573
17,25,4,39961732
17,24,7,39962452
15,25,12,39963452
43,26,3,39963721
46,28,7,39964076
44,26,7,39964084
47,31,14,39964440
46,30,14,39964485
11,43,14,39965762
10,40,6,39965766
42,48,10,39966204
18,51,13,39966526
46,47,6,39966920
46,48,8,39966939
46,48,0,39966951
12,46,7,39967023
11,45,7,39967028
12,27,2,39967092
15,46,15,39967097
44,39,8,39967154
9,37,9,39967182
46,28,13,39967196
13,49,14,39967262
14,49,13,39967283
16,51,8,39967308
18,41,14,39967320
11,33,5,39967417
11,33,1,39967433
46,45,13,39967545
46,45,5,39967549
23,46,6,39967565
9,37,2,39967815
19,53,7,39967878
19,54,0,39967890
18,53,0,39967891
47,43,8,39967914
46,42,0,39967920
18,52,4,39967926
46,44,11,39967950
11,34,1,39967965
17,26,9,39967997
15,24,9,39967999
16,23,1,39968006
45,47,8,39968025
10,41,14,39968032
10,39,6,39968033
11,40,13,39968038
11,38,5,39968044
47,29,13,39968065
20,53,13,39968141
18,46,14,39968178
13,50,6,39968205
15,49,11,39968218
16,50,3,39968222
14,48,3,39968223
12,27,1,39968290
13,26,10,39968314
11,40,14,39968319
9,38,13,39968331
10,39,7,39968340
46,37,6,39968428
12,45,9,39968451
11,44,11,39968461
11,44,3,39968463
9,42,3,39968470
10,35,1,39968504
14,25,9,39968517
14,25,1,39968522
14,44,8,39968669
17,22,1,39968739
12,46,0,39968789
9,39,5,39968796
11,37,5,39968798
15,24,2,39968872
9,36,2,39969315
11,34,2,39969317
15,26,8,39974882
16,25,8,39975235
26,39,9,39975673
18,23,8,39975823
17,23,11,39976130
41,24,0,39976627
13,41,3,39977301
14,28,11,39978808
14,27,11,39978870
20,41,6,39979598
14,30,8,39979796
13,31,11,39979804
45,31,5,39979991
44,37,15,39980463
21,48,13,39981254
44,37,5,39981490
41,30,6,39981672
44,30,13,39981726
44,28,14,39981978
43,33,4,39982404
43,40,13,39982528
43,28,13,39983674
41,26,13,39983923
38,32,15,39983954
40,30,15,39983957
37,33,6,39984037
24,37,3,39984227
42,38,15,39984265
25,38,9,39984377
38,33,6,39984390
42,29,6,39984393
26,34,5,39984466
15,35,0,39984667
41,30,12,39984875
15,35,11,39984945
17,40,8,39984980
17,41,3,39984991
15,39,3,39984992
17,37,3,39985228
15,35,3,39985229
40,34,4,39985986
21,35,8,39986064
39,28,5,39986361
42,25,5,39986369
43,37,12,39986730
34,36,7,39987067
25,39,12,39987137
24,37,12,39987327
34,37,6,39987420
39,33,7,39987621
26,33,3,39988177
33,35,7,39988210
33,34,4,39989059
39,24,13,39989087
29,41,8,39989158
31,39,8,39989159
18,24,8,39989761
37,23,14,39990134
15,29,11,39990507
40,27,4,39991261
37,30,14,39991379
32,19,3,39991563
39,33,4,39991652
18,23,11,39991749
22,32,15,39992090
21,22,6,39992306
20,23,6,39992353
20,23,5,39992363
37,31,7,39992575
17,26,8,39992816
19,24,8,39992839
21,33,15,39993099
18,24,11,39993739
20,22,11,39993740
22,20,11,39993742
21,22,8,39994044
28,25,8,39994157
33,20,0,39994710
36,29,14,39994718
19,25,8,39994916
21,23,8,39994917
29,41,11,39995192
29,37,3,39995204
29,23,6,39995297
29,23,5,39995315
28,24,1,39995320
35,22,0,39995548
18,25,11,39995822
15,33,14,39995870
15,33,6,39995876
53,15,5,39996316
23,21,11,39996456
51,12,2,39996508
27,26,11,39996791
19,30,1,39996855
24,21,8,39996870
41,43,13,39997038
42,40,5,39997066
37,25,14,39997349
30,23,11,39997378
32,21,3,39997383
30,19,3,39997384
22,22,11,39997521
23,22,8,39997961
21,24,8,39998082
21,23,11,39998292
31,20,0,39998771
35,23,6,39998801
37,21,6,39998804
38,28,7,39998845
29,24,5,39998936
31,22,5,39998958
20,32,1,39998983
28,25,11,39999001
20,25,8,39999449
19,25,11,39999456
28,25,5,39999819
21,25,8,40004076
22,23,11,40004085
21,26,8,40006479
21,25,11,40006859
21,26,11,40015243
23,24,11,40015244
23,25,8,40016202
27,25,12,40022736
24,26,6,40458420
22,27,5,40467918
24,26,5,40469379
22,27,15,40495276
19,28,15,40529519
18,29,6,40531104
19,26,5,40553323
18,27,15,40561159
16,29,6,40561615
16,27,15,40587303
16,28,12,40593025
13,28,13,40605401
12,29,5,40616290
12,29,6,40623016
13,28,15,40623036
15,29,14,40677173
7,28,5,40685682
4,29,15,40706541
2,31,5,40714385
4,29,5,40714427
3,29,12,40714430
3,28,15,40715035
2,31,15,40715870
3,30,12,40718327
50,10,7,40805345
50,14,13,40891321
50,14,14,40895975
49,14,11,40897241
50,12,10,40905355
51,11,3,40906671
52,17,10,40935849
42,40,13,41430443
26,38,6,41468464
27,42,8,41493381
26,40,14,41495687
26,40,13,41495688
10,62,10,44798554
14,62,9,44801534
7,60,9,44802920
8,60,10,44803601
14,59,1,44804115
12,61,9,44804301
11,61,12,44805243
8,61,2,44805269
10,60,9,44805342
11,61,2,44805936
11,59,15,44806266
14,59,9,44806516
15,59,7,44806535
12,60,1,44806557
8,60,2,44806860
12,60,9,44806870
9,59,1,44806874
15,59,10,44806974
10,59,2,44807319
10,59,1,44807329
12,59,10,44807544
11,58,2,44807569
9,59,15,44808108
16,60,4,44808131
11,59,12,44808537
10,58,2,44808550
14,58,10,44808787
18,60,9,44808899
16,58,9,44808904
12,59,2,44809288
12,59,1,44809295
10,58,5,44809720
15,59,9,44809808
13,57,9,44809813
12,58,15,44810175
14,58,7,44810187
12,57,9,44810191
11,58,1,44810198
10,58,15,44810333
18,60,10,44810510
15,59,2,44810524
10,60,10,44810638
8,58,10,44810646
57,10,1,44810800
9,60,14,44810970
15,59,1,44811108
11,57,2,44811678
8,59,7,44811791
14,58,4,44811800
12,57,2,44811810
11,57,1,44812788
20,58,1,44813287
21,56,10,44821589
22,57,10,44822930
19,54,10,44822950
19,56,1,44823326
19,54,2,44823730
18,53,10,44826152
20,53,9,44828095
16,50,9,44836313
16,50,1,44836318
6,55,15,44837950
10,52,2,44840105
16,51,9,44841668
19,52,2,44841964
21,50,1,44842426
8,53,15,44842555
4,58,5,44843605
11,50,12,44854589
14,47,15,44855605
12,49,12,44855843
15,47,10,44859904
14,46,2,44859911
4,60,11,44860076
15,46,15,44861241
14,47,12,44864121
5,60,11,44864175
5,59,11,44864385
12,58,1,44864618
13,59,12,44864951
16,45,15,44865376
17,44,1,44865394
4,58,2,44865547
5,60,8,44865808
6,59,11,44865817
5,61,8,44866237
11,60,15,44867148
7,59,8,44869010
18,45,12,44869580
14,56,2,44869657
23,44,10,44870734
17,44,15,44870876
21,43,1,44871477
15,45,1,44873031
6,58,11,44873224
13,46,15,44873292
12,58,9,44873351
17,45,4,44874343
20,43,12,44874643
16,45,12,44874938
15,45,2,44874939
19,41,2,44884736
14,52,2,44887133
20,40,2,44890077
19,41,1,44893102
13,57,12,44893686
19,41,10,44894226
20,39,1,44895482
21,40,15,44895761
18,58,1,44895971
16,52,9,44896750
25,39,9,44897354
21,55,15,44897835
11,50,9,44897960
21,54,9,44898316
22,39,1,44899264
20,59,1,44900004
22,39,9,44900279
21,38,1,44900285
18,61,1,44900378
21,58,1,44900379
24,38,10,44901248
23,39,2,44901249
21,40,12,44901261
21,56,11,44902343
13,51,10,44902842
18,39,10,44902965
19,40,15,44902966
20,40,12,44903267
23,37,9,44903719
12,47,1,44903973
23,38,15,44903992
23,38,1,44903998
21,38,15,44904113
20,39,2,44904173
20,39,9,44906522
21,36,15,44925413
16,45,10,44927067
18,38,2,44927637
22,37,12,44927905
20,36,2,44932237
24,36,9,44932242
21,35,1,44932253
22,48,9,44933572
24,46,1,44934467
22,34,9,44934592
22,34,1,44934594
21,53,2,44934696
32,36,10,44952692
21,35,12,44953827
20,34,1,44956393
21,34,12,44959390
22,32,9,44960543
22,32,1,44960559
22,32,2,44961695
28,31,9,44961881
23,31,1,44967203
22,33,12,44967931
30,32,10,44968438
22,31,12,44994547
31,30,10,44997806
31,29,4,45000699
23,27,1,45010339
22,28,2,45018486
24,26,1,45018497
33,29,10,45024443
32,29,10,45024895
23,27,9,45025516
24,27,12,45026197
34,30,10,45027345
27,27,2,45030386
33,29,3,45121607
33,30,3,45146948
31,28,3,45147034
34,30,3,45250819
20,29,8,45337759
20,28,11,45338239
21,29,8,45372834
42,28,13,45745866
45,33,13,45775188
43,31,13,45775220
21,30,6,45861959
19,32,6,45870939
21,31,12,45873395
21,30,5,45874535
21,30,15,45874776
17,34,6,45898439
20,31,12,45899635
20,30,15,45900168
22,29,12,45904083
19,30,15,45921549
20,29,15,45922616
19,31,12,45922862
17,31,6,45928706
22,27,2,45929074
16,35,5,45933820
17,33,12,45934584
22,28,12,45936085
19,29,15,45936734
16,35,13,45936894
18,31,12,45936996
19,29,1,45937913
18,30,12,45949628
14,34,5,45952424
18,29,15,45952642
16,31,15,45954273
15,32,15,45955720
15,33,15,45956155
16,30,15,45958883
15,33,12,45958917
15,50,14,45959512
14,33,15,45960149
14,35,12,45960514
14,35,15,45961107
13,48,14,45961978
13,36,5,45962564
18,28,15,45962705
14,36,12,45962933
16,34,12,45962955
14,34,12,45963597
15,31,15,45963739
18,28,1,45965041
18,29,12,45965259
17,30,13,45965955
14,32,15,45966762
12,37,15,45967136
13,48,5,45967441
15,32,12,45967464
20,27,1,45967501
21,27,12,45967597
15,33,13,45967903
14,33,14,45968465
46,9,13,45968911
13,32,15,45977710
15,29,15,45981438
17,27,15,45985625
9,41,5,45987451
11,51,13,45987687
10,50,5,45987694
18,27,12,45990247
17,27,2,45991147
18,26,1,45991162
14,29,15,45991784
11,53,14,45992273
9,49,5,45992697
8,39,15,45994952
15,28,15,45995064
13,34,6,45996128
19,55,15,45997058
16,56,0,45998637
16,28,12,45999398
9,49,4,45999631
10,35,15,45999983
5,40,2,46077499
8,35,8,46079371
8,34,1,46080106
5,40,10,46081080
17,25,6,46082425
17,25,5,46082435
7,38,2,46084380
24,27,14,46085908
6,38,11,46087258
8,36,11,46087260
7,50,0,46087602
6,39,8,46088550
6,40,8,46088578
7,49,0,46089046
6,48,3,46089063
7,48,0,46089210
13,29,8,46089214
15,27,8,46089217
12,29,11,46089581
7,38,11,46089976
17,26,6,46090150
13,28,11,46090189
7,48,3,46090895
7,40,8,46091048
7,42,10,46091538
5,44,2,46091542
7,39,11,46091896
7,46,8,46093241
6,43,0,46093246
8,50,3,46093414
13,30,8,46103007
15,28,8,46103008
12,52,14,46108059
17,27,8,46108735
15,28,11,46109175
14,29,11,46111048
9,45,9,46113820
17,48,8,46119102
18,26,11,46119873
14,30,11,46119950
16,28,11,46119955
17,28,8,46120575
19,26,8,46120576
19,25,11,46120597
11,40,3,46121754
16,29,8,46121878
18,51,15,46122526
19,51,12,46122730
10,41,3,46122872
14,44,2,46124027
13,45,1,46124041
16,29,11,46136457
15,30,11,46136505
17,29,8,46142742
18,28,11,46148145
18,29,8,46148583
17,30,8,46152032
17,29,11,46153689
17,30,5,46241394
15,32,5,46245260
17,29,15,46270162
18,28,15,46274028
17,30,12,46275837
15,31,15,46276035
37,29,10,46276878
17,29,12,46300280
18,28,12,46301381
15,29,6,46306438
37,27,9,46306688
15,30,11,46366211
17,28,11,46366236
14,34,8,46367904
16,30,8,46368828
18,28,8,46368849
19,28,8,46385895
17,29,11,46388584
19,27,11,46388625
19,29,8,46403580
20,28,8,46406253
22,25,1,46518391
20,27,15,46521864
20,28,12,46524214
21,26,15,46528727
20,28,8,46619867
19,28,11,46620026
21,26,11,46620060
21,27,12,46710162
20,27,15,46711049
19,29,12,46711627
21,26,1,46715578
17,29,6,46734984
19,28,12,46743660
19,27,15,46746717
18,28,11,46832058
21,26,8,46834501
20,28,8,46866043
19,28,11,46866797
21,26,11,46866884
20,28,11,46898404
22,26,11,46898419
23,27,1,47023390
22,28,2,47028217
17,33,5,47038436
17,30,14,47039637
21,27,12,47040706
17,33,13,47041300
23,25,12,47042222
19,28,12,47042301
18,29,5,47042487
19,27,15,47042763
20,26,15,47042877
17,34,12,47043191
16,33,6,47043292
15,32,6,47043425
26,28,15,47044276
16,31,5,47044876
16,30,15,47045012
16,41,14,47045585
14,33,6,47045967
27,26,5,47045989
19,26,15,47046053
17,32,14,47046255
15,30,14,47046259
16,42,14,47046277
18,28,12,47046499
23,45,14,47046518
14,34,15,47046691
17,28,15,47046819
16,30,12,47046978
15,40,7,47047066
15,32,5,47047154
16,32,12,47047159
20,26,12,47047297
15,34,15,47047526
17,27,15,47047628
18,27,12,47047844
14,33,15,47047948
16,33,14,47047957
19,26,12,47048171
15,30,15,47048179
26,27,6,47048299
57,2,1,47048405
14,32,15,47048540
14,35,12,47048570
12,35,6,47048605
39,26,9,47048636
15,31,12,47048807
22,26,7,47048880
15,33,12,47049199
16,29,12,47049273
14,40,4,47049284
29,24,12,47049395
30,23,12,47049403
15,42,14,47049456
14,35,6,47049509
24,29,6,47049547
13,36,12,47049584
21,25,12,47049772
14,29,14,47049886
16,27,1,47049922
17,27,12,47050058
16,28,12,47050067
18,30,4,47050072
14,40,12,47050114
27,25,15,47050124
13,40,14,47050192
15,30,12,47050200
15,32,4,47050212
16,27,15,47050235
16,42,6,47050273
14,32,12,47050465
13,35,14,47050527
11,35,10,47050539
14,31,14,47050565
15,29,15,47050575
20,25,12,47050593
14,38,6,47050691
13,34,14,47050787
13,33,15,47050799
14,36,7,47050800
14,35,7,47051006
14,39,13,47051100
14,33,4,47051138
12,38,14,47051246
14,42,12,47051273
14,43,7,47051287
14,29,15,47051321
15,32,7,47051322
15,40,5,47051335
16,26,5,47051377
15,29,12,47051420
15,33,4,47051423
14,29,1,47051438
14,33,12,47051486
13,35,15,47051497
12,38,7,47051498
13,34,15,47051523
14,41,13,47051555
24,24,7,47051563
23,32,6,47051582
25,30,6,47051584
19,28,4,47051593
21,38,10,47051750
12,37,6,47051814
17,29,7,47051878
26,32,13,47051886
12,36,12,47052047
13,39,4,47052061
12,34,2,47052062
11,37,7,47052080
16,26,15,47052202
22,38,10,47052221
35,24,4,47052247
13,34,13,47052249
17,25,15,47052269
13,34,5,47052403
13,32,6,47052442
12,33,15,47052446
14,33,7,47052478
13,33,7,47052507
13,41,12,47052516
16,30,13,47052522
14,28,5,47052526
14,44,6,47052547
10,37,6,47052573
24,28,15,47052587
13,32,12,47052667
12,38,6,47052730
18,45,13,47052813
14,37,5,47052897
20,24,7,47052934
13,40,13,47052954
12,37,5,47052959
17,45,5,47053146
27,21,10,47053148
13,31,15,47053239
15,28,12,47053307
36,24,9,47053320
13,43,12,47053336
11,39,14,47053346
12,35,12,47053364
29,22,15,47053448
31,22,7,47053453
12,34,12,47053459
24,29,5,47053481
18,31,14,47053538
19,26,7,47053617
19,25,4,47053664
31,21,9,47053739
17,25,12,47053746
14,34,4,47053803
14,44,5,47053806
12,40,14,47053848
24,28,2,47053886
14,29,13,47053888
14,31,4,47053901
29,23,4,47053939
13,42,13,47053979
20,24,12,47054019
13,30,14,47054075
14,28,15,47054083
14,32,7,47054087
34,23,7,47054139
13,30,5,47054158
12,33,12,47054161
13,36,4,47054163
11,33,6,47054213
12,32,5,47054224
27,22,2,47054279
24,30,13,47054291
15,26,6,47054307
15,26,15,47054338
15,30,7,47054341
26,27,14,47054387
16,26,7,47054475
11,34,6,47054514
13,41,15,47054530
13,40,6,47054545
14,28,12,47054557
11,33,15,47054574
26,24,2,47054611
21,25,4,47054647
13,31,12,47054664
12,34,4,47054669
11,36,15,47054766
29,23,12,47054804
31,22,10,47054815
29,22,1,47054831
27,24,15,47054840
25,26,7,47054845
13,28,15,47054849
13,30,7,47054853
28,24,12,47054862
24,24,4,47054869
12,41,14,47054896
11,38,6,47054902
10,34,13,47054908
10,34,5,47054911
9,38,6,47054922
12,32,7,47054957
10,35,15,47055009
15,30,4,47055025
31,22,4,47055035
29,21,2,47055047
10,41,14,47055105
11,40,6,47055110
12,42,4,47055196
33,22,9,47055222
10,36,12,47055277
15,28,4,47055304
15,26,12,47055306
16,27,4,47055310
11,34,12,47055325
12,37,4,47055334
12,35,14,47055407
10,37,12,47055493
9,36,15,47055502
12,39,5,47055536
40,27,3,47055670
11,37,14,47055683
10,33,5,47055697
12,31,5,47055699
11,33,12,47055703
28,23,12,47055778
18,26,7,47055857
26,23,4,47055898
17,24,15,47055911
11,37,6,47055926
20,25,4,47055946
13,42,5,47055968
12,44,12,47055974
19,23,12,47056002
13,33,4,47056030
17,24,12,47056041
19,23,15,47056099
10,34,15,47056117
10,36,7,47056123
35,23,10,47056179
15,25,15,47056183
18,24,7,47056190
12,29,15,47056222
31,22,12,47056234
33,22,4,47056239
13,48,14,47056242
19,48,5,47056296
18,48,8,47056302
11,46,14,47056309
12,45,13,47056319
12,41,5,47056324
20,49,1,47056346
10,35,6,47056354
22,34,13,47056367
29,21,15,47056481
31,23,12,47056520
10,32,2,47056565
11,30,15,47056585
12,31,9,47056597
10,31,1,47056602
12,29,1,47056604
13,45,5,47056622
9,35,6,47056637
10,35,12,47056653
11,43,4,47056686
11,34,4,47056705
17,23,1,47056736
14,26,15,47056804
14,49,14,47056814
11,41,15,47057027
22,22,15,47057130
10,32,15,47057168
8,39,6,47057184
10,39,5,47057224
11,45,4,47057326
25,25,7,47057352
10,40,4,47057383
10,34,12,47057474
11,37,4,47057479
10,45,14,47057484
28,21,4,47057499
9,36,12,47057513
10,35,4,47057527
8,35,14,47057541
33,22,7,47057553
13,28,12,47057573
13,30,4,47057580
9,33,15,47057607
15,26,7,47057630
9,34,15,47057667
9,36,7,47057673
26,22,12,47057678
29,21,4,47057682
11,34,7,47057695
31,22,9,47057770
28,21,1,47057779
14,28,4,47057823
13,49,14,47057825
13,49,6,47057831
30,21,7,47057879
21,21,2,47057892
27,24,12,47057955
25,26,4,47057956
28,21,2,47058043
9,39,15,47058045
22,22,4,47058073
9,41,4,47058092
9,44,5,47058097
10,34,4,47058108
30,21,1,47058120
30,21,12,47058123
32,21,4,47058126
12,46,5,47058137
10,40,15,47058142
9,40,5,47058194
9,44,14,47058248
15,24,15,47058257
14,27,7,47058263
19,23,4,47058439
9,35,12,47058512
13,48,6,47058546
8,35,15,47058550
18,50,14,47058616
30,21,4,47058731
34,22,7,47058747
10,48,5,47058838
10,37,4,47058868
7,34,10,47058874
16,24,7,47058884
34,22,15,47058900
18,22,15,47058938
7,35,14,47058969
26,23,15,47058978
27,24,7,47058981
26,23,7,47058982
14,50,14,47058990
8,40,4,47059030
15,25,7,47059042
8,34,15,47059072
7,37,15,47059091
8,40,7,47059095
10,45,13,47059102
16,25,4,47059135
9,32,15,47059148
9,34,7,47059153
30,20,2,47059190
15,23,10,47059200
32,23,2,47059222
8,36,12,47059266
9,38,12,47059284
11,47,13,47059312
29,21,7,47059383
28,20,7,47059385
23,28,5,47059393
25,26,5,47059396
24,27,14,47059407
24,27,6,47059412
8,32,13,47059466
42,29,3,47059500
19,22,15,47059531
8,33,15,47059551
9,35,4,47059620
29,21,9,47059621
8,38,5,47059662
28,21,9,47059697
18,22,9,47059736
30,22,10,47059774
34,22,9,47059852
30,22,1,47059857
32,20,1,47059858
7,36,15,47059859
10,40,12,47059882
9,43,4,47059884
9,43,7,47059902
17,22,15,47059917
11,44,5,47059978
27,20,7,47059999
31,21,4,47060075
9,37,13,47060156
7,39,5,47060309
43,30,0,47060323
9,34,4,47060333
11,46,12,47060361
26,20,9,47060373
24,25,14,47060395
26,23,1,47060430
8,35,12,47060433
26,26,4,47060478
25,25,4,47060479
6,37,15,47060510
30,20,9,47060523
29,19,9,47060524
18,23,4,47060535
21,21,1,47060578
8,42,7,47060616
7,37,12,47060632
7,39,4,47060641
19,21,15,47060683
22,22,7,47060689
8,34,12,47060735
19,23,10,47060748
8,35,4,47060798
23,21,15,47060841
17,23,12,47060871
35,23,1,47060899
24,26,7,47060906
38,23,10,47060919
33,22,10,47060950
29,22,2,47060957
8,33,7,47060994
8,43,12,47061034
30,19,9,47061050
8,34,4,47061091
16,24,4,47061160
35,22,7,47061293
24,24,6,47061303
26,21,15,47061321
29,20,7,47061341
31,21,12,47061368
8,32,14,47061378
7,34,15,47061398
7,36,7,47061407
6,40,14,47061425
8,41,6,47061519
24,31,13,47061529
7,42,14,47061547
23,24,7,47061555
14,51,7,47061603
29,31,1,47061659
3,38,14,47061698
5,38,15,47061700
6,41,7,47061706
5,38,12,47061719
4,39,12,47061829
13,26,4,47061841
7,35,12,47061913
6,36,15,47061926
6,38,7,47061945
24,26,4,47061972
22,24,4,47061983
23,20,7,47062017
29,20,9,47062036
8,45,5,47062056
8,46,14,47062075
21,21,4,47062111
18,23,7,47062119
25,22,1,47062129
27,20,1,47062132
8,37,4,47062174
9,47,13,47062195
9,45,5,47062200
8,36,7,47062214
14,25,7,47062241
9,43,12,47062284
9,49,5,47062359
27,22,12,47062361
28,25,4,47062364
24,21,4,47062377
8,50,6,47062392
6,35,15,47062397
6,40,5,47062434
8,36,4,47062550
12,27,7,47062731
7,37,7,47062932
23,25,6,47062954
24,24,5,47062988
26,21,2,47063016
14,24,7,47063139
6,36,4,47063314
15,23,4,47063433
12,50,6,47063640
11,51,5,47063693
13,49,5,47063698
12,23,6,47063954
7,25,10,47064047
26,27,4,47064228
22,23,4,47064274
24,23,2,47064557
42,33,14,47065596
53,1,10,47067014
43,33,2,47067158
43,38,14,47068158
54,2,10,47071826
54,1,12,47072356
54,2,2,47072533
19,21,13,47073022
4,26,13,47073153
3,27,5,47073154
5,25,5,47073156
9,21,6,47074659
45,11,3,47076592
46,11,4,47077065
56,1,11,47077172
41,35,2,47077930
42,39,6,47077970
18,22,6,47078139
41,38,5,47078961
20,20,6,47079109
5,24,11,47079680
56,2,0,47079930
40,32,7,47079951
44,7,12,47080100
35,31,6,47080214
37,29,6,47080223
45,7,3,47080234
43,5,3,47080236
56,2,8,47080331
42,32,0,47080399
4,25,5,47080408
46,13,2,47080436
18,22,11,47080701
52,0,10,47080805
53,3,2,47080808
54,1,7,47080864
46,10,14,47080914
45,11,10,47080928
45,6,8,47081036
45,6,14,47081075
46,12,11,47081098
10,21,1,47081152
53,2,2,47081265
55,1,9,47081270
14,18,5,47081392
45,8,7,47081570
38,29,15,47081708
44,8,13,47081799
43,6,14,47081905
28,20,4,47082714
53,2,12,47082794
55,0,12,47082796
55,2,4,47082798
53,0,4,47082799
3,27,14,47083018
53,1,15,47083221
53,1,7,47083223
34,35,10,47083243
34,35,2,47083246
35,34,1,47083310
37,37,6,47083381
45,5,4,47083420
36,38,7,47083614
32,30,13,47083974
34,25,15,47084035
38,37,12,47084082
56,1,3,47084203
17,23,11,47084451
20,20,11,47084453
44,7,8,47085522
45,6,0,47085526
34,34,15,47085789
44,7,14,47085838
55,1,10,47085920
54,1,14,47086069
54,1,6,47086073
45,8,11,47086353
45,8,3,47086360
26,22,15,47086403
28,20,12,47086417
33,31,13,47086442
32,28,5,47086447
44,11,10,47086499
56,2,10,47086985
43,8,8,47087499
46,5,8,47087503
20,20,5,47087570
44,8,0,47087975
46,13,10,47088043
46,9,13,47088989
44,7,13,47088993
45,7,3,47089129
40,42,14,47090084
40,42,6,47090089
27,38,1,47090416
46,9,0,47090879
45,8,5,47090985
43,5,11,47091071
43,5,3,47091077
18,22,14,47091173
54,2,8,47091329
45,4,13,47092091
28,35,3,47092138
46,9,12,47092178
23,29,3,47093546
44,9,0,47095334
12,20,13,47108540
7,20,6,47109798
23,44,5,47109889
19,39,9,47110739
14,22,13,47110799
13,21,5,47110805
20,35,1,47111236
3,22,6,47111918
9,18,3,47112465
20,31,9,47113507
21,35,4,47113728
6,21,5,47114094
2,23,5,47114103
8,20,6,47114405
18,49,14,47114525
10,54,2,47114819
12,52,2,47114820
13,23,5,47115869
13,23,6,47115879
15,43,6,47115936
9,20,8,47115955
17,48,8,47116264
3,23,8,47116665
17,50,6,47117344
12,24,5,47117390
11,21,3,47117464
13,45,7,47117830
46,10,6,47118105
2,24,8,47118200
5,22,5,47118227
15,42,13,47118313
15,42,5,47118335
13,49,1,47118426
14,42,14,47118590
16,44,7,47118609
8,20,11,47118763
4,23,6,47119602
10,50,10,47119725
17,32,11,47119817
46,10,14,47120351
46,9,8,47120486
45,10,0,47120509
5,21,11,47120746
3,22,11,47120829
16,53,2,47121313
43,6,15,47121322
26,43,13,47121422
28,43,5,47121427
43,5,14,47121502
22,52,9,47121966
18,38,9,47122456
12,44,15,47122583
10,20,5,47122659
21,31,0,47123110
12,21,8,47123346
4,23,8,47123729
7,22,8,47123934
3,24,8,47123968
13,50,14,47124102
7,21,5,47124314
5,22,11,47124316
14,44,6,47124341
14,44,5,47124351
16,42,5,47124352
9,20,11,47124732
5,23,6,47124937
13,24,6,47125642
20,34,4,47125922
8,24,6,47138688
4,26,5,47140022
3,26,11,47141528
6,26,6,47143438
9,25,14,47144697
7,25,8,47147710
11,26,6,47152042
10,28,11,47152120
5,44,14,47153395
6,26,13,47154301
4,29,11,47155481
6,28,0,47156553
13,29,11,47180315
25,41,14,48841391
39,36,14,48842677
26,37,8,48843977
16,38,6,48901549
24,45,14,48988131
22,58,8,49084985
20,60,8,49086956
21,59,11,49088406
22,58,11,49088924
22,57,0,49117182
19,56,11,49118373
12,46,11,49122039
20,58,8,49122191
21,57,11,49122516
20,57,8,49122554
18,59,8,49125565
19,60,5,49133819
10,49,5,49153747
17,51,8,49184112
11,50,13,49184933
13,54,13,49213051
18,55,14,49214596
17,54,6,49214599
19,52,6,49214624
11,56,0,49217301
12,59,8,49241442
12,59,5,49246530
20,57,8,49247150
12,59,6,49247191
46,20,14,51154733
46,19,5,51155768
46,20,9,51156769
57,43,1,51184082
57,13,4,51188268
54,12,10,51218438
58,37,15,51247895
18,59,2,51343000
19,58,2,51343442
14,58,2,51352975
15,57,1,51353191
21,56,2,51364494
20,53,9,51368851
16,53,15,51369167
15,53,2,51371882
16,53,12,51372083
14,53,15,51373164
15,53,10,51373726
22,49,5,51388164
20,51,5,51397947
17,47,2,51399576
23,47,12,51400332
23,47,2,51404116
23,44,2,51404709
18,55,5,51404776
13,45,5,51415084
14,44,5,51415920
9,56,1,51429801
22,53,2,51430347
17,41,12,51432886
20,42,2,51434136
16,54,12,51434483
16,52,15,51435754
22,53,10,51435767
13,56,9,51436317
11,54,9,51436318
11,54,1,51436324
9,56,2,51436339
16,48,15,51460131
16,38,12,51463479
27,38,10,51466205
24,51,1,51467379
27,34,7,51497713
26,35,2,51499400
14,38,1,51513172
15,37,1,51522814
14,38,2,51527088
18,35,11,51554149
17,38,2,51559181
17,38,1,51561418
16,40,8,51562056
34,33,10,51588161
21,34,6,52057914
22,32,1,52218616
25,29,2,52481503
24,31,5,52481785
24,30,1,52484466
26,28,1,52484467
23,31,5,52485533
21,35,5,52485764
21,33,5,52486460
23,32,12,52486746
22,33,12,52487229
20,37,6,52487479
22,32,15,52487515
23,32,5,52487861
22,33,6,52488143
22,42,7,52488305
22,33,15,52489133
21,35,13,52489796
21,33,15,52490079
21,41,4,52490234
20,38,6,52490509
20,38,5,52490519
23,31,12,52490582
22,45,7,52490795
25,29,12,52490996
21,35,12,52491195
23,30,15,52491274
21,33,6,52491605
23,46,7,52491805
20,42,14,52491806
19,39,14,52491917
20,38,15,52491921
20,40,7,52491934
20,36,6,52492491
21,36,15,52492501
20,36,15,52492563
21,39,7,52492566
20,42,7,52492772
20,39,15,52493214
20,36,12,52493256
21,36,12,52493574
20,39,4,52493575
20,35,14,52494093
31,25,2,52494257
20,33,15,52494262
21,36,7,52494265
21,37,12,52494312
21,41,15,52494463
33,25,2,52494705
19,37,7,52494926
22,42,5,52494962
20,39,7,52494973
21,43,4,52495056
20,39,12,52495311
19,38,15,52495451
20,41,7,52495455
19,34,15,52495616
19,35,5,52495889
18,40,6,52495982
19,41,13,52495989
19,39,5,52495996
19,41,7,52496002
19,39,7,52496092
19,43,13,52496170
20,43,12,52496572
20,34,12,52496676
19,37,4,52496693
25,28,2,52496744
20,35,5,52496813
18,40,13,52497206
18,40,5,52497210
19,38,12,52497308
20,41,4,52497310
19,40,12,52497331
27,27,1,52497455
26,27,2,52497573
20,41,15,52497836
19,41,4,52497874
20,39,5,52498064
17,40,14,52498100
17,40,6,52498109
18,42,13,52498122
20,40,5,52498128
20,46,5,52498212
18,40,7,52498359
26,27,15,52498521
18,39,7,52498549
19,35,7,52498752
19,38,4,52498899
18,35,15,52498903
18,39,15,52499092
19,42,13,52499372
21,34,7,52499416
20,41,5,52499755
17,43,6,52499887
18,36,12,52499935
19,39,4,52499942
18,40,12,52499963
20,44,6,52500030
18,39,4,52500059
20,33,12,52500108
20,37,4,52500115
19,44,12,52500123
17,39,13,52500137
18,39,12,52500153
35,26,9,52500170
33,24,9,52500171
31,26,1,52500177
33,24,1,52500179
18,35,12,52500335
18,36,7,52500476
23,47,5,52500571
18,44,5,52500585
18,36,4,52500691
28,25,10,52500818
17,37,6,52500881
18,36,5,52500899
17,36,7,52501179
15,36,13,52505546
18,30,6,52506155
14,42,14,52506288
14,42,6,52506293
15,44,15,52506550
16,43,15,52506555
15,44,12,52507212
17,51,0,52507397
15,44,13,52507844
13,41,14,52508064
16,47,13,52508266
14,45,13,52508267
15,38,15,52508448
15,49,14,52508504
14,46,14,52508601
14,44,15,52508609
16,51,14,52508708
13,42,13,52509068
21,55,0,52509123
14,39,12,52509337
15,42,4,52509340
13,44,13,52509508
13,44,5,52509510
15,42,5,52509516
14,42,13,52509520
13,41,5,52509524
15,39,5,52509529
13,45,6,52509946
14,49,14,52510094
17,55,5,52510144
14,44,12,52510159
12,46,14,52514888
14,46,6,52514889
13,45,13,52515439
14,44,5,52515444
13,48,11,52516565
15,50,13,52516706
16,49,5,52516708
16,50,0,52516718
14,48,0,52516721
17,54,11,52516815
14,49,3,52517013
49,51,15,52517027
15,50,0,52517142
16,51,3,52517160
14,50,7,52517169
16,51,0,52517328
17,52,3,52517614
14,46,8,52517650
22,55,2,52517698
14,47,11,52517711
17,31,6,52517908
19,53,5,52518099
47,53,15,52518149
14,35,2,52518200
15,39,13,52518245
15,41,5,52518246
20,57,2,52518505
14,40,2,52518628
14,47,0,52518641
50,49,5,52518790
14,38,6,52518923
48,51,5,52519245
21,57,9,52519302
16,49,3,52519535
49,51,14,52519623
48,51,15,52519676
49,50,12,52519811
13,39,9,52520058
15,40,5,52520321
16,49,0,52520475
15,34,2,52520540
20,55,4,52520636
47,31,12,52520698
47,31,4,52520704
50,48,6,52520711
15,41,13,52520858
16,40,5,52520864
16,46,8,52520913
13,45,0,52520926
14,48,11,52520928
16,46,11,52520932
15,47,3,52520933
13,45,3,52520934
50,49,12,52521878
16,44,14,52521913
15,43,6,52521918
13,45,15,52521920
14,42,7,52521926
14,44,10,52521932
20,56,8,52521970
20,56,0,52521975
18,54,0,52521976
49,33,13,52521978
46,52,6,52522008
48,52,13,52522018
17,50,2,52522044
15,48,9,52522048
18,49,1,52522050
17,50,8,52522064
17,50,0,52522071
21,55,11,52522117
21,55,8,52522127
23,57,0,52522132
20,54,0,52522134
21,57,10,52522149
16,32,2,52522335
49,48,15,52522362
15,45,8,52522417
16,46,0,52522422
14,44,0,52522428
16,34,6,52522477
19,53,13,52522506
51,43,12,52522549
19,53,11,52522605
19,53,3,52522610
49,47,8,52522626
49,48,6,52522637
14,35,9,52522674
50,44,10,52522903
19,48,1,52522970
23,54,2,52523011
49,45,15,52523115
49,45,7,52523119
50,48,10,52523125
50,44,2,52523131
19,54,8,52523159
20,58,2,52523335
14,44,3,52523371
50,51,4,52523470
48,49,4,52523471
15,48,10,52523489
18,49,2,52523491
22,55,1,52523597
22,55,2,52523688
18,51,9,52523779
18,31,8,52523825
48,46,15,52524087
48,49,10,52524122
48,48,7,52524233
17,47,4,52524282
16,51,11,52524392
49,45,1,52524432
51,43,1,52524433
49,45,10,52524436
48,46,2,52524440
47,53,10,52524470
45,51,10,52524471
45,51,2,52524475
49,47,12,52524508
47,47,15,52524527
50,41,4,52524552
21,55,0,52524575
21,55,14,52524589
47,31,14,52524689
47,33,14,52524828
47,31,13,52524837
49,35,14,52524864
47,33,6,52524870
47,47,4,52524986
48,48,12,52525120
46,30,13,52525234
19,50,1,52525276
50,41,12,52525277
47,36,8,52525310
16,48,10,52525339
50,42,14,52525429
49,39,5,52525434
49,41,9,52525445
19,50,9,52525450
16,51,1,52525455
18,48,15,52525487
47,42,6,52525500
48,41,6,52525501
49,42,7,52525511
16,44,7,52525524
21,54,10,52525715
45,51,11,52525724
47,49,11,52525725
47,39,9,52525757
47,39,1,52525759
47,46,14,52525864
48,40,5,52526118
47,50,4,52526228
17,47,0,52526273
14,45,8,52526313
15,42,0,52526317
16,42,12,52526324
15,37,5,52526631
15,37,8,52526638
17,35,8,52526641
16,36,0,52526643
46,32,14,52526654
49,41,13,52526691
49,40,9,52526823
49,40,4,52526953
46,42,5,52527019
22,54,8,52527042
48,41,7,52527070
50,43,4,52527137
15,35,11,52527286
43,40,15,52527489
47,48,13,52527576
47,49,4,52527590
16,31,11,52527652
44,40,10,52527831
15,42,8,52527912
20,53,2,52528053
47,42,13,52528112
47,42,5,52528115
48,40,6,52528139
18,52,8,52528178
20,50,0,52528191
45,35,6,52528208
47,33,15,52528231
35,23,9,52528293
16,38,11,52528522
16,33,6,52528529
22,50,13,52528553
20,48,13,52528554
20,52,5,52528562
15,36,9,52528605
23,53,2,52528631
15,36,10,52528632
22,54,2,52528747
44,47,6,52528770
41,35,9,52528828
15,41,8,52528887
42,27,0,52528991
20,49,1,52529112
45,39,9,52529171
45,33,7,52529208
44,34,10,52529219
23,52,12,52529237
46,31,13,52529291
42,36,9,52529404
45,50,7,52529577
48,34,5,52529708
45,47,4,52530313
17,32,0,52530327
40,38,14,52530518
23,51,14,52530684
38,25,10,52530881
36,23,10,52530893
24,46,5,52531078
16,38,3,52531123
41,38,4,52531166
16,37,8,52531357
15,39,6,52531728
23,40,1,52531820
25,38,1,52531822
19,30,8,52542296
37,35,6,52544045
36,35,12,52546209
34,35,5,52546282
36,33,5,52546288
20,28,11,52546644
22,26,11,52546660
21,28,8,52547166
23,26,2,52547419
42,30,4,52547721
40,28,4,52547736
22,27,8,52547924
40,27,13,52548139
33,35,5,52548849
25,37,4,52549167
39,27,6,52549326
37,33,12,52550355
39,26,13,52551127
39,31,10,52551592
39,28,12,52554002
24,33,5,52554401
23,27,8,52555784
37,29,10,52555905
26,31,5,52557842
22,27,11,52557998
36,28,10,52558557
22,32,0,52560130
22,32,3,52560146
20,30,3,52560157
20,31,8,52561264
20,30,11,52561272
22,28,11,52561995
23,28,11,52582396
25,26,11,52582428
25,28,8,52588932
18,30,6,53146988
18,30,14,53186199
11,32,13,53308048
43,36,8,53905461
38,37,6,53930622
20,40,6,53963459
21,39,8,53964924
42,39,6,53965073
21,39,5,53968574
28,41,5,53980665
51,17,8,53984930
22,40,13,53988617
21,41,14,53989324
21,41,6,53989379
27,42,5,53990856
22,42,14,53992151
23,41,6,53994517
48,41,8,53995227
23,41,5,53995502
49,41,5,53998464
48,41,0,53998472
21,43,6,53998894
21,46,5,54027563
22,45,5,54027564
48,43,3,54028017
25,45,6,54048523
4,51,6,54052901
25,45,5,54053106
46,47,1,54053582
24,46,6,54057588
23,46,11,54059454
24,46,5,54059970
24,47,8,54062839
44,49,3,54089819
54,20,9,54121018
53,55,8,54123479
52,17,14,55772204
60,7,15,55842797
43,33,2,55906074
33,37,8,56119937
36,35,15,56123443
28,32,2,56233495
30,31,15,56242769
27,41,2,56274129
38,33,2,56279859
42,23,9,56339117
47,26,13,56774061
50,33,7,56779611
45,25,13,56801075
61,4,0,57239321
51,9,9,57244279
27,33,14,57246951
27,33,6,57247583
28,32,6,57250026
28,28,6,57259022
30,26,6,57259294
30,26,5,57259304
27,29,6,57260162
27,31,12,57260636
31,26,1,57261121
27,29,5,57261293
30,27,2,57262243
32,25,1,57263766
25,31,15,57264255
25,32,12,57265750
27,28,15,57266131
48,45,11,57266371
44,25,9,57266525
41,24,7,57266833
28,28,12,57267162
49,36,11,57267194
49,45,11,57267550
27,29,12,57267613
46,26,10,57267627
47,47,11,57267635
49,30,3,57268157
32,25,15,57268421
47,46,11,57268706
49,29,0,57269079
50,31,0,57269519
49,46,8,57269951
26,29,15,57270280
25,31,12,57270461
50,30,0,57270622
51,34,11,57270657
51,32,3,57270659
24,32,1,57270795
40,24,7,57271173
27,27,15,57271478
42,24,7,57271956
50,45,8,57272083
27,28,12,57272109
48,47,11,57272209
34,23,15,57272315
37,24,10,57272493
26,28,15,57272768
43,24,10,57272951
50,28,0,57272966
47,27,8,57273519
39,24,12,57273606
37,24,2,57273641
38,24,12,57273654
26,27,15,57273663
36,25,2,57273879
40,24,12,57274218
52,36,1,57274780
42,24,15,57274874
44,23,9,57274888
23,45,14,57275093
48,47,3,57275180
24,31,12,57275658
39,37,11,57275678
26,28,12,57275845
38,22,7,57276068
24,44,13,57276245
38,23,9,57276777
36,23,4,57276881
42,22,7,57276911
41,22,15,57276929
44,24,15,57277187
48,24,7,57277192
22,42,13,57277286
25,27,15,57277496
24,30,14,57277806
35,22,7,57278407
27,29,4,57278802
45,25,2,57278823
23,31,12,57278841
35,22,10,57278871
39,23,4,57278986
41,22,12,57279019
43,23,10,57279029
25,31,4,57279267
24,30,4,57279269
25,28,7,57279553
41,22,9,57279696
28,27,7,57280060
22,50,14,57280076
22,50,6,57280086
49,52,0,57280173
34,22,7,57280334
46,24,1,57280743
51,53,0,57280959
42,21,7,57281012
45,24,2,57281278
59,43,10,57281630
39,22,2,57281684
56,49,6,57291967
22,44,3,57292206
21,42,10,57292505
21,34,3,57292574
52,51,1,57294072
28,30,12,57294263
53,51,5,57294551
54,51,12,57294556
53,51,15,57294578
52,51,15,57294854
54,49,15,57294855
51,53,12,57295179
56,29,13,57295728
56,30,14,57295932
57,31,13,57296257
50,52,15,57296293
21,45,11,57296620
52,26,14,57296661
49,54,12,57296874
51,52,12,57296880
55,29,13,57297128
46,46,5,57297359
36,25,14,57297392
54,28,13,57297413
54,47,7,57297543
57,36,14,57297708
54,45,0,57297835
55,31,6,57297861
55,37,6,57298466
52,26,13,57298535
56,34,13,57298588
56,34,14,57298793
57,33,13,57298812
54,32,5,57298815
56,30,5,57298827
50,52,12,57298838
52,50,12,57298843
49,51,7,57298861
56,35,6,57298907
49,51,14,57298921
48,52,10,57298951
54,38,6,57299147
49,52,4,57299181
46,45,7,57299219
51,48,6,57299241
50,44,14,57299274
48,42,14,57299277
57,48,10,57299314
55,46,10,57299315
35,27,8,57299481
49,52,12,57299545
49,48,4,57299553
49,51,15,57299563
50,46,12,57299604
55,42,7,57299627
53,45,3,57299755
55,33,14,57299921
56,30,6,57299935
52,52,4,57299973
50,50,4,57299986
50,46,7,57300080
47,43,12,57300090
49,53,4,57300122
52,34,6,57300155
51,53,4,57300159
55,40,0,57300237
54,47,4,57300311
47,48,15,57300411
52,31,8,57300439
49,52,7,57300465
47,50,7,57300466
42,39,11,57300504
54,28,6,57300524
50,48,15,57300525
48,48,7,57300532
53,36,1,57300570
54,36,15,57300571
56,34,15,57300579
50,46,4,57300723
48,44,4,57300729
48,43,1,57300738
47,52,4,57300766
46,45,1,57300791
24,46,11,57300824
26,26,1,57300895
52,32,14,57300957
48,46,7,57301071
56,32,13,57301352
56,33,4,57301367
55,32,7,57301415
49,46,14,57301429
49,33,1,57301550
49,45,7,57301634
47,43,7,57301639
44,37,10,57301776
54,30,13,57301802
51,31,1,57301824
22,35,0,57302010
52,37,1,57302251
54,34,6,57302260
51,37,2,57302283
36,22,13,57302544
24,32,2,57302599
21,36,2,57302680
45,41,9,57302870
49,33,2,57303117
23,42,1,57303175
27,38,1,57303178
36,26,8,57303679
46,53,4,57303751
49,33,12,57303816
51,32,10,57303926
42,40,11,57303945
24,32,8,57303999
32,23,9,57304011
25,27,11,57304082
46,44,15,57304148
53,30,7,57304307
45,45,12,57304520
23,33,8,57304815
25,28,8,57304883
50,32,12,57304921
46,37,9,57305199
34,23,14,57305298
26,27,8,57305349
50,37,2,57305469
23,30,11,57305505
52,38,7,57306141
28,30,15,57306171
25,37,5,57306295
39,28,13,57306891
51,31,12,57307050
43,36,10,57307703
43,35,1,57307957
24,29,11,57308941
29,36,1,57309570
37,25,2,57310139
26,27,11,57310144
27,30,4,57310256
28,26,8,57310330
47,25,2,57310550
37,24,11,57310596
27,26,11,57310685
35,21,13,57310757
37,32,0,57310784
51,30,12,57311363
49,31,9,57311384
49,30,10,57311743
41,40,11,57311787
30,32,7,57311940
29,24,11,57312128
27,33,1,57312140
40,41,0,57312195
28,32,0,57312244
47,26,5,57320608
47,26,13,57322599
42,23,0,57324958
43,24,3,57326470
48,26,5,57328394
51,10,10,57330450
51,10,2,57330454
46,28,14,57331408
44,26,14,57331427
28,28,2,57333065
29,27,8,57333703
46,28,13,57334885
44,26,13,57334887
30,26,8,57336377
39,25,3,57338249
40,28,9,57343120
38,26,9,57343122
39,27,1,57343809
40,26,0,57345043
38,24,0,57345059
26,35,6,58210733
28,32,6,58302002
25,35,14,58305158
27,33,6,58305168
27,33,5,58305183
21,40,14,58305359
25,33,13,58307799
22,36,6,58310943
24,36,6,58312649
21,38,6,58335511
26,36,6,58342192
18,45,14,58362164
21,40,8,58367408
18,45,6,58370197
19,42,6,58388536
20,41,6,58399720
20,41,11,58401027
19,42,5,58402599
18,44,5,58406570
19,45,8,58431659
20,55,11,58433357
15,56,14,58433447
22,45,3,58435799
19,56,8,58437669
21,56,8,58437778
13,56,6,58437816
23,49,14,58453650
24,50,14,58455944
20,61,8,58462717
19,50,11,58466801
14,50,6,58467044
13,51,14,58467657
17,52,13,58484032
12,54,5,58491243
13,53,11,58491557
19,52,11,58492191
12,54,11,58492381
11,55,5,58492625
20,54,3,58493996
22,56,14,58494129
19,53,11,58496406
20,54,8,58497161
18,53,13,58497194
15,54,5,58498067
22,57,14,58498714
20,55,14,58498728
16,53,14,58499592
19,54,8,58499793
21,60,13,58516860
14,60,1,58517940
9,59,11,58519068
12,58,8,58520108
10,59,8,58520299
18,60,3,58520622
17,59,8,58521230
11,59,6,58522132
16,59,14,58522890
12,58,11,58523334
10,60,8,58523438
17,59,6,58523876
14,58,8,58524270
9,61,8,58524543
8,61,11,58524544
12,59,8,58525541
12,60,8,58525798
15,61,6,58525830
10,60,11,58526613
11,61,8,58526796
19,60,8,58527060
16,60,11,58527144
13,59,3,58527154
11,60,8,58527790
11,60,11,58527808
16,60,8,58527983
11,61,0,58528908
9,61,11,58529301
17,61,8,58529361
12,61,8,58529952
13,60,0,58530089
10,59,1,59944935
5,61,1,59945262
18,60,4,59945503
3,62,1,59945676
17,59,7,59945730
17,60,9,59945735
4,61,2,59945963
4,61,1,59945964
12,59,9,59946001
9,60,1,59946003
17,59,4,59946177
17,60,10,59946405
13,59,2,59947123
12,60,12,59947158
5,60,2,59947552
6,59,1,59947556
12,60,9,59947598
10,58,9,59947600
10,58,1,59947606
20,60,4,59947785
18,59,10,59948271
12,58,15,59948661
12,58,1,59948699
17,59,9,59948920
13,59,1,59948925
19,59,9,59949054
5,61,9,59949135
5,60,15,59949351
17,59,10,59949368
15,57,2,59949374
16,57,10,59949619
15,58,2,59949620
14,59,12,59949657
6,59,2,59949746
16,59,4,59949784
15,59,10,59949789
12,58,2,59949799
15,58,10,59949876
10,59,2,59949925
21,59,9,59950068
20,58,4,59950606
14,58,15,59950717
18,58,7,59950731
13,58,1,59950998
17,58,12,59951028
15,59,2,59951039
17,56,2,59951325
18,57,9,59951343
18,58,10,59951502
16,56,2,59951511
15,57,1,59951518
11,59,10,59951547
9,57,9,59951557
17,58,4,59951935
13,57,9,59952030
19,59,12,59952085
12,57,9,59952152
1,62,2,59952296
12,56,10,59952345
4,59,9,59952813
14,57,1,59953264
18,58,15,59953461
10,59,10,59953634
19,57,12,59953813
17,55,1,59954464
15,57,9,59954499
11,57,1,59954501
19,57,4,59954708
14,57,2,59954726
15,56,1,59954746
19,57,1,59954800
9,57,2,59955167
16,59,15,59955210
14,55,10,59955240
12,57,2,59955260
15,60,12,59955419
12,59,4,59955423
15,59,1,59955434
19,58,1,59955516
15,56,4,59955534
19,57,2,59955669
15,59,7,59955919
18,55,2,59955987
15,57,10,59956115
17,57,2,59956264
20,58,1,59956375
19,58,2,59956396
14,54,1,59956803
10,56,2,59957429
4,59,15,59957861
15,56,12,59957898
16,55,10,59957908
16,56,15,59957927
17,54,1,59957947
17,55,10,59958612
12,55,2,59958762
15,56,7,59958786
19,54,2,59958843
22,57,1,59958874
12,56,2,59958883
16,55,2,59958897
20,56,4,59958917
18,55,9,59959439
20,56,10,59959483
17,55,2,59959498
11,55,1,59959803
18,53,1,59959979
15,53,1,59960158
21,57,12,59960177
15,55,15,59960430
18,54,7,59960464
20,55,0,59960562
20,54,9,59961187
19,53,1,59961191
18,55,1,59961226
13,54,1,59961521
21,55,1,59961591
14,54,7,59961930
18,54,2,59962114
18,54,12,59962142
14,53,2,59962164
14,55,2,59962194
18,54,4,59962372
12,55,12,59962481
18,54,15,59962897
22,54,9,59963242
13,54,7,59963473
16,59,1,59963654
17,53,7,59963723
17,53,15,59963762
20,53,7,59963810
19,52,1,59963828
13,55,9,59963915
14,54,12,59964292
17,53,4,59964300
15,52,9,59964305
14,53,1,59964314
5,60,7,59964332
19,55,2,59964441
19,54,10,59964533
16,53,2,59964543
16,53,10,59964606
19,53,12,59964696
21,53,4,59964711
13,53,15,59964808
12,54,1,59964833
23,54,9,59964836
20,53,1,59964848
16,54,12,59965007
20,54,4,59965011
18,53,2,59965042
15,54,12,59965120
22,54,1,59965430
6,59,7,59965838
14,53,12,59966126
16,53,4,59966130
16,52,15,59966512
19,53,7,59966513
19,53,9,59966522
18,53,9,59966530
15,52,1,59966537
20,53,4,59966543
16,54,2,59966554
16,59,2,59966572
16,52,12,59967140
18,52,15,59967178
21,53,7,59967179
16,53,15,59967240
16,53,1,59967252
13,53,7,59967493
16,53,7,59967737
14,52,15,59967761
12,60,10,59968417
14,53,4,59968812
15,52,10,59968932
18,52,10,59968963
20,52,4,59969337
17,49,1,59978208
15,49,15,59980139
21,49,10,59980188
18,50,2,59980192
20,48,2,59980212
16,50,12,59980644
18,48,15,59981073
19,49,1,59981100
21,50,10,59981234
17,49,9,59981605
19,48,10,59981715
17,48,2,59981720
21,48,7,59982376
17,48,7,59983091
18,47,2,59983745
19,48,2,59983770
20,47,1,59983771
22,49,4,59984247
18,48,12,59984494
21,47,2,59984845
19,47,10,59984902
18,48,2,59984903
17,48,12,59985141
20,49,12,59985526
22,48,9,59985807
20,46,1,59985815
19,47,12,59986435
20,47,9,59986446
18,47,1,59986447
17,48,15,59986449
19,48,9,59986625
20,47,15,59986891
22,47,7,59986893
21,46,1,59986907
21,48,15,59986952
19,47,2,59987410
18,49,4,59987517
19,47,9,59987666
19,48,12,59987751
23,48,4,59987756
20,48,7,59988255
20,47,10,59988269
19,46,2,59988271
18,47,12,59988431
20,47,2,59988594
21,47,7,59989162
3,60,2,59989231
3,60,1,59989232
20,48,12,59989337
24,47,15,59989456
20,46,9,59989927
18,46,1,59989939
18,47,4,59989975
17,47,7,59990023
23,48,12,59990053
21,46,15,59990152
16,48,12,59990192
19,47,4,59990202
16,47,2,59990204
21,46,7,59990637
19,46,1,59990649
17,48,10,59991032
14,47,15,59991408
16,47,1,59991614
4,59,2,59992055
13,49,4,59992346
17,46,9,59992862
19,46,7,59992870
18,46,9,59993081
22,47,15,59993100
18,48,4,59993319
15,46,15,59993327
17,46,7,59993333
19,46,12,59993457
20,46,10,59993467
20,46,12,59993533
19,45,15,59993552
14,46,9,59993557
19,46,10,59993703
18,45,2,59993709
17,46,12,59994188
19,46,4,59994195
17,46,10,59994202
12,48,15,59994288
1,62,1,59994594
17,47,12,59994683
21,47,4,59994693
19,45,9,59994698
13,47,15,59994792
16,46,7,59994806
21,45,15,59995045
14,47,12,59995052
16,47,4,59995070
22,45,15,59995329
23,46,7,59995676
22,45,7,59995699
19,45,7,59995726
15,48,10,59996007
5,57,2,59996129
18,46,4,59996585
18,49,10,59996879
4,59,1,59997340
24,46,4,59997440
19,45,12,59997459
5,57,1,59997599
20,45,12,59998178
15,46,2,59998202
12,48,7,59998312
16,45,15,59999176
20,44,9,59999511
2,59,9,59999592
18,45,4,59999679
2,61,10,60000061
23,44,7,60000146
9,50,12,60000257
14,47,4,60000309
16,46,4,60000321
4,59,9,60010975
6,55,1,60012952
8,53,6,60012983
7,54,10,60015366
18,42,2,60015412
23,42,15,60017966
19,41,1,60018835
20,42,12,60020388
20,41,12,60022154
7,54,9,60022303
21,41,15,60022765
9,51,2,60023003
7,56,0,60023049
8,57,3,60023058
6,54,11,60023135
8,52,11,60023137
7,53,3,60023159
7,54,2,60023487
9,52,1,60023493
22,41,9,60023618
10,50,1,60024949
16,54,12,60025873
22,40,12,60025966
9,56,9,60026084
17,53,12,60026234
24,41,4,60026703
11,49,2,60026841
11,49,1,60026847
8,53,1,60027055
9,58,0,60027261
21,40,7,60027343
9,51,10,60028041
14,56,12,60028608
9,49,9,60029260
9,55,1,60031241
22,39,7,60031800
21,55,10,60052259
21,55,2,60052660
22,54,2,60052712
12,46,2,60052991
19,52,9,60053753
23,52,1,60053755
10,48,2,60054087
13,45,2,60054092
22,53,1,60057697
13,50,0,60057715
21,54,2,60058055
14,44,2,60061914
15,43,1,60061924
21,56,11,60061969
14,44,10,60086703
31,34,2,60091001
17,40,1,60093414
19,38,2,60123443
36,32,2,60153450
32,29,9,60155069
37,29,1,60176295
33,29,2,60181305
37,28,9,60204205
38,28,9,60211012
24,34,11,60425976
23,35,11,60437109
24,31,6,60707998
26,29,6,60708024
36,22,10,60902776
25,26,12,60923395
24,25,15,60933894
42,22,4,60958514
43,23,9,60959558
41,21,7,60964093
59,1,10,60965678
43,23,10,60967989
37,20,10,60968156
41,21,9,60968268
24,22,8,61050901
22,27,8,61062377
23,23,6,61134751
22,24,15,61136196
24,23,12,61142627
24,22,15,61147049
19,40,7,61153843
19,43,14,61184929
17,41,14,61184942
37,17,2,61219096
39,16,9,61242239
16,26,5,61244753
17,46,11,61245265
45,47,5,61341268
46,22,14,61366312
44,46,6,61366351
50,31,1,61368153
21,20,8,61368533
23,18,8,61368540
22,18,11,61368556
47,26,14,61374551
46,22,13,61375153
22,20,8,61395877
21,40,0,61405768
44,22,10,61588497
45,23,10,61590153
22,23,11,62181122
23,23,8,62183212
25,21,8,62183226
24,21,11,62184283
24,24,12,62461514
23,24,15,62461875
23,25,12,62463644
21,26,5,62463651
23,24,5,62463652
21,25,5,62464565
19,32,6,62465568
21,26,6,62465887
20,27,5,62465898
24,22,15,62466298
22,24,15,62466366
21,27,6,62466378
40,20,4,62466891
23,24,12,62467244
39,20,7,62467442
20,30,13,62467511
20,28,5,62467515
28,20,2,62467648
21,27,12,62468073
19,29,6,62468115
44,23,10,62468165
37,18,1,62468183
25,21,15,62468201
20,27,15,62468422
21,26,12,62468568
34,19,2,62468749
39,19,7,62468760
18,33,6,62468846
41,21,10,62468996
21,29,5,62469047
47,36,2,62469394
22,23,15,62469922
19,26,15,62476076
22,20,5,62476177
22,20,6,62476297
21,21,2,62476311
23,20,6,62476412
23,20,15,62476425
17,29,13,62476583
17,29,5,62476588
19,26,12,62476602
23,19,5,62476924
42,18,4,62477634
24,18,5,62477943
25,18,15,62477986
31,16,1,62478314
41,17,7,62478419
18,28,5,62478443
31,16,9,62478576
24,19,12,62478662
26,18,1,62479083
28,16,1,62479088
19,40,4,62479096
21,20,2,62479278
23,19,15,62479279
41,18,10,62479714
18,38,14,62479911
40,16,7,62480016
21,23,6,62480080
20,21,15,62480123
19,23,12,62480199
18,30,13,62480339
22,19,15,62480398
22,20,12,62480448
40,17,7,62480584
19,23,5,62480692
16,35,5,62480769
28,17,2,62480800
29,16,2,62480801
19,23,15,62480926
40,17,4,62481111
17,35,14,62481121
26,18,12,62481189
32,15,1,62481224
47,44,8,62481340
23,18,15,62481475
17,36,7,62481634
38,16,10,62481774
38,15,9,62481797
17,38,4,62481887
42,17,4,62481894
28,16,9,62481907
18,23,15,62481964
22,18,5,62481983
18,26,12,62482002
17,29,12,62482045
16,32,4,62482061
25,17,15,62482083
16,37,13,62482137
19,24,12,62482174
38,15,7,62482280
39,15,7,62482296
34,16,2,62482309
36,14,2,62482310
27,17,15,62482368
15,31,5,62482499
16,33,14,62482517
14,31,13,62482539
17,27,15,62482596
21,19,15,62482865
20,21,12,62482942
16,29,12,62482977
16,34,13,62483076
38,16,4,62483188
48,43,11,62483246
18,22,1,62483341
20,20,15,62483361
19,20,10,62483435
25,17,12,62483550
19,22,12,62483668
17,34,5,62483684
16,32,7,62483690
16,38,14,62483704
24,17,15,62483762
20,19,2,62483854
19,24,7,62483859
18,21,1,62483875
15,35,7,62483901
18,23,12,62484198
15,33,6,62484219
17,23,15,62484230
17,39,13,62484388
38,15,10,62484465
15,31,6,62484518
48,43,8,62484528
13,30,13,62484537
50,26,0,62484551
20,20,13,62484560
16,28,12,62484600
35,15,15,62484677
17,22,1,62484733
15,34,6,62484750
16,31,15,62484751
15,34,7,62484760
14,35,13,62484765
16,33,5,62484769
16,33,4,62484775
33,18,5,62484844
17,21,1,62484863
19,20,15,62484864
21,18,15,62484875
18,22,10,62484882
46,16,1,62484902
16,37,5,62484920
17,24,12,62485000
16,27,4,62485017
16,33,15,62485114
16,27,15,62485133
15,34,13,62485162
15,32,5,62485167
31,16,4,62485189
40,15,4,62485286
39,15,12,62485289
16,31,13,62485323
14,29,5,62485326
21,21,10,62485363
15,34,14,62485416
15,30,6,62485424
17,24,7,62485437
17,23,1,62485438
16,34,15,62485535
16,25,12,62485613
20,20,9,62485666
17,22,15,62485670
27,15,9,62485691
20,23,4,62485698
30,21,6,62485766
16,32,12,62485772
15,35,4,62485799
17,21,10,62485880
42,16,1,62485922
29,14,7,62485938
15,27,15,62485977
46,46,11,62486070
19,21,12,62486076
15,29,12,62486139
22,18,12,62486144
22,20,4,62486147
17,25,12,62486212
37,13,2,62486246
39,14,9,62486288
18,23,4,62486305
14,31,7,62486320
15,31,4,62486352
15,35,12,62486360
31,20,5,62486378
22,19,4,62486455
33,17,15,62486474
20,19,7,62486502
41,15,15,62486518
41,15,12,62486549
17,23,12,62486671
15,31,15,62486682
44,16,7,62486748
14,30,14,62486750
14,34,15,62486873
15,37,7,62486877
16,27,12,62486913
15,30,4,62486930
35,15,12,62486944
15,32,6,62486948
39,14,4,62487044
39,15,4,62487081
38,14,7,62487089
42,14,12,62487144
42,14,7,62487198
16,30,4,62487203
15,26,15,62487216
43,15,1,62487291
17,24,4,62487310
40,14,4,62487342
39,14,12,62487351
40,14,12,62487407
38,13,4,62487417
31,19,15,62487539
15,30,14,62487587
15,29,14,62487692
17,23,4,62487739
14,30,7,62487759
18,20,12,62487835
41,16,12,62487864
14,33,15,62487906
15,25,15,62487952
15,29,7,62487959
14,28,7,62487960
39,13,15,62488006
40,12,15,62488007
38,13,12,62488028
42,13,4,62488033
41,12,4,62488034
51,24,9,62488041
17,21,7,62488136
39,10,1,62488183
32,19,12,62488187
44,16,15,62488298
28,33,2,62488338
15,24,7,62488361
15,24,1,62488374
17,23,7,62488398
39,10,9,62488486
32,19,5,62488634
33,15,15,62488717
32,16,7,62488718
16,24,7,62488803
44,14,1,62488809
16,24,4,62488818
14,26,15,62488903
15,27,7,62488908
15,26,12,62488924
42,12,4,62488962
41,11,4,62488994
16,24,12,62489073
15,27,4,62489078
14,31,4,62489115
31,19,12,62489125
31,17,15,62489133
31,17,7,62489137
61,2,11,62489191
61,2,3,62489198
62,2,0,62489350
41,12,15,62489361
40,11,12,62489395
31,21,13,62489408
32,18,5,62489412
30,20,13,62489497
29,22,5,62489511
40,13,2,62489541
23,48,7,62490084
24,48,0,62490170
35,36,13,62490231
40,10,4,62490398
37,10,2,62490857
23,48,4,62491100
21,46,7,62491536
48,41,0,62492036
20,46,3,62492122
18,44,3,62492125
32,35,14,62492173
14,28,4,62492238
48,43,3,62492295
16,41,3,62492343
49,8,8,62492397
51,41,5,62492468
46,47,2,62492866
47,46,1,62492867
16,41,14,62492899
15,40,6,62492908
16,38,13,62492910
15,37,5,62492917
29,25,6,62492943
19,42,15,62493194
19,44,7,62493198
19,25,12,62493322
42,11,2,62494239
30,15,4,62494563
21,46,4,62494844
49,16,10,62494978
41,10,7,62495025
49,43,6,62495035
62,1,11,62495083
46,46,15,62495090
23,45,11,62495113
20,44,14,62495182
21,43,13,62495197
29,16,1,62496039
60,2,15,62497484
61,1,1,62497509
48,14,8,62497681
48,14,0,62497701
19,44,13,62497707
17,42,13,62497709
48,44,9,62497892
61,2,9,62498120
30,14,7,62498208
30,11,1,62498738
31,12,15,62498743
48,8,9,62498802
16,20,10,62498888
48,8,6,62498898
16,18,6,62498990
19,19,13,62498996
21,12,14,62499046
17,17,5,62499147
19,15,5,62499152
19,19,14,62499180
19,15,6,62499186
17,22,7,62499307
43,11,10,62499353
45,12,10,62499502
50,3,8,62499528
48,45,2,62499601
14,25,5,62499677
13,26,9,62499684
13,26,1,62499687
45,46,5,62499741
30,14,9,62499749
30,14,1,62499753
15,38,14,62499773
19,24,3,62499788
17,22,3,62499793
30,13,15,62499866
33,10,15,62499868
31,12,7,62499873
15,30,5,62499893
20,45,14,62499970
20,45,9,62499985
23,14,13,62499994
49,44,1,62500011
17,42,7,62500182
48,44,1,62500216
16,41,12,62500268
16,41,4,62500281
31,17,13,62500370
31,17,5,62500382
22,46,7,62500422
22,47,2,62501532
61,2,6,62504591
29,9,1,62505838
30,9,2,62505901
35,8,9,62506553
35,8,1,62506555
36,9,9,62507487
39,9,1,62508603
44,11,7,62508664
32,11,1,62509385
41,11,12,62510144
31,12,1,62510310
33,8,1,62511114
40,8,9,62511233
41,8,2,62511277
17,17,6,62511741
41,7,1,62511823
42,9,10,62511957
39,9,2,62512005
30,13,14,62512265
30,13,6,62512269
32,11,6,62512272
30,12,5,62512373
38,8,15,62512394
42,8,7,62512401
21,44,10,62512741
40,8,12,62513059
41,8,15,62513367
44,6,1,62513434
27,8,7,62513771
20,42,9,62513838
43,7,10,62513904
42,6,2,62513912
46,8,9,62513923
44,6,9,62513924
43,6,2,62514022
42,5,9,62514201
41,6,1,62514206
31,9,5,62514501
42,6,10,62514690
23,46,10,62514892
48,11,10,62514927
47,12,2,62514932
44,43,14,62515240
46,42,15,62515303
42,6,12,62515311
45,7,4,62515312
31,9,15,62515334
43,6,10,62515639
43,44,6,62515725
47,44,4,62515744
46,43,4,62515745
48,11,1,62515915
47,14,8,62515919
49,12,8,62515920
46,7,4,62516277
44,44,15,62516743
51,10,8,62516880
32,9,2,62516984
46,45,15,62517523
19,43,1,62517658
50,42,12,62517885
16,17,10,62518593
31,16,12,62518907
43,7,2,62519398
43,8,1,62519784
30,10,9,62519826
49,7,1,62519923
50,11,0,62520061
51,12,0,62520161
30,10,10,62520291
32,8,5,62520518
30,10,1,62520539
21,7,8,62520577
49,8,8,62520654
16,16,14,62520920
48,9,3,62520992
32,13,13,62521100
18,42,10,62521151
18,17,13,62521161
28,8,9,62521294
30,8,1,62521299
38,4,11,62521439
29,10,7,62521537
42,9,15,62521658
44,7,7,62521663
17,18,10,62521973
17,16,11,62522031
15,19,11,62522095
18,18,14,62522177
15,19,6,62522181
18,10,8,62522364
47,9,11,62522428
45,7,3,62522436
23,5,14,62522460
23,7,6,62522462
25,5,6,62522464
16,40,10,62522483
22,45,10,62522509
31,10,1,62522619
47,42,5,62522646
21,43,9,62522718
19,42,3,62522908
16,39,3,62522909
30,9,1,62522969
17,10,11,62523049
24,45,0,62523102
47,9,12,62523145
47,9,4,62523146
45,44,13,62523150
46,43,5,62523159
24,6,5,62523359
40,4,3,62523487
19,44,10,62523681
19,44,2,62523689
41,5,0,62523849
24,44,9,62523887
32,11,14,62523950
46,9,4,62523957
17,11,8,62524095
39,5,3,62524169
32,9,10,62524224
33,8,2,62524226
51,12,13,62524343
49,12,9,62524355
29,5,0,62524413
32,6,11,62524590
13,35,15,62524655
38,4,0,62524752
20,8,11,62524957
29,16,6,62525005
53,17,3,62525136
51,15,3,62525139
30,6,0,62525181
31,7,13,62525200
30,6,13,62525204
13,17,10,62525262
13,17,2,62525265
47,10,0,62525293
22,45,0,62525321
38,5,0,62525330
30,13,2,62525344
37,5,11,62525364
31,11,5,62525491
43,7,0,62525520
34,5,8,62525550
27,5,5,62525606
41,6,0,62525618
50,13,6,62525642
26,5,6,62525648
15,38,4,62525681
24,44,11,62525703
22,45,3,62525735
20,43,3,62525736
29,5,3,62525777
30,13,9,62525783
28,11,9,62525785
44,43,12,62525835
46,45,4,62525837
44,43,4,62525840
34,5,13,62525841
32,3,13,62525842
35,4,5,62525852
34,4,11,62525853
32,7,2,62525871
32,7,1,62525877
50,13,14,62525908
43,7,3,62525924
22,45,14,62525934
22,45,6,62525940
24,6,11,62525959
31,11,15,62525992
18,16,13,62525999
25,6,5,62526023
22,8,6,62526049
41,6,3,62526087
21,44,0,62526107
37,5,0,62526108
17,11,11,62526130
35,4,3,62526143
43,45,7,62526228
23,6,11,62526241
34,5,11,62526293
26,5,11,62526313
27,4,11,62526317
20,9,8,62526329
29,11,2,62526451
32,8,2,62526456
35,5,0,62526471
32,8,6,62526477
32,7,8,62526488
33,6,0,62526494
35,4,0,62526513
17,16,3,62526534
24,7,6,62526542
29,4,6,62526565
20,43,14,62526580
18,43,10,62526592
49,13,3,62526648
25,6,8,62526660
23,7,3,62526732
17,12,8,62526736
49,8,0,62526762
18,41,13,62526769
37,4,3,62526808
54,20,0,62526899
53,19,0,62526900
27,6,5,62526934
34,6,8,62526941
36,4,8,62526942
24,6,14,62526975
25,7,8,62526988
27,5,8,62526989
51,15,0,62527007
29,13,15,62527059
37,5,3,62527076
30,4,11,62527147
43,8,7,62527164
44,11,10,62527165
47,42,11,62527173
17,41,4,62527197
36,5,3,62527209
20,10,6,62527220
48,12,11,62527249
48,12,3,62527252
29,11,1,62527273
42,6,11,62527286
27,6,6,62527301
41,7,0,62527330
24,45,13,62527386
20,43,13,62527420
39,6,3,62527457
47,42,13,62527477
17,13,8,62527545
21,9,8,62527547
47,11,11,62527576
46,10,3,62527577
50,14,0,62527587
41,7,13,62527600
30,5,5,62527612
20,45,6,62527641
45,10,12,62527665
30,10,15,62527673
31,10,13,62527712
32,11,5,62527715
44,46,10,62527734
33,7,0,62527748
49,4,8,62527771
20,44,7,62527827
38,6,0,62527843
45,43,12,62527851
47,43,4,62527856
51,15,3,62527901
27,6,8,62527926
47,43,8,62527952
32,8,11,62527981
35,5,11,62527982
41,7,8,62528001
39,7,0,62528009
16,14,8,62528010
20,10,8,62528018
16,41,10,62528061
45,42,5,62528088
47,44,2,62528107
45,44,6,62528143
47,42,6,62528149
16,17,5,62528154
40,7,0,62528196
40,7,3,62528204
49,8,8,62528218
37,7,8,62528283
39,5,8,62528284
36,6,0,62528289
23,8,8,62528301
37,5,8,62528349
23,44,6,62528378
30,17,4,62528398
41,6,11,62528451
37,6,3,62528460
22,44,3,62528466
27,5,11,62528478
17,40,13,62528537
18,39,6,62528546
16,41,11,62528590
41,10,2,62528642
30,9,14,62528654
31,10,6,62528666
20,43,2,62528680
43,9,13,62528690
40,6,13,62528692
34,6,14,62528746
54,20,3,62528808
29,10,14,62528814
29,12,5,62528831
30,11,5,62528832
29,10,9,62528851
30,11,1,62528855
28,6,8,62528899
32,5,14,62528923
33,8,6,62528927
34,9,10,62528939
32,7,10,62528941
34,7,2,62528944
32,7,11,62528948
35,4,11,62528949
29,8,14,62528956
43,9,3,62529011
26,7,6,62529020
50,39,1,62529037
28,7,3,62529045
26,5,3,62529047
34,9,9,62529051
32,7,9,62529053
35,6,1,62529057
26,9,12,62529059
36,5,8,62529100
32,5,0,62529104
17,42,5,62529125
20,40,13,62529182
22,8,13,62529240
23,8,6,62529278
27,6,11,62529284
28,5,11,62529295
23,46,0,62529385
48,13,4,62529403
49,13,1,62529421
51,14,14,62529422
49,12,14,62529425
21,10,8,62529435
19,11,11,62529452
28,7,13,62529499
42,8,8,62529528
41,9,0,62529534
32,13,3,62529548
30,11,3,62529550
45,44,7,62529566
45,46,1,62529578
16,41,6,62529612
16,40,0,62529626
18,39,13,62529631
17,40,5,62529632
16,19,6,62529657
43,7,11,62529679
25,8,13,62529682
24,9,5,62529687
39,7,11,62529692
36,6,3,62529705
28,6,11,62529711
34,7,11,62529730
36,5,11,62529737
46,13,10,62529742
16,15,8,62529768
18,13,8,62529769
47,42,9,62529797
47,44,1,62529800
20,45,5,62529817
22,43,5,62529819
45,43,2,62529838
48,40,2,62529839
50,40,5,62529873
24,8,3,62529902
30,12,6,62529910
22,46,11,62529915
47,41,15,62529933
47,41,7,62529937
32,9,3,62529957
33,7,11,62529972
33,8,8,62529991
17,13,11,62530008
30,9,13,62530024
27,10,1,62530041
29,6,8,62530050
24,8,0,62530070
33,13,13,62530107
31,11,13,62530110
30,12,14,62530130
31,11,6,62530132
46,41,15,62530142
30,12,13,62530183
31,11,5,62530187
23,46,7,62530195
30,10,0,62530291
20,45,7,62530297
44,8,8,62530333
23,8,11,62530350
30,13,0,62530365
51,15,8,62530385
51,17,13,62530403
25,7,3,62530417
19,12,11,62530432
17,10,3,62530440
16,24,8,62530471
44,47,2,62530537
45,46,2,62530538
23,10,15,62530560
51,10,0,62530588
34,8,8,62530589
36,10,0,62530593
32,6,0,62530594
21,11,8,62530599
42,9,3,62530630
18,43,0,62530643
35,8,0,62530650
15,41,11,62530651
17,39,11,62530655
42,10,11,62530683
41,9,3,62530684
39,6,11,62530701
31,10,11,62530724
39,9,8,62530734
49,4,0,62530770
45,12,8,62530772
47,10,8,62530775
47,14,0,62530776
46,44,11,62530779
48,42,11,62530782
53,19,13,62530798
50,10,13,62530812
49,11,11,62530820
47,9,3,62530823
49,11,6,62530828
29,12,14,62530845
29,14,6,62530850
14,19,2,62530859
31,11,3,62530866
29,9,3,62530868
46,13,0,62530885
48,43,2,62530926
15,17,5,62530947
17,17,6,62530965
19,15,6,62530983
25,10,12,62530996
25,8,6,62531020
48,15,0,62531076
16,18,14,62531350
16,18,5,62531372
38,9,0,62531422
16,15,3,62531561
51,38,1,62531604
48,42,12,62531606
20,45,4,62531775
53,29,14,62538135
48,41,6,62540046
45,44,6,62540453
47,42,5,62540475
48,39,6,62540920
44,45,15,62541176
46,42,12,62541775
43,43,9,62541822
51,27,14,62542174
44,43,15,62542277
45,44,12,62542450
46,41,15,62542469
51,32,5,62542586
50,34,1,62543235
52,32,1,62543236
49,33,1,62544260
48,33,10,62545108
48,33,2,62545114
48,36,4,62545403
22,44,10,62545750
22,44,2,62545751
44,13,14,62545815
29,16,5,62545986
50,29,15,62546246
43,39,8,62546262
47,35,12,62546506
49,21,7,62547332
39,11,14,62547361
50,24,12,62547376
31,11,5,62547391
32,10,11,62547443
23,11,6,62547577
29,13,10,62547681
41,13,14,62547687
40,12,6,62547713
44,38,8,62547866
42,14,14,62547948
49,2,9,62548198
49,2,1,62548200
47,34,2,62548314
48,33,1,62548329
43,34,5,62548339
45,32,5,62548379
45,30,9,62548394
48,32,9,62548408
47,17,13,62548485
45,15,13,62548486
40,12,0,62548587
48,38,14,62548641
20,13,11,62548733
22,11,11,62548739
45,30,2,62548772
28,9,8,62549016
25,10,11,62549052
22,12,8,62549083
30,13,5,62549284
50,24,4,62549312
26,11,8,62549534
30,12,5,62549566
50,6,1,62549578
35,10,3,62549652
24,11,11,62549669
41,13,14,62549686
49,23,14,62549830
19,16,8,62549856
22,13,8,62549857
49,7,9,62549936
49,23,5,62549974
48,16,5,62549994
23,11,11,62550025
19,15,11,62550413
22,12,11,62550416
41,31,1,62550444
23,12,11,62550525
41,13,6,62550586
48,26,15,62550631
44,17,14,62550778
42,15,14,62550783
46,33,15,62550844
49,30,15,62550847
46,19,1,62550882
25,12,8,62550994
22,13,11,62551051
33,10,11,62551263
29,16,6,62551491
30,14,2,62551516
30,14,1,62551521
21,14,11,62551593
15,21,8,62551636
45,30,1,62551707
46,28,15,62551943
21,15,8,62551957
42,16,0,62552002
45,18,5,62552007
45,18,15,62552010
44,35,15,62552056
36,12,0,62552132
48,27,4,62552249
24,13,8,62552530
27,13,14,62552707
25,11,14,62552710
45,19,14,62552726
40,40,2,62552812
38,14,0,62553308
25,13,8,62553366
23,14,8,62553428
37,11,11,62553490
33,11,3,62553497
38,12,8,62553505
31,14,13,62553546
39,15,0,62553715
39,15,3,62553797
37,13,3,62553798
44,31,2,62554062
37,14,0,62554074
23,12,0,62554182
47,27,12,62554198
24,14,6,62554452
61,1,13,62554487
61,1,5,62554490
46,25,4,62554616
21,16,8,62554633
44,19,5,62554645
47,29,7,62554707
49,7,3,62554758
37,14,3,62554802
39,13,8,62554930
36,14,0,62554934
16,26,14,62555078
24,14,8,62555088
22,14,11,62555094
30,16,14,62555119
28,14,14,62555122
30,16,6,62555126
49,7,14,62555196
24,13,11,62555226
30,13,12,62555237
44,21,4,62555306
25,13,11,62555574
22,12,3,62555580
23,12,3,62555614
37,14,8,62555787
42,15,6,62555832
24,14,5,62555895
26,13,8,62555930
36,12,11,62556008
28,14,5,62556048
22,13,13,62556065
25,14,5,62556067
21,15,0,62556137
22,16,6,62556152
37,13,8,62556331
13,24,11,62556467
42,30,1,62556537
24,14,0,62556626
44,21,1,62556755
20,16,11,62556772
24,15,6,62556783
30,14,0,62556796
50,7,8,62556839
23,45,9,62556921
21,43,9,62556923
40,39,9,62557010
35,14,0,62557132
22,14,3,62557143
24,14,13,62557275
22,15,0,62557363
25,13,14,62557365
36,14,11,62557456
24,15,5,62557472
20,14,3,62557491
25,15,6,62557535
22,16,8,62557565
20,17,11,62557640
50,11,8,62557666
23,14,3,62557687
23,16,6,62557716
36,13,11,62557749
36,15,3,62557763
41,19,14,62557764
25,14,0,62557840
25,14,3,62557885
21,17,8,62557894
15,22,11,62557997
50,7,6,62558153
50,7,9,62558161
23,16,8,62558174
24,14,3,62558183
40,17,6,62558316
37,16,0,62558335
39,31,11,62558498
26,14,8,62558529
23,15,0,62558533
17,21,8,62558668
19,19,8,62558669
41,29,12,62558715
42,38,12,62559084
23,14,0,62559111
62,2,13,62559299
17,20,11,62559482
25,14,11,62559496
21,14,3,62559498
17,27,6,62559551
43,44,4,62559848
32,28,15,62560039
61,1,4,62560707
63,3,13,62560868
16,23,8,62560898
24,42,1,62561444
30,32,9,62562184
15,37,14,62562474
62,1,6,62562681
21,43,10,62562765
25,36,13,62573700
22,18,8,62573930
20,19,11,62574233
16,25,11,62574736
21,20,8,62575373
23,18,8,62575374
20,20,11,62576347
19,22,8,62576772
24,18,8,62576820
24,17,11,62576852
22,19,11,62577088
17,24,11,62577412
21,20,11,62577413
21,21,8,62577541
23,19,8,62577543
24,18,11,62577866
19,23,8,62577916
25,18,8,62578122
37,20,5,62578230
17,26,2,62578400
19,22,11,62578789
16,30,3,62579234
28,22,8,62579446
26,18,8,62579852
22,20,11,62579876
19,23,11,62581155
28,42,6,62581201
24,19,3,62583609
17,28,8,62584144
23,21,8,62584157
23,20,11,62584967
36,21,5,62585180
25,21,0,62585403
23,19,0,62585409
22,21,11,62586147
17,24,0,62586253
21,23,8,62586429
27,23,8,62586771
30,20,8,62586775
19,26,3,62586988
20,24,8,62586997
20,26,3,62587412
15,30,11,62587416
17,28,11,62587439
18,27,11,62587591
18,26,11,62588928
20,26,0,62590795
19,26,11,62590800
21,32,0,62593472
17,28,3,62593887
31,40,8,62593915
23,23,8,62606296
24,23,8,62609659
23,24,8,62609756
61,2,0,62619879
30,23,2,62640739
18,38,12,64090813
18,38,13,64246494
14,39,6,64275429
11,39,6,64302178
10,41,5,64309593
10,41,8,64309597
12,41,5,64332809
14,43,13,64336539
13,42,13,64343393
4,53,5,64364119
5,52,7,64369166
10,46,13,64370469
13,53,11,64370930
11,54,8,64372654
5,55,14,64373940
9,55,6,64373951
11,47,5,64373971
10,55,8,64374659
9,58,6,64388505
9,58,5,64394195
5,49,6,64395597
2,57,5,64396637
55,21,3,64397234
8,57,13,64399082
6,57,3,64399831
9,59,11,64400749
13,57,8,64400987
9,59,8,64401619
11,59,8,64404051
8,59,3,64404243
7,60,0,64405266
57,22,8,64405437
10,60,8,64406712
13,59,11,64426974
11,61,13,64428197
7,52,13,64431786
12,52,3,64432031
12,52,0,64432232
59,17,11,64434979
11,52,5,64436089
6,51,13,64436524
7,52,5,64436539
59,20,1,64437160
6,52,8,64437424
5,55,8,64453359
3,57,8,64456411
5,55,11,64459785
6,56,3,64460753
4,56,11,64461766
3,56,11,64464867
7,57,3,64465789
12,58,3,64468847
6,59,5,64490389
4,61,6,64491380
3,60,11,64492367
10,60,5,64495339
3,61,11,64495422
4,60,0,64497147
9,60,11,64497568
5,61,3,64497730
55,62,9,65426246
57,61,10,65428952
53,60,9,65429472
50,59,1,65429474
58,62,1,65430336
57,61,1,65431150
56,60,10,65432231
59,62,10,65434720
60,60,1,65434794
55,59,10,65434873
52,57,1,65435828
60,61,12,65435837
61,60,9,65436183
60,61,1,65437706
51,51,15,65486267
49,59,10,65493817
54,58,2,65495840
56,57,1,65496142
54,58,10,65496498
56,49,9,65496573
50,58,9,65496654
50,58,1,65496660
58,55,1,65498255
56,57,9,65498471
51,58,1,65499726
50,48,15,65522143
49,48,1,65524205
50,48,2,65526759
49,48,2,65530168
61,60,13,65585076
61,58,5,65585081
60,59,6,65586553
60,58,15,65587622
60,58,6,65587905
60,59,15,65587909
61,55,6,65591019
61,56,15,65591021
61,60,7,65591024
60,56,14,65591084
60,56,7,65591385
61,54,15,65591453
60,57,7,65591498
60,56,5,65592936
61,56,12,65592970
61,56,14,65593608
60,55,7,65593632
56,56,6,65607801
58,54,6,65607802
57,52,6,65608383
56,55,14,65609652
55,56,6,65613855
56,56,14,65614930
55,54,14,65618091
56,53,6,65618111
56,54,15,65620653
57,53,12,65621029
56,54,6,65621115
56,55,15,65621118
57,52,5,65621198
57,54,12,65621212
54,57,6,65622729
56,56,15,65622739
56,55,5,65623450
54,55,6,65623740
56,53,15,65623756
52,50,14,65641771
52,51,5,65648482
51,51,6,65648556
52,51,6,65650284
52,51,15,65650303
56,44,0,65652466
50,55,9,65652861
56,44,3,65653150
52,56,4,65653453
51,52,5,65653489
51,51,5,65654710
51,52,12,65654715
50,53,6,65655227
21,62,6,65674469
55,45,13,65674504
23,54,14,65680919
24,53,6,65680920
23,55,6,65681987
23,56,6,65685344
50,44,0,65687592
51,46,3,65701872
50,46,0,65704400
50,46,3,65706067
23,53,15,65710090
50,36,13,65713638
18,61,6,65714993
20,59,6,65714998
23,52,15,65715085
23,53,12,65717525
50,48,11,65718279
23,54,12,65718378
22,53,12,65738435
17,59,6,65738512
21,53,15,65742129
54,53,5,65744119
18,59,14,65746331
17,59,15,65748476
20,56,12,65748571
19,56,15,65748678
20,54,6,65749335
19,54,15,65767244
19,55,12,65769050
18,56,12,65769971
17,57,12,65770167
17,56,15,65771542
16,57,15,65775982
12,62,6,65778468
13,61,5,65778511
15,58,15,65780526
16,56,6,65781756
15,58,12,65799785
14,58,15,65804226
16,56,15,65804241
20,53,6,65836352
17,58,5,65965212
20,56,12,66463161
21,55,15,66464252
22,55,12,66465097
21,55,2,66465112
19,55,15,66465949
17,57,12,66466803
15,58,12,66468305
48,58,10,66478032
49,59,10,66481702
17,55,15,66486785
49,57,9,66488873
19,54,12,66489197
20,52,9,66489464
50,58,9,66490882
16,55,2,66491039
20,53,12,66493318
17,55,12,66494759
16,55,15,66495609
20,52,1,66500395
18,53,12,66508890
17,53,15,66511117
19,52,12,66513495
20,51,12,66517583
16,55,12,66517783
16,53,15,66518940
18,51,15,66520161
14,57,12,66522112
15,54,15,66524348
16,53,12,66524707
22,49,12,66525287
13,55,5,66527790
12,56,5,66528161
16,51,15,66530485
17,49,15,66540898
16,50,15,66541273
20,47,15,66541341
16,51,12,66541696
18,49,12,66542535
21,46,15,66542945
19,47,15,66545848
14,53,12,66546400
17,49,12,66546699
18,48,12,66547714
20,47,12,66548284
13,52,5,66548586
22,46,12,66549681
10,56,14,66549783
20,46,12,66550001
11,57,6,66550536
21,44,9,66551152
19,46,1,66551153
21,44,1,66551159
22,45,12,66551389
13,53,14,66552114
22,45,2,66552956
19,46,2,66553217
19,46,15,66553727
12,53,6,66553832
14,49,5,66554198
21,45,12,66554323
17,47,15,66554356
23,45,12,66554609
13,52,13,66554649
22,43,1,66556005
23,44,12,66556010
11,55,6,66556302
21,44,15,66556941
11,52,6,66557807
14,53,13,66557812
24,43,1,66558155
21,44,2,66558480
10,55,6,66559041
20,44,1,66559193
20,44,15,66559356
22,44,15,66559923
11,56,12,66560643
11,54,15,66561426
23,44,2,66562303
11,54,5,66562691
13,50,12,66562791
20,42,1,66571168
14,47,15,66571606
13,48,15,66571845
11,50,15,66572065
13,47,5,66573309
19,43,15,66575911
14,47,12,66576307
19,44,12,66578647
13,48,13,66579715
19,43,1,66581965
12,49,12,66583963
11,49,6,66587064
11,49,5,66587115
18,44,12,66587137
13,46,15,66591807
9,50,6,66620191
11,47,11,66747468
9,52,1,66749945
12,47,8,66750033
12,46,11,66750108
11,48,11,66768140
13,46,11,66768142
13,47,8,66770073
14,45,11,66770075
10,52,8,66773365
11,50,8,66774863
9,53,11,66776432
11,50,11,66777776
11,49,11,66778008
11,55,3,66780810
16,46,2,66806259
18,44,1,66808271
16,50,8,66840171
15,54,11,66842380
16,52,11,66843541
21,44,8,66863290
21,43,11,66865126
19,46,11,66866930
32,38,10,66867176
21,45,8,66871192
24,54,1,66871727
38,37,10,66898680
30,36,10,66901341
36,36,10,66903837
27,41,8,66930678
27,38,2,66959633
22,37,6,67186458
22,31,12,67372358
44,36,1,67484497
22,27,1,67558503
19,29,11,67736664
21,27,8,67740573
20,27,11,67741606
22,25,11,67741607
24,25,6,67746568
25,24,5,67746818
25,25,8,67765627
21,28,11,67766692
24,25,11,67766709
25,25,11,67777546
20,31,11,67779291
24,27,11,67805748
23,29,1,67866461
24,28,6,67866548
22,30,15,67896278
23,48,11,67901892
18,37,6,67902659
22,31,12,67903153
22,30,12,67904014
24,27,2,67905677
22,29,12,67921903
19,31,6,67930577
21,29,15,67932314
20,31,12,67932904
23,28,12,67933344
21,29,11,67990025
21,30,8,67993177
23,28,8,67993186
31,29,11,67998560
24,28,11,68026162
24,29,8,68028077
19,42,3,68030953
33,29,1,68249900
23,34,11,68277306
54,12,1,68422412
54,10,3,68433054
54,11,3,68433216
54,12,9,68436811
26,32,15,68455051
23,42,13,68455750
23,42,5,68455761
27,32,12,68456271
23,37,5,68457896
28,30,1,68458313
25,34,5,68459543
25,33,15,68460060
27,30,5,68461187
25,34,12,68461202
24,35,6,68462320
23,41,13,68463092
24,35,12,68463311
24,37,12,68463661
24,35,15,68464031
22,39,15,68464283
26,31,15,68464318
28,30,15,68464619
23,37,12,68464970
25,35,5,68465195
22,41,6,68465439
23,35,15,68465541
26,32,12,68465581
25,32,5,68465615
24,43,5,68465666
23,37,13,68466290
22,38,15,68466352
46,45,8,68466365
22,38,5,68466496
23,36,12,68466716
22,39,12,68467136
23,42,4,68467138
24,33,15,68467147
23,35,6,68467626
24,33,6,68467813
23,41,5,68467882
23,42,12,68467885
47,44,11,68468055
21,42,6,68468087
22,43,7,68468219
47,47,8,68468318
21,41,15,68468344
22,42,14,68468406
20,40,14,68468411
21,39,6,68468412
47,46,8,68468511
24,45,5,68468748
48,44,8,68468772
22,44,5,68468812
42,30,4,68469388
47,43,3,68469417
22,42,6,68469672
46,47,3,68469905
18,44,6,68477170
19,53,2,68477278
18,39,5,68477723
19,45,14,68478116
21,51,2,68478287
48,34,3,68478372
19,44,15,68478481
23,31,1,68478555
50,47,11,68478675
22,32,1,68478699
19,44,13,68478737
48,49,6,68478743
19,39,15,68478795
19,46,4,68478895
17,40,5,68478963
19,39,12,68478971
26,30,12,68478978
50,49,8,68478999
17,42,13,68479102
17,42,5,68479105
19,40,5,68479106
19,38,15,68479300
18,47,12,68479483
18,50,14,68479509
17,47,6,68479514
19,45,5,68479525
17,46,15,68479544
49,50,0,68479557
49,52,11,68479568
19,40,12,68479795
18,41,15,68479812
17,48,13,68479826
18,47,5,68479828
18,42,15,68479955
19,36,15,68480031
18,38,15,68480059
51,47,1,68480107
21,32,5,68480210
50,51,11,68480350
50,47,3,68480362
26,29,15,68480485
16,47,13,68480725
17,46,5,68480727
51,50,2,68480750
16,46,6,68480764
51,51,11,68480791
18,46,13,68480987
52,49,11,68481099
19,38,12,68481116
18,44,12,68481135
17,45,15,68481187
49,54,11,68481227
49,50,3,68481232
18,45,13,68481312
52,47,8,68481344
19,40,13,68481369
18,42,12,68481408
50,54,8,68481478
23,30,2,68481551
20,34,5,68481568
53,45,1,68481606
17,48,6,68481628
16,49,5,68481641
21,56,13,68481655
17,41,12,68481686
18,53,0,68481767
16,51,0,68481769
16,44,15,68481806
51,52,11,68481877
17,46,14,68481949
17,42,6,68481954
52,50,8,68481980
19,37,12,68481999
17,44,14,68482004
17,40,6,68482010
16,42,12,68482018
18,44,4,68482020
17,42,15,68482024
17,46,7,68482026
52,50,11,68482044
52,49,8,68482074
52,52,8,68482121
16,45,15,68482145
16,46,14,68482155
17,43,6,68482164
17,43,5,68482175
21,55,13,68482282
53,46,8,68482382
53,44,0,68482386
52,51,8,68482461
53,47,3,68482466
53,48,11,68482665
16,46,12,68482684
16,48,4,68482685
53,46,11,68482797
51,52,0,68482886
52,53,0,68482975
20,57,14,68483048
17,54,14,68483050
17,50,14,68483350
17,46,6,68483356
19,56,13,68483562
16,53,14,68483588
25,29,1,68483720
20,57,13,68483728
18,35,9,68483947
21,33,12,68483950
21,55,6,68484103
18,56,7,68484121
20,33,5,68485414
35,27,10,68485868
35,29,9,68485952
18,35,14,68486159
17,42,12,68486775
25,29,9,68487260
16,41,6,68487948
17,42,7,68487970
17,49,5,68488126
36,30,1,68488474
25,29,14,68488611
22,31,2,68488669
36,28,10,68489017
35,27,2,68489032
37,29,1,68489068
26,28,6,68489124
27,28,6,68489252
27,27,6,68489314
47,32,0,68489420
45,30,0,68489425
21,32,5,68489652
15,44,6,68490481
52,55,2,68490559
25,29,15,68490593
20,33,14,68490807
16,54,7,68490836
30,28,10,68490869
32,27,10,68490908
32,27,2,68490909
42,28,7,68490917
28,28,15,68491034
51,55,1,68491170
50,57,2,68491255
51,53,11,68491314
47,52,11,68491383
17,56,11,68491452
52,54,1,68491790
54,45,8,68491900
54,45,0,68491909
20,58,7,68491927
17,53,11,68492073
18,54,3,68492078
15,47,2,68492089
17,55,7,68492197
35,31,11,68492203
52,53,3,68492262
52,55,10,68492264
50,53,10,68492266
26,29,12,68492307
51,56,2,68492398
16,49,3,68492424
36,30,14,68492427
36,30,2,68492443
21,32,15,68492447
54,44,0,68492537
52,42,0,68492539
51,43,5,68492569
50,56,2,68492602
40,28,7,68492634
38,26,7,68492638
17,55,0,68492687
20,57,7,68492699
49,51,3,68492800
18,54,0,68493018
16,52,3,68493047
50,47,8,68493258
21,57,14,68493503
48,51,8,68493675
50,43,7,68493695
47,52,8,68493767
34,32,6,68493891
50,46,1,68494039
50,57,12,68494082
53,41,13,68494125
51,44,7,68494161
19,36,12,68494196
53,44,8,68494326
54,47,0,68494329
52,45,0,68494330
53,48,13,68494522
16,51,3,68494569
51,40,3,68494619
49,48,11,68494702
51,46,11,68494703
52,48,3,68494715
49,55,11,68494803
28,29,12,68494871
23,31,12,68494881
50,46,11,68494900
51,46,6,68494913
53,44,6,68494915
23,29,5,68494951
49,52,2,68495025
53,50,9,68495032
50,51,1,68495034
52,50,6,68495061
51,43,13,68495196
49,47,11,68495233
34,27,10,68495257
22,58,9,68495262
17,42,14,68495344
18,45,6,68495355
52,44,8,68495422
48,47,11,68495465
50,45,11,68495466
52,43,11,68495468
51,46,3,68495472
48,46,10,68495507
48,49,5,68495579
47,51,15,68495583
22,52,15,68495705
52,44,7,68495739
46,30,4,68495749
38,28,10,68495800
36,26,10,68495804
48,49,8,68495811
48,47,0,68495827
53,47,1,68495843
51,47,9,68495884
34,27,2,68495919
51,51,6,68495945
52,51,12,68495947
49,46,5,68495965
18,52,4,68496004
50,55,15,68496024
50,55,9,68496035
50,55,1,68496037
50,54,6,68496045
49,55,5,68496051
21,50,1,68496077
51,43,3,68496220
52,45,10,68496233
50,43,10,68496234
50,43,2,68496239
18,46,14,68496306
19,47,6,68496311
53,44,11,68496330
54,47,3,68496331
53,46,3,68496332
17,45,3,68496340
14,48,2,68496349
27,28,14,68496374
27,28,13,68496380
24,27,10,68496392
24,29,2,68496398
51,41,0,68496408
39,27,15,68496505
40,26,7,68496506
51,47,11,68496531
53,45,11,68496532
50,46,3,68496542
16,51,8,68496701
48,57,10,68496746
33,26,13,68496763
30,28,12,68496772
19,48,7,68496846
40,27,4,68496865
23,57,1,68496893
51,42,1,68496952
18,52,10,68497014
17,50,3,68497037
25,29,12,68497052
49,52,10,68497084
19,44,14,68497098
51,53,5,68497270
51,52,14,68497273
51,52,6,68497279
50,53,10,68497293
49,54,2,68497298
52,51,2,68497300
20,54,0,68497315
19,52,2,68497318
38,27,4,68497360
48,44,11,68497374
19,52,9,68497376
19,52,1,68497381
19,47,11,68497411
27,27,12,68497426
18,48,11,68497439
50,52,14,68497484
47,51,10,68497506
20,54,10,68497561
19,54,11,68497574
40,27,7,68497579
39,27,9,68497594
48,53,9,68497598
19,42,13,68497604
18,41,13,68497605
17,44,5,68497608
19,42,5,68497615
19,44,4,68497618
23,52,0,68497659
36,26,12,68497676
51,50,2,68497706
50,50,11,68497707
52,48,11,68497710
50,50,3,68497715
50,52,8,68497717
53,49,8,68497721
23,54,5,68497763
19,51,9,68497801
17,49,9,68497803
49,46,15,68497835
18,49,8,68497928
47,45,10,68498103
30,27,12,68498119
20,48,13,68498170
20,44,5,68498180
31,27,15,68498186
20,31,13,68498226
46,30,7,68498248
44,28,7,68498251
52,49,12,68498264
50,49,15,68498282
52,47,7,68498284
36,25,2,68498301
16,44,7,68498328
31,26,15,68498346
52,40,13,68498360
53,39,5,68498366
34,25,4,68498471
18,54,8,68498480
49,53,8,68498496
50,56,0,68498499
48,53,3,68498508
50,53,12,68498522
50,41,3,68498535
36,26,4,68498549
33,25,10,68498553
18,49,9,68498579
53,46,14,68498583
51,44,6,68498589
51,43,8,68498598
53,45,0,68498599
51,43,0,68498601
35,25,15,68498602
17,47,3,68498655
50,53,7,68498678
49,52,7,68498680
46,51,10,68498688
48,53,2,68498690
22,30,15,68498701
19,53,1,68498737
21,51,1,68498739
18,47,14,68498758
16,45,14,68498759
18,47,6,68498774
17,47,12,68498794
16,44,4,68498800
20,40,4,68498817
19,39,4,68498818
50,42,6,68498836
48,45,8,68498842
19,50,13,68498853
18,50,8,68498872
20,48,0,68498874
20,36,15,68498885
22,54,6,68498948
52,45,7,68498965
19,53,10,68499017
47,32,8,68499076
49,44,1,68499118
50,50,12,68499148
48,46,9,68499159
49,50,15,68499163
18,44,15,68499266
29,27,15,68499291
23,53,14,68499382
21,51,14,68499385
23,53,6,68499408
19,45,4,68499513
21,54,15,68499518
20,35,15,68499560
20,39,7,68499563
18,37,7,68499565
52,38,13,68499596
51,37,13,68499598
51,38,7,68499614
17,41,11,68499641
16,43,12,68499674
18,41,4,68499700
18,42,13,68499799
21,53,10,68499833
49,46,6,68499963
32,26,12,68499983
29,27,2,68499994
48,52,10,68500597
48,52,7,68500629
50,45,7,68500731
47,32,14,68513874
45,36,9,68515322
40,39,6,68515532
40,41,10,68515558
21,33,8,68515573
43,41,13,68515979
45,39,5,68515982
23,39,14,68516450
46,40,10,68517052
46,40,2,68517056
23,39,8,68517494
26,27,6,68518496
46,45,12,68518531
26,27,5,68518552
28,25,5,68518560
45,35,5,68518918
22,33,8,68521020
39,38,14,68521108
37,37,14,68521862
48,34,4,68521999
44,34,12,68522321
20,33,2,68522877
45,32,5,68523475
29,40,11,68524149
41,34,6,68524314
31,32,14,68524542
31,32,6,68524558
42,33,6,68525695
43,32,14,68525710
43,32,6,68525726
42,35,7,68526659
32,33,8,68526699
23,32,8,68527550
47,33,4,68528646
22,30,11,68529786
46,33,4,68530209
45,32,7,68530216
44,31,7,68530220
54,12,9,68531699
21,29,14,69059139
8,30,3,69294560
4,28,13,69301995
5,29,13,69304656
27,31,14,69307675
5,29,6,69310424
4,30,14,69311964
6,34,5,69328740
3,34,14,69329714
5,35,5,69329988
2,33,13,69330877
2,33,5,69330887
4,33,6,69335429
3,36,14,69335469
1,34,14,69335473
24,33,13,69343438
4,36,5,69343559
3,37,5,69344737
1,40,8,69353766
20,34,6,69357643
20,34,14,69361377
26,38,6,69406631
44,44,3,69426547
25,41,13,69437303
23,40,3,69438560
18,43,14,69527081
30,38,5,70656744
59,21,14,70733446
19,61,9,71048049
17,60,1,71053759
20,61,15,71054092
18,61,15,71055084
19,59,1,71055709
20,61,12,71055741
17,61,15,71056402
20,60,12,71056499
16,61,15,71056786
20,61,7,71056790
23,58,1,71057870
17,60,6,71058115
17,61,12,71058128
20,58,1,71058856
19,59,15,71059045
15,61,15,71059901
16,59,9,71059919
20,58,2,71060027
16,61,12,71060487
18,59,15,71060610
15,60,1,71060755
19,59,9,71060801
16,62,9,71061301
21,58,15,71061529
19,59,12,71061628
15,60,15,71061647
17,60,7,71061651
21,57,2,71061750
17,59,15,71062087
22,57,2,71062467
20,59,4,71062731
19,60,9,71062857
17,58,1,71062867
19,61,4,71062922
21,55,1,71073831
15,58,5,71074309
15,59,12,71075330
19,55,1,71076426
17,57,12,71076428
23,54,1,71076730
23,53,1,71077781
18,56,12,71078553
22,55,2,71078935
24,53,2,71078953
23,54,9,71079374
21,54,1,71079376
16,56,9,71080494
20,55,2,71080598
22,53,1,71080612
24,53,1,71082059
22,54,12,71082602
23,52,1,71082657
20,54,2,71083414
16,56,15,71083685
22,53,15,71083980
23,54,12,71084202
14,59,12,71084639
16,57,12,71084640
17,55,15,71084737
20,54,15,71085248
24,54,9,71085261
22,52,9,71085262
17,56,12,71085508
21,53,2,71085700
23,53,15,71086231
19,53,9,71086901
20,53,15,71086937
25,50,1,71087502
18,55,12,71087568
21,54,12,71087628
20,54,10,71088013
19,53,2,71088018
21,53,12,71088553
23,53,12,71088703
16,55,1,71088945
22,51,10,71089890
22,51,9,71089897
22,52,2,71090421
16,55,2,71091780
22,51,2,71091795
22,54,7,71091906
22,52,15,71092475
25,52,9,71092483
23,50,9,71092488
23,50,1,71092601
22,51,15,71092825
23,54,4,71093235
24,50,10,71093488
21,52,2,71094339
18,52,1,71104149
24,48,1,71106968
22,49,2,71108747
23,49,2,71109018
22,50,12,71109820
19,51,15,71110529
14,58,13,71112092
22,49,12,71115454
25,47,1,71116483
16,60,13,71117495
14,60,1,71119919
20,50,12,71119996
28,41,1,71139466
25,42,10,71144540
25,42,2,71144553
27,42,9,71144632
26,41,1,71144640
27,42,15,71145363
19,58,2,71146195
21,56,2,71146196
18,56,8,71146440
28,41,2,71147116
27,42,12,71147211
30,40,2,71151100
45,44,3,71152596
29,40,15,71155119
47,46,3,71155634
31,39,2,71156129
35,36,9,71172524
34,35,1,71172528
40,38,10,71173171
35,36,12,71175934
45,39,9,71176262
33,37,12,71176301
34,36,12,71176305
36,36,4,71176311
35,36,10,71176334
34,36,2,71176741
23,43,12,71176839
35,35,1,71176989
32,36,15,71179723
30,35,2,71180007
36,35,12,71180583
35,34,1,71180881
33,36,7,71182171
29,36,1,71182969
38,36,10,71183267
26,38,12,71183753
34,34,15,71183804
43,36,9,71185641
32,36,10,71186046
33,36,4,71186053
35,34,15,71186554
37,34,7,71186558
34,35,2,71186690
37,35,4,71186943
34,35,12,71187595
38,35,4,71187602
45,36,9,71195229
37,31,7,71207636
37,31,9,71208244
38,32,4,71211759
39,32,10,71211778
37,34,2,71212124
42,34,2,71212832
44,32,2,71212833
44,32,10,71213192
29,32,1,71213642
28,33,12,71214245
31,31,1,71214417
35,31,15,71214751
38,31,10,71214763
23,43,9,71215996
47,49,2,71216128
35,31,12,71216335
33,29,9,71216885
33,29,1,71216895
36,30,1,71217187
32,30,4,71217399
32,31,2,71218367
36,29,10,71218405
34,31,7,71219283
41,29,10,71225702
44,30,9,71230443
41,29,2,71233437
43,29,9,71233439
43,29,10,71238549
42,28,2,71238596
44,30,1,71239441
43,29,4,71239621
45,29,9,71242277
44,43,2,71243057
28,29,2,71243810
44,28,9,71243944
48,43,5,71246056
39,27,10,71246861
42,28,4,71246978
29,39,8,71247085
46,29,1,71247646
40,27,12,71247705
45,42,2,71247933
43,27,2,71249208
43,27,9,71249878
39,24,2,71271588
47,36,13,71272384
47,35,6,71274820
27,36,6,71275491
38,25,2,71278579
29,26,12,71281113
28,25,1,71281617
27,27,2,71398997
28,26,1,71404661
28,25,12,71428283
22,39,7,71432072
22,39,4,71432720
46,32,7,71432746
45,30,14,71432761
21,36,5,71435131
21,38,4,71436215
41,26,14,71436329
45,32,14,71437071
43,28,13,71457531
41,26,13,71459063
29,22,2,71460044
43,31,13,71461020
41,29,14,71466318
18,29,8,71614024
19,27,1,71749074
41,33,5,71997370
20,26,1,72296566
22,24,1,72298106
59,12,11,72494694
60,10,13,72497118
58,8,13,72497135
59,5,11,72499902
23,26,15,72513566
23,27,12,72513983
22,28,12,72516077
23,26,12,72516974
31,26,6,72517125
23,25,15,72517361
26,24,12,72517634
20,31,5,72517764
21,29,12,72518208
20,36,13,72518775
20,30,12,72518896
24,24,15,72518980
27,23,12,72520459
21,28,12,72520794
20,29,12,72520824
20,31,13,72520955
24,24,12,72521206
22,26,12,72521244
24,24,2,72521262
27,23,15,72521408
21,27,12,72521449
19,32,13,72521802
21,30,5,72521808
20,29,6,72521949
22,25,15,72521979
37,24,10,72522068
19,35,13,72522210
26,23,15,72522377
20,27,15,72522424
23,24,15,72522564
26,23,12,72522851
19,33,6,72522858
20,28,12,72522895
28,23,12,72522994
18,32,5,72523178
39,25,10,72523294
37,23,4,72523422
26,22,15,72523694
20,33,13,72523736
19,32,12,72523746
18,38,6,72523951
20,36,6,72523957
19,30,13,72523975
19,28,5,72523980
21,26,12,72524017
23,24,12,72524019
25,23,12,72524271
21,39,13,72524334
20,38,5,72524343
21,25,15,72524369
19,33,12,72524393
27,22,12,72524631
18,33,5,72524914
19,28,15,72524973
20,26,15,72525230
19,29,12,72525240
18,29,15,72525248
38,24,9,72525337
18,32,15,72525416
19,30,6,72525451
19,30,15,72525709
18,33,7,72525716
19,35,14,72525857
36,23,10,72525904
17,30,14,72525914
18,29,6,72525915
18,30,15,72525933
17,35,14,72525973
18,34,6,72525977
19,36,13,72526112
17,34,5,72526117
18,33,15,72526118
19,36,7,72526122
18,30,12,72526197
18,38,14,72526250
17,37,6,72526251
39,24,10,72526336
38,23,2,72526347
24,23,12,72526355
27,24,4,72526366
17,30,13,72526747
24,22,15,72526786
26,22,12,72526905
21,25,12,72526999
18,32,12,72527026
19,28,12,72527081
21,37,5,72527362
22,23,15,72527441
19,31,5,72527636
17,34,13,72528180
30,22,4,72528199
25,22,15,72528336
19,37,13,72528403
19,33,5,72528409
18,35,12,72528413
43,29,0,72528449
20,30,4,72528518
18,35,4,72528585
19,40,14,72528610
18,39,6,72528615
17,33,14,72528707
18,31,15,72528711
17,34,7,72528738
32,23,1,72528758
23,22,15,72528805
30,21,7,72528835
18,35,14,72528848
17,32,6,72528849
17,33,15,72528856
18,36,7,72528857
17,39,6,72529048
20,36,5,72529062
17,29,15,72529089
17,31,7,72529091
30,22,10,72529107
26,22,2,72529115
18,27,15,72529116
19,30,7,72529121
18,33,6,72529234
16,35,5,72529243
24,22,7,72529264
37,22,10,72529421
18,28,12,72529715
18,30,4,72529722
30,24,10,72529913
16,36,14,72530136
18,34,15,72530145
17,33,5,72530179
17,36,15,72530181
20,29,4,72530236
19,26,12,72530240
19,25,15,72530247
21,23,15,72530249
20,26,7,72530253
16,32,7,72530457
19,29,7,72530463
32,24,9,72530471
30,22,9,72530472
18,31,7,72530495
19,37,12,72530530
25,22,12,72530668
28,21,4,72530673
18,35,13,72530825
18,31,5,72530830
26,24,4,72531157
17,29,12,72531171
17,31,4,72531176
17,32,7,72531184
18,28,4,72531227
17,27,15,72531253
18,30,7,72531255
26,21,15,72531291
16,35,7,72531389
19,27,4,72531651
18,27,12,72531684
19,30,4,72531690
30,24,7,72531777
20,25,7,72531913
42,27,3,72532196
15,26,6,72536202
13,31,15,72538094
15,26,14,72539900
14,35,4,72541839
26,17,2,72542212
16,38,13,72542401
35,34,11,72542996
25,16,10,72543025
21,48,6,72543547
11,44,14,72543792
29,22,15,72543907
44,25,3,72544052
46,30,3,72544220
45,39,11,72544225
46,41,1,72544338
11,44,6,72544739
11,42,5,72544774
10,41,13,72545218
9,40,13,72545219
44,48,6,72545364
24,49,3,72545375
23,48,3,72545376
25,50,0,72546316
9,42,14,72546337
17,51,4,72546671
30,21,12,72546701
28,21,15,72548092
27,16,10,72548371
1,34,5,72548486
60,11,14,72548974
45,26,3,72548988
7,28,6,72548995
6,28,14,72549135
47,40,1,72549400
45,37,1,72549439
46,39,9,72549462
45,37,3,72549477
47,40,8,72549655
46,39,0,72549656
59,13,15,72549791
47,33,6,72549808
44,29,11,72549918
45,28,3,72549924
45,25,0,72550281
44,43,1,72550343
47,37,11,72550362
45,42,8,72550436
48,37,1,72550502
21,50,8,72551439
5,30,6,72551540
44,45,6,72551559
46,43,6,72551564
59,9,0,72551789
6,29,5,72551821
44,45,3,72552183
43,43,2,72552366
45,41,2,72552368
44,43,8,72552475
44,43,0,72552480
7,25,2,72552530
58,9,14,72553090
58,9,6,72553094
7,25,1,72553158
9,22,1,72553231
6,26,2,72553277
44,24,10,72553424
44,24,2,72553431
23,52,5,72553520
46,28,10,72553773
10,21,1,72553964
9,23,1,72554040
24,51,11,72554208
23,52,3,72554212
26,51,8,72554219
7,26,2,72554598
9,23,2,72554638
46,34,5,72554717
46,34,6,72554729
46,34,15,72554735
45,25,8,72554996
43,23,0,72555001
8,25,1,72555267
11,21,8,72555274
10,40,6,72555324
16,48,12,72555395
59,14,14,72555646
46,34,7,72555899
23,53,0,72555964
47,31,0,72556175
18,52,4,72556291
58,9,1,72556475
59,10,14,72556481
10,22,1,72556599
20,48,15,72556654
47,31,8,72556658
43,22,7,72556783
46,30,11,72556806
20,49,11,72556902
44,23,4,72556936
43,22,4,72556942
6,28,6,72557218
7,25,9,72557237
14,49,15,72557314
9,24,2,72557382
11,44,13,72557390
9,42,13,72557392
16,16,6,72557594
25,18,1,72557605
27,16,1,72557607
16,16,5,72557642
7,33,14,72557764
15,17,8,72558346
12,20,8,72558354
16,16,8,72558356
26,18,8,72558426
7,27,8,72558451
9,22,9,72558497
59,10,12,72558839
9,28,9,72559023
9,26,8,72559130
9,26,0,72559132
19,14,10,72559193
9,24,8,72559248
12,19,11,72559312
25,14,8,72559355
8,26,11,72559440
28,13,14,72559441
15,17,11,72559470
59,12,15,72559561
59,12,7,72559569
18,15,11,72559712
10,22,11,72559723
19,16,8,72559732
21,14,8,72559733
8,27,6,72559815
9,25,11,72559914
43,43,1,72559929
45,41,1,72559930
10,22,0,72559987
22,47,11,72560047
16,18,8,72560075
19,15,8,72560077
6,33,11,72560093
17,16,11,72560149
12,20,11,72560213
11,22,2,72560229
46,36,9,72560246
59,8,13,72560262
58,9,9,72560270
60,7,1,72560277
29,18,10,72560308
29,20,2,72560311
10,25,8,72560345
17,51,10,72560372
15,49,10,72560373
15,49,2,72560385
6,31,11,72560458
8,29,11,72560462
8,29,3,72560464
21,15,5,72560500
14,19,8,72560597
16,17,8,72560598
10,23,11,72560643
44,23,7,72560646
11,22,11,72560701
22,14,6,72561025
8,30,8,72561064
15,19,8,72561067
13,21,8,72561084
7,28,11,72561151
18,17,8,72561157
20,15,0,72561199
6,36,1,72561230
13,20,8,72561429
12,21,11,72561442
15,18,11,72561443
10,24,11,72561546
7,29,11,72561564
14,19,11,72561641
19,15,13,72561701
13,47,13,72561711
24,47,9,72561864
10,24,9,72561926
12,47,7,72561996
18,16,11,72562009
8,29,8,72562266
10,27,0,72562272
19,52,10,72562303
17,50,10,72562304
18,51,2,72562317
10,26,2,72562344
56,11,1,72562857
13,21,6,72567819
11,23,6,72568469
43,28,1,72569031
43,42,12,72570285
43,28,15,72570388
43,27,1,72571210
17,47,10,72571820
43,28,9,72571858
14,19,15,72572158
42,35,7,72572191
18,46,2,72572746
16,48,2,72572762
14,20,12,72572775
18,46,10,72573065
27,17,9,72573315
35,36,10,72573748
23,49,10,72573860
13,21,12,72574556
20,44,2,72574609
19,46,2,72574619
20,47,15,72574926
16,18,12,72574969
12,40,9,72575316
41,26,9,72575400
13,44,7,72575761
42,37,7,72576004
32,33,8,72576022
21,15,1,72576223
20,39,14,72576310
20,39,6,72576355
24,45,14,72576612
39,37,6,72576822
40,31,12,72577072
43,28,12,72577073
22,45,7,72577168
34,31,8,72577190
26,35,11,72577354
27,34,11,72577370
11,41,2,72577407
34,34,4,72577647
42,35,15,72578015
41,32,7,72578022
20,42,4,72578050
36,32,3,72578137
33,33,7,72578450
22,44,4,72578483
20,39,13,72578767
18,41,5,72578770
20,39,5,72578783
24,36,14,72579411
23,35,6,72579433
19,16,1,72579661
26,19,8,72579728
18,15,2,72579865
42,37,5,72580004
25,14,9,72580071
13,20,14,72580079
27,17,6,72580108
11,23,1,72580147
12,22,12,72580257
24,40,4,72580294
22,44,8,72580326
9,29,13,72580587
14,19,5,72580678
10,25,2,72580771
19,41,7,72581241
14,35,14,72581331
13,19,15,72581387
19,15,5,72581494
11,24,1,72581560
13,22,2,72581682
60,13,11,72581762
20,15,6,72581829
12,22,1,72581875
44,25,14,72581958
11,33,6,72582046
13,31,6,72582051
21,14,6,72582185
15,38,12,72582313
24,34,15,72582855
14,19,11,72583073
30,16,13,72583166
23,13,5,72583346
33,36,0,72583377
28,14,13,72583401
15,17,14,72583490
14,20,6,72583493
16,18,6,72583494
18,16,8,72583503
10,28,2,72583517
20,15,5,72583568
19,37,12,72583777
30,31,6,72584070
32,29,6,72584072
43,24,14,72584107
21,15,6,72584240
29,16,12,72584308
20,36,12,72584353
30,15,14,72584379
30,15,6,72584386
16,34,8,72584521
17,18,8,72584527
19,16,8,72584529
14,20,11,72584773
22,38,4,72584836
21,15,5,72584906
17,17,11,72584918
42,24,7,72584980
24,14,6,72585040
17,18,2,72585285
42,28,7,72585400
14,20,5,72585411
17,17,5,72585412
13,20,11,72585416
17,16,11,72585420
21,16,14,72585470
27,13,13,72585532
27,18,11,72585548
28,16,15,72585557
12,21,13,72585768
16,34,11,72585804
36,35,13,72585936
34,33,13,72585942
28,33,14,72586207
34,34,7,72586277
27,15,14,72586285
31,15,6,72586289
23,14,11,72586869
38,19,7,72586891
42,35,12,72587058
43,34,12,72587061
42,33,4,72587076
23,33,12,72587130
15,20,8,72587249
11,23,9,72587304
11,27,1,72587309
37,39,6,72587737
19,16,11,72587856
17,19,14,72588003
19,17,6,72588008
15,21,8,72588016
19,17,8,72588017
12,22,13,72588127
12,26,2,72588143
30,18,14,72588204
27,18,0,72588524
26,15,13,72588529
27,16,14,72588588
28,15,15,72588593
29,18,6,72588736
12,24,11,72588765
27,16,13,72588803
24,16,14,72588944
23,16,8,72588957
15,20,0,72588974
14,22,11,72589150
26,17,0,72589207
18,17,11,72589355
20,17,6,72589362
25,17,14,72589689
28,16,12,72589704
20,16,13,72589784
21,16,5,72589918
29,17,13,72590002
29,19,14,72590010
29,19,6,72590019
23,15,11,72590057
20,16,11,72590076
31,30,13,72590220
30,29,5,72590228
61,12,11,72590256
20,17,8,72590311
22,17,14,72590373
15,21,11,72590471
18,18,11,72590474
13,26,8,72590698
19,17,11,72590703
24,15,11,72590733
22,15,3,72590737
40,27,10,72590797
28,17,0,72590811
29,30,15,72590876
31,28,15,72590878
21,16,13,72591055
17,20,8,72591183
60,10,13,72591702
39,21,13,72591797
32,27,6,72592002
21,17,8,72592055
17,17,0,72592064
41,25,12,72592197
29,19,5,72592222
30,18,6,72592232
40,25,9,72593834
40,23,13,72593985
27,21,1,72603394
17,23,8,72606319
20,20,8,72606813
22,18,8,72606815
21,20,8,72608355
23,18,8,72608360
17,24,8,72609174
18,23,8,72609176
30,20,6,72609811
20,21,8,72610473
23,19,5,72610619
21,19,11,72610935
22,20,5,72611425
18,24,8,72611431
17,24,3,72613028
21,20,11,72613452
20,23,5,72613849
17,24,11,72613853
20,21,11,72613860
60,10,1,72617777
27,22,8,72618508
26,20,14,72619226
30,21,13,72619886
59,15,2,74123290
56,32,1,74299513
57,35,8,74339902
49,34,8,74906071
20,62,6,76682538
22,60,6,76682563
46,51,4,76703301
46,51,7,76706161
48,51,15,76711428
49,50,1,76711449
57,60,10,76711667
56,56,0,76714693
50,51,7,76714786
59,60,0,76717166
22,56,6,76717861
58,58,0,76718138
49,46,9,76744419
49,46,10,76746108
50,45,3,76750249
43,41,4,76775735
41,40,4,76777314
38,40,4,76780853
36,38,2,76794335
29,41,2,76794430
31,39,2,76794482
29,40,1,76797491
30,40,1,76798947
25,45,15,76799266
25,46,12,76799547
26,44,12,76800587
36,38,10,76801724
29,41,10,76804510
26,42,15,76805001
39,36,1,76805400
38,36,2,76806978
31,39,2,76808265
33,37,1,76808584
37,35,13,76808644
37,37,9,76808651
31,39,10,76810606
23,46,5,76811513
35,37,10,76811978
34,36,10,76811983
34,37,2,76812169
37,36,15,76812250
34,35,1,76823428
35,34,1,76829808
40,34,10,76832713
24,42,15,76833668
21,46,6,76835554
23,44,6,76835559
35,35,12,76838258
31,36,15,76839516
36,33,1,76840196
24,43,12,76840418
33,36,12,76840516
39,34,10,76841615
38,33,2,76841625
57,52,3,76841866
34,35,15,76843450
53,57,8,76843544
27,30,1,77396105
26,31,1,77399746
26,31,15,77560053
43,27,4,77810187
42,27,10,77811272
47,36,10,77811516
43,27,7,77812620
42,27,4,77812775
46,29,0,77812914
53,12,8,77812940
53,11,11,77812952
22,37,13,77821740
46,44,6,77823568
23,46,14,77825555
21,41,7,77825638
22,43,12,77825697
43,24,2,77825995
23,46,13,77826606
21,42,6,77827080
22,42,4,77827440
53,41,0,77827449
52,46,1,77827984
51,44,3,77828002
50,43,3,77828011
24,47,5,77828050
43,24,10,77828136
50,50,11,77828348
21,41,12,77828513
22,44,4,77828518
54,31,1,77829131
21,44,12,77829271
22,47,4,77829274
20,43,15,77829348
21,42,15,77829349
48,50,3,77829404
20,40,7,77829469
21,41,4,77829565
52,46,2,77829694
51,44,0,77829713
50,48,11,77829724
20,42,14,77829733
51,49,8,77829783
52,45,3,77829794
21,44,7,77829939
19,41,14,77830067
21,41,13,77830084
19,37,6,77830196
48,51,3,77830495
48,53,11,77830497
50,52,0,77830579
20,43,6,77830663
54,48,9,77830776
34,23,9,77830804
21,44,6,77831138
20,43,5,77831322
20,45,4,77831372
21,42,4,77831408
23,48,5,77831495
58,37,6,77831737
21,44,5,77831756
33,23,10,77831923
54,33,8,77831929
40,24,4,77831966
21,38,5,77831994
50,52,3,77832052
20,44,13,77832054
20,42,5,77832060
55,36,11,77832216
38,23,12,77832235
19,43,15,77832260
22,50,14,77832292
19,40,14,77832377
43,23,12,77832513
20,41,13,77832575
41,23,10,77832635
49,52,3,77832650
52,53,8,77832763
51,54,0,77833390
50,55,8,77834091
56,35,2,77834187
19,45,8,77837251
21,46,13,77837345
19,44,13,77837350
52,11,9,77837612
42,23,10,77837651
19,46,3,77838563
20,37,8,77838650
39,22,15,77838720
38,22,1,77838742
22,41,13,77839112
19,38,13,77839116
20,41,5,77839117
22,39,5,77839120
41,22,15,77839284
40,23,9,77839300
38,21,9,77839304
36,21,1,77839432
21,46,14,77839616
23,45,12,77839626
20,45,7,77839638
21,43,8,77839802
40,22,15,77839824
39,22,1,77839841
20,45,5,77839845
23,42,5,77839847
23,48,4,77839962
21,45,15,77839975
21,47,7,77839978
34,22,2,77840254
20,44,0,77840305
18,44,15,77840338
20,42,7,77840344
51,56,1,77840863
45,50,3,77841016
20,46,10,77841028
51,54,6,77841088
52,54,0,77841104
20,45,12,77841113
22,43,4,77841121
56,33,9,77841373
58,42,7,77841386
54,51,10,77841490
55,50,2,77841940
53,52,1,77841949
55,50,1,77841952
19,43,0,77842201
23,49,4,77842305
49,56,11,77842546
49,56,3,77842550
47,54,3,77842554
22,51,4,77842600
21,40,0,77842611
23,29,1,77842633
52,53,2,77843321
52,53,1,77843323
53,52,8,77843384
51,53,2,77843512
22,48,8,77843527
21,48,10,77843539
22,48,7,77843657
50,56,4,77843963
23,48,12,77844035
53,36,10,77849813
50,51,12,77849934
55,36,9,77850766
55,36,1,77850772
50,46,1,77851191
49,47,2,77851731
50,47,4,77852361
49,50,4,77852487
53,31,13,77852881
50,46,4,77853157
51,39,7,77853600
50,41,10,77854047
51,45,12,77854581
25,44,6,77854942
50,43,15,77854986
45,50,10,77855775
52,30,1,77856061
50,32,2,77856063
48,48,6,77856189
53,42,11,77856757
47,34,10,77857526
53,41,6,77857641
51,40,13,77857983
49,40,7,77858014
51,33,9,77858256
23,34,8,77858644
46,39,14,77859218
53,40,3,77859262
47,35,11,77859324
22,36,3,77859724
48,39,7,77859809
47,43,11,77861058
23,30,11,77861433
37,39,14,77861557
30,34,5,77861781
39,37,1,77862070
26,36,0,77862229
38,37,7,77862967
36,35,7,77862971
48,35,7,77863205
51,32,10,77863461
30,34,6,77863715
33,33,7,77863727
37,31,3,77864921
50,32,9,77864993
50,37,15,77865027
44,36,15,77865116
34,34,4,77865159
40,30,11,77865628
24,28,11,77865786
35,29,12,77866729
38,34,8,77866809
29,33,13,77867194
49,29,8,77867554
43,34,12,77869017
45,32,12,77869018
45,32,15,77869469
46,31,12,77869774
47,32,4,77869778
25,28,11,77869840
48,24,5,77870059
48,27,14,77870063
44,29,15,77870339
28,41,11,77870388
46,28,1,77870582
37,32,1,77870770
27,33,1,77871426
26,27,8,77872510
26,27,11,77872683
27,26,8,77873242
46,33,7,77874137
47,28,9,77874447
26,26,11,77874758
25,32,8,77874974
54,8,11,77874995
45,30,4,77875144
30,24,8,77886293
40,24,3,77891930
31,23,11,77897649
30,25,8,77901423
15,31,14,78717377
12,31,6,78765702
12,29,13,78778923
11,32,6,78780870
11,30,15,78798772
10,30,6,78800563
10,31,15,78809218
8,31,6,78833555
10,30,12,78837618
19,32,14,78843139
18,31,14,78843752
16,30,13,78872931
13,33,6,78926654
11,34,6,78950137
9,32,14,78950819
12,33,6,78962438
8,33,13,78968016
3,35,13,78997066
3,37,13,79011463
2,38,5,79023232
4,39,6,79024441
3,38,5,79029525
3,40,8,79031210
29,33,6,79182009
19,61,1,80698009
18,61,2,80701109
19,60,2,80705028
19,60,1,80705147
21,59,1,80706218
20,61,2,80706590
22,59,2,80706599
20,59,9,80707185
21,60,12,80707862
18,61,15,80707910
23,58,1,80709054
20,60,12,80710360
22,58,2,80711439
22,59,12,80711551
20,58,1,80712817
19,60,12,80713345
23,57,1,80713468
18,60,15,80714258
17,60,15,80714667
22,57,1,80715366
17,61,15,80715369
20,61,10,80715380
18,59,10,80715384
18,59,2,80715389
19,58,9,80715394
20,59,15,80715536
18,60,12,80715923
21,59,2,80715983
20,59,12,80716269
21,57,1,80717361
22,58,12,80718136
24,56,1,80719623
20,56,2,80733231
22,54,2,80734547
23,55,9,80734548
20,56,1,80734552
22,54,1,80734553
17,59,12,80736359
22,55,12,80738061
21,54,9,80738688
19,56,15,80739229
21,55,12,80739808
24,53,1,80739960
19,55,1,80740268
20,55,15,80742201
22,53,9,80742218
22,53,1,80742233
18,56,15,80743427
19,56,12,80744442
21,54,12,80745395
20,54,15,80745776
23,55,4,80751091
21,51,15,80761742
25,49,10,80767554
24,48,10,80768685
24,47,10,80774757
24,47,2,80774760
23,48,15,80777509
23,47,2,80778403
18,61,0,80779161
24,46,2,80779348
24,46,10,80780423
23,47,12,80793651
22,47,15,80794128
28,42,2,80806514
30,40,2,80806535
20,53,1,80810979
36,37,10,80828408
34,37,10,80829667
29,36,1,80834207
27,38,2,80835693
33,35,1,80836087
37,36,10,80836608
35,36,2,80836610
38,35,9,80836616
35,36,1,80836618
32,37,12,80836806
37,34,9,80837222
36,37,1,80837225
38,35,1,80837237
33,36,2,80839277
37,36,9,80839282
38,36,9,80839349
36,37,2,80839734
39,34,1,80839747
34,35,12,80840121
39,35,7,80840264
34,35,10,80840365
37,34,1,80840481
32,36,2,80841282
32,35,7,80841996
34,36,10,80842246
30,36,2,80842254
36,36,12,80842255
37,34,10,80842270
36,34,9,80842333
36,35,12,80842726
22,47,1,80843153
38,35,9,80843990
34,35,1,80843998
43,35,0,80856522
35,32,10,80856900
28,34,2,80856934
40,34,9,80858674
36,33,10,80861000
39,31,13,80861278
38,32,9,80861299
36,31,2,80861543
36,33,2,80863111
38,31,2,80863117
36,32,10,80863291
34,32,2,80863295
36,31,15,80865190
37,31,9,80865195
35,31,1,80865204
43,35,8,80865942
35,31,15,80866318
36,31,9,80866626
36,32,15,80866772
35,32,1,80867020
35,34,10,80867617
27,42,2,80868537
34,30,10,80870438
35,31,12,80870561
37,31,4,80870563
37,32,10,80870567
45,37,10,80870791
35,32,12,80871195
36,30,2,80871358
37,31,12,80871676
35,31,4,80872397
37,31,2,80873153
27,42,9,80873358
25,40,9,80873374
35,30,9,80873569
34,32,7,80873766
39,31,12,80873808
33,32,7,80874513
39,30,2,80875181
33,32,10,80875302
39,32,1,80875553
38,28,2,80889277
40,29,10,80891215
43,30,4,80892824
39,27,2,80894778
56,12,2,80895791
37,27,10,80896762
40,28,9,80896763
29,29,2,80897074
41,29,10,80898347
39,27,10,80898358
36,28,9,80899103
35,27,9,80899104
36,27,15,80899285
37,27,9,80899653
43,29,9,80899960
41,27,9,80899962
39,29,1,80899965
41,27,1,80899970
37,27,15,80900335
39,27,7,80900343
38,27,9,80900347
38,26,9,80900357
37,27,1,80900358
33,28,15,80900526
37,28,7,80900530
40,27,1,80900544
45,45,2,80900600
28,31,12,80900892
35,27,15,80901149
37,27,7,80901162
35,27,7,80901197
32,29,12,80901227
38,27,15,80901663
35,28,2,80901748
37,26,1,80901759
35,28,12,80902428
40,27,10,80902512
41,28,9,80902522
39,26,9,80902529
38,28,1,80903176
46,44,2,80903303
34,36,12,80904354
36,28,12,80904463
40,28,4,80904467
36,26,10,80904492
34,28,12,80904814
37,27,4,80904818
42,27,2,80904901
41,26,9,80905019
41,26,1,80905027
37,28,5,80905057
31,28,15,80905112
34,27,9,80905142
37,38,1,80905191
38,27,12,80905480
43,28,9,80906054
36,28,2,80906233
40,27,7,80906336
38,25,9,80906349
38,25,1,80906361
39,27,12,80906394
29,29,12,80913641
27,29,6,80916851
29,27,6,80916870
29,27,5,80919448
28,28,15,80920840
31,26,15,80921800
41,26,10,80922054
38,24,10,80925282
30,26,15,80926354
31,26,2,80927684
30,25,9,80927773
41,25,10,80930701
31,26,12,80932334
32,25,1,80932654
44,42,6,80932894
41,24,7,80933445
45,41,6,80934324
29,27,12,80935078
29,26,15,80935085
36,24,12,80935382
35,23,10,80935392
37,23,9,80935406
39,24,4,80936565
37,23,10,80936859
34,25,12,80936862
38,23,10,80937234
41,24,2,80938546
34,23,1,80938707
30,25,12,80954467
31,24,12,80959554
56,6,1,80959920
26,23,15,81280502
25,24,12,81301875
24,24,15,81309751
24,24,12,81333788
24,23,15,81343700
42,22,0,81402918
41,23,0,81427782
39,21,3,81429068
40,22,0,81429137
26,23,6,81430186
43,27,14,81468177
24,25,1,81500012
25,23,2,81525543
41,23,4,81531830
42,23,10,81543293
25,23,15,81549201
40,21,10,81549468
39,20,10,81551063
24,23,2,81551183
41,21,9,81552630
24,23,1,81554454
42,22,4,81556259
39,20,2,81557178
24,24,12,81558030
27,21,15,81558168
25,22,15,81560362
24,22,15,81580761
43,21,9,81580983
25,22,12,81581191
26,21,12,81585571
24,22,12,81621311
22,22,15,81748616
22,23,12,81749925
21,23,6,81750638
45,23,13,81800956
42,22,3,81810950
18,27,1,81831842
19,26,1,81836413
22,24,12,82049447
21,24,15,82050515
23,22,15,82051759
21,25,12,82055750
21,23,15,82076609
22,23,12,82077371
23,21,15,82084408
22,23,8,82142894
21,23,11,82142902
23,21,11,82142952
26,20,6,82147402
19,26,11,82156026
19,28,11,82156094
25,22,8,82177919
23,23,11,82178921
21,36,3,82181344
22,36,3,82185552
20,34,3,82185556
21,36,10,82186221
46,34,1,82186320
25,22,11,82205893
31,23,2,82210155
25,23,2,82278666
22,25,5,82289966
24,23,5,82289967
21,26,5,82291931
25,22,15,82292831
23,23,2,82293280
24,22,15,82293916
20,27,5,82294491
24,23,12,82295012
25,21,2,82295155
21,26,6,82295304
22,24,15,82295313
27,20,15,82295446
20,35,7,82295543
22,23,15,82297034
21,25,15,82297051
46,33,10,82297308
40,21,4,82297390
23,23,12,82297480
28,21,12,82297664
41,21,7,82297696
24,21,15,82297824
20,26,15,82298410
39,21,10,82298449
37,19,9,82298535
25,21,12,82298577
38,20,4,82298701
20,29,12,82298703
19,26,2,82298902
30,18,1,82299177
20,27,15,82299262
19,34,7,82299289
31,23,11,82299467
20,28,6,82299498
20,29,15,82299509
21,23,6,82299516
25,20,15,82299538
20,28,15,82299554
25,39,3,82299792
21,26,12,82299971
22,23,12,82300078
37,19,7,82300489
21,24,12,82300751
22,22,15,82300859
19,36,7,82300900
19,27,15,82301299
36,19,4,82301502
35,19,7,82301506
19,32,12,82301585
38,20,10,82301824
19,30,12,82302030
20,28,12,82302207
20,39,14,82302342
20,38,13,82302363
19,37,14,82302409
24,39,5,82302808
19,29,15,82302835
20,25,12,82302909
19,29,6,82302926
21,22,15,82302993
44,22,0,82303052
21,41,14,82303219
26,19,9,82303329
22,22,12,82303342
18,31,15,82303364
18,33,7,82303370
25,20,12,82303400
33,19,15,82303414
36,18,4,82303558
24,20,12,82303562
37,18,4,82303585
19,28,6,82303664
34,19,12,82303684
19,29,5,82303811
25,18,1,82303867
26,44,8,82304036
28,42,8,82304042
20,23,15,82304256
35,19,12,82304462
39,19,4,82304467
17,33,15,82304588
18,32,15,82304593
20,25,1,82304653
32,17,15,82304716
21,38,15,82304731
31,34,5,82304756
19,29,12,82304933
18,32,4,82304935
21,21,15,82304955
18,32,14,82305414
18,28,6,82305419
24,19,1,82305449
25,20,4,82305467
37,18,7,82305654
31,22,12,82305902
29,20,4,82305910
36,18,9,82305944
24,19,15,82305988
25,44,12,82306008
17,33,14,82306045
17,31,6,82306050
17,32,15,82306056
18,35,7,82306058
34,18,12,82306496
24,22,4,82306726
18,37,12,82306731
35,17,4,82306816
23,22,7,82306894
24,20,4,82307107
17,33,5,82307120
23,23,4,82307219
21,21,12,82307253
17,31,7,82307272
21,20,15,82307276
24,21,7,82307280
35,17,10,82307290
35,17,12,82307296
38,18,4,82307300
15,31,6,82307310
17,29,6,82307311
36,17,4,82307344
18,33,4,82307437
17,32,14,82307448
34,17,4,82307484
15,32,6,82307522
33,18,5,82307588
17,31,15,82307590
17,32,6,82307632
16,32,6,82307819
22,19,15,82307888
25,20,7,82307892
24,17,5,82308010
16,34,6,82308130
24,19,12,82308192
46,23,10,82308355
21,40,6,82308456
22,22,7,82308510
23,20,4,82308677
33,17,15,82308774
39,19,15,82308793
32,20,12,82308863
23,22,4,82309001
20,22,7,82309087
21,20,12,82309152
24,19,4,82309156
24,18,7,82309164
21,19,15,82309169
23,21,7,82309173
22,41,8,82309191
33,16,15,82309258
20,24,7,82309619
32,18,15,82309694
43,19,10,82309814
16,32,5,82309825
26,18,4,82309893
15,32,14,82310100
16,35,14,82310113
16,33,14,82310188
15,30,6,82310193
21,22,7,82310290
15,33,6,82310336
35,16,4,82310531
48,26,0,82310850
16,32,13,82310852
17,38,15,82310876
22,19,7,82310913
40,19,12,82310931
16,34,13,82310938
24,17,12,82310979
27,18,4,82310987
23,19,4,82311020
22,20,4,82311091
26,16,12,82311145
28,40,11,82311155
14,31,7,82311168
15,35,6,82311268
23,17,15,82311319
15,33,5,82311376
16,33,12,82311383
33,18,13,82311392
25,16,15,82311421
20,19,15,82311522
47,28,8,82311574
20,20,12,82311761
20,24,4,82311765
15,34,14,82311787
13,32,6,82311792
13,32,14,82311807
41,17,15,82312021
40,18,1,82312038
21,19,12,82312050
24,18,4,82312056
17,42,13,82312128
16,38,13,82312138
15,35,5,82312146
14,34,6,82312180
15,32,4,82312189
44,18,9,82312274
31,18,7,82312343
25,15,1,82312411
21,19,7,82312437
20,20,7,82312496
52,4,1,82312852
13,32,5,82312879
14,31,5,82312880
22,19,4,82312896
44,18,4,82312947
31,34,6,82313259
26,40,3,82313292
23,18,4,82313451
39,16,7,82313733
23,19,7,82313776
19,22,7,82313816
20,22,4,82313843
27,41,0,82314084
30,21,4,82314150
14,21,12,82318798
16,19,12,82318835
15,18,15,82319096
43,13,4,82319399
41,12,4,82319423
42,12,4,82319630
41,11,7,82319737
40,11,4,82319847
12,19,15,82320389
40,10,7,82322980
10,27,1,82323631
20,13,12,82324240
14,17,6,82325265
14,17,5,82325274
16,15,5,82325279
14,17,15,82325412
17,14,15,82325413
19,14,12,82326946
47,44,13,82327191
18,15,14,82329351
15,16,6,82329356
20,12,6,82329706
22,11,5,82330234
24,9,5,82330235
21,11,6,82330290
19,13,13,82330334
19,13,5,82330337
19,15,9,82330344
19,13,8,82330355
23,11,14,82330440
23,11,6,82330443
25,9,6,82330444
51,3,9,82330537
33,9,14,82330562
17,15,8,82330611
22,11,8,82330705
26,10,6,82330737
15,16,11,82330933
18,13,11,82330942
24,11,14,82331026
24,11,6,82331030
27,10,14,82331043
27,10,6,82331048
15,15,1,82331117
20,12,11,82331290
14,18,8,82331355
16,16,8,82331361
22,12,6,82331368
20,13,8,82331422
47,15,4,82331433
45,13,4,82331436
33,9,6,82331461
18,15,2,82331601
47,15,7,82331602
23,49,11,82331750
34,10,8,82331773
25,51,10,82331789
29,12,12,82331815
30,9,15,82331838
53,6,14,82331905
34,10,14,82331956
17,16,2,82332093
23,11,8,82332118
21,11,11,82332183
45,46,5,82332213
11,26,1,82332275
41,11,3,82332291
11,20,15,82332321
13,18,7,82332328
15,16,13,82332334
15,18,2,82332357
19,14,8,82332444
14,42,10,82332447
18,14,11,82332454
49,18,7,82332512
46,15,7,82332518
44,14,3,82332656
43,13,0,82332666
28,17,2,82332696
22,11,11,82333314
27,11,14,82333440
42,13,0,82334334
44,14,14,82334543
22,12,5,82334606
24,10,5,82334608
16,16,11,82334736
38,10,4,82335152
20,13,2,82335180
21,10,9,82335207
17,16,2,82335270
29,16,13,82335325
28,17,1,82335341
17,16,6,82335470
21,12,5,82335640
18,15,1,82335644
20,13,1,82335656
38,11,3,82335702
36,9,3,82335736
11,25,13,82335779
12,24,5,82335781
13,20,2,82335809
15,18,2,82335814
11,25,8,82335830
40,12,4,82336122
29,15,13,82336127
27,15,10,82336134
27,15,2,82336147
17,15,10,82336186
16,16,2,82336187
18,14,2,82336225
20,16,9,82336231
18,14,1,82336239
44,14,12,82336240
45,15,4,82336244
29,10,6,82336360
29,10,13,82336364
17,16,12,82336500
28,10,6,82336518
11,26,14,82336577
20,13,12,82336720
20,13,4,82336725
16,16,12,82336734
22,11,9,82336779
29,13,13,82336796
16,15,6,82336847
17,16,13,82336927
16,15,5,82336932
15,17,6,82336968
47,44,6,82336988
40,12,7,82337042
38,10,7,82337050
19,12,15,82337065
18,15,7,82337070
41,12,8,82337078
43,10,8,82337080
40,11,0,82337083
30,11,13,82337085
30,11,5,82337092
13,19,1,82337120
15,17,1,82337121
29,12,6,82337127
41,13,15,82337140
43,11,15,82337141
43,13,7,82337144
35,10,12,82337217
35,10,4,82337222
21,12,2,82337254
28,13,5,82337260
27,14,9,82337265
11,23,6,82337274
13,19,6,82337462
36,10,0,82337484
28,11,13,82337522
26,9,13,82337523
24,11,1,82337539
19,13,15,82337540
16,17,13,82337551
25,9,5,82337575
22,12,15,82337576
24,10,15,82337582
24,10,1,82337597
26,10,8,82337696
26,10,0,82337697
13,17,2,82337725
34,11,4,82337731
47,43,5,82337739
42,13,10,82337745
40,11,10,82337747
32,10,10,82337820
39,11,12,82337856
39,11,4,82337866
21,12,12,82337881
38,11,10,82337904
14,21,7,82337914
12,19,7,82337920
21,12,1,82337926
14,18,12,82337930
22,11,2,82337944
24,10,4,82337964
23,10,15,82337965
23,12,2,82338000
25,10,9,82338015
16,16,12,82338044
17,14,15,82338057
19,12,7,82338065
27,14,12,82338067
30,11,12,82338068
28,11,4,82338072
28,11,15,82338079
27,10,7,82338080
24,10,12,82338085
26,12,4,82338089
25,10,15,82338121
38,13,15,82338157
40,11,7,82338165
29,9,15,82338169
20,12,15,82338176
18,13,15,82338186
18,13,7,82338192
38,11,4,82338247
33,9,13,82338288
33,10,7,82338301
18,12,5,82338322
16,16,10,82338327
15,15,2,82338335
40,10,4,82338399
18,14,10,82338430
15,16,15,82338437
34,9,15,82338445
34,9,7,82338450
33,8,9,82338458
38,10,15,82338464
37,9,7,82338468
19,13,12,82338530
12,19,6,82338562
15,16,6,82338565
31,9,10,82338581
31,9,2,82338585
27,9,1,82338659
34,10,9,82338662
33,9,15,82338725
33,9,7,82338731
23,12,14,82338753
21,10,14,82338757
19,12,6,82338759
21,49,14,82338781
51,5,12,82338812
12,21,14,82338857
41,12,7,82338859
38,10,12,82338875
38,10,4,82338882
46,15,9,82338885
44,13,9,82338888
37,9,15,82338891
43,13,10,82338923
41,11,0,82338948
13,18,5,82338963
14,17,15,82338967
14,19,7,82338971
35,9,8,82338989
37,11,0,82338992
50,41,8,82339008
47,16,7,82339045
43,12,7,82339046
44,14,10,82339054
44,14,2,82339060
46,16,14,82339068
44,14,0,82339086
47,17,14,82339090
47,44,12,82339097
25,49,13,82339107
20,11,15,82339117
22,11,7,82339120
49,41,11,82339199
33,9,4,82339271
59,21,9,82339296
32,9,6,82339306
34,9,12,82339333
35,10,10,82339386
34,9,2,82339392
47,44,1,82339420
46,45,2,82339430
19,14,4,82339514
15,42,11,82339544
28,11,5,82339575
16,44,10,82339675
27,10,9,82339725
26,9,1,82339738
26,9,2,82339773
27,11,12,82339776
22,10,15,82339865
24,50,10,82339994
37,10,4,82340133
14,24,10,82340188
47,42,15,82340198
27,8,1,82340323
19,46,4,82340394
30,15,2,82340595
53,4,0,82340621
30,17,13,82340679
18,42,13,82340782
23,49,9,82340962
49,41,13,82341014
21,48,4,82341215
42,13,12,82341377
43,12,4,82341385
25,49,8,82341399
45,46,13,82341481
51,4,3,82341690
23,47,13,82341898
19,45,14,82341979
16,42,14,82341982
22,48,10,82342010
19,11,14,82342027
21,10,15,82342053
49,42,12,82342076
18,46,7,82342117
20,46,12,82342133
20,46,4,82342139
17,45,7,82342162
15,43,7,82342163
14,41,4,82342445
53,5,9,82342509
50,2,9,82342513
14,42,2,82342586
20,46,7,82342645
12,23,6,82342776
11,28,9,82342780
9,28,1,82342784
37,9,12,82343067
37,9,4,82343070
45,42,13,82343086
12,38,14,82343289
38,10,9,82343320
43,12,9,82343379
43,12,1,82343384
14,17,14,82343425
19,45,4,82343468
41,13,12,82343546
32,8,14,82343583
30,9,12,82343593
31,8,4,82343601
10,24,13,82343729
11,35,3,82343966
39,9,12,82344105
51,5,1,82344291
15,17,5,82344318
38,9,7,82344335
50,20,7,82344348
23,49,5,82344393
14,40,3,82344437
53,3,1,82344513
46,14,0,82344552
32,8,4,82344748
24,41,1,82350929
26,42,2,82353254
28,40,2,82353255
30,38,2,82353263
29,10,5,82353332
18,12,11,82353821
48,17,4,82354028
28,12,2,82354488
29,10,13,82354987
28,8,13,82355620
29,9,13,82355640
38,9,0,82355890
18,13,8,82356067
22,11,6,82356427
29,11,11,82356755
39,10,3,82356929
38,9,3,82356931
24,9,5,82357044
28,8,6,82357127
26,9,13,82357152
33,9,0,82357323
31,7,0,82357333
22,10,11,82357387
22,10,8,82357492
23,9,11,82357508
31,9,8,82357525
32,9,8,82357575
40,11,3,82357628
28,8,5,82357791
28,13,13,82357817
26,8,5,82357924
34,9,3,82358184
32,8,3,82358269
21,11,8,82358355
34,9,0,82358403
27,10,14,82358648
25,8,14,82358649
24,10,8,82358784
17,14,11,82358800
35,9,3,82358834
21,11,11,82358903
26,9,6,82358939
37,10,3,82358949
17,15,8,82358952
37,11,0,82358996
41,13,3,82359003
38,10,3,82359010
16,16,8,82359032
16,15,11,82359110
24,10,11,82359119
26,10,5,82359163
26,9,11,82359168
37,11,3,82359199
26,9,8,82359225
20,12,11,82359297
25,8,13,82359442
24,10,5,82359461
26,11,14,82359496
24,9,14,82359507
28,14,8,82359595
25,11,8,82359693
26,9,5,82359799
24,11,8,82359804
29,13,8,82359819
32,10,8,82359822
23,12,6,82359838
22,12,8,82359850
26,11,0,82359882
27,14,11,82359897
33,9,3,82360078
20,13,5,82360083
20,13,8,82360127
26,11,3,82360139
24,9,3,82360142
35,10,3,82360206
32,9,0,82360305
47,21,7,82360328
17,16,8,82360337
32,9,3,82360351
45,17,5,82360412
47,21,4,82360420
37,10,8,82360428
34,11,0,82360435
18,14,11,82360436
26,10,8,82360479
15,17,11,82360483
22,12,11,82360552
20,13,0,82360608
52,5,8,82360652
28,12,0,82360685
16,17,8,82360700
43,15,13,82360932
46,29,6,82360971
45,19,7,82361174
25,11,5,82361310
24,12,8,82361318
24,11,11,82361332
19,15,8,82361354
33,11,8,82361391
31,11,11,82361514
33,9,11,82361519
47,34,12,82361679
28,13,11,82361725
31,10,11,82361726
26,11,8,82361793
34,9,11,82361829
26,12,0,82361961
26,12,3,82361964
16,17,11,82361969
23,12,5,82362052
17,16,11,82362460
44,18,5,82362472
46,33,4,82362581
45,33,14,82362627
46,34,1,82362639
47,23,13,82362702
39,33,12,82362841
22,13,11,82362971
47,26,5,82363102
46,22,14,82363266
44,31,6,82363325
13,22,11,82363432
25,12,14,82363441
29,14,13,82363449
26,11,13,82363454
28,11,5,82363467
24,38,8,82363547
42,31,15,82363600
18,11,10,82363655
21,13,0,82363665
52,5,0,82364394
22,38,10,82364440
27,38,9,82364923
41,33,13,82365036
46,22,13,82365606
19,10,6,82366003
24,39,15,82366194
28,13,5,82366482
44,25,15,82366516
28,13,14,82366951
27,14,10,82366962
26,13,10,82367013
34,28,11,82367376
36,26,11,82367389
28,40,10,82367747
41,21,13,82368085
43,19,5,82368102
28,35,9,82368597
44,25,13,82368936
42,23,13,82368938
52,4,1,82369004
25,42,4,82369112
26,42,1,82369133
23,36,10,82369182
25,34,2,82369189
25,35,15,82369311
42,20,6,82369334
43,19,6,82369335
15,33,9,82369477
21,13,11,82369489
25,12,8,82369749
20,12,3,82369762
29,14,6,82369819
31,12,6,82369821
32,11,8,82369829
42,38,12,82369835
42,27,7,82370095
16,19,8,82370294
18,17,8,82370297
19,16,8,82370371
21,14,8,82370373
36,36,6,82370462
32,12,8,82370556
43,15,5,82370860
15,21,8,82371040
28,13,0,82371176
28,16,13,82371250
30,14,5,82371256
24,12,11,82371388
21,11,3,82371395
32,11,11,82371680
27,11,6,82371708
29,13,11,82371989
37,25,11,82372351
30,13,6,82372571
28,15,11,82372577
30,13,11,82372580
28,15,3,82372581
26,13,3,82372584
28,16,8,82372588
15,30,10,82372606
27,12,6,82372957
35,37,5,82373175
12,25,3,82373541
52,5,8,82373596
36,11,11,82373977
31,30,15,82374137
32,28,5,82374197
27,15,13,82374292
27,17,6,82374335
26,18,2,82374347
34,11,8,82374663
14,27,0,82374729
33,27,5,82375447
13,25,2,82375522
14,27,3,82375694
36,15,14,82380808
35,16,0,82383108
19,19,8,82383966
19,19,11,82385094
23,18,14,82385777
24,16,6,82387122
20,18,11,82387535
20,19,8,82387778
24,19,14,82388324
20,19,11,82389922
22,17,11,82389923
37,17,11,82390458
19,21,8,82391863
22,18,8,82391865
53,4,6,82393480
23,18,6,82395246
20,20,11,82398329
52,5,9,82399379
35,17,11,82400842
19,23,8,82402110
22,20,8,82403249
20,22,0,82404353
24,19,13,82405260
20,21,10,82405700
21,22,2,82405704
19,26,11,82405748
54,3,6,82406793
23,25,0,82425169
24,24,8,82430487
57,21,11,84715442
58,21,3,84741054
59,24,11,84834479
61,24,2,84994633
19,44,0,85273224
20,45,0,85280405
19,47,14,85305803
19,52,14,85374294
23,54,8,85401239
20,42,8,85405224
18,45,8,85418166
19,44,11,85424151
20,44,8,85424626
16,58,7,85424667
18,46,8,85426577
19,45,11,85430831
20,45,8,85432061
17,48,8,85434831
20,60,6,85436134
21,60,11,85437539
20,45,11,85437830
17,51,11,85458602
16,53,8,85460491
18,51,8,85460492
20,51,14,85460953
20,51,6,85460958
15,54,11,85464437
18,51,11,85464441
19,52,6,85466065
20,52,14,85466525
17,52,3,85467760
23,53,6,85468782
21,56,5,85469369
18,55,11,85481857
20,54,8,85482360
16,57,11,85482463
20,55,8,85483608
19,55,11,85485326
18,56,11,85485853
17,57,11,85486290
17,58,8,85487019
19,56,11,85487567
16,58,11,85488209
19,57,6,85488961
18,58,6,85488979
20,56,5,85488990
18,58,5,85489340
17,58,11,85490407
18,58,8,85490607
18,56,3,85490987
17,59,8,85492763
19,57,14,85492919
23,55,0,85493092
16,60,11,85493978
17,59,11,85493979
21,56,0,85494028
18,56,0,85494233
18,57,3,85495577
19,58,0,85495596
16,61,8,85495654
18,59,8,85495656
21,56,3,85497834
20,58,11,85498000
20,58,3,85498048
18,59,11,85498868
20,59,13,85499047
23,57,8,85499738
18,60,3,85500816
21,61,6,85500826
31,39,14,85548370
51,45,3,85553832
61,49,0,85563060
62,56,13,85648844
54,59,0,85681619
59,29,4,87310897
30,25,14,87312639
55,27,6,87357760
9,51,11,87363942
8,38,5,87374430
55,26,9,87468650
55,26,1,87468680
25,53,11,87936614
55,15,4,87964196
22,47,6,88153268
34,35,10,88205277
54,17,3,88247471
24,37,6,88307909
27,34,6,88585036
25,36,5,88585600
47,33,4,89308417
47,34,14,89341622
45,31,13,89369080
24,32,5,89434599
25,31,8,89624048
53,11,11,89717530
52,12,3,89717538
24,43,7,89736597
46,40,10,89737005
24,34,5,89738855
44,32,3,89739273
23,42,4,89739497
24,33,5,89739977
22,41,7,89740722
23,35,6,89741274
23,35,5,89741283
45,33,0,89741337
22,42,14,89741749
23,33,15,89743237
22,35,6,89743261
25,31,12,89743617
22,41,4,89743645
22,36,6,89743725
22,36,5,89743729
22,42,13,89743944
23,34,15,89744144
24,31,15,89744237
23,36,12,89744731
21,39,14,89745197
20,38,6,89745209
22,37,15,89745228
23,34,12,89745234
21,40,6,89745267
46,41,8,89745274
27,29,12,89745576
22,36,15,89745923
22,38,5,89746245
23,32,15,89746304
47,35,0,89746416
20,40,13,89746592
23,33,5,89746613
47,37,0,89746633
46,40,11,89746635
23,46,14,89746707
23,33,12,89746744
47,38,11,89747226
47,36,3,89747230
21,36,6,89747357
21,36,15,89747372
21,35,6,89747570
22,37,12,89748081
24,30,15,89748881
25,29,15,89748882
24,34,13,89748911
22,32,13,89748913
21,37,5,89748957
22,38,12,89748968
48,39,8,89749012
47,36,0,89749018
46,32,0,89749094
21,42,14,89749095
23,31,15,89749117
19,39,6,89749490
20,39,15,89749495
41,29,10,89749597
21,41,5,89749784
20,37,6,89749968
22,34,12,89750013
48,40,11,89750340
47,33,0,89750496
20,45,0,89751456
24,29,15,89755968
18,40,12,89757670
52,48,14,89758014
17,41,12,89758263
18,44,4,89758268
51,47,5,89758848
51,44,3,89758934
49,49,6,89759088
49,49,5,89759102
26,28,12,89760113
16,49,4,89760250
26,27,15,89760349
25,28,12,89760371
15,41,6,89760433
17,43,7,89760439
17,49,13,89761016
49,53,0,89761834
50,55,8,89761998
50,55,11,89762272
24,29,12,89767357
54,9,6,89768514
15,50,9,89769449
52,53,3,89770089
52,52,14,89771075
50,54,6,89771079
52,52,6,89771081
50,54,2,89771102
18,55,11,89771392
18,55,3,89771401
50,42,3,89771538
52,46,5,89771940
50,45,8,89772346
49,37,11,89772525
51,35,11,89772526
50,36,3,89772532
28,33,9,89772667
50,55,12,89772836
51,49,5,89772964
53,47,5,89772965
53,48,12,89772984
50,36,10,89773047
53,46,2,89773175
50,48,13,89773480
51,50,2,89773731
49,35,6,89774087
49,54,5,89774112
20,49,13,89774154
18,47,13,89774158
51,42,6,89774182
48,52,11,89774411
50,50,11,89774412
17,51,8,89774431
21,55,7,89774508
53,48,6,89774532
49,50,0,89774596
53,49,14,89774741
52,41,6,89774782
51,48,3,89774872
52,49,8,89774877
52,49,0,89774880
49,46,11,89774883
49,46,3,89774901
51,45,2,89774950
51,37,14,89775072
53,42,2,89775148
51,42,0,89775163
50,42,5,89775244
51,35,14,89775361
49,33,14,89775366
49,48,11,89775410
18,57,0,89775429
15,48,3,89775461
49,49,14,89775477
51,47,6,89775483
52,45,11,89775522
53,47,10,89775530
25,26,15,89775545
49,50,11,89775558
51,40,14,89775593
52,43,10,89775622
49,40,10,89775624
41,26,10,89775672
50,49,11,89775791
49,48,3,89775800
51,49,8,89775848
44,38,14,89775940
17,49,11,89776052
19,49,8,89776072
18,50,0,89776077
20,54,15,89776256
20,54,7,89776260
23,57,0,89776274
48,44,11,89776311
49,44,14,89776323
50,43,6,89776324
22,56,13,89776392
17,53,9,89776425
19,54,7,89776444
19,54,1,89776456
50,43,10,89776506
49,42,2,89776512
15,43,15,89776615
17,41,15,89776619
18,44,7,89776620
15,41,9,89776650
17,46,8,89776675
17,44,4,89776686
15,42,4,89776688
17,44,7,89776703
15,42,7,89776704
19,54,15,89776775
49,55,12,89776812
51,53,12,89776813
45,50,3,89777127
48,52,1,89777191
51,38,7,89777313
20,54,13,89777483
51,38,4,89777527
19,52,6,89777574
50,37,7,89777611
22,57,2,89777621
24,56,8,89777631
45,39,6,89777652
49,53,8,89777711
51,55,0,89777716
20,53,4,89777834
24,52,11,89777878
46,52,2,89777930
48,50,2,89777931
48,51,0,89777941
18,50,6,89777948
18,50,5,89777954
18,48,11,89777961
49,53,3,89778032
19,49,14,89778101
19,49,6,89778109
45,51,7,89778113
19,50,14,89778295
15,42,1,89778349
16,47,7,89778375
16,39,1,89778434
15,41,1,89778442
18,44,15,89778492
17,39,4,89778507
18,45,14,89778587
51,39,14,89778651
22,53,0,89778714
22,56,2,89778721
23,54,11,89778735
44,43,9,89778796
50,34,7,89778917
47,51,3,89778929
44,38,6,89778977
20,49,3,89779003
17,48,8,89779124
18,47,0,89779134
18,47,11,89779178
50,42,12,89779182
52,40,12,89779184
51,43,14,89779190
50,40,6,89779195
48,50,13,89779390
45,49,9,89779403
21,50,3,89779458
24,51,5,89779487
24,54,9,89779508
21,54,13,89779551
51,42,7,89779583
29,34,9,89779641
47,44,15,89779664
49,42,15,89779665
17,38,1,89780106
21,43,12,89780131
51,47,12,89780362
19,52,13,89780554
19,52,5,89780558
45,40,14,89780642
44,38,15,89780657
48,55,4,89780667
22,41,10,89780711
15,39,11,89780730
15,40,2,89780743
24,54,2,89780815
20,51,6,89781040
47,49,3,89781098
23,53,11,89781129
49,36,7,89781191
48,49,5,89781296
49,41,14,89781377
18,37,1,89791455
32,31,6,89791580
41,29,15,89793276
46,32,7,89794205
46,31,14,89794848
32,30,15,89795179
25,42,4,89795423
18,33,11,89796220
40,37,12,89797208
27,38,13,89797900
41,35,11,89798943
41,36,12,89799021
43,34,12,89799024
34,26,6,89799256
33,27,6,89799292
19,33,8,89799406
20,31,11,89799420
38,39,4,89799791
31,32,6,89799838
31,35,8,89800171
40,27,4,89801110
26,37,13,89802235
41,29,7,89802778
37,35,5,89802961
46,34,7,89802990
29,35,15,89803066
31,33,15,89803067
41,39,15,89803180
40,27,12,89804558
44,29,6,89804824
43,29,14,89806471
39,28,12,89806790
39,26,4,89808000
24,30,10,89808598
44,32,7,89809049
42,30,7,89809050
41,29,4,89809147
21,31,8,89810194
34,27,12,89810422
25,31,3,89810729
23,29,3,89810731
31,33,10,89810790
31,31,15,89810921
38,29,12,89811019
26,32,9,89811489
32,31,5,89811594
23,34,10,89812282
23,34,2,89812290
35,24,6,89825991
28,26,11,89872694
24,28,6,90375087
24,27,1,90400372
12,32,14,90799966
9,29,3,90808411
2,33,14,90810256
9,30,13,90825905
6,32,13,90873052
6,32,5,90873057
5,31,13,90873406
4,33,14,90890944
3,32,14,90893157
61,8,0,91519894
61,8,8,91522787
51,11,0,91529219
51,10,0,91531466
29,38,14,91741039
28,37,14,91749283
26,39,13,91771221
52,23,5,91930094
56,28,5,92740411
57,28,14,92775474
53,36,13,93151895
17,60,12,93166160
16,60,15,93166641
15,60,15,93167594
15,61,12,93167994
60,32,9,93169728
58,32,15,93170077
16,59,12,93170979
14,60,15,93171420
14,61,12,93171438
57,33,12,93171471
58,34,10,93172737
57,32,15,93172814
60,35,12,93173009
58,32,12,93173416
56,32,15,93173922
57,32,12,93175200
56,32,12,93175520
58,37,12,93175737
53,34,15,93175950
55,32,15,93175960
56,31,15,93176506
21,57,10,93176514
59,33,1,93177029
59,32,7,93177103
13,59,6,93177346
12,61,15,93177626
60,32,2,93177843
11,60,13,93178364
12,61,12,93178374
58,33,4,93178406
61,30,7,93178491
57,35,7,93178573
55,32,12,93178753
58,30,12,93178807
61,31,4,93178809
20,57,10,93178815
18,55,2,93178823
59,29,12,93178863
55,33,7,93179143
55,31,15,93179323
62,31,7,93179350
23,54,12,93179546
13,60,4,93179578
60,34,10,93179717
58,32,10,93179725
59,32,4,93180074
54,34,12,93180195
57,33,15,93181192
60,30,15,93181194
58,32,7,93181196
56,30,7,93181200
55,34,7,93181235
13,57,2,93181265
20,55,2,93181300
57,29,15,93181311
60,30,7,93181314
52,35,15,93181708
56,34,4,93181760
58,28,15,93181818
61,29,7,93181821
53,34,14,93181828
53,32,6,93181842
57,30,12,93181988
61,30,4,93181992
54,31,5,93182108
52,33,15,93182235
12,59,6,93182248
12,59,15,93182252
21,54,9,93182709
54,34,4,93182717
55,31,12,93182904
59,28,12,93182993
60,31,12,93183263
59,31,9,93183273
11,61,6,93183283
54,31,15,93183355
18,55,1,93183397
23,52,15,93183405
55,30,15,93183591
58,31,7,93183592
56,30,12,93183791
59,29,4,93183805
55,31,7,93183885
56,33,15,93183889
59,30,15,93183893
60,30,12,93183904
57,31,4,93183905
55,34,15,93183951
56,33,7,93183954
54,31,7,93183961
61,29,4,93184096
56,29,15,93184437
58,28,12,93184521
59,27,12,93184619
61,31,12,93184671
62,32,4,93184682
62,28,15,93184752
61,31,7,93184754
58,32,2,93184766
54,36,12,93184798
55,33,4,93184805
24,52,12,93184941
11,61,5,93184960
57,33,12,93185124
57,33,4,93185128
55,31,4,93185132
15,55,2,93185177
15,55,1,93185182
53,32,12,93185474
57,32,4,93185478
62,29,12,93185520
59,28,4,93185531
57,32,15,93185819
56,31,7,93185820
60,32,4,93185894
58,30,4,93185902
53,35,15,93186020
53,33,7,93186021
21,54,15,93186038
57,33,10,93186057
55,34,12,93186548
58,31,12,93186553
55,32,4,93186554
54,30,15,93186556
17,53,1,93186752
60,31,7,93186756
54,34,15,93186761
56,32,15,93186762
59,27,7,93186882
12,59,5,93186932
55,34,4,93187216
53,32,4,93187226
57,27,15,93187245
54,33,7,93188134
55,26,15,93196930
61,20,15,93196976
60,24,2,93197569
60,25,12,93197896
60,20,6,93198033
61,25,12,93198412
58,26,15,93198581
53,27,15,93199116
55,26,12,93199136
54,26,15,93199521
55,25,15,93199961
58,27,12,93199977
57,23,15,93200058
61,19,15,93200267
56,23,1,93201320
53,26,2,93201468
20,50,15,93202195
22,48,15,93202198
54,26,12,93202513
60,19,15,93202751
53,26,15,93203147
55,24,15,93203149
58,24,14,93203853
56,22,2,93203861
56,24,9,93203946
55,23,1,93204171
53,25,2,93204293
54,24,1,93204303
59,19,15,93205184
61,17,15,93205229
51,32,15,93205273
53,30,15,93205275
57,22,12,93205293
59,22,1,93205301
54,24,15,93205377
58,26,7,93205428
53,25,15,93205440
57,23,7,93205454
55,23,15,93205574
57,21,15,93205581
56,23,12,93205810
60,19,12,93205875
21,48,15,93206246
20,50,12,93206852
22,48,12,93206867
49,33,4,93206884
56,26,12,93207075
58,24,12,93207077
60,26,4,93207080
59,25,4,93207081
23,47,15,93207136
58,27,10,93207248
54,23,10,93207255
60,21,7,93207270
55,22,9,93207315
55,24,9,93207457
56,25,1,93207460
58,22,5,93207802
60,17,15,93207920
58,19,15,93207943
22,47,12,93208003
60,19,7,93208078
53,25,12,93208429
55,23,12,93208430
23,46,15,93208517
51,26,15,93208624
51,27,12,93208830
60,50,12,93208872
55,23,9,93208993
20,48,15,93209101
19,51,12,93209361
59,22,12,93209369
61,20,12,93209371
59,17,2,93209533
60,16,1,93209555
59,21,6,93209563
53,27,6,93210046
55,25,15,93210052
55,25,7,93210055
57,23,15,93210161
56,22,7,93210170
57,23,14,93210240
55,25,6,93210242
57,23,6,93210245
61,20,4,93210273
62,18,15,93210274
60,20,7,93210277
60,21,4,93210344
58,18,7,93210351
59,18,4,93210573
62,18,7,93210886
20,49,12,93210933
59,17,15,93210952
61,17,7,93210957
60,16,7,93210958
62,17,6,93211045
57,28,4,93211115
58,27,4,93211225
60,20,12,93211230
62,18,12,93211233
60,20,4,93211236
61,15,15,93211248
56,21,12,93211277
55,24,4,93211280
56,24,7,93211336
53,23,7,93211429
54,23,12,93211829
53,24,4,93211846
52,25,12,93211947
62,17,15,93211964
51,25,15,93211971
53,23,15,93211976
52,24,7,93211990
51,31,15,93212175
48,32,7,93212177
21,46,15,93212318
56,19,13,93212401
56,19,5,93212404
55,23,7,93212546
48,32,4,93212692
58,18,4,93212734
58,21,15,93212784
58,22,12,93212789
57,25,4,93212792
55,23,4,93212793
57,22,15,93212798
60,20,14,93212843
55,25,12,93213057
55,25,4,93213058
60,17,7,93213114
23,48,4,93213581
53,23,4,93213644
20,48,7,93213687
52,27,7,93213717
60,19,15,93213901
62,17,7,93213903
49,28,12,93213952
53,23,12,93214162
53,25,4,93214165
61,15,12,93214278
52,24,12,93214279
53,24,7,93214551
52,23,15,93214629
54,21,15,93214630
51,25,12,93214708
52,28,4,93214711
61,19,15,93214757
61,19,7,93214759
59,17,7,93214760
55,24,1,93214810
62,17,4,93214909
24,45,12,93214917
57,23,12,93214937
58,52,7,93215073
55,26,7,93215082
62,19,7,93215133
50,29,15,93215360
49,30,7,93215371
51,35,4,93215372
58,21,12,93215415
57,22,4,93215426
57,21,7,93215432
59,19,12,93215433
59,19,15,93215550
55,23,10,93215623
58,48,4,93215651
6,51,6,93215742
61,18,4,93215772
61,17,15,93215839
62,16,7,93215847
57,17,7,93215947
61,18,12,93215965
58,20,12,93215988
61,19,4,93215993
59,17,4,93215994
53,26,12,93215997
59,15,7,93216010
57,51,12,93216173
56,23,4,93216186
56,26,7,93216334
59,18,7,93216432
60,14,15,93216468
60,14,7,93216477
48,27,15,93216549
56,19,12,93216606
55,20,4,93216610
52,28,12,93216645
55,27,4,93216650
58,20,15,93216769
59,21,7,93216775
56,22,12,93217042
56,22,4,93217044
22,47,7,93217088
51,27,7,93217110
52,26,7,93217120
54,21,12,93217173
52,23,4,93217176
52,22,15,93217181
52,22,7,93217198
61,16,14,93217212
61,16,7,93217236
21,49,4,93217437
58,18,14,93217581
58,56,12,93217642
55,20,12,93217799
55,23,15,93217807
53,21,7,93217813
54,23,1,93217819
57,49,12,93217905
58,52,4,93217912
60,22,4,93217967
53,25,15,93217988
49,33,12,93218028
53,29,12,93218031
50,30,6,93218040
52,28,6,93218042
49,31,15,93218044
57,16,7,93218224
22,45,15,93218263
26,45,9,93218276
24,43,9,93218277
24,43,1,93218284
58,50,13,93218292
56,50,15,93218310
50,24,15,93218358
62,16,12,93218442
62,16,4,93218444
54,25,12,93218457
57,22,12,93218461
57,24,4,93218462
52,21,2,93218496
21,45,15,93218629
61,15,4,93218637
52,26,4,93218658
53,27,4,93218681
53,26,15,93218683
53,26,7,93218691
57,20,15,93218696
50,25,7,93218707
56,57,6,93218785
58,16,4,93218847
60,16,4,93218860
21,44,2,93218938
57,55,7,93219057
58,19,12,93219168
60,17,12,93219169
59,20,4,93219174
59,15,12,93219213
59,19,4,93219218
57,17,4,93219225
55,20,7,93219278
54,23,7,93219292
21,46,4,93219312
58,48,7,93219543
61,17,4,93219971
5,46,15,93227417
55,18,15,93227753
56,18,12,93227840
57,17,12,93227872
58,16,12,93228037
54,20,12,93228377
48,24,12,93228401
53,20,15,93228791
6,46,2,93229011
7,46,12,93229939
59,14,15,93230098
53,17,12,93231217
48,23,12,93231381
47,23,15,93231532
46,26,12,93231883
46,24,15,93232025
53,17,14,93232196
61,13,12,93232911
53,15,6,93233531
54,14,15,93233559
55,13,15,93233733
9,44,12,93233978
61,8,15,93234746
10,43,2,93234905
45,25,15,93235141
57,14,14,93235280
58,13,5,93235300
58,10,2,93235318
47,23,12,93235473
22,41,1,93235528
4,47,4,93236258
54,17,13,93236367
11,44,10,93236405
50,23,15,93236581
47,24,7,93236585
57,13,4,93237164
59,10,9,93237412
56,15,7,93237492
54,14,12,93237507
56,12,12,93237509
53,14,15,93237681
11,44,4,93237726
48,25,4,93237919
3,46,7,93238404
60,9,12,93238467
22,42,12,93238551
50,17,15,93239035
58,10,12,93239382
46,29,12,93239489
46,22,15,93239544
10,43,12,93239603
54,15,10,93240115
54,15,15,93240123
22,41,9,93240152
58,9,15,93240818
56,13,15,93240966
54,13,7,93240970
55,14,9,93240981
57,12,13,93241043
53,13,15,93241624
47,25,4,93241825
51,15,6,93241894
58,12,12,93241922
56,12,4,93241930
7,43,15,93241932
47,25,13,93242321
54,12,15,93242531
55,14,4,93242548
59,9,12,93242689
58,15,14,93242772
55,14,1,93242801
52,15,12,93242814
53,14,12,93242827
56,10,15,93242839
54,13,12,93242856
60,7,15,93242941
45,23,12,93243268
57,9,15,93243536
54,15,12,93243561
57,10,12,93243603
50,17,12,93243861
54,15,7,93244004
53,16,15,93244090
49,18,12,93244165
57,13,12,93244315
54,14,7,93244323
56,13,12,93244771
59,10,12,93244775
52,18,12,93245076
52,17,15,93245090
58,11,15,93245379
54,14,15,93245462
57,11,15,93245463
57,13,7,93245466
55,11,7,93245467
61,6,15,93245549
46,24,14,93245652
43,28,4,93245865
54,14,4,93245944
55,11,4,93246253
51,15,4,93246354
46,24,7,93246415
47,23,7,93246421
53,12,7,93246591
60,11,2,93246858
43,28,6,93246939
45,26,6,93246956
58,9,9,93246988
56,14,12,93247135
58,11,10,93247208
60,8,10,93247290
59,11,4,93247476
5,47,2,93247557
51,14,15,93247650
52,17,7,93247673
53,12,15,93247844
59,10,7,93247915
48,22,7,93248084
56,10,12,93248125
59,9,4,93248135
46,20,15,93248242
57,8,9,93248305
59,10,1,93248306
60,9,9,93248377
58,7,1,93248384
57,8,15,93248409
53,17,12,93248709
54,20,4,93248711
51,18,15,93248715
54,19,7,93248719
50,15,7,93248726
55,13,15,93248746
55,13,7,93248752
59,9,15,93248786
46,19,13,93248876
50,15,15,93249072
52,17,12,93249120
50,16,4,93249203
45,20,6,93249243
57,8,2,93249383
59,6,1,93249404
47,20,12,93249598
53,13,7,93250096
52,16,7,93250176
44,24,12,93250250
51,16,4,93250691
12,43,2,93250823
55,9,15,93256723
57,7,15,93258361
54,10,12,93258695
47,18,12,93259223
58,7,12,93259676
57,7,12,93262611
52,11,12,93263637
40,25,14,93263928
52,10,15,93264044
10,41,10,93268041
54,8,15,93268944
53,12,4,93273496
26,43,14,93273932
24,43,3,93289359
54,8,6,93293394
61,3,1,93297114
3,59,14,93307681
21,42,0,93310888
6,61,6,93311316
20,41,3,93311958
22,43,0,93312047
38,25,5,93328689
38,25,13,93331353
39,26,13,93331437
41,28,5,93331442
47,15,12,93332039
40,27,7,93334025
56,7,5,93337474
57,6,5,93338520
20,53,13,93339126
42,29,4,93340326
40,27,4,93340329
41,20,15,93342739
13,51,14,93342934
13,41,3,93349893
14,42,3,93350220
46,14,12,93353385
44,16,12,93353422
48,12,12,93354790
35,26,6,93359803
37,25,12,93360358
41,17,5,93363365
57,5,12,93364494
14,55,13,93365440
58,4,12,93367388
43,18,12,93368633
60,2,12,93369340
49,10,15,93369610
36,24,15,93370106
10,54,14,93370505
35,26,14,93371853
55,5,6,93372046
11,55,14,93372197
33,28,6,93372548
12,56,14,93372859
15,56,13,93374658
38,34,14,93388506
38,20,2,93395587
59,2,1,93396746
57,4,2,93398836
52,8,11,93399054
57,5,8,93399965
60,2,8,93399972
52,9,8,93400105
47,13,8,93400578
51,9,11,93400979
50,10,11,93401115
56,5,11,93401146
58,3,11,93401161
55,6,11,93402261
40,19,8,93402269
42,17,8,93402643
60,3,8,93402707
40,18,11,93403136
42,16,11,93403137
59,3,11,93403368
58,5,8,93403707
61,2,8,93403713
51,14,14,93404336
51,11,13,93404353
56,6,11,93405868
60,4,8,93406478
60,3,11,93406649
40,20,8,93406794
39,21,8,93406964
46,17,8,93416685
40,22,11,93417820
40,23,8,93417866
58,11,8,93418946
46,18,8,93419144
48,16,8,93419149
47,16,11,93419180
60,9,8,93419636
36,28,8,93420029
38,26,8,93420040
47,17,11,93420266
49,15,11,93420267
57,10,11,93420362
37,26,11,93420705
39,24,11,93420710
44,19,11,93420736
51,14,11,93421016
56,11,11,93421247
40,23,11,93421452
43,20,11,93421454
54,13,8,93421551
46,18,11,93421741
57,12,3,93421926
57,12,8,93421931
48,17,8,93421995
53,14,6,93422088
57,13,3,93422129
56,13,11,93422143
58,11,11,93422147
58,11,0,93422211
53,14,8,93422366
53,14,5,93422534
60,10,11,93422599
61,11,3,93422600
54,14,6,93422999
35,30,8,93423093
44,20,11,93423596
37,27,11,93423805
50,16,8,93423972
48,18,8,93424049
55,14,11,93424142
55,14,8,93424154
50,17,6,93424160
40,25,8,93424375
54,14,8,93424428
58,15,11,93424486
60,13,11,93424487
53,15,6,93424554
60,11,14,93424744
49,17,3,93424869
50,17,5,93424927
60,11,8,93425137
54,15,8,93425144
50,17,8,93425425
6,51,9,93425433
47,19,8,93425706
53,15,8,93425716
46,20,8,93426001
49,17,11,93426008
36,30,8,93426037
1,43,8,93426216
1,43,0,93426218
53,15,5,93426234
52,21,8,93426240
54,16,14,93426246
35,30,11,93426305
57,12,0,93426368
45,21,8,93426702
62,10,6,93426874
52,15,11,93426925
39,27,8,93426941
43,23,8,93426991
52,17,6,93427011
61,11,0,93427190
58,13,6,93427282
56,14,11,93427299
58,14,3,93427304
57,19,11,93427334
57,19,8,93427346
38,27,11,93427405
41,24,11,93427422
51,17,8,93427536
48,16,0,93427543
54,15,11,93427548
53,16,5,93427652
51,16,11,93427661
50,17,3,93427663
51,18,14,93427669
41,25,8,93427839
50,18,0,93427853
50,17,11,93427938
55,15,5,93428037
5,50,9,93428049
60,11,11,93428166
58,15,3,93428341
59,12,8,93428345
55,15,8,93428405
8,53,4,93428556
8,53,9,93428563
60,13,8,93428636
60,13,0,93428640
53,17,6,93428643
53,14,14,93428913
58,20,0,93428932
61,11,8,93428956
61,12,14,93429345
43,23,3,93429474
47,20,8,93429520
58,13,11,93429544
56,11,3,93429546
50,18,8,93429559
49,19,0,93429565
37,30,8,93429649
51,18,0,93429693
59,9,3,93429745
55,15,11,93429758
55,15,3,93429767
58,14,0,93429860
56,12,0,93429861
43,24,8,93429896
46,21,8,93429908
60,22,5,93429926
38,29,8,93429953
48,20,8,93429984
53,17,5,93430074
51,16,3,93430084
58,20,8,93430102
50,19,14,93430138
54,15,13,93430210
1,43,11,93430242
37,29,11,93430306
48,16,3,93430564
57,14,8,93430582
62,11,8,93430618
50,19,5,93430633
52,18,14,93430655
38,28,11,93430729
57,14,3,93430844
40,26,11,93430850
48,19,11,93430865
60,12,11,93430870
54,17,8,93430934
54,17,0,93430938
53,16,0,93430939
47,17,3,93431110
43,23,11,93431124
39,28,8,93431204
52,18,5,93431217
58,15,8,93431280
59,14,0,93431286
47,20,11,93431302
59,13,11,93431548
59,13,3,93431551
46,22,0,93431641
44,20,0,93431642
51,18,8,93431750
58,15,2,93431807
4,44,0,93431827
57,14,11,93431903
55,16,3,93431904
50,19,8,93431942
51,20,0,93431944
48,17,0,93431945
58,14,11,93432132
45,23,8,93432171
62,12,8,93432225
45,22,11,93432369
52,16,3,93432430
51,18,11,93432436
52,19,3,93432440
51,16,0,93432473
50,18,11,93432728
38,30,8,93432804
53,17,8,93432897
39,29,8,93432911
40,28,8,93432962
43,25,8,93432970
37,30,11,93432971
48,20,11,93433098
57,16,1,93433152
59,14,1,93433155
56,16,8,93433158
55,17,0,93433164
49,20,8,93433276
46,21,0,93433278
51,20,3,93433479
48,17,3,93433485
61,13,8,93433506
42,25,11,93433651
51,17,0,93433674
60,11,3,93433740
47,20,0,93433802
57,17,3,93433892
54,14,3,93433904
60,13,11,93433946
60,13,3,93433951
3,44,3,93434058
48,18,0,93434093
59,15,8,93434333
62,12,11,93434456
56,15,11,93434592
53,16,3,93434593
58,14,13,93434752
59,15,5,93434757
44,24,3,93434957
59,14,11,93434969
56,17,8,93435115
54,15,0,93435134
52,19,8,93435164
52,19,0,93435166
4,44,3,93435183
47,22,8,93435194
52,16,13,93435267
53,19,5,93435268
52,19,11,93435273
54,17,11,93435274
53,18,3,93435277
45,23,11,93435292
47,21,11,93435296
56,16,11,93435313
55,17,3,93435317
47,19,0,93435371
61,12,13,93435379
60,14,11,93435396
60,12,3,93435401
60,14,8,93435412
54,18,8,93435508
53,17,0,93435512
46,23,8,93435686
51,20,14,93435700
62,13,0,93435714
56,17,11,93435717
39,27,3,93436152
37,27,3,93436185
37,31,11,93436272
61,28,0,93436368
42,26,11,93436439
40,27,0,93436489
43,25,11,93436586
39,25,3,93436587
55,18,8,93436595
60,15,0,93436645
53,16,13,93436662
43,26,8,93436743
43,26,0,93436747
41,24,0,93436766
46,19,3,93436816
55,15,13,93436861
52,18,11,93436972
49,19,3,93436981
46,22,3,93437030
48,24,0,93437041
2,43,0,93437162
59,16,8,93437242
61,14,8,93437243
59,16,0,93437246
45,20,3,93437279
15,50,13,93437302
59,20,13,93437361
55,15,0,93437460
3,44,11,93437555
1,42,3,93437568
61,13,0,93437569
54,20,14,93437578
48,22,8,93437687
59,23,5,93437887
51,20,11,93437998
35,32,8,93438015
57,13,3,93438258
56,18,6,93438344
58,16,6,93438346
57,17,8,93438358
54,16,0,93438367
58,24,6,93438600
57,19,6,93443518
50,23,6,93447046
60,18,8,93447165
54,21,5,93448185
58,20,14,93448208
51,23,8,93449752
49,24,11,93449776
51,22,14,93449972
54,21,6,93449973
45,27,11,93450157
44,29,8,93450285
46,27,8,93450310
52,22,11,93450987
61,17,11,93451070
44,28,11,93451217
42,31,8,93451379
57,21,6,93451605
51,24,8,93451620
40,33,8,93451641
43,29,11,93451803
52,23,6,93451983
50,24,8,93452048
41,31,11,93452351
58,19,11,93452439
61,18,8,93452629
54,22,8,93452667
40,32,11,93452855
54,21,11,93453042
50,25,8,93453291
59,19,11,93453594
60,20,8,93453680
59,20,8,93453719
46,27,11,93453796
62,19,13,93454802
58,20,11,93454857
52,23,14,93454898
58,20,8,93455223
49,26,6,93455261
46,28,8,93455347
45,29,8,93455387
52,23,11,93455499
59,20,6,93455609
61,20,8,93455649
48,27,5,93455749
61,18,11,93455826
44,29,11,93455871
58,21,8,93455909
43,31,8,93456142
42,32,8,93456308
42,31,11,93456487
48,26,11,93456561
41,32,11,93456613
57,21,8,93456691
53,24,8,93456726
57,21,11,93456962
55,21,3,93456967
54,23,5,93456985
48,27,8,93457332
59,21,8,93457723
40,33,11,93457736
53,23,11,93457902
56,23,14,93457942
58,21,6,93457954
56,21,11,93458216
57,22,8,93458271
25,44,11,93458347
50,26,8,93458358
62,19,8,93458709
60,20,11,93458753
49,27,8,93458885
58,21,11,93459088
54,23,8,93459096
46,29,8,93459123
45,30,8,93459223
60,18,0,93459243
54,45,5,93459368
60,20,14,93459477
52,24,11,93459574
55,22,11,93459659
53,24,3,93459676
59,22,8,93459774
59,18,3,93459862
43,32,8,93460047
47,28,3,93460236
48,28,8,93460388
54,23,14,93460393
56,23,6,93460400
55,21,0,93460434
54,24,8,93460460
43,31,11,93460588
56,22,11,93460606
52,25,5,93460667
58,19,3,93460807
56,23,8,93460906
51,25,11,93460975
54,24,5,93461127
54,24,6,93461339
51,26,8,93461349
53,24,11,93461597
52,25,3,93461602
41,33,11,93461608
40,34,11,93461800
47,28,11,93461855
61,20,11,93462495
55,23,0,93462520
54,25,0,93462855
44,31,11,93462958
50,26,11,93463028
56,21,13,93463136
58,23,5,93463138
55,23,13,93463225
57,23,3,93463318
52,25,11,93463382
49,28,0,93463404
16,48,0,93463630
56,23,11,93463642
53,22,3,93463647
49,28,8,93463724
49,30,0,93463727
47,28,0,93463733
57,24,14,93463836
57,24,6,93463843
45,31,8,93463923
54,25,8,93464113
53,26,0,93464120
50,27,11,93464353
48,28,11,93464464
55,22,13,93464480
57,24,5,93464483
55,45,2,93464764
43,33,8,93464816
54,24,13,93464831
48,29,8,93465062
60,22,8,93465068
56,24,8,93465551
54,24,0,93465565
52,24,14,93465640
56,25,14,93465646
58,23,6,93465651
60,20,0,93465665
54,45,13,93465735
47,30,8,93465763
53,25,11,93465840
51,25,3,93465843
60,19,3,93465865
16,48,3,93465876
47,29,11,93465979
60,22,14,93466008
53,26,8,93466133
52,27,0,93466138
57,23,11,93466170
55,23,3,93466171
18,51,0,93466456
52,23,3,93466498
54,26,13,93466668
52,24,13,93466670
56,24,5,93466675
58,24,8,93466699
58,24,0,93466703
60,31,0,93466713
60,22,11,93466750
52,26,11,93466766
53,25,0,93466777
54,23,0,93466858
49,29,8,93466988
49,29,0,93466993
47,27,0,93466996
43,34,6,93467020
58,23,11,93467069
56,23,3,93467072
55,24,13,93467110
56,25,5,93467115
45,32,8,93467152
59,21,0,93467201
58,23,14,93467214
51,28,8,93467369
43,33,11,93467498
56,25,6,93467595
56,24,11,93467860
53,23,3,93467861
60,23,8,93467903
52,26,0,93467917
61,21,3,93467975
54,28,13,93468255
54,26,5,93468260
55,26,0,93468522
57,25,8,93468531
54,25,11,93468584
53,26,3,93468589
59,23,14,93468611
50,29,8,93468628
48,27,0,93468643
51,27,11,93468901
48,26,3,93468912
55,26,11,93469181
56,25,11,93469185
54,23,3,93469190
54,26,6,93469221
47,31,8,93469303
51,26,3,93469694
43,33,0,93470237
58,26,5,93477098
50,32,8,93477904
54,29,6,93478285
60,26,6,93479183
55,28,5,93479717
45,36,8,93480042
47,34,8,93480044
61,25,5,93480221
59,27,6,93480576
45,35,11,93480627
44,37,8,93480933
44,36,11,93481023
53,30,5,93481124
58,26,11,93481423
43,37,11,93481789
57,27,5,93481833
42,39,10,93482314
49,33,8,93482508
52,31,8,93482642
54,30,8,93482909
47,35,8,93482979
46,36,8,93483132
51,31,11,93483177
52,30,11,93483283
54,29,11,93483327
59,26,11,93483429
58,28,6,93483718
58,28,8,93484127
55,29,11,93484299
52,31,11,93484664
54,31,8,93484742
48,35,8,93484934
44,38,8,93485318
48,34,11,93485543
59,27,13,93485628
43,38,11,93485639
47,35,11,93485661
46,36,11,93485752
54,30,11,93485911
57,29,8,93486189
45,37,11,93486243
60,27,8,93486372
60,27,11,93486682
54,31,5,93486787
53,32,6,93486964
56,29,11,93487041
58,28,11,93487049
60,28,6,93487182
54,31,11,93487677
52,33,8,93487684
58,29,8,93487801
61,27,8,93487901
61,27,5,93488060
55,31,8,93488195
52,30,0,93488199
45,38,8,93488204
48,36,8,93488271
52,32,11,93488454
57,29,11,93488522
47,37,8,93488750
48,35,11,93488759
51,33,11,93488824
58,31,0,93489125
53,32,3,93489201
50,34,11,93489207
47,33,3,93489218
47,36,11,93489490
57,30,3,93489550
55,28,3,93489554
57,30,8,93489593
60,29,6,93489658
60,28,11,93489674
52,33,5,93489847
49,35,11,93489921
61,28,5,93489929
60,28,14,93489951
51,32,3,93490065
53,33,8,93490138
50,32,0,93490143
46,38,8,93490145
56,30,11,93490643
53,31,3,93490648
52,31,14,93490674
56,31,6,93490692
59,29,14,93490859
61,28,8,93490875
58,30,8,93490966
57,29,3,93491041
60,26,3,93491225
55,32,8,93491532
61,28,0,93491628
51,35,8,93491680
50,36,0,93491684
48,34,0,93491686
59,30,5,93491727
50,35,11,93491824
54,33,5,93492051
56,31,5,93492056
47,38,8,93492079
60,28,3,93492136
49,36,11,93492150
58,31,6,93492283
53,33,3,93492419
58,30,11,93492534
58,31,8,93492583
56,29,0,93492593
46,37,3,93492611
54,33,6,93492665
54,32,3,93492724
57,31,8,93492749
54,32,0,93492755
53,33,11,93492838
58,28,13,93492851
60,29,11,93492884
59,30,3,93492893
56,31,13,93492912
52,35,0,93493228
50,33,0,93493234
60,27,3,93493368
51,40,13,93493599
51,40,5,93493602
61,29,8,93493661
57,29,0,93493682
21,50,3,93493757
52,31,3,93493799
46,39,8,93494064
57,32,8,93494195
48,37,11,93494209
44,37,3,93494213
26,44,13,93494390
46,38,3,93494696
54,33,11,93494782
53,35,0,93494906
54,34,8,93494955
51,35,0,93494956
51,34,3,93494983
60,28,0,93495002
60,31,5,93495013
59,31,8,93495043
56,30,0,93495049
45,38,0,93495080
54,31,14,93495083
57,32,6,93495088
55,33,3,93495101
61,29,13,93495177
59,29,3,93495188
59,28,3,93495489
49,36,0,93495533
55,32,0,93495590
54,35,14,93495702
56,33,6,93495737
45,39,3,93495754
44,38,3,93495757
53,32,0,93495792
54,34,3,93495851
14,50,11,93495986
16,48,11,93495990
14,50,3,93495992
57,33,14,93496036
42,39,3,93496063
45,41,1,93496091
60,32,8,93496100
59,29,0,93496101
56,31,3,93496144
53,34,0,93496366
60,30,11,93496402
59,31,3,93496410
58,32,8,93496417
60,30,13,93496426
60,32,5,93496434
52,36,8,93496502
52,38,0,93496503
51,37,13,93496505
51,37,5,93496510
53,35,5,93496518
61,30,8,93496626
59,32,0,93496627
60,31,3,93496754
59,32,5,93496835
58,33,14,93496996
55,35,8,93497126
55,33,0,93497134
51,35,3,93497312
44,41,0,93497335
54,34,11,93497344
51,33,3,93497351
61,30,0,93497418
54,35,8,93497452
59,32,8,93497498
55,34,3,93497614
61,31,8,93497710
60,32,0,93497717
44,41,3,93497816
60,29,13,93497862
62,30,5,93497971
58,32,11,93497972
56,30,3,93497978
50,37,3,93498048
48,35,3,93498057
55,35,0,93498184
60,35,13,93498192
58,33,13,93498194
52,36,11,93498229
50,36,3,93498240
22,55,2,93498445
46,40,0,93498485
53,36,8,93498616
59,32,11,93498651
61,30,11,93498653
59,32,3,93498660
56,34,11,93498664
59,33,6,93498714
52,37,8,93498924
57,34,0,93498991
60,30,3,93499074
51,42,14,93499125
59,33,5,93499177
60,33,8,93499222
60,31,0,93499230
58,34,8,93499303
56,34,0,93499308
56,35,8,93499685
55,34,0,93499691
58,32,0,93499704
54,36,8,93499778
52,36,0,93499788
61,30,3,93499863
46,38,0,93499952
53,36,11,93499969
23,52,0,93499982
21,50,0,93499983
19,50,13,93500023
17,49,3,93500059
46,40,3,93500103
55,36,14,93500106
60,32,5,93500243
21,56,2,93500305
58,33,11,93500335
50,36,8,93500505
62,31,8,93500738
58,31,0,93500751
57,36,5,93504402
58,35,5,93505132
56,38,8,93510924
54,39,11,93510968
58,36,11,93511880
58,37,8,93512303
53,41,8,93512659
55,39,11,93513321
55,40,8,93513656
54,40,11,93514416
55,40,5,93514772
54,41,8,93515638
56,40,8,93516152
58,39,14,93516772
56,37,14,93516773
56,39,11,93517632
56,40,11,93519806
58,39,3,93520940
50,45,3,93521554
56,41,8,93521674
57,39,0,93522701
56,41,11,93524698
58,41,14,93524765
56,39,14,93524771
57,41,8,93525311
50,45,0,93525889
53,43,11,93526790
53,44,11,93527192
59,36,11,93527272
52,45,11,93527413
54,43,3,93527418
52,41,3,93527423
57,40,0,93527795
60,38,13,93528051
59,38,8,93528066
59,38,11,93528075
56,41,0,93528280
16,49,0,93529442
59,41,14,93529744
55,42,0,93530227
59,41,0,93530306
58,38,11,93530846
53,41,3,93532447
56,45,1,93581377
55,46,1,93583911
55,46,2,93587632
58,43,1,93589991
10,36,7,93590246
10,36,4,93591168
56,42,2,93610751
54,43,15,93614884
19,56,5,93615240
21,55,1,93616772
6,34,13,93617254
55,42,15,93617958
55,43,12,93619193
58,41,12,93620788
54,42,2,93622212
57,41,12,93622406
55,43,1,93622585
18,56,1,93622602
56,40,2,93622713
52,45,12,93622845
57,40,15,93623632
7,37,14,93623987
55,41,15,93624184
55,41,1,93625095
54,38,1,93640382
55,37,9,93641529
57,37,15,93641848
58,36,15,93641887
59,36,12,93643271
53,56,6,93644315
48,41,1,93646384
49,45,12,93646410
55,39,9,93646907
53,37,9,93646908
54,36,9,93648751
53,37,1,93648795
50,39,1,93649957
54,36,1,93651184
57,34,1,93651983
56,35,2,93652678
58,33,1,93653821
49,39,1,93653886
55,57,10,93654457
49,42,5,93655109
48,41,9,93655186
57,37,7,93655212
52,36,9,93655503
54,35,1,93656389
53,37,10,93656573
53,35,9,93656581
53,37,12,93656593
58,32,1,93668093
60,30,1,93668109
53,35,15,93669571
51,36,15,93670861
52,35,15,93673634
52,36,12,93676174
58,31,15,93676237
53,34,15,93677748
60,30,15,93678414
48,38,15,93679606
60,30,2,93681789
58,32,12,93683219
50,36,15,93684755
50,37,12,93687440
48,38,12,93706566
48,37,15,93709528
56,31,15,93710908
55,32,12,93712076
45,39,2,93713478
54,32,15,93716202
52,34,12,93716324
52,33,2,93717906
49,35,15,93727490
50,34,15,93728662
51,34,12,93729568
52,32,15,93729585
49,34,6,93731940
45,38,2,93732066
57,29,12,93732886
54,31,12,93733503
54,30,1,93733962
56,29,15,93733997
51,32,6,93734169
49,34,5,93734177
60,27,1,93734198
47,37,12,93734440
48,36,12,93734478
49,35,12,93735482
55,30,12,93736734
57,27,1,93737794
49,34,15,93739259
55,29,15,93739279
61,26,1,93740541
60,27,12,93741317
61,26,15,93741649
60,27,2,93742157
53,31,12,93742495
60,26,1,93742728
54,30,12,93742737
53,30,15,93743424
54,29,15,93743822
46,36,6,93744512
59,27,2,93745534
50,32,6,93745830
52,30,6,93745836
44,37,9,93747335
45,38,12,93747356
47,36,12,93747369
48,34,15,93748028
46,36,15,93748139
50,33,12,93749002
52,30,15,93749743
51,31,12,93759631
48,34,12,93759945
45,37,12,93760507
47,34,15,93760537
56,26,2,93764409
58,24,2,93764421
46,35,12,93768431
60,23,1,93769543
45,36,12,93771438
46,34,15,93771944
58,24,1,93774789
57,23,9,93776662
54,25,2,93778077
60,22,10,93779342
51,28,12,93797736
56,24,12,93798149
61,20,1,93799517
51,27,15,93799744
55,24,15,93803299
50,27,6,93805030
49,28,6,93806684
60,21,1,93808962
57,22,15,93809897
58,22,15,93810202
50,27,15,93827725
51,27,12,93828193
51,26,15,93830308
53,25,12,93831226
48,30,12,93832448
50,28,12,93832452
54,24,12,93837170
53,24,15,93837204
53,25,8,93930958
51,27,8,93936007
55,24,8,93936764
56,23,11,93937671
47,30,11,93960721
47,33,8,94051800
45,35,8,94055390
46,33,11,94055615
54,31,5,94062758
56,29,5,94062760
47,34,11,94076261
45,36,11,94079843
58,29,11,94081030
50,34,8,94088716
4,11,6,94123290
50,34,1,94208088
47,37,12,94208285
60,30,10,94210343
59,31,2,94210345
51,33,1,94213669
49,36,12,94214112
48,35,1,94214457
47,36,15,94214908
57,32,2,94215248
52,33,1,94216307
47,35,1,94217867
50,34,15,94218043
50,34,2,94218117
51,34,15,94218118
47,36,2,94218207
48,34,15,94234002
45,37,12,94235452
48,34,2,94236720
45,36,15,94236756
48,35,12,94237292
60,29,2,94237434
62,27,2,94237477
54,30,2,94239411
53,31,1,94239419
51,32,15,94240072
47,35,12,94240117
55,30,2,94241319
46,35,2,94242612
49,33,1,94243187
51,32,1,94243281
55,31,12,94243484
56,30,15,94243608
52,32,12,94243642
54,31,12,94244306
47,34,15,94244807
60,29,12,94246262
51,32,2,94247652
48,33,2,94248583
49,32,1,94248597
57,30,12,94248834
59,28,15,94248909
57,29,1,94249189
48,34,12,94249225
55,30,1,94249349
54,30,15,94249493
51,31,2,94249541
55,30,15,94249735
45,34,15,94274416
45,35,12,94279642
46,33,1,94281972
47,31,5,94292449
45,34,12,94298838
45,33,15,94302431
57,26,1,94302841
47,32,12,94303960
45,33,12,94306916
49,30,15,94307215
57,26,2,94308031
50,30,15,94308077
49,31,12,94308785
47,31,15,94309550
58,26,1,94309632
52,28,2,94310324
52,28,1,94310354
56,27,1,94311930
45,32,15,94312032
59,25,10,94312394
58,26,2,94312395
53,27,9,94312462
45,32,12,94327623
56,25,2,94328040
52,27,2,94330266
47,30,12,94331402
43,33,12,94331625
44,31,2,94332302
57,25,1,94334054
45,31,12,94334710
54,25,2,94334878
55,26,2,94334893
54,27,12,94335029
50,28,15,94335510
50,28,12,94335574
46,29,1,94335618
45,30,2,94336178
48,29,15,94336500
44,31,15,94336741
47,28,1,94337008
57,25,12,94337085
57,25,15,94337209
53,26,15,94337274
51,28,12,94337396
54,25,10,94337643
56,25,1,94338001
44,30,9,94338033
44,30,1,94338064
60,24,15,94338197
55,28,4,94338711
50,27,15,94339780
58,25,15,94339896
54,26,15,94339946
47,29,15,94340139
52,26,15,94340485
53,27,12,94340749
46,30,12,94341183
59,24,12,94341247
57,24,15,94341472
60,22,1,94341604
53,26,1,94341614
46,29,2,94341669
51,27,2,94342225
56,25,12,94342292
58,24,9,94342829
46,29,15,94342840
59,24,2,94342867
53,26,12,94343340
60,24,12,94343495
59,23,15,94343594
55,24,2,94344065
58,26,12,94344066
53,26,10,94344311
51,26,2,94344317
46,28,15,94357857
49,27,12,94358725
43,30,15,94358761
44,29,1,94358849
44,30,12,94359436
48,27,12,94359794
50,25,15,94359857
45,29,12,94359897
45,28,2,94359919
45,28,1,94359928
52,24,15,94360170
51,24,2,94360865
48,26,15,94362318
57,22,15,94362611
59,22,2,94363329
54,24,2,94363843
58,24,12,94364022
9,10,13,94364178
53,24,15,94364319
49,26,12,94364525
46,28,12,94364917
56,22,1,94365260
46,27,15,94365347
53,24,12,94365504
47,27,12,94365842
56,24,7,94365978
61,21,12,94366103
58,22,2,94366509
52,23,2,94366643
56,23,1,94366729
58,22,15,94366759
55,23,7,94366811
27,32,6,94367312
43,30,12,94367642
55,23,15,94367702
43,29,15,94368071
52,24,12,94368243
60,21,15,94368271
59,22,12,94368347
50,25,12,94368607
59,22,15,94368609
58,22,1,94368636
55,23,10,94368801
52,24,2,94368811
50,24,15,94369025
49,24,1,94369282
51,24,1,94369468
44,28,15,94369732
60,20,1,94369821
54,23,12,94370931
48,28,12,94371175
52,25,15,94371440
52,25,1,94371458
55,22,15,94371461
53,23,2,94371587
53,23,1,94371597
49,25,2,94371860
56,24,12,94371899
55,25,4,94371904
57,25,4,94372151
29,30,15,94372214
53,25,15,94372334
53,25,7,94372351
54,24,1,94372352
53,24,9,94372594
60,23,9,94373257
54,23,10,94373325
53,22,2,94373349
55,24,15,94373422
54,23,7,94373423
55,23,12,94373616
48,25,15,94373638
57,23,10,94374246
55,21,10,94374251
54,22,15,94374975
60,20,2,94374987
49,25,12,94375106
56,20,2,94389678
59,20,12,94391875
60,19,15,94392286
58,18,2,94393289
44,29,8,94394111
56,20,10,94394652
59,19,2,94394663
56,20,1,94394759
6,10,14,94394988
30,28,12,94395380
61,18,12,94395823
7,12,7,94396794
8,12,13,94397434
6,10,13,94397442
54,22,7,94397491
51,26,12,94397502
50,21,10,94398468
60,20,10,94399459
60,18,2,94399528
49,24,15,94399808
52,23,12,94399832
52,22,15,94399833
60,18,15,94400035
5,9,13,94400741
43,30,8,94400762
42,26,14,94400852
55,21,2,94400925
53,22,1,94401418
53,22,2,94401420
54,22,12,94401463
4,8,5,94401613
49,22,2,94401712
45,24,1,94401967
6,12,14,94402017
42,26,6,94402383
29,28,12,94402656
44,28,6,94402970
3,7,13,94403131
57,21,12,94403863
59,19,12,94403875
54,21,9,94404119
55,20,1,94404123
29,27,15,94404462
29,27,7,94404477
60,18,1,94404545
45,24,2,94404662
5,11,6,94404781
50,24,12,94405426
30,27,12,94405464
4,10,14,94405476
41,27,5,94405597
54,22,1,94405876
57,19,1,94405877
6,12,13,94406243
3,8,6,94407085
60,15,1,94417042
2,14,6,94417440
45,23,6,94419301
3,13,6,94419954
61,14,1,94420588
47,21,6,94421909
1,9,13,94422974
53,18,1,94423165
45,24,12,94424298
56,17,2,94425828
49,21,12,94427267
49,20,15,94427954
52,19,1,94428223
3,12,13,94428288
1,10,5,94428289
3,8,5,94428292
54,18,1,94428792
56,16,1,94428794
46,22,15,94429929
59,16,9,94430154
56,17,1,94430158
58,15,1,94430166
56,16,9,94431280
62,13,1,94431343
59,15,1,94431533
57,16,2,94432754
3,15,5,94433789
5,13,5,94433820
59,15,2,94433907
3,16,7,94434380
1,14,7,94434381
46,23,12,94434472
58,18,10,94434700
50,20,12,94434882
61,14,2,94434919
59,14,1,94435972
57,17,2,94436048
61,13,1,94436149
55,16,1,94436469
47,21,15,94436653
1,14,4,94437196
48,21,12,94437268
60,14,2,94437280
57,17,12,94437366
54,17,2,94437936
60,13,1,94449505
50,18,9,94453490
44,24,12,94454429
46,22,12,94454431
47,21,12,94455104
58,14,2,94456026
60,13,15,94456157
56,17,15,94457169
50,18,1,94457593
60,12,1,94459075
59,14,12,94459078
61,11,2,94460582
4,28,5,94461572
59,13,15,94463345
55,15,2,94463542
62,10,2,94463600
60,13,9,94464622
56,14,1,94466876
41,26,1,94488134
58,13,5,94492172
60,13,8,94497041
43,25,8,94497590
47,21,8,94497675
45,22,11,94497801
43,24,11,94498223
28,28,5,94498846
53,18,11,94498886
41,26,11,94498890
51,22,11,94512917
51,22,3,94512923
53,22,5,94513899
59,20,2,94514188
50,23,11,94515042
55,20,0,94515502
54,21,14,94515729
53,22,6,94515731
55,20,5,94516568
54,22,8,94517207
51,24,8,94517764
54,21,8,94517768
61,18,8,94517805
55,21,8,94517914
56,20,0,94517919
60,18,11,94518038
61,17,11,94518105
52,24,8,94518571
50,24,13,94518830
62,17,11,94519462
50,24,11,94519605
60,20,11,94519866
59,19,8,94520093
12,49,2,94520375
54,22,0,94520383
61,18,11,94520492
52,23,13,94520517
52,23,5,94520518
54,21,5,94520520
48,26,11,94520733
51,23,11,94520738
53,22,11,94520932
49,26,8,94520967
58,22,8,94520977
60,20,8,94520978
57,21,0,94520982
50,25,8,94521061
57,21,3,94521221
55,19,3,94521222
58,20,14,94521295
52,23,6,94521322
56,21,8,94521356
54,19,0,94521360
54,22,8,94521548
49,24,3,94521837
57,21,11,94522043
58,20,0,94522059
58,20,13,94522070
58,20,5,94522071
57,21,6,94522136
60,22,0,94522343
50,25,5,94522388
57,22,11,94522561
60,19,3,94522573
58,22,11,94522579
55,25,8,94522586
53,23,5,94522804
57,24,8,94523059
58,23,0,94523065
62,20,3,94523070
51,24,0,94523121
50,25,0,94523276
59,19,11,94523280
59,19,3,94523288
49,24,11,94523419
52,23,3,94523560
55,23,6,94523727
56,21,3,94523732
60,22,8,94523738
58,22,0,94523769
53,25,13,94523896
51,23,13,94523897
50,26,5,94523900
59,23,0,94524001
57,23,11,94524137
52,24,8,94524184
60,20,3,94524230
53,24,8,94524358
54,23,13,94524366
54,22,11,94524386
55,23,5,94524398
59,23,8,94524479
56,24,0,94524489
60,20,0,94524503
57,25,8,94524553
56,22,0,94524561
50,25,6,94524582
56,22,8,94524595
3,14,9,94524745
51,26,3,94524884
4,15,9,94524933
51,25,14,94525038
50,26,6,94525039
50,25,11,94525049
2,13,9,94525082
45,30,11,94525123
58,21,3,94525172
55,23,14,94525185
54,24,6,94525191
51,28,0,94525296
56,24,3,94525488
44,30,11,94525617
51,24,3,94525713
56,25,8,94525760
53,24,0,94525769
57,25,11,94525776
59,23,11,94525778
51,26,8,94525824
52,23,0,94525829
60,22,11,94525909
58,20,3,94525916
47,28,11,94526032
49,26,11,94526035
62,22,0,94526106
57,21,8,94526130
55,23,0,94526157
59,23,3,94526256
49,27,5,94526350
57,22,8,94526587
62,18,11,94526655
49,26,6,94526759
60,20,8,94526776
61,23,0,94526777
57,22,13,94526779
55,20,13,94526784
52,24,11,94526857
60,20,5,94527072
58,21,11,94527171
59,20,3,94527174
56,22,6,94527532
45,30,8,94527571
56,23,14,94527628
55,26,8,94527818
53,25,5,94527835
60,23,3,94527846
54,26,0,94527867
48,27,3,94527969
44,31,11,94528059
46,29,11,94528061
56,26,11,94528139
54,23,5,94528187
47,29,8,94528217
50,26,11,94528238
51,27,3,94528242
57,21,11,94528254
56,22,3,94528256
50,27,8,94528271
56,23,0,94528323
54,24,8,94528400
56,26,0,94528402
54,21,13,94528461
55,24,3,94528475
6,18,3,94528484
51,26,11,94528489
54,23,11,94528490
53,24,3,94528496
57,21,14,94528656
59,21,6,94528660
45,30,11,94528674
45,30,3,94528680
53,26,0,94528692
60,20,11,94529008
62,22,3,94529026
59,21,5,94529060
49,27,11,94529175
51,28,8,94529201
58,22,8,94529260
52,25,6,94529417
59,27,14,94529429
55,24,14,94529446
57,23,14,94529457
55,21,14,94529458
58,22,6,94529467
62,20,0,94529471
60,18,0,94529478
57,22,11,94529559
62,19,11,94529590
62,19,3,94529606
57,25,3,94529672
55,24,8,94529739
56,25,0,94529742
55,24,0,94529743
53,24,5,94529823
51,23,14,94529918
53,25,6,94529919
56,23,5,94530089
51,26,8,94530105
49,24,0,94530116
51,27,8,94530161
8,39,13,94530178
6,37,13,94530180
61,20,8,94530234
60,21,2,94530243
45,31,8,94530264
48,28,6,94530273
61,20,3,94530299
52,26,3,94530330
49,26,14,94530412
50,27,13,94530554
48,25,13,94530559
53,24,14,94530571
47,29,6,94530863
59,25,0,94530988
60,23,0,94531050
50,27,11,94531131
52,25,3,94531136
48,28,5,94531182
57,23,0,94531312
60,21,3,94531479
58,24,13,94531512
56,22,13,94531515
58,22,5,94531525
56,23,11,94531531
56,23,3,94531536
54,21,3,94531554
49,28,3,94531629
54,25,8,94531650
55,26,0,94531656
50,29,8,94531665
54,24,6,94531735
50,28,8,94531830
52,26,0,94531837
54,25,5,94531985
60,23,5,94537556
47,31,6,94538892
59,24,5,94539258
53,27,5,94539664
54,28,8,94540060
57,26,6,94540370
59,25,8,94542702
46,32,11,94543386
54,28,13,94543818
54,27,11,94544453
57,26,11,94544749
60,26,11,94544851
54,28,0,94545742
57,27,8,94545861
58,28,0,94545866
55,27,11,94545968
58,26,11,94546230
59,27,8,94546348
60,26,13,94546444
59,26,8,94546460
50,30,8,94546779
55,28,5,94547275
60,25,11,94547415
51,30,8,94547641
60,26,6,94547663
57,27,11,94547780
57,27,3,94547782
50,30,11,94547891
55,30,14,94547973
48,32,8,94548222
51,30,6,94548412
58,27,8,94548604
56,30,0,94548780
53,29,5,94548987
61,25,8,94549340
59,27,0,94549345
52,29,11,94549385
55,28,8,94549427
58,28,11,94549592
60,24,0,94549665
50,31,8,94549708
58,25,14,94549771
59,27,6,94549975
55,29,11,94550199
46,34,8,94550268
61,26,11,94550441
54,29,5,94550499
57,28,8,94550532
57,30,0,94550534
61,26,8,94550604
60,26,14,94550656
49,32,6,94550900
59,29,0,94551044
58,27,14,94551191
57,30,6,94551194
59,28,6,94551195
49,31,11,94551243
60,26,5,94551643
62,25,11,94551673
61,26,3,94551674
59,24,3,94551684
59,27,3,94551776
57,25,3,94551777
52,30,8,94551936
52,30,3,94552192
60,26,0,94552223
52,30,5,94552337
57,26,0,94552452
57,29,6,94552569
58,28,5,94552862
59,25,13,94552999
48,32,11,94553037
47,31,14,94553088
52,31,5,94553363
46,34,11,94553599
59,27,11,94553712
51,31,8,94553735
58,25,3,94553867
55,31,8,94553963
57,33,0,94553964
55,31,0,94553968
57,29,8,94553969
59,27,8,94553970
61,27,8,94554250
58,26,0,94554253
60,25,13,94554448
61,28,8,94554655
61,26,0,94554660
58,29,8,94554776
58,29,0,94554779
56,30,14,94554785
56,30,6,94554786
60,27,14,94554870
53,31,5,94554925
55,30,11,94555226
56,29,3,94555228
51,31,11,94555476
58,26,13,94555568
60,27,11,94555632
58,27,3,94555642
56,30,13,94555655
57,29,5,94555661
54,29,11,94556150
51,30,3,94556153
56,29,6,94556359
49,32,11,94556563
52,31,8,94556620
60,29,8,94556809
60,27,0,94556811
45,36,11,94557104
48,33,11,94557108
55,27,3,94557281
59,26,13,94557437
61,27,14,94557828
51,29,3,94557847
59,29,8,94557913
61,27,5,94558109
61,27,0,94558128
54,31,6,94558136
53,31,8,94558143
57,30,13,94558379
48,34,8,94558505
58,29,11,94558520
57,30,8,94558626
55,28,0,94558637
62,28,13,94558781
53,29,13,94558920
54,31,11,94558928
54,31,3,94558930
59,30,8,94559484
58,27,0,94559488
60,28,6,94559569
59,28,13,94559833
52,31,0,94560322
52,32,5,94560466
60,28,11,94560692
59,29,3,94560697
51,31,3,94560818
60,27,3,94560842
56,31,13,94560923
58,29,5,94560928
60,29,6,94561062
49,33,11,94561074
57,30,3,94561115
52,30,0,94561286
49,33,14,94561350
52,32,6,94561353
49,34,8,94561453
53,30,14,94561488
57,30,6,94561490
55,31,3,94561787
61,27,3,94561888
52,31,11,94561970
52,30,13,94561975
55,31,5,94561986
46,36,8,94562050
59,30,0,94562303
53,32,5,94562353
54,31,8,94562378
50,31,0,94562383
60,28,13,94562507
60,29,3,94562524
49,33,13,94562541
51,33,8,94562680
48,32,0,94562688
54,31,0,94562816
48,42,4,94563185
49,31,3,94563278
57,33,5,94579825
48,38,6,94580636
57,33,6,94582816
49,37,8,94584568
58,58,3,94584873
52,35,11,94586104
59,33,6,94586460
57,34,6,94586549
58,32,11,94586678
50,36,5,94587678
49,37,6,94588177
59,33,8,94588500
59,33,5,94589370
60,33,6,94589921
13,20,0,94589989
53,35,6,94591876
54,35,5,94592121
56,34,5,94592291
48,38,8,94593202
53,36,6,94593775
15,21,10,94606535
9,16,9,94618829
17,23,10,94620723
12,20,4,94621395
18,45,1,94621532
11,18,9,94621544
8,15,9,94621560
10,18,7,94623931
8,16,7,94623942
8,14,4,94645011
6,12,12,94646393
13,15,10,94650526
10,13,9,94650879
7,12,9,94651163
7,12,1,94651166
9,10,1,94651186
9,11,9,94651777
15,16,10,94651827
14,17,2,94651829
16,15,2,94651832
8,10,4,94652020
10,14,1,94652909
14,14,15,94653437
14,14,12,94654012
14,14,4,94654019
17,18,10,94654269
8,11,10,94654746
5,10,7,94655440
8,10,12,94655839
9,11,10,94656484
14,18,2,94656542
13,13,7,94656558
15,11,1,94686885
20,13,4,94710011
2,7,6,94717269
50,38,2,94718268
9,10,14,94731123
18,14,0,94732994
2,9,13,94740488
13,14,0,94740943
20,16,3,94742305
11,12,14,94742926
11,12,11,94743875
11,12,3,94743876
4,12,0,94744027
14,15,0,94744600
14,15,3,94744627
15,12,11,94746181
12,11,3,94746196
12,14,0,94746692
8,12,9,94747419
57,34,15,94747919
10,10,8,94747987
60,33,15,94748379
50,37,15,94749018
59,34,12,94749606
56,35,2,94749616
58,34,1,94749797
49,38,12,94749960
54,35,2,94750059
56,34,1,94750253
49,34,1,94761652
46,35,1,94762561
48,34,1,94763407
50,33,1,94764666
35,34,4,94764826
23,39,5,94765091
47,34,1,94765488
21,45,6,94765926
49,34,2,94766159
51,32,1,94766171
49,33,1,94766303
46,35,2,94766727
48,34,2,94766975
32,34,1,94766991
12,12,9,94767214
57,31,2,94767524
35,33,15,94767618
21,41,6,94767689
58,31,12,94767763
52,33,2,94767833
34,33,4,94768076
46,35,9,94768114
53,32,1,94768124
56,30,1,94768464
5,11,1,94768527
33,34,10,94768550
50,32,1,94768631
58,30,1,94768638
48,34,12,94768652
52,32,1,94768684
52,32,2,94768714
4,12,10,94768889
48,34,15,94768922
52,34,7,94768930
22,40,13,94768996
51,33,15,94769049
55,30,1,94769270
49,33,2,94769303
34,33,9,94769401
34,33,1,94769405
34,34,12,94769437
23,39,13,94769497
52,31,1,94769580
36,32,12,94769584
32,34,10,94769596
20,42,6,94769681
35,34,7,94769754
33,32,7,94769762
32,32,10,94769775
31,35,2,94769776
34,32,2,94769778
55,31,2,94769831
32,31,9,94769906
49,34,12,94769929
48,33,15,94769947
34,31,1,94769978
22,41,12,94770003
3,9,9,94770044
5,10,2,94770210
32,35,12,94770229
34,33,12,94770233
60,29,12,94770239
59,29,2,94770254
54,35,15,94770437
55,31,10,94770455
53,31,2,94770461
51,33,12,94770538
60,29,2,94770551
51,31,9,94770561
6,10,1,94770646
57,29,1,94770712
49,32,2,94770731
8,12,1,94770750
7,10,4,94770767
5,9,10,94770776
4,10,2,94770777
59,29,15,94770825
56,31,12,94770846
46,34,1,94770871
56,30,15,94770872
33,31,9,94770923
35,31,1,94770926
50,32,2,94770933
46,33,10,94770977
32,34,15,94770999
35,33,7,94771008
9,10,9,94771029
5,11,10,94771120
9,11,2,94771130
53,30,1,94771169
49,33,12,94771201
57,31,9,94771228
54,30,1,94771247
5,10,10,94771248
6,10,4,94771282
32,34,9,94771285
32,31,7,94771297
58,30,12,94771311
33,34,15,94771347
34,33,10,94771434
52,33,9,94771472
9,12,4,94771487
58,29,15,94771515
59,28,15,94771516
6,9,10,94771570
8,12,4,94771580
51,32,15,94771590
55,32,7,94771595
47,33,15,94771600
53,32,12,94771611
51,32,12,94771657
56,30,12,94771662
60,27,2,94771674
60,28,2,94771721
49,32,15,94771749
22,40,12,94771795
8,9,9,94771803
7,10,1,94771805
33,31,10,94771809
31,33,2,94771812
33,31,2,94771817
20,41,13,94771824
20,41,5,94771829
22,39,5,94771836
32,33,1,94771841
58,29,12,94771947
60,28,12,94771987
55,30,15,94772001
48,33,12,94772025
31,34,12,94772125
32,35,4,94772131
51,32,10,94772151
57,31,10,94772155
54,30,2,94772164
54,32,9,94772165
52,30,1,94772173
57,28,10,94772175
53,31,12,94772193
23,39,12,94772245
11,11,10,94772334
55,29,2,94772358
55,29,1,94772372
6,9,7,94772373
48,33,9,94772380
61,27,1,94772412
58,28,2,94772421
33,33,7,94772446
10,12,4,94772458
51,31,15,94772513
9,9,9,94772552
11,12,9,94772568
23,39,4,94772627
22,28,6,94772660
12,11,7,94772683
47,32,2,94772696
51,33,7,94772718
8,10,10,94772749
6,10,2,94772754
50,32,12,94772854
35,32,4,94772859
57,29,12,94772867
35,34,10,94772902
33,32,2,94772911
50,31,1,94772993
20,41,15,94773021
60,28,15,94773031
56,33,7,94773045
11,13,12,94773049
14,12,4,94773059
4,10,15,94773067
7,10,9,94773078
57,28,1,94773094
35,32,1,94773113
9,10,10,94773138
47,33,2,94773140
52,31,12,94773144
54,31,4,94773152
34,32,10,94773164
57,29,10,94773220
56,28,2,94773226
46,33,1,94773261
6,10,9,94773269
3,9,1,94773274
12,14,10,94773344
10,12,10,94773345
35,32,9,94773353
31,32,1,94773357
30,32,9,94773440
31,33,10,94773449
50,31,2,94773478
7,8,9,94773514
5,10,1,94773516
32,31,4,94773567
14,12,7,94773569
32,32,15,94773586
33,31,1,94773604
53,30,2,94773639
59,28,1,94773714
21,42,7,94773767
21,42,12,94773818
59,27,15,94773915
59,27,1,94773935
16,45,9,94773948
21,39,15,94773970
57,28,15,94774019
53,30,15,94774036
54,29,1,94774053
31,32,15,94774074
31,34,7,94774078
54,29,15,94774092
56,28,15,94774244
59,29,7,94774246
56,28,1,94774258
54,32,4,94774309
31,33,15,94774316
31,31,7,94774326
57,31,4,94774331
52,30,2,94774351
52,30,15,94774377
4,8,10,94774407
3,9,2,94774408
19,42,15,94774502
61,27,12,94774541
58,28,12,94774582
59,29,10,94774601
57,27,2,94774615
7,12,10,94774649
7,12,2,94774656
53,30,10,94774839
54,31,9,94774844
6,10,7,94774856
13,11,4,94774867
46,33,15,94774925
50,33,10,94774937
48,31,2,94774943
20,41,6,94774962
18,43,5,94774980
33,32,15,94774991
54,29,2,94775025
58,27,15,94775030
33,35,4,94775061
31,33,4,94775072
32,32,9,94775128
31,33,1,94775132
20,40,12,94775144
62,25,1,94775238
53,30,12,94775296
33,30,1,94775379
32,34,12,94775422
34,32,4,94775433
32,32,2,94775439
58,32,2,94775463
49,33,9,94775467
57,28,9,94775478
22,28,14,94775546
5,10,12,94775642
32,31,2,94775676
47,35,7,94775721
34,30,15,94775754
34,32,7,94775756
32,29,9,94775806
52,32,10,94775841
48,32,12,94775898
51,33,4,94775899
3,9,4,94775916
10,13,4,94775917
49,31,15,94775932
46,34,12,94776001
30,32,4,94776029
55,29,12,94776043
51,30,15,94776061
53,30,7,94776070
22,33,13,94776088
34,31,15,94776105
34,31,7,94776110
7,9,10,94776135
6,8,2,94776147
57,28,12,94776243
55,28,2,94776262
60,27,12,94776312
61,28,10,94776320
60,28,9,94776330
57,27,1,94776336
18,43,15,94776339
5,8,9,94776375
3,8,1,94776376
60,26,1,94776409
32,32,4,94776575
5,9,4,94776645
19,42,12,94776659
3,8,12,94776677
6,9,4,94776683
21,42,4,94776727
12,13,9,94776766
21,41,4,94776811
30,33,2,94776831
32,31,1,94776868
52,29,10,94776873
21,29,6,94776942
56,28,12,94776994
10,12,15,94777036
9,13,7,94777040
8,13,10,94777057
9,12,2,94777062
20,34,1,94777081
34,31,12,94777097
3,9,12,94777172
3,7,10,94777181
60,28,10,94777235
3,11,15,94777241
4,10,7,94777247
57,27,15,94777256
53,29,15,94777308
49,33,7,94777355
21,35,15,94777371
19,40,7,94777418
48,32,10,94777430
48,31,15,94777465
52,30,12,94777482
31,31,4,94777493
21,27,5,94777498
4,11,10,94777526
8,11,2,94777532
17,44,15,94777552
57,30,4,94777627
55,28,15,94777671
46,33,12,94777688
60,26,15,94777816
56,34,2,94777848
22,22,13,94777948
20,42,12,94777961
56,33,4,94778019
57,34,7,94778024
60,34,12,94778208
58,34,10,94778234
52,33,12,94778235
53,30,4,94778244
33,31,4,94778249
50,30,15,94778261
55,31,9,94778292
55,33,1,94778297
55,30,9,94778342
60,26,2,94778488
58,27,9,94778495
61,26,12,94778523
53,31,10,94778547
50,30,2,94778555
22,31,7,94778609
59,26,15,94778681
59,26,1,94778700
58,27,12,94778799
59,26,2,94778828
60,25,1,94778838
21,34,15,94778854
50,34,15,94779076
47,33,7,94779082
47,33,9,94779088
56,32,10,94779219
54,34,2,94779257
21,34,4,94779276
32,29,9,94779315
33,30,1,94779317
49,31,9,94779327
53,31,7,94779350
51,29,7,94779351
56,28,9,94779396
20,31,13,94779415
15,46,15,94779467
20,40,7,94779489
20,34,15,94779574
19,35,1,94779602
51,30,12,94779746
54,31,4,94779750
20,33,5,94779776
22,32,12,94779785
20,33,15,94779789
50,32,10,94779914
49,29,9,94779928
21,35,7,94779943
52,31,9,94780047
50,33,1,94780050
15,45,5,94780169
19,34,15,94780213
20,37,7,94780218
52,37,15,94780288
20,30,15,94780333
21,33,7,94780338
51,33,9,94780378
54,34,1,94780379
53,35,7,94780384
56,27,15,94780447
59,28,7,94780450
52,31,10,94780459
54,28,15,94780467
20,30,6,94780593
55,28,12,94780663
57,28,4,94780670
57,27,9,94780684
18,39,15,94780695
13,48,15,94780750
35,32,5,94780797
36,31,9,94780814
21,21,7,94780869
31,32,12,94780940
21,34,14,94780992
21,34,7,94781006
61,25,1,94781039
60,26,9,94781099
58,26,1,94781117
48,35,12,94781174
49,32,4,94781176
59,28,10,94781192
15,47,7,94781244
2,11,4,94781268
45,35,10,94781293
46,34,2,94781304
3,11,12,94781327
21,30,4,94781558
21,26,6,94781572
16,13,12,94781646
18,43,12,94781676
20,39,4,94781729
60,26,10,94781765
52,29,7,94781817
19,19,4,94781887
54,30,7,94781897
51,29,1,94781918
56,26,9,94781960
55,27,1,94781962
56,26,1,94781963
54,28,4,94781975
60,28,4,94782020
48,30,1,94782604
30,30,2,94789838
18,22,13,94790543
17,28,6,94790910
30,30,10,94791085
55,27,12,94791405
17,27,6,94791626
15,35,9,94792980
45,30,2,94796155
18,22,5,94796170
11,41,1,94797050
48,28,2,94797365
44,30,10,94799342
17,28,14,94799781
46,29,2,94800355
31,27,2,94800863
31,27,1,94800867
48,28,1,94802130
15,35,5,94804086
29,29,2,94804276
47,28,1,94804754
48,27,7,94804794
30,28,9,94806042
32,26,2,94806056
49,30,15,94806080
31,29,2,94806520
45,34,10,94807484
53,27,9,94808437
44,29,9,94808462
46,29,12,94808677
32,29,4,94809127
32,30,10,94809132
30,28,2,94809141
16,27,14,94809248
57,26,15,94809357
57,26,7,94809358
51,25,9,94810081
50,26,1,94810112
33,27,12,94810292
31,29,12,94810313
50,27,2,94810738
48,27,1,94811119
54,28,12,94811688
31,27,2,94811788
31,27,1,94811798
44,29,1,94812167
15,35,4,94812603
28,26,6,94825236
32,25,15,94825545
46,27,15,94826930
32,26,12,94828268
53,24,1,94828300
55,22,1,94828303
31,26,12,94828903
47,27,12,94829801
52,23,1,94831609
32,25,12,94831692
31,25,15,94831765
50,25,9,94831896
47,26,15,94832501
52,24,15,94832865
51,26,9,94832957
48,26,15,94833097
30,25,1,94833516
50,25,12,94833842
50,25,15,94833997
51,24,15,94834037
49,26,15,94834216
49,26,1,94834259
55,22,15,94834366
31,24,1,94834573
48,25,1,94834758
49,25,1,94835370
52,24,2,94835428
53,23,2,94835533
32,23,15,94835641
52,25,2,94835675
50,25,2,94835708
57,21,15,94835830
50,24,15,94835999
52,25,1,94836294
57,21,2,94836467
59,21,2,94836551
46,27,12,94836601
57,22,12,94836801
48,25,15,94836849
51,25,12,94836960
60,19,9,94837068
46,26,15,94837393
43,27,9,94837473
54,23,12,94837501
59,20,15,94837511
49,25,2,94837566
56,22,12,94837657
31,25,12,94837846
32,25,10,94837847
30,25,2,94837851
32,23,2,94837869
33,24,12,94837877
33,24,4,94837878
29,26,15,94838292
31,24,7,94838297
54,22,1,94838458
60,21,12,94838867
61,19,1,94839133
57,21,1,94839596
60,20,12,94840131
47,26,12,94840214
52,23,15,94840441
32,24,2,94840639
52,27,9,94840922
54,25,7,94840988
58,20,15,94841032
30,25,15,94841601
32,23,7,94841606
51,25,15,94841647
51,25,7,94841652
52,24,1,94841665
29,25,15,94841879
32,26,7,94841882
30,24,7,94841884
44,27,15,94841974
49,26,7,94842124
34,25,9,94842437
32,23,9,94842442
49,24,15,94842667
47,25,2,94842900
51,23,15,94843211
58,20,2,94843273
59,19,1,94843301
55,22,12,94843342
30,24,5,94843352
30,25,12,94843358
32,23,12,94843362
32,25,4,94843363
29,25,6,94843398
3,5,7,94843450
47,25,15,94843551
56,21,15,94843749
14,27,14,94843912
43,27,1,94844350
55,21,2,94844378
60,18,1,94864009
14,28,13,94869628
52,21,2,94874733
46,25,6,94926641
50,22,5,94932286
41,21,9,94933578
51,24,13,94933595
47,25,8,94933608
50,23,6,94933712
60,18,6,94934130
8,10,0,94934506
5,4,4,94934614
51,22,5,94935795
32,22,3,94937299
3,2,7,94937774
10,10,3,94938662
58,21,8,94949592
52,23,13,94952238
50,25,5,94952407
34,25,14,94953251
32,24,14,94954582
38,22,11,94955101
36,23,5,94955201
34,25,5,94956247
59,21,8,94956485
32,23,14,94956836
59,22,6,94957719
60,21,8,94958164
51,26,5,94958545
34,25,6,94959448
36,23,6,94959475
33,24,6,94959568
39,22,11,94961267
35,26,13,94961279
34,25,13,94961280
50,28,11,94961379
52,26,3,94961413
60,21,11,94961544
32,25,6,94961775
51,27,8,94962388
61,22,13,94962547
61,22,5,94962549
54,25,13,94962552
53,26,9,94962568
60,23,6,94962901
61,23,8,94962915
58,23,11,94963076
59,22,14,94963432
48,29,0,94963890
57,25,6,94964450
59,25,8,94964811
41,24,0,94965214
56,24,11,94965262
58,22,11,94965272
38,23,8,94965481
37,25,8,94965941
39,23,8,94965956
54,26,11,94966217
55,25,3,94966219
53,23,3,94966222
59,22,0,94966380
56,26,8,94966431
59,23,8,94966435
41,22,3,94966580
50,27,11,94966585
42,25,0,94966674
58,23,6,94967044
52,27,11,94967402
51,26,6,94967468
59,22,13,94967642
39,24,8,94967774
55,24,11,94968082
14,13,3,94968297
49,28,11,94968649
60,23,8,94968708
54,28,3,94968901
52,29,3,94969968
52,28,8,94983621
60,24,8,94984641
42,27,0,94985107
53,28,8,94985615
51,27,11,94986249
58,25,11,94987521
60,25,8,94989050
49,30,8,94989490
39,27,3,94990058
40,27,3,94990825
57,27,8,94991467
59,25,8,94991474
53,27,11,94991479
59,25,11,94991539
55,29,0,94991600
55,27,11,94993179
35,26,14,94993191
37,26,13,94993201
53,28,11,94994454
55,26,11,94994464
41,25,5,94994946
60,25,11,94995047
40,26,6,94995572
38,27,8,94995579
57,26,5,94995822
59,26,11,94996013
58,27,8,94996022
61,25,6,94996240
51,29,0,94996453
54,28,6,94996461
50,30,5,94996544
52,28,5,94996550
59,27,8,94997524
61,25,8,94997528
51,29,3,94997552
37,28,6,94997577
55,27,8,94997836
55,28,6,94997924
53,29,5,94998014
58,26,11,94998102
40,28,14,94998204
41,26,8,94998210
57,26,8,94998221
55,28,0,94998224
37,28,8,94998487
40,28,0,94999291
43,28,0,94999418
56,28,6,94999641
51,28,11,94999712
50,30,6,94999714
39,27,8,94999895
54,28,3,95000069
44,27,11,95000132
56,28,11,95000338
56,28,3,95000343
55,27,0,95000364
55,31,8,95000488
34,29,0,95001099
52,30,6,95014181
58,28,8,95016289
53,31,8,95016899
52,30,5,95017926
54,30,5,95018931
53,30,11,95019092
53,30,8,95019796
52,31,3,95019993
51,30,11,95020214
53,31,6,95021042
56,31,3,95021334
57,29,11,95022023
58,30,13,95022584
56,28,13,95022591
53,31,11,95022977
53,30,5,95023011
55,30,11,95024356
52,32,8,95024640
58,28,0,95024893
57,32,3,95025790
54,31,8,95025855
53,32,0,95025863
59,28,14,95026137
56,31,8,95026363
57,32,0,95026368
55,30,0,95026372
51,32,6,95026747
57,29,0,95027968
54,32,6,95028553
56,30,6,95028554
58,30,8,95028580
56,30,0,95028591
55,31,8,95029122
44,30,14,95029148
59,30,6,95029473
56,30,11,95029636
57,34,14,95029936
57,30,6,95029942
54,33,8,95029982
52,35,14,95030563
57,34,6,95031628
54,33,11,95048665
58,33,0,95052237
61,32,8,95054815
61,31,11,95056184
56,33,8,95057165
52,34,5,95059104
58,33,11,95059131
60,35,8,95078251
58,36,11,95082707
60,34,11,95082708
56,36,8,95085663
59,34,8,95086024
55,36,8,95088812
61,34,8,95090051
59,34,0,95090745
53,35,11,95091394
58,35,11,95092360
53,38,5,95115190
56,37,5,95118290
19,4,9,95120352
56,42,14,95156376
49,43,6,95232642
50,40,1,95264435
9,42,14,95269153
49,41,1,95271070
51,39,1,95271074
54,41,2,95271335
52,39,1,95271481
55,40,10,95272359
49,40,15,95272407
54,41,12,95273702
60,40,9,95274008
58,38,9,95274010
56,40,1,95274012
57,39,1,95274014
47,39,9,95274183
50,40,9,95274416
55,40,1,95275088
48,40,2,95276463
49,40,12,95277020
52,40,2,95277234
57,39,2,95277417
59,39,12,95277552
49,41,10,95278540
48,38,9,95278552
56,40,12,95278600
57,38,2,95279050
58,39,12,95279065
56,39,12,95279910
49,39,15,95280286
54,40,12,95281067
49,39,2,95281289
50,38,1,95281307
47,41,12,95281486
50,39,9,95281652
16,47,14,95304185
14,45,14,95304190
16,46,6,95310096
15,44,6,95310360
48,38,2,95312395
46,36,1,95334604
44,37,15,95342404
18,38,11,95362940
20,36,11,95362941
14,3,6,95363152
21,36,8,95364344
21,35,8,95365316
21,35,11,95366985
57,58,6,95367199
59,56,6,95367208
21,34,11,95367338
21,37,8,95367377
57,57,5,95368774
15,41,3,95369004
17,44,8,95369252
16,45,0,95369257
20,38,11,95370402
23,35,8,95370868
26,27,2,95371164
57,58,14,95372166
16,45,11,95373385
14,3,5,95374273
17,44,11,95375373
47,34,10,95375584
45,36,2,95375590
47,34,2,95375593
25,33,8,95375677
16,7,0,95388585
4,8,6,95392226
52,62,5,95393717
9,6,14,95397198
9,6,0,95397232
48,32,9,95397938
48,32,1,95397941
18,10,5,95398100
10,6,3,95398583
8,5,3,95399684
7,6,11,95399814
11,6,3,95400178
7,6,13,95401455
4,7,3,95401840
2,5,3,95401841
43,34,2,95401855
5,8,0,95402546
2,5,0,95402547
15,10,7,95402616
10,7,3,95403731
9,8,13,95404044
6,5,13,95404047
6,7,11,95404120
43,34,10,95404182
10,8,11,95404542
21,15,5,95404740
11,9,8,95405046
2,6,14,95405975
5,7,5,95406010
21,15,14,95406026
10,8,13,95406222
12,6,5,95406224
9,8,5,95406983
22,18,13,95416482
26,26,6,95416636
23,38,5,95416697
24,36,1,95416885
20,17,7,95417238
26,26,14,95417702
25,26,14,95418643
18,45,15,95418699
24,34,5,95418789
21,40,5,95418872
21,39,5,95418966
21,39,15,95419025
27,58,6,95419224
16,46,2,95419328
18,44,2,95419339
25,27,6,95419368
21,42,12,95419419
21,40,15,95419541
16,47,15,95419882
17,46,15,95419884
18,44,15,95420168
21,41,12,95420477
23,21,7,95420508
20,41,5,95421138
17,45,15,95421194
18,45,12,95421334
17,46,12,95421448
20,40,15,95421620
22,39,12,95422279
14,49,6,95422451
23,21,4,95422577
24,30,14,95422593
24,30,6,95422599
20,39,13,95423002
20,39,5,95423005
23,36,12,95423019
22,37,15,95423074
22,38,12,95423182
25,27,14,95423227
14,12,8,95423570
16,47,12,95423603
19,41,15,95423744
19,42,12,95423894
18,44,12,95424026
20,18,14,95424071
23,35,15,95424544
21,19,14,95424761
19,17,6,95424766
21,39,12,95425350
24,27,6,95425810
20,40,12,95425824
11,51,2,95425866
11,51,1,95425867
15,48,12,95425905
25,30,5,95425971
25,31,12,95425974
12,50,15,95425981
14,48,15,95425990
24,34,12,95426003
24,33,12,95426182
16,46,12,95426382
15,46,15,95426386
23,34,15,95426662
46,31,15,95426679
24,30,15,95426726
19,40,1,95426827
19,41,12,95426863
17,42,2,95426870
17,42,1,95426879
19,40,15,95426890
21,37,15,95426911
22,40,13,95427025
24,32,15,95427255
23,32,6,95427268
21,34,2,95427279
17,44,12,95427541
17,43,15,95427553
14,49,12,95427586
12,49,5,95427886
11,52,12,95427890
11,50,6,95427905
19,38,13,95427978
21,38,12,95428183
4,57,12,95428230
1,57,2,95428317
12,12,0,95428338
19,39,15,95428748
20,39,12,95429663
21,36,15,95429701
16,44,15,95429922
23,31,15,95429982
18,41,12,95430014
15,45,15,95430054
17,42,15,95430102
21,37,12,95430165
15,47,12,95430216
16,45,12,95430405
16,43,15,95430430
49,55,14,95430702
16,44,5,95430903
14,48,12,95430905
48,31,12,95430992
25,31,14,95431605
24,28,6,95431620
20,39,4,95431683
11,50,15,95431719
47,31,2,95431741
3,56,15,95431791
19,37,13,95431844
44,33,15,95431910
25,29,12,95431969
60,30,9,95432213
57,31,1,95432216
59,29,1,95432218
25,26,15,95432272
15,46,12,95432313
15,43,14,95432369
16,42,6,95432371
23,28,14,95432527
25,27,15,95432528
21,35,5,95433960
20,36,15,95433964
19,41,7,95433976
49,31,15,95434192
18,16,13,95434247
18,16,5,95434256
22,35,12,95434308
24,29,15,95434460
17,41,15,95434788
21,36,12,95435268
23,33,12,95435471
13,47,15,95435869
4,56,12,95436220
10,50,12,95466619
14,13,4,95491453
13,12,7,95492965
10,12,10,95495020
8,10,10,95495022
8,10,2,95495026
13,12,4,95498940
9,10,10,95499309
44,33,5,95517491
44,33,13,95518779
45,34,13,95520334
59,32,0,95521437
47,31,11,95521546
45,31,8,95521939
60,31,3,95522299
53,30,3,95522693
59,32,3,95523436
58,32,0,95524257
54,30,3,95524690
56,32,0,95527221
47,32,5,95527748
42,35,5,95527959
45,32,5,95527968
52,30,3,95528641
57,31,3,95529494
61,32,8,95529996
60,33,0,95530097
43,34,13,95530288
43,32,5,95530293
43,35,13,95530560
42,34,8,95531249
54,31,0,95531642
13,43,2,95544975
11,46,15,95546792
11,45,10,95546802
9,47,15,95547944
9,48,12,95548597
11,46,12,95550440
14,43,12,95550444
16,39,5,95550925
14,41,15,95550936
13,42,15,95551520
10,46,15,95553361
12,43,15,95553556
9,47,12,95553665
11,44,15,95553676
14,41,12,95556349
9,46,15,95557116
14,11,0,95558596
4,9,3,95588593
13,13,9,95668170
10,12,10,95669506
11,11,9,95670221
15,14,1,95672333
14,15,9,95672712
10,10,9,95674720
4,9,2,95675605
10,14,4,95675760
8,12,4,95675790
15,14,2,95675825
8,10,10,95675983
10,10,1,95676460
9,9,9,95677319
8,10,9,95677722
11,13,12,95677735
9,11,4,95677744
11,11,4,95678675
7,9,9,95678888
9,11,1,95678907
9,10,7,95679197
11,11,15,95680259
9,11,7,95680263
11,9,1,95680490
9,13,12,95680868
11,11,12,95680870
10,12,4,95680873
11,10,7,95681097
7,9,10,95681169
11,10,10,95681362
8,8,9,95681394
8,9,4,95681426
6,9,10,95681427
3,10,2,95681431
13,14,9,95681803
12,13,1,95681809
11,11,7,95681858
10,9,9,95681889
6,10,12,95681905
13,15,10,95682006
14,15,10,95682042
13,14,1,95682046
7,13,15,95682497
10,12,7,95682501
6,11,9,95682669
8,9,1,95682676
15,15,4,95683800
7,10,12,95684043
10,9,4,95684045
8,10,15,95684719
11,9,7,95684739
13,14,10,95684755
13,14,2,95684760
11,11,2,95685071
12,12,15,95685096
12,13,2,95685417
14,11,2,95685421
13,12,9,95685423
10,10,10,95685467
6,10,2,95685471
11,9,9,95685527
13,11,12,95685613
3,9,1,95685836
5,9,10,95687212
6,9,4,95687239
2,7,10,95687273
12,10,4,95687299
9,10,10,95687444
12,11,2,95687455
13,10,10,95687461
12,13,10,95687697
10,13,2,95687705
14,13,9,95687716
6,11,10,95687728
7,12,2,95687734
9,10,2,95687738
10,9,7,95687832
9,8,9,95688210
15,10,7,95699503
14,9,10,95713435
12,7,10,95713438
8,7,10,95714915
9,6,15,95715217
5,6,10,95718387
9,6,7,95718620
27,30,11,95718922
10,6,7,95719444
27,28,12,95735212
10,8,10,95735378
12,5,10,95746474
34,28,10,95747857
36,29,15,95748189
33,27,7,95748404
31,26,7,95750307
26,30,7,95750854
26,30,4,95763254
34,29,15,95766770
36,28,7,95767963
34,26,7,95767973
23,28,15,95769725
29,24,9,95770188
47,33,10,95770217
25,29,10,95771062
34,27,7,95774465
32,25,7,95774473
33,26,10,95774599
61,33,10,95774842
48,33,1,95775514
24,28,10,95775580
45,34,2,95776493
36,27,12,95776715
35,26,4,95776935
58,32,1,95777033
25,30,12,95777142
32,25,10,95777165
33,26,9,95777170
13,4,10,95777518
32,29,15,95777594
25,29,4,95777784
33,25,7,95778183
34,27,2,95778486
12,3,9,95778756
31,26,10,95778934
24,28,4,95779650
24,27,15,95780235
35,27,10,95780329
36,28,4,95781264
34,26,4,95781279
32,29,2,95781299
12,1,10,95797932
12,1,2,95801504
46,33,2,95801855
31,27,2,95803437
15,3,10,95804129
30,29,12,95804773
14,2,10,95805381
24,26,2,95805669
11,2,2,95805699
13,3,10,95806126
24,26,12,95807513
32,24,10,95807784
32,26,12,95807810
31,27,12,95808368
30,27,15,95808375
47,32,1,95808397
55,32,2,95809065
32,23,9,95809095
12,3,4,95809236
56,32,2,95809605
53,32,2,95810017
13,2,9,95810117
11,2,10,95810168
32,24,4,95810444
23,26,2,95810959
31,26,12,95811116
21,29,8,95811254
23,27,8,95811256
15,4,9,95811374
14,3,1,95811380
23,26,15,95811484
25,24,15,95811491
32,26,7,95811532
16,5,9,95812295
53,32,10,95812601
49,32,2,95812607
28,26,15,95826720
30,24,15,95827521
29,25,12,95832539
27,27,15,95834392
27,29,12,95834795
32,21,9,95839599
30,22,1,95839814
33,23,4,95842134
30,22,2,95843015
27,27,12,95843254
27,22,1,95865077
54,41,11,95903667
56,34,11,95905032
58,34,11,95931046
57,36,8,95932411
26,22,1,95935378
59,34,8,95936407
50,48,11,95936973
52,46,11,95936975
60,33,8,95937652
29,23,1,95937738
52,48,8,95952107
54,46,8,95952109
53,46,11,95952767
55,45,8,95953789
55,44,11,95954284
52,49,6,95955380
50,51,8,95955818
52,49,8,95956152
52,48,11,95956903
50,51,11,95962243
56,44,11,95963463
50,52,8,95964224
49,52,11,95964228
49,54,1,95964299
52,50,8,95966402
60,36,11,95968296
61,33,11,95968984
59,45,5,95977963
54,50,5,95979888
56,48,5,95979889
58,46,11,95984374
59,46,8,95984998
58,47,8,95985237
54,52,8,95989665
56,50,8,95990584
58,48,8,95990599
54,51,11,95990828
57,48,11,95990829
54,52,11,95991011
29,24,8,95991814
30,23,8,95993304
30,23,10,95993944
55,52,8,95994248
53,53,11,95994415
57,50,8,95996032
58,49,8,95996399
52,56,8,95996739
54,54,8,95996740
55,53,8,95997854
37,22,13,95997984
54,53,11,95997995
56,52,8,95998467
51,58,8,95999242
56,51,11,95999529
53,56,2,95999792
52,56,11,95999840
53,56,8,96000185
60,50,8,96010286
59,51,8,96010336
56,53,11,96012463
58,52,11,96017205
60,50,11,96017207
57,53,11,96017507
58,53,8,96017784
59,50,6,96023193
57,55,8,96023367
61,51,8,96023370
58,53,11,96024815
59,52,11,96025417
31,26,8,96027760
30,26,11,96027882
57,55,11,96030707
59,53,11,96030708
40,23,3,96031036
59,54,11,96043736
59,55,8,96044277
58,56,8,96046382
61,53,8,96047283
56,59,1,96048250
56,58,11,96048755
58,56,11,96048764
60,54,11,96049880
59,56,8,96054196
31,26,11,96054543
43,26,0,96054885
31,27,8,96055804
33,25,8,96055822
57,59,8,96059967
56,60,8,96060367
59,57,8,96060369
59,57,11,96083312
42,26,0,96094692
59,59,8,96112247
58,44,14,96115788
42,29,3,96115881
41,28,11,96116852
60,40,5,96117195
43,30,0,96122028
40,29,11,96125079
41,30,13,96147232
57,47,6,96151143
55,45,13,96206263
54,44,13,96210487
54,46,14,96214951
53,45,6,96215019
54,46,5,96237164
55,45,5,96247234
30,1,14,96249673
33,7,7,96261796
31,3,13,96263670
29,3,7,96266633
28,2,7,96267438
32,5,8,96270001
30,5,14,96270407
28,3,14,96270410
32,8,13,96270859
33,10,7,96270995
28,3,4,96271021
35,13,6,96275495
30,7,8,96281532
27,2,4,96282009
27,29,11,96392689
17,38,11,96395323
23,34,11,96397678
25,32,11,96397691
11,4,14,96399051
2,43,10,96400581
18,43,0,96402875
16,41,0,96402876
19,39,8,96406171
13,4,8,96406237
7,43,3,96406605
6,42,3,96406606
26,33,8,96406647
27,31,8,96406907
41,58,2,96407234
11,4,6,96407447
16,42,3,96407973
17,42,3,96407988
15,40,3,96407995
20,40,8,96418373
11,6,6,96420976
11,4,5,96424153
2,3,14,96424689
18,6,0,96425624
23,38,11,96427396
20,41,11,96427833
5,51,6,96428417
26,36,8,96429057
18,41,0,96430955
9,5,15,96431326
19,45,0,96432172
24,39,11,96432579
22,41,8,96432721
18,6,3,96432893
20,43,8,96432908
23,40,8,96432927
26,37,11,96433180
9,4,3,96433296
14,6,11,96433842
12,6,8,96434362
20,8,0,96434498
3,4,14,96434934
11,6,8,96435650
10,5,0,96435655
11,8,14,96436157
8,5,11,96436548
13,6,8,96436927
3,3,8,96436970
22,39,3,96437995
16,7,0,96438395
21,45,11,96450981
12,9,6,96453783
21,46,5,96455148
18,50,1,96457027
9,8,3,96457154
11,10,11,96458206
6,9,11,96459140
8,7,11,96459142
8,11,3,96459145
12,9,11,96459259
24,44,11,96459309
8,13,11,96461079
56,47,10,96461247
14,10,3,96461462
10,9,11,96461502
11,10,6,96461743
13,10,0,96462056
11,8,0,96462058
3,56,11,96462323
15,9,0,96462458
27,43,8,96463860
28,42,8,96463983
7,8,8,96464051
15,9,3,96464108
11,10,8,96464695
13,8,8,96464700
9,8,0,96464723
49,44,10,96465110
15,10,0,96465266
14,9,3,96465503
7,10,11,96465727
7,10,3,96465740
8,10,3,96465949
15,11,0,96466037
9,10,8,96466120
8,8,14,96466403
13,11,8,96466723
10,10,11,96466839
10,10,3,96466847
16,10,0,96467689
54,45,2,96467707
6,11,3,96468322
4,9,3,96468328
8,11,8,96468372
9,11,8,96468487
11,9,8,96468491
8,10,0,96468493
29,41,8,96468777
11,10,3,96468856
13,9,3,96469848
4,11,0,96470073
25,47,5,96477035
22,49,11,96480375
23,50,8,96482999
6,13,6,96483138
16,12,3,96485607
6,13,14,96487991
19,15,0,96489294
57,45,10,96490206
23,50,11,96490217
10,13,14,96490518
16,13,0,96490547
22,15,0,96490552
18,14,3,96491014
11,16,11,96491029
15,13,11,96491510
10,12,3,96491568
52,42,9,96491791
22,16,11,96492301
20,16,0,96493082
8,15,14,96493099
9,14,6,96493104
16,13,3,96493614
4,15,6,96493907
5,14,8,96494178
12,13,8,96494209
8,15,0,96494378
12,15,0,96494398
11,14,14,96494400
13,14,6,96494404
12,13,3,96494542
61,47,10,96494970
21,17,3,96495072
9,15,8,96495078
10,13,11,96495087
8,15,3,96495091
6,13,3,96495092
56,44,7,96495631
15,17,6,96495710
15,13,8,96495828
11,13,0,96495832
46,42,1,96496222
26,21,14,96496435
4,15,8,96496450
13,14,14,96496840
16,14,11,96496851
53,43,1,96496985
11,14,8,96497474
6,14,11,96497650
17,15,0,96497825
59,45,9,96498098
61,46,9,96498117
18,14,8,96498132
47,41,1,96498192
5,14,11,96498255
4,60,0,96498325
13,14,0,96498362
55,43,4,96498376
12,15,11,96498787
45,41,9,96498806
6,15,8,96499075
7,14,11,96499106
8,16,8,96499156
5,16,8,96499342
8,15,6,96499460
21,17,8,96499492
10,13,13,96499840
4,60,3,96499959
15,16,14,96500069
16,14,8,96500092
13,15,0,96500099
15,16,11,96500101
59,45,4,96500576
23,19,3,96516234
18,19,6,96516325
43,40,2,96516525
24,20,0,96517267
15,20,14,96519058
42,41,2,96519509
55,40,9,96520037
12,18,5,96520433
14,17,3,96520559
46,41,10,96521016
44,39,10,96521021
44,39,1,96521034
14,17,11,96521598
57,42,4,96521823
56,41,7,96521964
54,40,9,96522321
23,21,3,96522374
60,44,10,96522791
15,19,6,96523117
18,19,8,96524201
16,18,8,96524455
14,19,0,96524506
50,39,7,96525002
51,40,9,96525007
49,38,9,96525012
48,39,1,96525013
24,22,3,96525020
45,40,9,96525234
43,38,9,96525252
46,39,9,96525311
45,38,1,96525316
8,19,8,96525867
57,42,10,96526206
46,40,15,96526207
19,20,0,96526226
44,40,9,96526304
61,42,1,96526367
55,40,4,96526543
44,40,7,96526790
16,19,3,96526952
7,20,5,96526960
58,41,4,96527225
17,18,11,96527317
13,18,11,96527396
43,38,2,96527447
15,19,11,96527607
17,21,8,96527647
16,20,0,96527650
42,41,1,96527667
54,39,7,96527830
54,40,7,96527855
18,19,11,96528203
14,19,3,96528225
53,41,1,96528265
47,39,10,96528441
18,19,3,96528564
60,43,1,96528662
48,39,9,96528934
46,40,12,96528941
11,20,8,96529016
9,20,0,96529022
50,39,10,96529111
47,40,2,96529112
52,39,4,96529467
44,39,12,96529485
46,39,4,96529491
47,39,9,96529505
9,19,11,96529621
57,40,7,96529698
41,38,10,96529766
53,38,9,96529830
17,19,8,96529963
32,31,13,96530290
51,40,4,96530320
48,39,10,96530335
7,21,8,96530496
54,39,4,96530509
56,39,1,96530613
43,39,4,96530615
6,21,5,96530656
60,42,10,96530730
58,40,7,96530826
53,39,4,96530850
9,20,11,96530901
56,41,10,96531116
61,42,9,96531240
45,39,15,96531266
59,41,10,96531354
45,37,9,96531529
45,37,1,96531537
47,39,7,96532040
13,19,3,96532479
45,36,9,96540571
45,36,1,96540589
46,36,9,96541597
49,36,1,96543465
45,36,10,96544132
43,38,2,96544134
46,35,1,96544158
48,37,1,96545680
59,38,4,96548106
44,37,2,96548147
44,35,10,96548264
44,35,9,96548276
44,37,15,96548424
47,37,9,96548441
45,35,9,96548451
61,40,10,96548484
61,39,7,96549441
48,35,2,96549971
58,37,7,96550132
47,36,10,96550153
58,37,4,96550255
47,35,10,96550449
45,37,2,96550450
47,35,2,96550455
56,36,7,96550750
47,37,10,96551014
45,35,10,96551019
44,36,1,96551033
48,36,1,96551888
60,38,4,96551937
50,36,15,96551957
50,35,15,96552123
52,35,9,96552138
42,35,10,96552154
57,36,7,96552225
59,38,10,96552241
48,35,15,96552375
50,35,9,96552391
48,35,1,96552408
56,36,4,96552531
52,34,9,96552601
46,35,15,96553090
48,34,1,96553266
47,35,15,96553643
47,34,9,96553654
47,34,1,96553675
48,36,10,96553831
44,36,2,96553835
48,36,9,96553840
46,34,9,96553842
46,34,1,96553849
45,34,9,96553873
47,35,7,96553969
58,38,7,96553997
26,26,13,96554039
57,36,4,96554075
58,37,10,96554190
50,35,12,96554365
52,35,4,96554369
49,35,2,96554379
51,33,9,96554383
50,34,1,96554401
48,36,12,96554436
52,36,4,96554456
50,33,9,96554461
50,36,12,96554662
43,34,9,96554685
58,37,12,96554857
57,36,9,96554919
40,35,10,96554976
48,35,12,96555454
53,33,1,96555575
46,36,12,96555685
49,35,4,96555691
47,34,2,96555701
52,36,12,96555849
55,36,10,96555860
55,37,1,96555887
45,36,7,96555893
32,58,1,96555906
46,35,12,96555954
47,33,1,96555977
33,57,2,96555989
42,37,10,96556054
42,39,2,96556059
43,36,7,96556067
45,34,10,96556073
45,34,2,96556083
43,36,9,96556216
51,35,7,96556460
55,37,12,96556463
59,37,4,96556471
57,36,10,96556492
44,36,12,96556529
48,36,4,96556530
44,34,10,96556541
51,33,1,96556564
31,59,2,96556709
49,35,15,96556715
56,35,9,96556748
46,35,4,96556845
54,35,7,96556864
45,35,15,96556865
49,35,7,96556870
49,35,10,96556877
47,33,2,96556887
48,34,9,96556888
49,34,9,96556940
46,35,1,96556943
57,36,15,96556987
52,35,7,96557079
51,35,9,96557087
49,33,9,96557091
46,36,4,96557291
54,34,7,96557598
54,34,9,96557604
57,35,9,96557613
32,57,15,96557667
60,37,4,96557699
54,33,1,96557931
47,34,15,96558007
49,34,12,96558144
44,35,1,96558173
59,36,7,96558211
44,36,4,96558222
61,38,10,96558256
48,34,12,96558324
50,34,4,96558330
49,34,10,96558332
46,35,2,96558334
58,36,2,96558432
50,34,12,96558444
53,35,4,96558450
35,54,5,96558466
54,35,4,96558548
43,35,1,96558629
47,34,12,96559069
50,35,4,96559070
47,33,10,96559077
45,35,2,96559080
52,34,12,96559200
54,34,4,96559205
54,33,9,96559208
60,36,4,96559341
59,36,9,96559409
45,35,7,96559425
59,36,4,96559495
58,36,10,96559518
32,35,13,96559611
43,36,4,96559652
42,35,15,96559663
46,35,7,96559668
61,37,10,96559753
46,34,12,96559790
48,35,10,96559795
46,33,2,96559803
43,35,15,96560049
44,33,9,96560064
42,35,1,96560067
43,35,2,96560168
44,37,4,96560197
59,36,15,96560236
51,35,2,96560401
51,32,1,96560637
50,34,10,96560639
48,32,2,96560648
48,33,15,96560668
44,35,12,96560703
48,35,4,96560707
57,35,4,96560719
46,34,4,96560736
42,35,2,96560745
57,35,12,96560753
50,33,15,96560804
52,33,7,96560807
51,33,10,96560820
50,32,9,96560827
54,35,15,96560828
57,34,7,96560836
49,34,7,96560907
48,33,7,96560911
59,36,12,96560938
47,33,15,96561168
49,33,7,96561177
46,33,1,96561204
44,35,15,96561251
41,34,7,96561258
4,25,6,96561308
55,34,10,96561344
52,35,2,96561349
41,34,9,96561386
42,34,7,96561481
55,36,2,96561495
50,32,2,96561579
53,33,7,96561588
52,32,1,96561598
55,34,7,96561607
52,33,1,96561615
31,57,1,96561708
45,34,4,96561860
42,33,10,96561866
41,34,2,96561868
60,36,12,96562019
59,35,10,96562026
59,35,2,96562034
60,35,9,96562054
58,35,1,96562060
51,33,12,96562102
53,34,10,96562112
52,31,9,96562120
52,31,1,96562124
45,33,15,96562197
47,33,7,96562209
47,33,2,96562223
51,33,9,96562227
49,31,9,96562230
47,33,1,96562232
56,34,10,96562281
50,33,12,96562414
52,33,4,96562415
41,34,10,96562497
47,34,7,96562852
46,33,9,96562861
52,34,4,96562944
59,35,7,96562995
58,34,4,96563458
48,30,2,96570007
47,31,1,96570019
47,31,9,96571813
49,29,1,96573871
51,29,1,96574095
48,30,10,96577554
45,31,2,96577569
57,31,7,96577598
30,33,13,96577855
40,33,10,96578858
57,30,7,96579012
51,29,9,96579034
55,30,7,96579418
50,30,1,96579431
56,30,4,96580010
57,30,4,96580265
45,32,15,96580457
60,31,7,96580465
62,32,9,96580723
54,29,9,96581006
60,31,4,96581257
54,30,4,96581604
53,30,10,96581609
51,28,10,96581613
50,28,2,96581990
60,32,10,96582276
62,32,1,96582308
52,29,4,96582593
52,29,12,96582636
55,30,4,96582639
47,30,12,96583084
59,30,7,96583149
54,30,10,96583256
56,29,7,96583480
57,30,10,96584308
56,29,9,96584410
45,30,2,96584609
46,29,1,96584619
53,29,7,96584950
52,28,9,96584959
50,28,1,96584965
53,28,9,96585281
54,29,10,96585391
56,30,10,96585483
59,30,9,96585640
46,28,10,96585709
49,28,15,96585762
52,29,7,96585766
49,30,4,96585787
54,28,9,96586485
58,30,4,96586595
56,29,10,96586606
28,31,13,96586754
46,29,15,96587128
50,29,7,96587133
47,29,15,96587168
50,28,7,96587181
48,27,9,96587182
48,27,1,96587191
61,31,9,96587270
51,28,12,96587670
50,27,10,96587968
52,28,10,96588067
59,30,10,96588078
55,28,7,96588249
50,28,12,96588326
52,28,4,96588333
60,31,15,96588409
52,29,1,96588454
56,29,12,96588628
58,30,10,96588633
27,30,13,96588762
51,29,10,96588842
49,28,12,96588854
47,28,2,96588998
40,29,2,96589237
48,28,9,96589450
60,30,7,96589529
54,28,15,96589811
56,28,7,96589821
54,28,10,96590031
52,28,2,96590032
53,28,12,96590345
56,29,4,96590358
56,28,9,96590651
48,28,12,96590775
50,28,4,96590788
60,30,9,96590929
55,28,15,96590978
41,31,12,96591542
41,31,4,96591544
60,30,10,96591626
43,30,10,96591703
57,30,15,96591769
53,29,12,96591923
57,29,4,96591928
57,29,12,96592053
60,30,4,96592056
51,27,1,96592145
55,31,12,96592181
40,30,12,96592238
55,28,10,96592262
53,28,2,96592265
46,29,12,96592355
50,29,4,96592359
51,27,15,96592436
56,28,15,96592815
51,27,7,96592909
51,28,15,96592970
54,27,7,96592981
54,27,9,96592986
50,27,15,96593026
51,27,9,96593038
48,28,1,96593039
45,29,12,96593060
56,28,1,96593578
50,27,7,96593606
51,28,9,96593607
58,29,1,96593718
57,28,4,96593771
58,30,15,96593775
56,28,10,96593960
53,29,2,96593963
58,28,4,96594407
40,30,4,96594492
48,25,1,96601093
49,24,1,96607750
48,25,9,96612870
41,27,12,96613292
41,28,12,96614199
43,26,12,96614201
41,28,4,96614206
45,26,15,96614607
48,25,12,96615010
41,27,15,96615011
42,27,9,96615035
40,27,12,96615732
57,25,7,96615870
40,28,2,96616095
39,29,12,96617190
40,28,4,96617231
49,24,15,96617343
43,28,15,96618083
57,25,4,96618486
36,28,2,96619178
40,27,15,96619427
39,29,10,96619909
45,26,12,96620451
37,28,15,96620664
56,24,7,96622503
48,24,15,96622816
42,26,10,96623435
39,27,15,96623712
47,26,2,96623905
62,27,10,96623964
58,25,4,96624283
36,28,9,96624555
36,28,1,96624571
43,25,15,96624591
40,27,1,96624605
42,28,4,96624789
38,26,1,96625459
51,23,10,96625475
27,33,14,96654455
24,49,6,96668723
23,51,5,96671410
24,50,6,96672649
22,52,15,96677525
50,48,8,96717300
26,35,7,96737349
5,28,11,96746705
16,28,3,96747037
7,28,6,96747113
25,33,13,96748089
7,28,5,96748859
22,31,14,96749010
25,35,14,96749519
26,37,13,96767097
8,59,6,96778211
10,57,6,96778222
25,45,6,96781033
51,50,8,96795617
10,57,15,96795676
16,30,10,96796655
11,56,15,96797346
54,47,8,96799277
12,55,15,96799875
21,32,10,96801033
20,30,7,96801396
18,30,4,96802227
17,31,10,96802229
16,30,2,96802514
52,49,11,96802960
50,51,11,96803260
25,37,0,96803406
5,56,10,96803597
56,32,11,96803605
6,55,11,96804632
21,31,4,96804683
57,32,11,96807100
18,30,10,96808230
15,29,1,96808245
13,54,2,96808260
9,30,1,96808261
11,28,1,96808328
18,30,7,96809017
19,29,7,96809620
58,31,11,96809781
56,34,8,96810845
22,31,10,96810849
53,49,8,96811012
55,47,8,96811013
2,30,1,96811049
58,32,8,96811336
10,28,1,96811806
19,30,4,96811877
17,30,4,96812046
25,37,3,96812139
12,30,12,96812166
11,29,2,96812625
16,28,10,96812785
14,30,2,96812786
16,28,2,96812787
5,31,2,96812993
24,30,3,96831551
18,27,9,96838216
24,45,5,96838699
35,28,2,96839358
51,52,11,96840697
3,50,0,96842560
56,36,11,96842963
23,29,10,96843623
51,54,11,96863878
23,27,9,96866400
51,56,8,96871001
51,55,11,96871993
51,56,11,96872470
53,53,11,96874045
26,28,9,96875178
53,56,1,96888677
54,54,11,96895457
33,27,8,96895576
57,52,8,96895787
56,53,1,96895803
56,52,11,96898247
58,51,8,96898411
61,48,8,96898424
53,56,11,96898769
53,57,11,96901866
23,45,1,96904686
54,56,11,96904851
57,55,8,96918346
58,54,8,96918508
57,55,11,96924276
56,57,8,96926997
58,54,11,96928307
58,55,8,96930671
34,28,8,96930678
60,52,11,96933442
13,8,14,96953720
12,7,14,96959444
26,40,6,96960137
21,45,2,96960734
23,43,2,96960741
52,34,6,96960779
12,6,7,96960843
24,42,15,96962530
4,4,6,96962759
9,3,5,96962909
24,41,2,96963274
10,4,14,96963297
11,5,15,96964208
27,39,12,96964928
4,4,5,96967119
6,2,5,96967128
25,40,15,96967473
27,38,12,96968415
8,3,0,96968541
24,40,15,96985438
11,8,14,96988979
23,41,15,96989209
21,43,15,96991068
25,39,12,96994368
24,40,12,96994480
6,5,11,96995366
10,9,5,96997117
26,36,12,96997274
7,7,0,96997774
6,5,3,96998825
9,8,0,97000668
6,5,0,97000670
9,10,13,97012355
37,30,11,97024098
8,10,5,97027631
23,25,13,97028591
9,24,15,97029097
42,31,0,97030327
43,31,0,97030759
41,29,0,97030762
9,13,13,97049978
3,26,5,97050931
5,24,5,97050939
9,11,5,97054500
38,32,6,97057054
8,12,5,97061376
8,12,13,97077196
7,11,13,97081844
53,45,13,97150435
53,51,13,97173218
3,13,6,97173913
5,11,6,97173926
4,13,14,97178633
56,45,14,97179396
61,47,8,97181277
51,44,5,97181621
6,15,13,97181824
60,46,3,97183173
60,47,3,97183548
20,26,14,97184549
58,46,0,97184971
61,47,0,97185237
3,45,1,97186418
16,23,0,97187584
55,52,2,97188671
4,50,5,97213320
14,24,0,97216549
2,51,8,97216929
13,23,3,97217072
4,13,13,97218217
12,25,3,97237618
1,25,5,97241898
2,57,8,97242830
13,26,3,97243234
4,56,8,97243276
12,26,0,97244162
12,26,3,97245220
10,25,0,97246479
3,57,11,97246872
4,56,11,97246881
4,57,8,97247611
2,57,0,97247648
11,52,8,97249358
10,54,11,97270353
12,54,1,97278722
3,10,9,97298818
1,9,10,97301171
2,31,5,97368982
52,47,9,97402083
48,46,9,97404958
61,47,4,97426078
43,42,9,97428444
48,43,9,97429852
47,44,4,97432386
46,43,10,97432600
58,45,4,97432799
56,44,10,97432833
59,45,4,97434306
56,44,9,97434354
61,46,4,97434552
44,44,7,97435255
48,42,2,97435492
54,44,4,97436169
46,43,7,97436496
43,42,1,97436534
44,42,7,97436577
46,42,15,97437465
48,42,7,97437466
59,44,4,97437684
48,41,1,97438096
46,40,9,97443318
44,40,9,97449001
57,41,2,97451721
45,39,9,97452629
44,40,1,97452634
45,40,9,97452900
43,39,9,97453097
48,40,9,97453598
46,40,1,97453607
45,40,1,97454543
47,41,10,97455760
45,39,10,97455764
45,39,2,97455765
57,41,10,97457466
44,40,10,97457664
57,40,7,97459499
44,41,2,97459696
60,42,4,97459764
57,41,9,97459851
25,37,1,97459961
25,37,2,97460105
60,43,10,97460408
55,40,7,97460482
59,41,7,97460905
58,41,10,97461268
46,38,9,97461522
46,38,1,97461539
60,42,10,97462228
56,42,2,97462233
58,41,4,97462435
56,40,10,97462441
43,39,2,97462479
44,38,9,97462485
46,39,1,97462769
47,39,2,97462784
47,39,1,97462787
59,41,9,97462791
43,38,9,97462905
54,39,7,97463081
42,38,9,97463238
26,35,10,97463256
45,39,15,97463479
56,40,9,97463798
25,36,2,97464284
58,40,4,97464446
59,42,7,97464980
59,40,7,97465017
53,39,4,97465186
44,38,2,97465424
46,39,2,97465524
48,38,2,97465540
44,39,2,97465592
48,40,12,97465629
56,41,4,97465703
46,38,2,97465730
44,43,9,97465875
54,39,4,97465904
45,39,4,97465920
58,39,9,97466193
59,40,4,97466228
47,40,4,97466265
43,38,10,97466272
58,40,10,97466292
55,39,4,97466316
25,37,15,97466428
44,39,4,97466712
23,36,1,97466806
56,39,4,97467080
60,41,10,97467432
52,38,15,97467842
54,38,7,97467843
57,39,4,97468082
45,38,2,97468302
56,39,10,97468414
46,39,7,97468420
26,36,10,97468455
46,38,7,97468873
45,37,1,97468899
50,38,7,97468991
49,37,2,97469002
54,38,9,97469053
44,36,10,97485144
44,36,9,97485249
43,35,9,97489272
46,37,9,97491587
43,35,10,97495539
50,35,9,97495847
49,34,1,97495859
24,34,4,97497286
46,36,2,97497564
44,35,15,97497723
44,35,1,97497747
47,34,1,97497854
25,34,7,97497926
59,37,4,97498179
60,37,7,97498549
25,34,10,97499169
26,34,10,97499191
24,34,10,97499531
25,33,9,97499532
42,35,15,97499661
41,36,7,97499665
55,36,4,97499675
50,35,12,97499733
50,34,2,97499824
57,35,7,97499922
45,36,2,97500151
59,36,4,97500477
46,35,4,97500754
56,37,4,97500836
44,34,2,97507106
45,33,10,97511604
56,34,10,97513086
46,32,2,97513313
44,32,2,97513720
61,35,4,97514956
57,33,7,97516880
60,34,7,97517058
20,44,6,97518471
23,33,15,97519166
25,31,15,97519180
61,34,7,97519204
57,32,7,97519484
48,32,2,97519509
48,31,10,97519937
47,32,2,97519938
61,34,9,97520924
48,32,10,97521069
58,32,7,97521304
60,33,4,97522669
20,42,13,97523435
15,52,6,97524012
19,45,6,97524512
59,33,10,97525462
20,44,14,97525531
59,32,7,97525544
43,33,2,97525635
4,34,9,97526581
56,32,7,97527023
60,35,7,97527109
47,31,1,97527704
18,40,13,97527760
55,31,9,97528195
46,31,15,97529029
49,30,2,97529319
58,33,10,97529378
19,45,5,97529794
49,32,15,97530554
60,33,10,97530850
58,33,4,97531736
59,32,4,97531882
15,41,14,97561368
17,44,14,97562472
15,42,14,97562476
15,42,6,97562478
60,31,9,97584480
54,29,10,97587152
61,31,9,97593983
20,30,2,97610802
22,28,2,97610830
15,41,9,97639581
48,51,11,97647664
30,27,9,97649237
15,39,9,97652167
53,37,2,97652395
53,37,10,97652620
12,39,7,97653135
8,38,10,97653185
7,37,10,97653186
50,50,8,97653213
52,36,1,97653255
32,29,10,97653494
30,27,10,97653501
16,39,9,97654618
51,50,8,97655382
11,39,4,97655432
8,37,10,97655451
51,37,2,97655801
51,36,11,97655805
53,34,3,97655812
53,34,8,97656574
18,45,0,97656909
12,39,4,97657140
3,9,11,97667461
15,36,7,97677750
17,36,9,97677778
12,35,12,97678920
15,36,4,97678924
13,36,10,97678929
18,35,2,97679614
59,46,8,97680707
17,36,10,97681214
15,34,10,97681215
13,36,2,97681219
15,34,2,97681220
12,36,2,97681237
14,34,2,97681240
56,37,11,97681444
58,36,0,97683522
8,56,12,97683557
8,35,15,97683564
8,35,1,97683816
15,34,9,97683916
10,34,15,97683952
13,35,7,97683961
13,35,9,97684022
9,36,10,97684031
13,34,7,97684146
13,34,9,97684150
10,35,1,97684153
5,9,0,97684278
16,34,10,97684520
19,36,10,97686192
15,36,2,97686196
17,34,9,97686477
15,34,1,97686482
14,34,4,97686627
13,35,10,97686716
8,34,15,97686846
16,34,4,97686881
11,34,10,97687129
9,34,2,97687131
12,35,2,97687347
30,27,8,97687438
13,34,10,97687480
11,34,2,97687489
58,34,8,97687959
15,34,4,97688214
39,27,10,97711404
55,52,11,97712039
57,50,11,97714007
59,36,11,97714137
61,34,11,97714145
57,51,8,97715570
59,48,11,97718396
6,32,12,97778113
10,31,12,97779040
9,30,2,97779923
7,32,12,97780431
7,31,15,97780686
19,28,10,97793131
20,29,10,97798255
6,30,15,97798823
54,33,6,97800995
10,28,12,97801354
6,30,12,97802446
19,27,9,97803077
24,39,6,97803097
10,28,15,97804035
7,29,15,97804073
9,28,15,97804398
13,27,12,97805097
60,34,6,97805879
19,26,9,97806689
11,27,12,97806892
17,26,10,97806927
9,27,15,97807431
14,26,15,97808633
9,28,12,97808840
24,40,12,97808996
22,41,9,97809016
21,42,1,97809020
23,40,1,97809021
20,43,1,97809574
21,42,15,97809576
18,26,7,97809590
58,33,13,97809628
60,31,5,97809630
5,29,15,97809650
18,26,9,97810163
12,26,15,97810263
10,27,2,97810279
8,28,12,97810598
7,28,15,97810795
14,26,12,97811778
19,44,15,97812011
14,26,10,97812067
24,38,15,97812313
16,26,12,97812537
18,26,4,97812568
18,27,4,97812761
16,27,4,97813053
14,27,10,97813117
12,25,10,97813118
12,25,2,97813128
20,41,12,97824891
21,40,12,97825487
23,38,12,97825496
21,40,1,97826365
8,26,12,97828254
12,24,12,97831093
17,24,10,97832367
17,23,7,97835992
17,25,15,97836190
17,25,7,97836213
15,44,14,97836399
17,43,12,97836464
13,23,15,97836476
15,23,7,97836486
22,37,15,97837740
24,33,13,97838453
7,25,15,97839555
20,38,2,97841425
20,40,12,97842587
22,38,12,97842590
17,25,12,97842643
20,24,7,97842730
14,23,12,97842823
12,24,2,97842824
18,24,4,97843048
16,24,4,97843699
14,24,10,97843715
39,30,0,97872104
55,57,5,97872942
39,30,5,97873563
38,31,3,97874733
39,32,0,97896117
21,22,9,97901024
20,20,9,97919494
59,46,2,97969390
2,8,2,98048892
49,46,5,98054062
52,59,5,98058902
3,5,9,98061732
18,50,5,98113005
20,19,14,98114638
47,49,5,98116879
17,51,6,98117075
10,15,3,98138783
12,17,3,98139900
4,50,5,98140240
7,48,2,98144945
13,44,8,98145903
14,42,11,98146998
5,15,13,98149713
11,45,11,98150411
13,43,11,98150412
8,17,0,98151456
8,17,3,98152148
11,20,0,98153317
9,18,0,98153335
6,15,8,98154080
14,43,11,98154108
13,18,11,98154440
10,19,3,98154446
4,57,6,98155732
15,42,11,98156075
8,17,11,98156367
12,47,8,98156993
8,22,3,98167673
8,22,0,98167693
17,33,13,98168229
5,20,0,98168357
7,22,0,98169280
4,20,0,98170721
15,30,13,98171088
15,31,5,98171187
15,33,14,98171337
9,21,3,98171370
13,29,14,98172867
11,27,14,98172868
9,23,6,98172909
13,30,14,98174699
14,32,14,98174929
12,29,14,98175450
5,20,11,98175795
11,48,11,98176386
17,35,5,98176615
16,31,5,98176890
16,36,13,98177431
17,33,5,98177432
11,29,14,98177847
8,22,5,98178416
17,39,5,98178760
15,35,13,98179077
6,22,8,98179155
15,34,13,98179829
3,23,3,98179954
13,32,14,98180101
13,32,13,98180341
3,22,6,98180431
4,21,6,98180436
11,29,13,98181159
16,38,13,98181547
15,37,5,98181558
16,38,14,98181565
16,34,6,98181578
3,24,14,98181677
8,25,5,98181776
9,24,5,98181786
12,31,13,98181861
15,35,5,98182115
15,38,14,98183089
3,25,6,98183284
16,40,13,98183329
5,26,14,98183587
13,30,6,98183811
14,31,5,98183996
12,33,14,98184018
15,41,5,98184243
14,38,14,98184337
15,41,6,98184452
16,41,6,98184673
16,39,15,98184777
15,38,13,98185284
1,25,11,98185875
12,34,14,98185920
12,30,6,98185922
14,34,5,98185993
15,40,6,98186008
15,40,5,98186013
8,28,5,98186089
1,24,13,98186222
13,35,13,98186440
12,34,13,98186528
15,40,12,98186925
1,27,6,98187188
16,41,12,98187654
15,37,6,98187927
13,44,5,98205690
7,33,13,98206126
10,39,4,98209529
9,38,7,98209546
13,44,13,98210443
3,32,13,98211203
5,33,13,98212770
11,42,13,98214269
12,43,14,98214307
8,38,14,98216793
12,45,5,98217670
9,44,14,98233734
10,47,6,98240564
10,46,14,98242574
9,46,14,98245962
6,43,14,98246155
11,49,13,98246912
60,42,2,98250321
4,44,13,98261669
4,45,13,98266098
4,45,5,98266109
2,43,6,98266779
5,46,6,98267107
2,44,6,98270487
5,47,13,98270615
10,53,13,98271793
1,45,14,98272191
4,46,5,98272240
9,51,6,98278112
50,56,0,98295781
51,57,3,98297122
51,58,13,98298117
2,56,13,98298235
1,55,5,98298237
3,53,5,98298249
52,57,0,98298642
2,56,6,98298648
49,56,3,98298732
51,58,0,98298796
2,57,14,98299549
2,57,7,98299565
52,58,8,98299949
2,57,5,98300469
52,58,3,98300681
53,57,11,98300806
49,57,3,98300821
1,56,13,98301027
52,57,11,98301213
2,60,6,98303054
59,60,3,98303386
52,59,8,98303587
51,59,13,98304009
51,60,8,98304970
53,59,3,98305476
50,42,0,98311904
52,21,5,100116877
51,18,14,100146867
53,19,5,100182005
19,56,2,100272890
16,61,9,100308885
22,50,10,100343027
20,45,12,100426496
19,44,15,100428497
23,42,1,100428859
25,40,1,100428860
21,43,12,100435277
24,40,15,100437381
24,39,9,100437424
22,40,15,100453998
23,40,12,100459090
21,40,15,100463345
25,39,12,100464542
21,40,11,100528592
62,9,7,100559477
52,11,12,100560861
24,39,8,100561050
26,37,8,100561052
53,12,4,100561565
51,14,6,100562189
25,38,11,100577280
26,38,8,100578026
51,13,5,100584701
23,41,11,100590471
25,39,11,100590479
27,38,8,100591452
24,41,8,100592073
28,37,8,100592080
27,37,11,100592134
25,41,8,100624550
27,39,8,100624557
26,39,11,100624559
28,38,1,100716522
26,40,1,100717322
60,7,15,100865298
62,5,15,100865370
46,39,10,100921908
29,38,6,100928242
31,36,1,100937816
30,37,12,100984603
29,38,12,100987808
50,10,0,100990950
61,8,11,100991537
51,12,3,100993157
62,7,11,100995250
62,7,3,100995258
50,10,3,100995887
51,14,11,100995999
52,15,3,100996001
50,13,3,100996004
52,12,0,100996734
51,12,8,100996789
52,13,0,100996792
50,11,0,100996820
51,10,3,100996838
53,14,0,100998101
52,16,8,100998331
52,16,0,100998337
50,13,11,100998678
52,11,11,100998683
52,13,3,100998684
61,8,3,100998967
53,13,0,100999643
30,36,12,101000138
51,10,8,101000172
52,11,0,101000178
50,9,0,101000180
52,12,3,101012446
52,15,10,101012591
28,36,15,101013311
54,12,2,101014755
52,15,2,101015075
53,15,11,101016046
29,36,12,101016409
53,14,2,101016694
53,15,8,101016851
54,12,0,101016853
53,12,8,101017515
53,16,10,101020249
53,13,0,101020399
53,14,11,101021882
54,15,3,101021885
52,13,3,101021893
54,12,10,101023243
27,38,12,101024088
53,12,3,101024730
52,14,11,101025334
53,13,11,101025335
54,14,3,101025339
53,13,10,101025493
55,13,11,101025592
53,11,3,101025598
54,17,9,101025788
26,39,15,101026578
54,13,3,101027262
55,13,0,101027890
55,15,3,101028080
53,16,11,101030567
54,15,8,101031335
54,15,0,101031341
52,13,0,101031362
54,14,10,101031449
54,14,9,101031464
10,23,10,101031587
8,21,10,101031600
54,15,9,101031915
54,16,9,101085740
48,35,10,101124450
49,38,14,101233538
28,34,12,101360413
30,31,1,101363230
27,35,12,101367052
30,32,12,101370429
29,32,1,101372200
27,33,12,101397774
52,12,5,101461046
52,12,6,101461048
51,10,7,101467723
51,12,6,101468388
51,13,5,101469153
61,6,6,101489775
61,6,14,101489808
62,9,7,101492963
60,7,7,101493045
51,8,4,101493942
50,7,4,101495012
27,31,15,101495093
50,9,4,101496402
26,32,15,101496419
50,8,13,101497122
60,7,6,101497313
61,7,15,101498359
50,11,5,101499390
52,9,5,101499397
49,10,13,101656243
60,5,2,101746341
24,34,6,101870195
26,30,6,102061971
25,31,2,102061983
45,28,3,102088987
25,32,5,102435338
27,29,6,102436820
48,30,3,102437598
61,3,9,102445182
24,40,1,102446598
46,49,14,102450786
22,35,6,102450889
25,39,9,102451008
52,33,3,102451084
24,31,15,102452790
38,22,10,102453224
38,22,2,102453229
53,34,3,102453551
54,35,0,102454152
60,3,10,102454970
62,4,2,102455248
23,35,5,102455744
22,38,12,102455746
50,45,11,102455878
48,48,1,102455893
23,43,13,102455929
53,32,3,102455974
22,39,4,102456022
49,48,3,102456255
47,24,7,102456340
23,44,14,102456626
22,41,15,102456635
44,23,7,102456778
43,22,7,102456779
60,4,10,102456884
22,35,15,102457102
22,39,7,102457104
21,37,15,102457192
21,39,7,102457200
21,37,6,102457226
44,22,7,102457525
22,41,13,102457621
54,33,3,102457820
23,44,12,102457855
40,23,4,102458007
22,38,15,102458041
49,48,0,102458108
42,23,4,102458208
37,23,2,102458218
25,26,14,102458396
39,23,10,102458776
56,35,0,102458853
22,40,4,102458900
48,48,11,102458906
35,23,12,102459153
38,22,4,102459159
22,43,12,102459263
21,39,12,102459335
34,21,9,102459368
32,23,1,102459373
34,21,1,102459375
45,23,4,102459508
46,23,15,102459723
56,35,3,102459739
22,44,14,102460087
43,21,14,102460106
40,20,2,102460130
22,39,12,102460196
22,43,4,102460197
50,24,7,102460264
22,33,4,102460275
20,38,15,102460279
21,41,7,102460284
20,41,14,102460346
42,23,12,102460404
50,24,4,102460610
50,49,3,102460686
21,38,15,102460735
20,41,7,102460744
51,50,0,102461049
49,54,2,102461065
49,49,3,102461067
21,45,14,102461176
20,44,6,102461181
22,41,5,102461251
22,44,5,102461313
45,23,2,102461345
21,40,14,102461390
40,22,9,102461412
21,40,5,102461495
49,23,7,102461620
56,33,10,102461646
52,50,8,102461715
20,38,5,102461807
21,38,5,102461859
20,40,12,102461864
41,22,15,102461910
42,21,15,102461914
20,41,6,102462207
23,44,5,102462586
21,45,6,102462698
22,50,8,102466429
22,50,0,102466443
40,21,4,102468123
21,36,15,102468506
20,37,7,102468510
23,51,10,102469157
20,40,1,102469714
54,50,6,102473006
47,56,2,102474912
49,54,2,102474913
58,38,14,102474925
54,41,10,102476121
48,54,6,102477143
51,49,9,102477460
50,53,12,102477681
51,53,13,102477714
59,39,6,102477749
55,43,13,102477994
48,55,10,102478033
54,42,1,102478147
56,40,10,102478151
55,42,10,102478272
56,40,1,102478899
45,48,13,102478997
48,50,14,102479076
50,51,15,102479883
52,50,9,102480009
58,37,7,102480483
53,45,6,102480530
55,43,6,102480532
51,53,4,102480615
50,45,7,102480651
50,51,12,102480695
53,48,12,102480696
54,47,15,102480757
57,37,5,102481010
57,39,7,102481017
54,50,14,102481031
52,49,12,102481042
54,47,12,102481043
51,48,9,102481190
51,49,10,102481288
51,45,7,102481366
51,48,1,102481391
52,47,1,102481393
22,41,3,102481476
48,47,0,102481514
56,39,15,102481638
46,46,14,102481691
23,42,0,102481792
47,54,10,102481998
50,46,4,102482333
46,51,9,102482443
48,45,9,102482485
57,42,7,102482619
54,44,5,102482701
51,42,12,102482743
54,38,2,102482768
49,43,7,102482978
49,51,4,102483364
57,31,13,102483406
49,43,12,102483428
55,38,4,102483668
50,43,12,102484093
57,36,4,102484382
56,35,7,102484384
49,45,6,102484402
47,47,1,102484629
51,45,4,102484648
54,35,15,102484810
48,42,4,102484867
22,37,11,102485056
23,36,0,102485076
47,46,0,102485221
50,41,15,102485524
53,47,7,102485632
51,40,15,102486146
49,43,6,102486167
48,42,7,102486541
22,39,2,102486934
45,43,12,102487038
53,38,15,102487232
55,29,7,102487289
46,51,8,102487422
28,41,14,102487632
51,41,12,102487672
54,37,12,102487689
25,41,1,102487784
55,29,13,102487858
49,39,13,102487904
48,38,5,102487913
52,39,12,102487968
24,36,2,102488466
62,3,14,102488573
53,41,7,102489047
46,40,7,102489072
47,42,10,102489078
46,40,15,102489214
21,33,11,102489250
49,32,2,102489548
49,43,10,102489578
49,37,5,102489588
48,38,15,102489604
55,30,14,102489770
37,37,7,102489883
49,37,6,102490064
51,35,6,102490067
25,34,1,102490682
51,36,15,102490705
55,36,4,102490872
51,35,15,102490911
55,29,4,102491008
54,28,7,102491017
52,26,7,102491020
23,31,0,102491091
23,30,11,102491100
27,43,8,102491225
50,41,4,102491356
48,39,7,102491361
48,38,7,102491608
49,9,11,102491938
52,33,7,102491975
34,36,15,102492004
22,31,8,102492188
25,33,0,102492371
53,29,1,102492766
45,47,13,102493221
53,26,13,102493321
42,42,6,102493673
41,38,5,102493696
51,35,12,102494482
21,43,14,102494611
34,36,7,102494781
50,36,13,102495226
48,34,13,102495228
49,37,12,102495243
33,34,14,102495310
33,36,10,102495330
44,44,12,102495373
47,34,7,102495442
23,28,2,102495839
53,28,14,102496029
48,33,12,102496217
62,4,10,102496327
59,3,2,102496332
61,1,2,102496338
34,37,8,102496341
36,38,15,102496469
46,33,12,102496579
35,31,3,102496883
52,27,7,102497110
49,32,1,102497165
51,30,1,102497166
27,43,11,102497505
38,36,15,102499145
48,34,4,102499277
47,34,4,102499486
45,33,12,102499493
45,32,15,102500021
48,31,12,102500031
40,34,6,102500639
47,25,14,102513556
27,25,2,102516518
42,30,15,102524170
45,27,15,102525588
29,24,8,102528750
29,23,11,102530785
40,21,3,102530923
31,23,8,102544706
29,24,11,102544712
31,24,8,102555149
30,24,11,102557452
32,25,8,102583701
16,33,13,103841468
14,34,6,103871914
13,34,5,103904905
12,35,5,103931440
13,34,6,103931449
13,43,11,103966717
13,34,5,103967140
14,35,13,103967252
7,41,6,103967367
17,40,13,103990801
17,40,5,103991917
4,43,15,103993107
5,46,5,103994032
4,46,6,103994050
4,45,13,103995742
5,42,12,103996067
2,47,6,103996595
3,46,5,103996612
16,41,5,103997786
3,46,14,103997993
2,48,6,103998017
4,46,5,103998028
16,41,13,103998031
2,47,5,103998074
5,49,13,103998134
3,43,5,103998235
4,47,5,103998688
14,40,14,103999797
15,41,6,103999802
2,48,14,103999840
15,42,13,104011468
15,42,5,104011486
11,41,0,104017266
12,44,6,104023847
11,41,13,104023860
12,42,13,104025231
5,41,5,104025441
10,42,14,104027750
8,40,14,104027751
12,43,5,104028879
12,44,14,104029521
11,43,13,104029531
6,40,6,104029933
10,42,13,104031448
5,45,13,104054804
5,45,5,104058129
3,44,8,104058849
6,45,6,104060004
5,49,14,104075969
4,49,14,104076525
5,50,14,104080286
4,50,6,104080847
7,49,6,104082385
4,50,14,104083101
3,51,13,104091660
2,50,8,104093425
2,51,13,104093766
3,52,5,104093772
58,14,6,104124692
45,18,13,105640273
44,17,13,105650423
42,18,14,105744777
12,61,10,105982066
7,60,10,105984402
15,62,10,105986235
14,61,7,105988303
10,60,10,105989596
10,61,10,105990111
6,61,2,105990115
8,60,12,105990310
11,61,4,105990312
13,60,4,105990717
16,61,2,105991143
8,61,10,105991897
4,61,2,105991901
3,61,15,105991915
11,59,9,105992454
8,60,1,105992457
12,59,7,105992674
8,59,1,105992885
16,61,10,105992957
5,61,12,105992998
14,60,9,105993092
14,60,10,105993138
12,60,2,105993157
9,59,9,105993176
6,60,15,105993185
10,60,7,105993189
9,60,1,105993286
15,59,9,105993333
14,60,1,105993334
12,59,15,105994075
6,61,9,105994225
13,58,9,105994675
6,59,1,105994843
6,59,15,105994955
11,59,10,105994976
8,60,2,105994980
13,59,15,105995489
14,61,12,105995506
2,61,15,105995615
8,60,9,105995770
6,58,9,105995775
5,59,1,105995776
10,59,2,105996162
16,60,9,105996208
13,59,1,105996213
8,59,12,105996323
6,60,2,105996327
15,60,4,105996341
14,60,2,105996507
12,60,12,105996728
9,59,4,105997163
5,59,15,105997540
3,61,12,105997698
15,60,10,105998179
7,57,1,105998637
14,59,9,105998972
11,58,1,105999072
5,60,12,105999127
11,59,15,105999346
15,59,10,105999502
13,59,2,105999508
11,59,1,105999570
7,60,7,106000064
18,57,9,106012155
17,56,9,106014151
18,57,10,106014576
5,56,9,106015301
5,56,1,106015302
16,56,7,106016082
16,55,9,106016949
16,55,10,106017720
16,55,2,106017724
4,57,15,106017740
18,56,10,106018845
17,55,9,106018846
8,55,1,106019006
19,57,10,106019008
20,56,9,106019880
19,55,9,106020014
4,57,1,106020119
15,54,10,106020498
19,56,4,106020833
6,55,10,106021493
5,56,2,106021495
15,55,7,106021822
18,57,15,106022236
13,54,7,106022253
9,55,2,106022470
18,54,9,106022611
15,56,2,106023365
18,55,7,106023639
21,57,2,106023731
15,55,4,106024143
17,54,9,106024443
9,54,1,106024672
20,56,10,106024879
19,55,7,106024975
17,56,2,106025082
13,54,4,106025138
5,55,9,106025192
9,54,2,106026265
21,55,1,106026399
15,55,12,106026514
19,55,4,106026517
15,54,1,106026650
17,54,15,106027061
18,53,2,106027070
16,55,1,106027082
11,54,1,106027635
20,55,4,106027886
17,53,7,106028244
19,54,1,106028531
13,53,7,106028657
17,55,15,106029140
21,55,9,106029152
12,53,7,106029431
10,53,1,106029443
19,54,7,106029758
17,55,12,106029878
18,53,9,106030189
17,52,1,106030239
17,53,15,106030570
16,53,9,106030668
15,53,12,106030707
17,53,4,106030709
15,53,4,106030730
11,53,2,106030747
16,54,12,106030963
8,54,1,106031304
11,54,12,106031479
10,53,2,106031535
20,50,1,106045259
15,49,9,106045518
14,49,2,106048780
19,51,10,106049001
17,49,10,106049005
11,51,2,106049025
19,50,9,106049201
19,50,7,106051558
17,49,9,106051573
16,48,1,106051585
15,48,9,106052023
17,48,9,106052135
11,51,12,106052473
18,50,15,106053292
11,50,15,106053655
18,49,4,106053944
13,50,2,106053948
20,51,12,106054066
16,50,7,106054102
16,50,9,106054120
12,50,1,106054124
20,48,1,106054475
14,50,12,106054783
17,49,4,106054789
15,49,10,106054790
21,50,4,106055027
19,49,10,106055031
18,48,2,106055036
14,49,12,106055688
13,49,12,106056342
17,49,15,106057628
16,49,1,106057645
14,49,1,106057741
17,48,7,106057851
14,48,1,106057863
17,48,15,106058034
17,49,1,106058100
16,48,7,106058161
19,49,7,106058432
19,50,2,106059318
21,48,2,106059360
19,48,15,106059635
18,48,12,106060072
17,48,10,106060452
16,47,2,106060459
16,49,12,106060945
20,49,4,106060949
15,49,2,106060960
13,47,9,106060994
18,49,12,106061588
20,49,10,106061603
17,48,2,106061618
15,47,10,106062033
15,47,2,106062036
16,48,4,106062434
19,46,1,106062694
21,51,9,106062977
18,47,7,106063008
19,48,10,106063019
23,46,9,106072705
22,45,9,106076720
4,57,11,106076971
22,44,9,106080290
25,45,2,106084418
5,58,8,106084452
4,56,1,106084622
25,44,1,106085968
6,57,8,106090045
8,56,9,106091203
15,60,11,106091324
6,57,11,106092182
7,54,11,106093450
9,52,3,106118687
16,59,11,106119308
16,57,2,106119755
13,51,9,106123546
12,45,1,106125190
14,47,3,106154703
31,35,1,106177831
18,38,11,106216121
19,33,11,106683145
21,33,12,106872300
47,7,11,107171891
47,9,0,107178432
58,8,8,107183337
60,6,8,107183348
21,34,6,107185767
27,29,1,107185946
59,5,3,107186595
24,31,12,107187408
48,10,3,107187440
20,32,14,107196300
23,30,15,107198033
21,32,15,107198983
36,27,10,107199079
34,25,10,107199389
20,33,6,107200036
18,35,6,107200370
20,33,12,107201155
34,25,2,107201320
22,46,3,107201572
26,27,1,107201896
28,25,1,107201897
20,32,6,107202430
37,26,4,107202566
22,45,1,107203003
36,27,2,107203094
20,30,5,107203362
18,40,7,107203394
19,35,6,107203629
17,34,6,107203712
18,38,12,107204232
35,26,9,107204768
17,36,6,107204945
18,37,4,107205509
19,32,12,107205512
21,30,12,107205523
19,36,13,107205606
17,34,13,107205609
17,34,5,107205611
19,32,5,107205616
18,36,4,107205623
29,24,1,107206113
34,25,4,107206156
16,35,6,107206253
16,35,5,107206263
36,25,7,107206277
18,42,13,107206293
19,40,12,107206297
36,25,4,107206557
18,33,15,107206750
19,32,13,107206788
18,37,6,107206814
17,39,15,107206815
18,42,7,107206824
40,27,10,107206925
21,48,13,107206934
36,26,4,107206967
18,36,15,107207019
17,39,12,107207192
18,42,4,107207201
18,44,14,107207650
18,44,7,107207665
23,41,8,107207746
18,41,15,107207905
17,38,5,107207977
18,39,12,107207984
35,25,10,107208006
18,37,13,107208026
18,39,4,107208040
17,37,14,107208053
16,34,5,107208069
35,25,7,107208351
16,39,6,107208544
17,42,7,107208553
17,38,14,107208577
18,39,5,107208593
16,38,15,107208719
38,26,9,107208743
16,42,14,107208860
17,43,4,107208894
16,42,4,107208941
37,25,4,107209084
37,25,10,107209176
36,26,2,107209177
35,24,7,107209398
36,25,9,107209403
44,30,10,107209413
42,28,10,107209416
34,25,1,107209463
16,34,15,107209514
17,40,6,107209808
15,35,6,107209875
17,33,6,107209879
17,34,15,107209884
18,42,12,107209902
18,46,4,107209917
17,35,4,107210122
17,41,6,107210129
17,33,14,107210154
18,32,13,107210164
33,26,2,107210284
24,40,8,107210383
14,36,6,107210410
16,36,13,107210415
16,33,15,107210451
17,32,15,107210455
33,25,10,107210586
19,32,4,107210637
31,25,9,107210644
27,25,1,107210648
16,41,12,107210690
45,49,14,107210777
16,41,5,107210814
41,27,10,107210846
34,24,9,107210856
36,24,9,107210895
16,39,14,107210953
14,37,6,107210959
17,38,13,107210962
15,36,5,107210968
15,36,6,107210977
16,35,6,107210981
16,35,5,107210988
38,25,2,107211009
15,36,15,107211010
17,35,12,107211023
16,34,12,107211107
34,24,4,107211170
17,36,13,107211216
16,37,4,107211231
34,24,15,107211284
36,24,7,107211288
35,24,10,107211295
18,35,4,107211307
17,45,4,107211326
16,40,15,107211330
16,40,6,107211364
47,35,0,107211405
14,36,5,107211646
25,39,8,107211673
15,35,15,107211688
15,37,7,107211693
47,33,10,107211824
15,41,4,107211905
39,26,4,107211943
34,25,15,107211974
38,25,7,107211979
34,24,12,107211997
36,24,4,107212001
40,26,4,107212473
30,24,12,107212486
16,36,12,107212546
28,25,2,107212644
30,25,12,107212648
33,24,4,107212652
32,25,12,107212673
15,35,12,107212754
15,44,15,107212788
35,24,12,107212946
15,40,7,107212978
15,34,15,107213072
43,28,11,107213134
17,50,0,107213265
15,48,0,107213266
13,38,6,107213273
13,42,14,107213277
16,43,12,107213422
15,41,12,107213435
38,25,1,107213468
17,32,12,107213481
14,43,14,107213507
15,42,6,107213511
16,42,15,107213516
17,32,7,107213552
28,31,6,107213559
15,36,12,107213574
38,25,10,107213643
36,25,2,107213647
16,35,7,107213673
30,24,4,107213762
12,38,14,107213914
48,44,11,107214031
16,50,14,107214238
14,35,15,107214276
34,24,2,107214484
33,24,7,107214520
13,40,14,107214618
12,39,14,107214621
14,37,6,107214624
14,42,7,107214641
17,50,13,107214745
47,33,2,107214858
48,32,9,107214863
15,42,5,107215017
33,24,15,107215039
35,23,9,107215052
13,39,12,107215065
14,41,13,107215106
12,39,13,107215109
12,39,5,107215112
15,48,13,107215166
20,30,4,107215208
36,24,15,107215267
48,50,8,107215299
14,36,6,107215379
14,37,12,107215385
14,36,15,107215392
14,40,7,107215397
18,33,4,107215466
17,33,7,107215502
14,36,12,107215558
13,39,4,107215560
13,36,15,107215568
15,38,4,107215611
29,42,8,107215812
15,30,9,107215846
12,44,7,107215916
16,49,6,107215988
48,49,11,107216186
14,47,14,107216304
12,43,7,107216481
13,45,15,107216863
16,31,7,107216905
13,38,5,107216983
15,36,4,107217103
12,44,15,107217555
14,47,13,107217678
48,49,6,107224488
13,49,11,107225437
49,46,14,107225530
50,42,6,107225898
19,55,10,107226217
48,41,5,107227859
48,50,12,107227871
47,51,12,107227890
13,41,1,107228091
19,54,10,107228159
47,49,14,107228360
49,46,6,107228580
50,42,5,107228860
48,45,14,107229063
50,43,13,107229294
49,46,5,107229537
15,47,11,107229677
48,46,9,107229686
14,37,8,107230093
13,43,3,107230405
12,39,11,107230435
15,47,0,107230751
14,39,3,107230773
16,49,10,107230967
17,50,10,107231097
14,47,10,107231114
14,44,3,107231587
47,48,6,107231660
50,45,5,107231674
48,36,11,107231851
48,44,5,107231924
47,45,6,107232383
14,42,0,107233331
13,41,0,107233335
46,47,14,107233548
18,51,11,107233941
47,40,12,107234565
23,46,1,107235597
47,50,15,107235627
46,32,14,107235638
19,46,9,107235864
48,35,13,107236044
48,37,4,107236059
46,35,7,107236082
46,41,12,107236121
22,49,10,107236342
49,38,12,107236398
21,46,12,107236410
45,42,12,107236677
47,34,7,107237039
43,33,2,107237055
43,33,1,107237063
47,33,6,107237290
45,46,14,107238046
15,39,1,107238167
46,39,12,107238209
42,39,9,107238927
41,38,7,107238955
24,49,8,107239049
44,42,12,107239073
47,34,4,107239316
16,32,0,107239360
45,34,4,107239378
45,34,7,107239397
39,37,12,107239778
45,31,7,107240203
46,35,12,107240267
45,38,4,107240271
42,35,12,107240379
15,36,8,107240908
26,37,0,107241489
20,36,6,107241514
44,33,4,107241588
41,25,13,107241839
43,29,7,107241850
19,35,8,107242319
20,27,8,107242445
44,36,12,107242515
16,30,11,107242532
42,42,13,107242764
19,28,8,107243149
44,30,13,107243346
19,27,11,107243411
19,34,7,107243632
45,32,4,107244397
44,31,7,107244399
22,24,11,107244698
43,46,6,107245335
21,27,8,107246693
20,27,11,107246976
22,25,11,107246981
26,34,13,107247809
39,31,10,107248268
39,31,2,107248273
28,36,13,107248274
32,25,8,107248618
18,33,8,107249494
21,28,11,107263964
23,26,11,107263976
25,26,8,107268970
22,29,8,107269923
37,30,15,107270133
21,30,11,107271364
23,28,11,107271367
26,25,11,107273346
25,27,8,107276471
25,26,11,107277444
37,39,13,107280484
58,3,5,107305549
22,30,14,107812208
22,29,6,107832417
17,31,6,107902912
17,31,14,107999412
10,32,13,108080866
6,34,13,108116473
3,37,13,108143790
2,36,13,108144854
19,37,1,108306505
2,51,14,109123261
51,23,0,109215308
29,25,11,109374571
55,24,5,109996027
60,17,13,111154096
21,60,2,111381775
20,61,2,111385282
19,61,12,111391062
21,59,12,111393141
22,60,10,111393650
18,60,15,111394377
19,59,15,111394978
18,61,12,111394988
20,58,15,111396217
20,59,12,111397532
19,59,12,111399514
21,58,12,111399567
21,58,1,111399674
19,58,15,111399999
17,60,15,111400014
18,60,12,111400036
22,57,12,111401316
21,57,1,111402832
17,61,12,111403247
21,57,9,111404266
18,60,7,111404706
19,58,12,111405885
20,56,12,111417042
23,53,15,111417268
21,55,12,111417881
19,55,15,111419904
24,52,15,111423090
21,54,12,111425077
17,57,15,111425318
24,52,12,111425518
24,51,15,111428923
20,53,15,111429557
23,52,12,111429628
23,50,10,111434536
22,52,12,111435068
20,53,12,111435748
21,51,12,111445971
20,52,12,111451118
20,51,15,111451178
21,50,12,111451324
20,50,15,111451657
18,60,11,111459538
20,50,12,111461197
19,59,11,111461435
17,58,15,111467830
21,47,15,111483628
22,45,5,111483872
27,41,2,111531584
29,39,2,111531587
23,40,1,111538723
22,41,2,111543568
34,36,9,111619981
19,38,6,112589904
19,36,6,112592034
23,29,11,112712778
23,30,8,112714497
25,28,8,112714504
24,28,11,112714506
26,27,8,112718419
25,28,11,112735912
25,29,8,112736824
23,50,4,112876069
21,45,2,112998093
24,32,6,113072145
25,31,6,113080007
23,33,6,113083421
46,10,11,113455731
45,49,5,113483453
25,32,12,113484179
25,31,15,113484594
21,37,6,113485379
22,36,6,113485414
45,30,4,113485424
27,29,2,113486154
48,36,3,113486199
48,48,8,113486532
22,35,13,113486615
23,46,4,113487600
47,46,11,113487673
23,33,15,113488708
30,28,12,113488856
23,47,14,113489002
24,34,12,113489181
44,29,4,113489337
23,36,5,113489392
46,47,0,113489499
27,30,12,113489555
48,36,0,113489796
21,42,15,113489907
22,45,7,113489911
21,39,6,113490000
23,34,12,113490315
21,42,7,113490327
23,35,5,113490345
23,36,12,113490443
23,34,15,113490552
25,31,12,113490572
22,37,6,113490932
25,30,15,113491472
21,39,5,113491586
22,34,15,113492124
22,43,4,113492298
21,42,4,113492299
45,49,13,113492303
23,48,13,113492389
21,38,15,113492390
20,38,6,113492420
22,36,15,113492457
21,44,4,113492789
48,49,0,113492808
49,44,11,113493539
21,45,12,113493831
21,33,10,113493991
21,45,4,113494029
28,28,2,113494120
22,47,13,113494284
21,33,1,113494402
23,31,1,113494403
49,40,11,113494419
20,41,7,113494724
21,38,12,113494743
42,27,4,113494847
21,43,7,113494995
29,27,1,113495145
21,35,15,113495621
29,28,12,113496025
21,34,13,113496077
21,47,6,113496099
20,43,4,113496187
20,40,7,113496204
31,27,12,113496246
26,30,12,113496335
21,47,7,113496451
20,45,15,113496542
21,36,14,113496633
21,34,15,113496646
23,31,15,113496905
20,37,15,113496987
21,40,7,113496988
29,27,2,113497014
22,33,12,113497023
24,31,12,113497024
21,36,12,113497148
27,29,12,113497160
30,27,12,113497546
21,43,4,113497568
19,46,15,113497572
40,26,7,113497597
19,40,15,113497727
27,28,15,113498024
19,39,15,113498117
19,42,12,113498127
20,45,6,113498149
20,45,5,113498162
20,44,4,113498444
22,36,14,113498472
21,35,14,113498474
21,35,7,113498487
20,41,5,113498499
20,42,12,113498504
20,46,15,113498808
22,35,7,113499173
38,26,4,113499235
26,28,10,113499278
40,26,4,113499321
23,52,6,113499492
21,36,4,113499656
23,50,5,113499708
19,45,7,113499749
20,38,12,113499765
19,41,4,113499769
25,29,15,113499859
19,42,6,113499895
19,42,15,113499898
19,46,7,113499902
18,41,15,113499929
20,35,7,113500475
19,39,7,113500631
26,42,9,113500823
18,41,7,113501054
53,53,6,113512342
52,54,5,113512353
53,53,15,113513064
55,49,5,113513428
56,48,5,113513459
53,54,13,113515510
51,54,15,113515513
54,52,12,113515662
53,47,11,113515838
55,49,13,113516213
21,32,6,113516295
54,50,14,113516780
54,43,7,113516870
50,55,15,113517020
19,49,10,113517291
52,48,14,113517439
51,54,12,113517476
53,49,11,113517581
54,50,13,113517845
52,48,13,113517860
52,53,13,113517925
52,51,12,113518415
53,40,5,113518684
51,52,15,113519117
51,49,6,113519671
46,46,5,113519692
49,54,15,113519886
22,53,10,113519917
50,53,12,113519951
53,52,4,113520143
49,54,12,113520851
54,37,14,113520864
54,37,6,113520896
48,54,4,113521070
48,54,7,113521076
46,52,7,113521081
45,47,5,113521795
47,36,10,113522437
47,43,3,113522655
49,56,7,113522691
49,45,1,113523046
22,41,1,113523437
46,39,2,113523628
47,51,14,113523911
45,49,14,113523913
49,36,2,113523989
22,48,2,113524312
50,40,8,113524323
51,43,14,113524324
53,36,4,113524402
49,38,1,113524930
25,48,1,113525003
52,38,4,113525083
22,52,10,113525500
23,40,2,113525502
22,30,14,113525587
49,35,2,113525793
49,35,9,113525802
48,55,4,113525871
19,38,8,113526260
22,35,8,113526262
46,35,9,113526460
46,35,1,113526463
48,33,1,113526465
23,54,2,113527619
21,32,1,113529046
24,39,1,113529334
43,38,12,113529489
27,41,2,113529530
48,34,12,113529731
50,36,4,113529744
28,26,2,113530672
40,32,1,113542168
44,27,13,113546783
28,36,1,113547369
26,38,9,113548285
43,32,12,113549483
29,36,8,113550935
27,39,9,113553281
44,33,12,113555400
25,28,11,113555883
38,40,14,113559370
26,28,11,113561778
28,33,2,113562142
30,31,2,113562151
27,28,8,113562348
27,29,8,113575435
29,27,11,113584295
24,31,14,114217710
19,30,13,114391174
37,37,5,114905964
13,54,8,115436128
29,22,10,115522560
61,42,10,116654835
45,51,10,116904722
49,15,9,116932274
38,38,9,116991096
47,42,10,117014745
46,39,9,117017406
45,39,10,117019267
30,38,12,117025455
49,44,2,117025953
47,38,9,117043199
31,36,5,117135342
49,41,13,117181010
48,34,9,117334056
49,35,9,117334257
24,45,10,117462189
58,6,5,117865390
46,47,15,118141317
46,36,3,118142270
46,50,0,118146051
23,42,5,118146884
48,43,0,118147099
49,45,8,118147325
23,40,15,118148086
23,45,12,118148491
25,38,12,118148607
23,46,14,118148964
22,45,7,118149260
22,45,15,118150039
49,50,8,118150066
50,45,8,118150873
50,50,8,118150994
50,48,0,118150998
22,42,15,118151159
22,44,7,118151167
49,49,11,118151590
23,42,12,118151812
22,45,4,118151814
21,49,14,118152292
21,47,6,118152297
22,43,15,118152661
21,46,15,118152779
50,39,0,118152935
21,46,12,118153895
22,50,13,118154063
22,46,5,118154076
21,47,12,118154086
20,47,15,118155555
22,41,15,118155673
22,53,6,118156111
22,48,5,118156153
51,47,11,118156446
19,60,14,118160908
19,59,14,118161290
26,35,6,118164204
28,33,6,118164205
27,34,11,118165043
28,35,5,118165136
31,33,8,118165163
20,60,12,118165269
33,32,8,118165425
33,33,0,118165470
33,32,11,118165478
25,36,11,118165564
34,32,5,118165576
22,38,2,118165843
30,34,8,118166415
32,32,11,118166691
31,34,8,118166820
37,32,11,118166830
17,48,2,118167558
59,6,5,118167661
32,33,11,118168811
30,35,8,118169386
31,33,11,118169406
18,47,2,118169707
33,33,6,118170606
17,61,14,118170965
18,60,6,118170966
23,39,11,118171111
25,37,11,118171116
29,35,11,118171502
25,38,8,118173471
43,34,14,118173561
18,61,6,118173628
18,60,5,118175339
19,59,5,118175343
31,34,13,118175344
34,33,5,118175354
22,41,8,118175491
58,6,2,118175528
36,35,8,118175560
27,36,11,118176039
60,6,12,118176043
31,35,8,118176116
59,4,14,118176470
16,60,14,118176501
29,36,8,118176638
59,4,13,118176984
60,5,6,118178103
60,4,13,118178238
59,5,9,118178245
59,4,6,118179077
59,4,1,118179107
59,4,11,118180270
36,33,3,118181666
47,12,11,118181675
39,34,6,118182671
24,40,10,118182837
32,35,8,118183245
44,34,5,118183830
24,39,11,118183862
31,35,6,118183927
58,5,1,118183952
28,37,8,118183991
21,43,2,118184068
25,39,8,118184103
30,36,8,118184174
59,5,10,118184294
32,34,11,118184340
58,7,6,118184346
22,41,11,118184648
19,46,2,118184784
29,37,8,118184798
33,36,0,118184915
23,41,8,118184937
28,36,11,118185024
31,36,8,118185111
27,36,0,118185113
30,35,3,118185162
48,11,9,118185179
60,5,13,118185223
60,5,5,118185232
59,4,9,118185281
57,7,2,118185503
28,38,8,118185679
35,37,1,118185945
52,40,8,118185952
26,38,14,118186065
27,38,8,118186112
57,46,13,118186176
55,44,13,118186180
56,47,5,118186181
58,45,5,118186185
56,46,0,118186351
54,44,0,118186353
58,49,3,118186360
31,35,3,118186397
38,35,3,118186488
31,36,11,118186633
29,36,3,118186637
57,4,14,118186704
53,42,13,118186773
39,36,0,118186881
31,35,0,118186989
54,43,13,118187270
61,6,14,118187332
58,5,6,118187338
40,34,11,118187409
27,39,8,118188116
26,38,3,118188175
30,36,3,118188505
47,39,13,118193832
25,41,11,118194067
25,42,8,118194207
28,40,8,118194288
29,39,8,118194719
26,42,8,118195699
30,38,11,118195733
23,45,8,118195845
22,46,8,118196406
28,40,11,118196834
31,38,11,118197246
41,38,13,118197989
27,41,11,118198354
54,48,14,118198541
51,45,14,118198542
49,43,14,118198580
26,42,11,118199038
31,39,8,118199140
27,42,8,118199691
54,49,4,118200378
53,47,13,118200824
54,48,13,118201632
48,43,14,118201677
52,46,13,118201695
58,53,13,118201978
58,56,13,118203432
58,56,5,118203434
57,57,5,118204528
46,43,0,118204675
55,51,13,118205261
58,4,10,118206060
48,45,3,118206131
55,53,14,118207215
52,50,4,118207671
57,55,15,118207814
59,5,1,118207961
49,45,13,118208445
55,55,13,118208524
48,45,0,118208570
51,49,4,118208708
53,51,4,118209474
53,51,14,118209497
59,3,13,118209689
52,50,14,118209726
56,60,6,118210567
60,6,9,118211259
57,7,1,118211263
60,4,1,118211266
31,39,5,118211588
19,50,2,118212579
55,61,6,118213373
56,60,5,118213390
55,57,15,118213759
55,61,5,118213861
55,58,13,118214884
51,52,4,118215431
54,62,5,118216202
54,53,12,118216253
51,53,14,118216427
51,53,6,118216429
49,46,8,118216465
54,53,5,118216637
56,59,12,118216932
50,50,0,118217102
52,54,14,118217330
50,52,14,118217334
48,54,6,118217335
51,54,4,118217844
46,46,14,118218357
26,42,2,118231167
27,42,12,118231648
23,44,1,118231718
25,42,1,118231728
28,40,1,118232073
23,44,2,118232219
28,41,2,118232317
27,41,2,118232666
25,42,2,118232704
26,41,1,118232708
47,54,7,118233086
46,50,7,118233247
30,40,1,118233286
25,43,12,118233592
25,42,15,118233955
28,41,12,118233971
26,42,12,118234095
27,41,15,118234224
30,40,9,118234641
29,39,1,118234643
29,40,2,118234661
27,40,1,118235047
23,45,12,118235402
28,39,1,118235849
29,40,12,118236481
27,40,2,118236495
27,40,15,118237043
24,42,15,118237186
32,38,1,118237268
23,43,15,118237445
31,38,1,118237630
25,41,2,118237676
30,38,1,118237905
28,40,9,118238063
25,42,12,118238236
23,42,5,118238493
29,39,15,118238501
22,46,6,118238520
23,56,2,118239156
24,55,1,118239167
30,40,12,118239506
32,37,1,118239610
20,56,2,118240253
29,39,9,118240276
26,40,1,118240282
22,57,9,118241029
29,39,12,118241154
28,39,2,118241165
20,56,1,118241406
25,41,12,118241619
24,41,15,118242164
27,39,15,118242365
30,39,15,118242430
30,38,15,118242585
29,38,1,118242904
23,43,12,118243090
21,51,3,118243123
26,39,15,118243181
24,40,10,118243332
26,40,12,118243361
28,39,12,118243683
22,46,13,118244430
46,53,7,118244468
28,38,1,118244585
24,40,1,118244687
21,53,10,118247852
58,5,4,118248956
20,48,6,118249035
26,39,12,118260680
28,36,1,118261073
27,37,15,118263173
25,38,1,118265544
28,37,12,118266896
27,37,1,118268144
36,35,9,118272637
36,35,1,118272658
22,45,11,118273675
24,39,1,118275239
35,36,9,118276980
24,43,11,118278614
29,36,15,118279394
36,34,10,118294918
35,33,10,118302094
38,35,10,118306444
33,32,9,118310224
26,37,2,118310244
37,32,10,118329273
37,34,11,118333624
36,31,10,118341084
36,32,10,118342103
20,33,5,119718866
12,37,5,119986419
9,38,13,120014822
3,38,14,120042221
4,41,13,120054085
2,39,13,120054323
43,19,13,120365955
40,15,5,120399755
24,38,14,120405390
50,12,12,120434587
44,35,1,120437650
48,10,12,120463587
38,19,10,120467517
46,8,14,120486919
38,13,5,120498117
46,7,5,120500241
62,17,2,120526001
61,17,5,120641497
60,18,5,120642670
60,18,6,120648181
61,18,5,120684400
60,22,6,120744199
57,23,2,120747326
37,38,6,120995661
32,17,14,121466171
