x,y,feature,timestamp
44,20,0,13468609
42,19,3,13477442
45,35,3,13480423
50,43,3,13480843
56,46,1,13481790
61,52,0,13482259
26,40,3,13490595
8,9,0,13495078
28,40,3,13496903
61,50,1,13497497
49,35,3,13497802
45,44,6,13499624
61,52,3,13499955
62,53,0,13499956
57,47,3,13500759
60,49,2,13502239
12,39,2,13503284
4,37,3,13504287
5,38,0,13504288
61,51,2,13505404
58,50,0,13505525
62,53,3,13511809
27,40,3,13513952
28,41,0,13513953
63,26,0,13516321
49,43,3,13517352
26,40,1,13519326
54,47,3,13522048
40,35,3,13522909
41,19,3,13524445
42,24,0,13525419
47,49,3,13528829
51,20,3,13533911
52,21,0,13533912
54,46,2,13534462
50,20,3,13537429
49,20,3,13538999
55,46,1,13539357
55,47,2,13539562
9,9,0,13539678
48,43,3,13540774
2,37,2,13544133
53,12,3,13545464
54,13,0,13545465
25,40,1,13546309
16,37,0,13546816
60,49,1,13547515
48,20,3,13550282
49,21,0,13550283
52,17,3,13551248
53,18,0,13551249
61,51,1,13558407
12,9,0,13560013
61,52,2,13560768
25,41,2,13562381
47,43,3,13564023
60,51,2,13567024
38,19,0,13567232
42,43,0,13569663
25,41,1,13570179
12,39,1,13572524
44,46,3,13573764
45,47,0,13573765
2,10,0,13584177
5,37,1,13586159
55,47,1,13587178
27,35,5,13587232
60,51,1,13588489
16,40,1,13588727
20,46,2,13588802
45,35,1,13589108
54,47,2,13590658
52,44,1,13591187
46,20,3,13591631
47,21,0,13591633
54,14,0,13593270
28,7,3,13594023
29,8,0,13594025
61,52,1,13597196
49,44,3,13598916
62,53,1,13601451
46,46,3,13602662
47,47,0,13602663
33,7,3,13602857
10,9,0,13603974
62,54,2,13604409
30,7,3,13604896
57,50,2,13605423
24,41,2,13606651
11,39,1,13607290
32,8,0,13609059
60,52,2,13610739
5,38,3,13610952
4,10,0,13611515
52,20,1,13615203
48,44,3,13616818
57,49,1,13617117
3,10,0,13617978
59,52,2,13618286
53,21,3,13619751
54,22,0,13619753
45,46,0,13619984
50,45,3,13620519
2,37,1,13628517
60,17,3,13629397
60,53,2,13631266
45,28,3,13631693
49,20,1,13632425
54,48,2,13633507
43,43,3,13634310
8,38,1,13634586
47,44,3,13634644
54,47,1,13634797
61,54,2,13636579
44,20,3,13637208
45,21,0,13637210
11,40,2,13637697
51,47,2,13638389
45,20,3,13639394
46,21,0,13639395
4,38,2,13640367
62,54,1,13643756
2,38,3,13644457
47,38,2,13645440
26,1,6,13650358
49,45,3,13652534
43,43,2,13655503
43,20,3,13656038
44,21,0,13656040
57,50,1,13656656
42,43,3,13656857
12,40,2,13657082
56,50,2,13660569
59,52,1,13661171
14,41,2,13667323
45,36,2,13668176
46,36,2,13668558
1,38,2,13671824
34,7,1,13672012
52,15,3,13672276
53,16,0,13672278
3,38,1,13672409
11,40,1,13672434
48,45,3,13674108
5,13,3,13675319
40,15,2,13675443
53,48,2,13676117
1,38,1,13676424
20,45,1,13679143
58,54,0,13679541
33,7,1,13680423
44,44,3,13680731
45,45,0,13680733
5,38,1,13682253
37,7,1,13683566
15,41,2,13684391
21,41,0,13685592
2,39,2,13686034
56,50,1,13688656
47,45,3,13693180
54,48,1,13693662
47,20,1,13696031
48,21,3,13699021
12,42,0,13699391
12,40,1,13700015
61,55,2,13700112
44,20,2,13705675
62,27,0,13707124
37,19,3,13708091
14,47,2,13708789
50,21,3,13709039
52,11,5,13717195
49,46,3,13718491
45,20,1,13718947
19,46,2,13719942
51,15,2,13720969
45,48,3,13724429
49,21,2,13727881
47,21,3,13728839
48,22,0,13728840
2,41,0,13731614
55,51,2,13731655
47,36,1,13734692
24,42,1,13734921
44,20,1,13735036
9,9,3,13737327
10,10,0,13737329
19,48,0,13740323
23,43,2,13740780
51,15,3,13743275
52,16,0,13743276
52,24,6,13743784
54,49,1,13744493
2,39,1,13750656
52,11,6,13753091
11,41,2,13754439
12,9,3,13763028
10,9,3,13763314
48,46,3,13765840
61,55,1,13766068
46,21,3,13766070
47,22,0,13766071
58,42,1,13768994
46,36,1,13770703
45,36,1,13770812
30,8,3,13771243
31,9,0,13771244
8,10,0,13771748
36,19,3,13772797
37,20,0,13772798
44,48,3,13773305
5,9,3,13775322
6,10,0,13775323
31,8,3,13776240
32,9,0,13776241
33,8,2,13777646
46,20,1,13778719
47,21,2,13778759
34,8,3,13780225
35,9,0,13780227
51,15,1,13783476
36,9,0,13783551
40,20,2,13789020
47,28,1,13791371
28,8,3,13794187
29,9,0,13794188
25,8,3,13798027
26,9,0,13798028
53,21,1,13798487
46,21,2,13799771
5,39,1,13803105
19,47,3,13804466
21,41,3,13804585
21,12,3,13806245
22,13,0,13806248
12,12,3,13806638
52,21,1,13811165
12,42,3,13812007
44,10,0,13813583
62,57,1,13814619
17,47,3,13816291
61,17,3,13816435
24,41,1,13827808
21,13,3,13827817
22,14,0,13827818
47,46,3,13828328
48,47,0,13828330
5,10,0,13831203
44,21,3,13832211
45,22,0,13832212
53,22,3,13833868
61,18,3,13836187
32,8,2,13836723
9,17,0,13837431
47,39,3,13839203
20,22,3,13839637
21,23,0,13839638
40,24,3,13840400
41,25,0,13840401
41,21,3,13842769
45,21,2,13846035
46,39,3,13848614
47,40,0,13848615
19,20,0,13849325
22,15,0,13849556
19,21,0,13854085
45,21,3,13858001
46,22,0,13858004
43,21,3,13863261
44,22,0,13863262
58,43,3,13865149
19,13,3,13866782
20,14,0,13866784
50,17,3,13880573
51,18,0,13880574
20,23,3,13881812
21,24,0,13881813
22,8,3,13881881
21,13,6,13885307
14,43,0,13885366
49,21,1,13886091
21,15,3,13891034
22,16,0,13891035
18,21,3,13892616
19,22,0,13892617
21,17,5,13894371
19,13,6,13895124
21,14,6,13897248
49,47,3,13898191
50,48,0,13898192
21,16,3,13898755
22,17,0,13898757
19,16,5,13902144
18,30,0,13904226
46,37,2,13905762
19,48,3,13906980
20,49,0,13906981
20,22,6,13909641
18,29,0,13910573
22,11,5,13913780
19,31,3,13914039
20,32,0,13914041
57,43,2,13916273
20,24,3,13917568
21,25,0,13917569
50,16,2,13917756
58,21,3,13918177
5,15,3,13918300
22,9,3,13920199
51,34,3,13920484
19,17,5,13921122
16,49,0,13924314
18,24,5,13924679
46,29,2,13926212
60,44,0,13928023
21,18,5,13931310
25,2,2,13931407
18,22,3,13932518
19,23,0,13932519
19,15,3,13938224
20,25,3,13938319
45,51,0,13939656
8,21,3,13939959
20,26,5,13940481
50,49,3,13940724
27,2,0,13940885
26,44,3,13943528
27,45,0,13943530
13,10,3,13944274
20,23,6,13945068
21,17,3,13945898
19,16,3,13948463
20,17,0,13948464
11,9,2,13948736
52,31,5,13950754
22,10,3,13950907
19,14,6,13950928
52,22,2,13952094
34,35,1,13953269
58,41,3,13953588
59,42,0,13953590
21,19,5,13954784
45,38,0,13954873
21,15,6,13954915
33,8,1,13957212
48,47,3,13957611
32,8,1,13959384
36,20,3,13960890
50,22,3,13964966
13,12,5,13966065
17,29,6,13966066
18,23,3,13968542
19,24,0,13968544
8,9,3,13968964
9,10,0,13968965
51,16,3,13968997
52,17,0,13968998
10,9,2,13969323
56,52,0,13969817
46,53,3,13970350
47,54,0,13970352
10,17,0,13970915
18,21,6,13971451
22,12,5,13971593
19,18,5,13972318
18,22,6,13972649
20,27,5,13974562
9,9,2,13975091
18,26,5,13976055
21,18,3,13976736
21,16,6,13978265
18,25,5,13979171
20,24,6,13979821
45,21,1,13983135
13,11,3,13983581
14,12,0,13983582
46,21,1,13984221
25,2,1,13984937
22,9,6,13986613
21,21,5,13986941
22,11,3,13987582
48,22,3,13988191
19,33,3,13988578
20,34,0,13988579
19,31,6,13988708
35,26,0,13990799
31,8,1,13991472
17,31,3,13991627
18,32,0,13991628
20,26,3,13991654
47,21,1,13991769
21,17,6,13993423
52,16,3,13995530
53,17,0,13995531
20,28,5,13995884
18,24,3,13996329
19,25,0,13996331
18,25,3,13998080
19,26,0,13998082
51,50,3,13998813
52,51,0,13998814
22,13,5,13999152
59,19,3,13999811
20,25,6,14000525
62,27,3,14000658
62,16,3,14001240
13,12,3,14003049
22,14,5,14003459
21,18,6,14003728
42,23,3,14005242
22,11,6,14006496
59,44,3,14010015
49,48,3,14011595
50,49,0,14011596
47,22,3,14012575
48,23,0,14012576
22,13,3,14013079
23,14,0,14013080
61,58,2,14015091
54,22,3,14015603
21,20,3,14015923
24,3,2,14016260
41,19,0,14018435
46,37,1,14020925
23,44,3,14021056
52,22,1,14021222
13,13,3,14022558
13,12,6,14022890
18,27,5,14024113
22,12,6,14024171
55,17,5,14024204
22,15,5,14026203
25,2,3,14026926
26,3,0,14026927
22,14,3,14027110
23,15,0,14027112
9,16,3,14029076
10,17,0,14029077
52,18,0,14031142
24,3,1,14032122
23,8,3,14032463
20,27,3,14032570
21,21,3,14032666
3,41,0,14032819
23,8,5,14032946
21,22,5,14033040
46,22,3,14033461
47,23,0,14033462
20,29,5,14034255
48,48,3,14035096
20,26,6,14035684
40,17,3,14035973
41,18,0,14035974
52,31,6,14036350
45,22,3,14036405
21,42,3,14037801
22,43,0,14037803
17,43,3,14037881
37,38,3,14038041
17,30,6,14038464
59,21,5,14038546
22,16,5,14038675
41,26,0,14038680
22,13,6,14038867
22,15,3,14039989
23,16,0,14039991
44,22,3,14041485
45,23,0,14041486
58,23,3,14041878
59,24,0,14041879
20,28,3,14042067
23,4,2,14043671
15,43,2,14043719
18,26,3,14043835
19,27,0,14043836
21,23,5,14045511
23,10,5,14045777
21,20,6,14046049
38,20,3,14046180
39,21,0,14046181
45,22,2,14046325
50,49,3,14046709
51,50,0,14046710
54,23,3,14047184
50,38,3,14048737
1,14,3,14048823
17,32,3,14049112
57,44,2,14049975
21,22,3,14051864
22,23,0,14051865
49,31,0,14052315
22,17,5,14053622
52,35,3,14054397
53,36,0,14054398
23,9,3,14054489
24,10,0,14054490
52,52,0,14056925
23,10,3,14057103
24,11,0,14057104
35,9,3,14057935
36,10,0,14057937
17,31,6,14057964
22,14,6,14059039
29,1,1,14060806
20,27,6,14062117
23,11,5,14063055
21,21,6,14064503
14,11,5,14064820
48,31,0,14065089
52,23,3,14065878
49,49,3,14065966
22,16,3,14068601
23,17,0,14068602
31,9,3,14068933
17,33,5,14069148
45,38,2,14069916
19,33,6,14069930
45,39,0,14070343
46,39,0,14070476
56,16,3,14071054
57,17,0,14071056
51,23,3,14072107
22,45,1,14072645
21,24,5,14072798
51,23,2,14074243
30,1,2,14074390
22,15,6,14075456
17,32,6,14075656
14,12,5,14076405
32,9,3,14076490
33,10,0,14076491
46,22,2,14076492
23,12,5,14076919
32,9,2,14077354
23,8,6,14077521
52,17,3,14077749
20,30,5,14078761
48,52,2,14079052
21,23,3,14080813
22,24,0,14080815
53,17,3,14081814
48,49,3,14082054
50,37,3,14082428
46,49,0,14083824
14,11,3,14084305
15,12,0,14084306
59,17,2,14084422
29,1,3,14085365
30,2,0,14085367
22,16,6,14085369
21,22,6,14085497
46,22,1,14086076
47,52,3,14086199
22,19,5,14086241
47,31,0,14086361
23,10,6,14086394
59,22,3,14086593
60,23,0,14086595
52,10,1,14086793
24,7,5,14087430
50,50,3,14087760
51,51,0,14087761
20,29,3,14087783
50,38,0,14087896
23,11,6,14087936
46,52,3,14089100
50,16,1,14089530
29,9,3,14089637
30,10,0,14089639
48,23,3,14089687
20,28,6,14090161
1,13,0,14090235
47,49,3,14091313
45,22,1,14091355
25,47,6,14093806
23,13,5,14094371
8,16,0,14094659
23,12,3,14095517
24,13,0,14095518
25,45,2,14096963
38,23,0,14097113
54,12,0,14097138
22,17,6,14097534
22,18,3,14097570
23,19,0,14097572
47,23,3,14097598
48,24,0,14097599
33,1,0,14098121
49,50,3,14098781
22,20,5,14099284
21,24,3,14099332
22,25,0,14099334
52,23,1,14099580
23,14,5,14100610
60,24,0,14101679
53,28,3,14101797
24,9,5,14102182
52,56,0,14102814
14,12,6,14102858
25,9,0,14104906
23,15,5,14104939
49,31,3,14105291
50,32,0,14105292
46,23,3,14105409
51,23,1,14105588
22,19,3,14106770
23,20,0,14106771
46,38,1,14107315
13,14,3,14107977
24,10,5,14108328
14,13,3,14108861
62,22,0,14108869
45,42,0,14109037
53,18,1,14109409
23,14,3,14109872
22,43,3,14109893
23,44,0,14109894
46,24,0,14110603
52,18,3,14111036
53,19,0,14111037
48,50,3,14111343
37,21,3,14112108
22,21,5,14113182
52,24,3,14113704
45,49,3,14114104
46,50,0,14114106
39,21,3,14114452
36,21,1,14114890
54,12,3,14115342
44,23,3,14116726
41,17,3,14116740
35,23,3,14116869
22,19,6,14117466
36,9,1,14117722
47,50,3,14118306
48,53,3,14118547
43,31,0,14118669
49,17,2,14118683
21,25,3,14118774
22,26,0,14118775
23,16,5,14118828
59,47,0,14119052
21,24,6,14119150
43,18,0,14119279
42,23,0,14119348
14,11,6,14119355
2,11,0,14119849
20,29,6,14119851
32,2,0,14120000
52,25,0,14120040
45,23,2,14120070
26,26,0,14120076
49,23,1,14120456
24,10,3,14120688
25,11,0,14120689
23,15,3,14121052
17,33,3,14121181
53,18,3,14121212
52,19,2,14121515
1,18,3,14121817
20,30,3,14122300
49,51,3,14122577
19,34,6,14123515
51,24,2,14124863
45,39,3,14125100
46,40,0,14125101
23,15,6,14125645
61,58,1,14125816
22,20,6,14126062
46,39,2,14126525
49,24,3,14126740
50,25,0,14126742
52,32,3,14126774
59,25,3,14126782
54,18,3,14127301
55,19,0,14127304
23,45,3,14127744
21,27,5,14127906
41,26,3,14128299
42,27,0,14128300
49,11,3,14128532
50,12,0,14128533
42,21,0,14129222
23,16,3,14129232
24,17,0,14129233
46,50,3,14129384
59,24,3,14129733
60,25,0,14129735
12,16,3,14130742
23,18,5,14130822
23,16,6,14131262
48,51,3,14132111
46,51,0,14133618
55,17,0,14133794
31,8,0,14133830
49,31,1,14133834
51,38,3,14133902
52,39,0,14133903
45,39,2,14134029
41,18,3,14134207
43,24,3,14134430
32,9,1,14134671
58,25,2,14135033
53,31,3,14135233
28,7,3,14135645
1,13,5,14135712
1,13,6,14135786
8,19,5,14136366
61,22,3,14136537
62,23,0,14136538
23,17,3,14136962
51,41,0,14137478
20,32,5,14137523
36,26,0,14138423
54,17,3,14138434
45,23,1,14138635
20,30,6,14138765
24,14,5,14138770
25,7,3,14138787
26,8,0,14138788
21,26,3,14139115
22,27,0,14139116
10,41,2,14139667
47,24,3,14140206
21,43,3,14141121
25,45,1,14141294
24,46,3,14141417
25,47,0,14141418
24,46,0,14141419
33,22,3,14141686
58,21,3,14141886
59,22,0,14141888
47,51,3,14142067
49,52,3,14142209
51,24,1,14142293
48,24,2,14142616
2,17,3,14143063
3,18,0,14143065
11,29,5,14143124
57,26,0,14143127
23,19,5,14144145
24,15,5,14144160
46,39,1,14144398
43,25,3,14144735
53,19,3,14144982
54,20,0,14144984
54,19,3,14145441
22,22,3,14145472
23,23,0,14145473
49,33,0,14145736
52,19,1,14146321
33,1,3,14147094
34,2,0,14147095
46,51,3,14147300
47,52,0,14147301
53,25,2,14147455
23,18,6,14147564
13,10,5,14147676
60,27,0,14147838
57,47,3,14148587
51,25,3,14148591
52,26,0,14148594
58,46,3,14149401
59,47,0,14149402
35,22,2,14149622
45,39,1,14149809
47,31,1,14149840
23,44,3,14150087
24,45,0,14150088
43,32,0,14150413
21,28,5,14150681
3,17,0,14151247
53,32,3,14152085
35,22,1,14152188
62,23,3,14152395
34,10,3,14152649
35,11,0,14152650
62,24,0,14153849
16,10,3,14154283
35,23,0,14154287
58,25,1,14154437
23,19,6,14155068
50,12,3,14155765
35,10,2,14156035
50,52,1,14156167
47,52,3,14156202
48,53,0,14156204
50,54,0,14156228
55,26,3,14156415
49,55,3,14156540
54,20,2,14156623
25,11,3,14156625
26,12,0,14156626
50,40,0,14157237
24,15,6,14157547
2,12,5,14157566
41,19,3,14158050
39,30,2,14158777
22,23,3,14159380
23,24,0,14159382
43,18,3,14159619
44,19,0,14159621
1,15,5,14159816
48,24,1,14160160
42,18,3,14160264
43,19,0,14160265
53,25,1,14160851
60,25,3,14161052
61,26,0,14161053
50,25,2,14162611
54,20,1,14162751
53,20,3,14163603
57,26,3,14163782
58,27,0,14163783
48,53,3,14163884
17,12,0,14163931
45,41,0,14164135
5,9,7,14164165
45,24,1,14164241
57,48,3,14164248
58,49,0,14164249
49,26,0,14164778
59,46,1,14164811
8,14,6,14166331
15,10,5,14166361
45,40,2,14166480
50,56,3,14166811
51,57,0,14166813
21,27,3,14167107
22,28,0,14167108
57,49,0,14167396
20,31,3,14167471
54,20,3,14167757
47,24,1,14167818
49,32,1,14168268
49,53,2,14168400
49,56,3,14168786
60,24,3,14168922
61,25,0,14168923
23,20,3,14168998
9,16,0,14169194
54,34,0,14170229
39,30,1,14170251
20,31,6,14170617
38,22,3,14170918
39,23,0,14170920
51,57,3,14171085
52,27,0,14171180
50,53,1,14171251
53,21,2,14171292
1,38,4,14171399
47,40,1,14171420
54,23,3,14171428
55,17,3,14171642
56,18,0,14171643
55,20,3,14172383
1,38,5,14172488
21,29,5,14172544
32,10,3,14172743
33,11,0,14172744
2,38,7,14173169
2,12,6,14173447
47,53,3,14173531
48,54,0,14173532
14,23,0,14173632
46,12,2,14173830
62,24,3,14174743
63,25,0,14174745
22,24,3,14174834
23,25,0,14174836
58,58,0,14174868
39,22,3,14175260
40,23,0,14175261
42,11,1,14175276
50,25,1,14176387
46,53,3,14176684
52,26,2,14176865
52,34,3,14177334
24,18,5,14177819
48,54,3,14178103
49,55,0,14178104
44,43,2,14178115
27,12,6,14178412
3,38,7,14178429
47,25,2,14178449
55,19,3,14178578
56,20,0,14178579
42,19,3,14178607
43,20,0,14178608
49,53,1,14178646
50,40,3,14178724
2,38,4,14178733
54,22,0,14179131
49,54,2,14180035
60,26,3,14180092
61,27,0,14180094
43,33,0,14180127
57,27,3,14180329
58,28,0,14180330
37,10,1,14180332
49,13,3,14180504
50,14,0,14180505
58,50,0,14180678
50,57,3,14181333
1,15,6,14181349
24,18,6,14181376
16,19,0,14181498
21,28,6,14181755
24,46,2,14181979
44,12,2,14182441
47,53,2,14182632
50,54,1,14182908
45,40,1,14183688
47,54,3,14184166
48,55,0,14184167
42,1,0,14184169
47,34,0,14184517
45,43,3,14184781
48,57,3,14184967
49,58,0,14184968
42,20,3,14185234
43,21,0,14185235
42,20,0,14185236
60,29,0,14185366
62,25,3,14185428
51,39,3,14185835
60,27,3,14186072
61,28,0,14186073
3,38,4,14186309
46,25,2,14186499
21,44,3,14186520
43,13,0,14187269
11,17,3,14187304
46,41,2,14187312
14,37,2,14187319
55,21,3,14187525
48,54,2,14187967
54,21,3,14187982
46,42,3,14187986
47,43,0,14187987
42,21,3,14188618
43,22,0,14188619
62,25,2,14188854
22,25,3,14188960
23,26,0,14188961
48,55,3,14189433
49,56,0,14189435
52,26,1,14189553
51,40,3,14189631
52,41,0,14189632
43,19,3,14189784
44,20,0,14189785
49,54,1,14190811
11,15,6,14191026
26,12,3,14191778
27,13,0,14191779
49,42,3,14191833
50,43,0,14191834
25,17,5,14191992
49,55,2,14192368
45,41,2,14192805
30,10,3,14192943
61,25,3,14193030
62,26,0,14193033
44,43,1,14193308
43,1,0,14194055
6,9,5,14194671
27,11,5,14194938
49,58,3,14195514
14,20,3,14195593
52,15,0,14195657
35,10,1,14195726
47,25,1,14196014
40,32,7,14196016
50,41,3,14196045
48,54,1,14196221
47,55,3,14196301
48,56,0,14196303
46,13,3,14196619
41,40,0,14196699
1,38,6,14196816
44,41,2,14197218
21,28,3,14197259
22,29,0,14197261
48,58,3,14197344
49,59,0,14197346
46,25,1,14197562
43,33,2,14197598
1,37,7,14197609
50,14,3,14197660
51,15,0,14197663
34,23,3,14198026
35,24,0,14198027
53,22,3,14198127
54,23,0,14198129
24,46,1,14198392
35,23,3,14198518
36,24,0,14198519
20,44,3,14198906
21,45,0,14198908
47,53,1,14199388
45,42,0,14199544
49,35,0,14199919
5,8,5,14200372
40,12,2,14200648
46,41,1,14200658
22,45,3,14201059
26,13,3,14201159
27,14,0,14201160
44,12,1,14201277
4,38,4,14201643
49,55,1,14201679
48,55,2,14201742
50,42,0,14202288
25,18,5,14202403
55,22,2,14202855
51,27,2,14203192
38,23,3,14203391
39,24,0,14203393
38,31,2,14203411
60,17,3,14203423
61,18,0,14203424
49,56,2,14203445
57,49,3,14203653
58,50,0,14203654
56,20,3,14203847
55,22,3,14204047
56,23,0,14204048
62,27,0,14204160
62,26,3,14204388
63,27,0,14204389
44,44,3,14204525
17,12,3,14204657
28,7,3,14204701
47,26,2,14204765
62,26,2,14205165
50,15,0,14205314
45,27,0,14205446
40,23,3,14205845
5,12,3,14205917
2,37,7,14205937
19,50,1,14205960
55,22,1,14206297
54,22,3,14206575
55,23,0,14206576
45,44,3,14206736
36,11,2,14206777
49,26,2,14207116
22,27,5,14207257
50,14,2,14207429
25,17,6,14207466
45,41,1,14207598
54,23,2,14207820
24,19,3,14208085
25,20,0,14208086
56,21,3,14208180
57,22,0,14208181
53,35,3,14208305
21,30,5,14208941
4,14,3,14209554
5,15,0,14209556
53,21,1,14210241
45,43,0,14210378
58,52,0,14210593
49,56,1,14211327
4,38,5,14211400
48,56,2,14211403
13,23,3,14211523
50,14,1,14211707
23,46,3,14212013
21,29,6,14212071
7,9,5,14212122
34,32,6,14212260
48,14,2,14212353
46,26,2,14212450
49,43,3,14212546
50,44,0,14212548
39,36,0,14213185
21,45,3,14213201
26,16,5,14213349
58,30,0,14213404
35,31,5,14213593
45,42,2,14213991
25,18,6,14214548
53,28,2,14214717
44,20,3,14214876
45,21,0,14214877
1,37,4,14215519
41,41,0,14216295
4,11,6,14216498
41,13,3,14216537
42,14,0,14216539
46,15,3,14216542
47,16,0,14216543
1,37,5,14216568
43,20,3,14216674
44,21,0,14216676
24,48,2,14216722
51,14,1,14217097
49,36,0,14217301
49,26,1,14217894
43,13,2,14218222
6,9,0,14218484
46,18,0,14218486
15,19,6,14218754
60,30,3,14218899
47,26,1,14218986
20,51,1,14219092
56,22,3,14219125
57,23,0,14219126
34,11,2,14219149
15,21,3,14219634
16,22,0,14219635
50,15,3,14219971
51,16,0,14219972
54,22,1,14220096
60,30,2,14220491
45,45,3,14220498
49,42,3,14220634
50,43,0,14220635
44,42,2,14220896
54,23,3,14221375
55,23,3,14221499
56,24,0,14221500
56,18,3,14221510
36,24,3,14221697
5,11,3,14221982
8,9,5,14222211
20,45,3,14222488
18,51,2,14222667
26,16,6,14223025
54,28,1,14223052
46,26,1,14223067
22,26,3,14223368
49,15,2,14223474
44,26,0,14223568
53,28,1,14224177
44,19,3,14224511
45,20,0,14224512
49,15,3,14224903
50,16,0,14224904
6,9,6,14225269
38,11,0,14225326
20,50,2,14225545
23,46,2,14226063
56,23,3,14226242
2,37,4,14226368
44,26,3,14226632
35,30,3,14226676
17,44,3,14226725
16,17,6,14227281
16,18,5,14227479
20,33,5,14227559
15,19,3,14227637
16,20,0,14227639
44,45,3,14228140
45,46,0,14228141
18,12,6,14228184
50,15,2,14228947
19,45,3,14229280
54,17,0,14229669
35,24,3,14229937
53,29,2,14230242
55,29,1,14230967
48,27,2,14231163
39,12,1,14231182
31,8,0,14231764
60,31,3,14232072
61,32,0,14232073
50,42,3,14232274
33,11,3,14232348
46,27,2,14234292
3,37,7,14234443
49,45,0,14234558
17,16,5,14234573
6,14,0,14235043
48,27,1,14235072
7,8,5,14235178
19,11,5,14235293
5,10,5,14235304
36,11,1,14235716
59,30,1,14235909
49,43,3,14236087
50,44,0,14236089
43,13,1,14236229
3,18,3,14236690
44,21,3,14236784
45,22,0,14236785
11,45,0,14236844
55,24,3,14236885
56,25,0,14236886
50,15,1,14237218
39,13,3,14237315
40,14,0,14237316
62,29,2,14237349
18,51,1,14237364
7,9,0,14237715
39,24,3,14237947
40,25,0,14237949
54,24,3,14238223
55,25,0,14238225
18,45,3,14238253
22,28,5,14238397
18,13,6,14238808
43,21,3,14239039
44,22,0,14239040
26,14,0,14239065
45,46,3,14239173
37,25,3,14239381
21,29,3,14239429
22,30,0,14239430
20,46,3,14239643
55,24,1,14240209
47,27,1,14240435
36,11,0,14240622
48,28,2,14240698
16,18,6,14241793
42,14,3,14242219
49,44,0,14242291
49,15,1,14242407
54,30,2,14242828
6,12,3,14243076
1,7,5,14244176
55,27,3,14244543
21,47,3,14244553
38,13,2,14244613
46,27,1,14244705
5,10,6,14244771
25,21,5,14245423
9,37,1,14245489
44,46,3,14245519
45,47,0,14245521
44,42,1,14245612
19,46,3,14245627
20,47,0,14245628
13,24,3,14245848
60,30,1,14245905
49,16,2,14246011
19,12,5,14246180
16,48,3,14246219
22,48,3,14246267
23,49,0,14246268
53,36,3,14246434
36,25,3,14247364
37,26,0,14247365
47,28,2,14247431
58,31,2,14248355
1,19,5,14248780
4,16,3,14249004
46,28,2,14249019
55,30,1,14249205
60,31,1,14249268
56,25,3,14249334
57,26,0,14249336
19,11,3,14249430
45,44,2,14249611
28,13,6,14249813
18,13,3,14249849
19,14,0,14249850
21,30,6,14249963
43,15,3,14250564
42,14,2,14250616
17,17,5,14250806
53,31,0,14250845
19,50,4,14251305
55,25,3,14251317
55,26,0,14252198
15,20,3,14252310
16,21,0,14252313
45,27,2,14252540
6,9,5,14252755
6,15,0,14253074
18,46,3,14253183
19,47,0,14253185
48,28,1,14253241
43,22,3,14253348
44,23,0,14253349
7,9,6,14253725
45,47,3,14253820
49,44,3,14254076
50,45,0,14254077
54,30,1,14254093
22,27,3,14254496
23,28,0,14254497
55,25,1,14254954
50,16,1,14255085
42,14,1,14255374
38,28,0,14255501
58,31,1,14255540
17,19,0,14255696
44,22,3,14255997
36,25,2,14256034
29,14,0,14256322
18,15,0,14256338
36,11,3,14256351
47,28,1,14256395
1,8,5,14256444
19,12,6,14256783
38,13,1,14256790
55,28,3,14256932
53,31,3,14257153
54,32,0,14257154
49,16,1,14257386
29,12,5,14257445
49,45,0,14257707
17,46,3,14257869
62,30,3,14258497
23,51,2,14258502
54,31,2,14259242
19,13,5,14259272
37,26,3,14260007
38,27,0,14260009
16,45,1,14260056
14,54,1,14260563
57,32,2,14260635
20,47,2,14260903
4,14,5,14261649
44,47,3,14261743
45,48,0,14261744
54,54,3,14261961
54,25,2,14262224
56,26,3,14262446
57,27,0,14262448
50,44,3,14262909
54,3,0,14262967
18,47,3,14263117
19,48,0,14263120
18,14,3,14263640
19,15,0,14263641
45,44,1,14263667
55,31,1,14263771
20,13,0,14264018
55,19,3,14264075
56,20,0,14264078
47,29,2,14264526
44,16,3,14264623
45,17,0,14264624
55,26,2,14264642
62,31,2,14265073
54,29,3,14265149
19,13,6,14265273
61,33,1,14265339
22,28,6,14265442
59,32,2,14265741
45,27,1,14265818
47,29,3,14265857
48,30,0,14265858
4,18,6,14265908
56,24,3,14265995
54,19,3,14266191
55,20,0,14266192
55,26,3,14266276
59,32,1,14266286
55,27,0,14266509
1,10,0,14266731
23,52,3,14266793
24,53,0,14266794
53,18,2,14267127
1,9,5,14267243
38,28,3,14267377
48,3,3,14267483
49,4,0,14267484
41,14,1,14267770
36,26,3,14268022
37,27,0,14268023
62,31,3,14268059
38,31,3,14268381
39,32,0,14268382
54,31,1,14268573
13,55,2,14268728
61,34,0,14268799
19,48,3,14268927
27,38,2,14268970
6,9,6,14269180
17,47,3,14269531
53,3,0,14269552
13,10,6,14270166
52,19,3,14270186
53,20,0,14270187
4,17,5,14270241
41,25,1,14270487
55,54,0,14270514
61,31,3,14270549
62,32,0,14270550
53,18,1,14270579
55,26,1,14270762
54,26,2,14270810
48,47,0,14271192
20,48,2,14271231
50,19,0,14271278
20,12,5,14271334
41,15,2,14271437
53,23,2,14272178
12,15,0,14272414
54,32,2,14272441
18,47,2,14272448
45,48,3,14272978
37,14,2,14273315
58,33,2,14273473
48,30,2,14273604
56,26,1,14273634
5,17,5,14273732
40,26,2,14273975
23,51,1,14274084
44,23,3,14274408
50,37,0,14274622
34,11,2,14274685
23,52,1,14274732
2,9,0,14274734
60,34,2,14274812
45,45,1,14275150
18,48,3,14275262
36,27,0,14275281
59,33,2,14275342
23,27,5,14275346
26,37,2,14275868
40,26,3,14275926
41,27,0,14275928
47,29,1,14275986
55,54,3,14276232
48,30,3,14276265
49,31,0,14276266
36,26,2,14276439
56,27,3,14276465
53,32,2,14277106
16,19,3,14277189
17,20,0,14277191
41,26,2,14277455
34,12,0,14277594
19,49,3,14277858
48,47,3,14277903
49,48,0,14277904
55,27,2,14278582
57,25,3,14278624
57,25,0,14278625
20,48,1,14278736
36,11,1,14278747
40,15,2,14278765
55,27,3,14278791
56,34,2,14278828
37,27,3,14278955
38,28,0,14278956
42,12,1,14279307
17,18,6,14279480
13,57,0,14279483
38,22,5,14279841
19,13,3,14279943
37,12,3,14280158
38,13,0,14280159
62,32,3,14280350
7,8,5,14280536
57,24,3,14280674
58,25,0,14280675
15,47,2,14281044
59,33,1,14281160
41,15,1,14281170
20,32,3,14281444
21,33,0,14281445
40,13,0,14281712
1,11,0,14281811
9,36,1,14281861
41,16,3,14281961
42,17,0,14281962
8,9,6,14281993
41,13,2,14282036
12,47,2,14282314
56,34,1,14282661
61,32,3,14282789
62,33,0,14282790
60,34,1,14282800
48,46,3,14283180
54,54,3,14283716
46,30,2,14284033
3,21,5,14284044
4,14,6,14284098
12,47,1,14284251
16,54,1,14284283
5,13,5,14284406
18,17,5,14285043
42,26,1,14285184
20,13,5,14285625
39,13,3,14285702
40,14,0,14285703
55,27,1,14285764
53,32,1,14285778
4,19,6,14286170
58,34,2,14286356
37,14,1,14286501
1,10,5,14286536
36,27,3,14286638
27,38,1,14286851
56,27,1,14286947
55,30,3,14287090
19,49,2,14287123
42,17,3,14287622
43,18,0,14287624
52,33,3,14287845
62,25,0,14287980
2,7,3,14289178
3,8,0,14289181
41,13,1,14289274
44,49,3,14289398
45,50,0,14289399
17,49,3,14289413
7,9,3,14289437
48,47,0,14289744
55,28,3,14290364
55,33,1,14290971
5,13,6,14291207
40,27,3,14291302
58,34,1,14291670
55,30,1,14291830
23,27,6,14291867
11,48,2,14292031
40,16,2,14292071
14,48,3,14292130
15,49,0,14292131
56,28,3,14292369
57,29,0,14292371
35,27,3,14292659
36,28,0,14292661
20,33,6,14292709
21,30,3,14292754
22,31,0,14292756
20,12,3,14293042
21,13,0,14293044
16,49,3,14293790
55,28,2,14293945
55,35,2,14294013
10,49,0,14294212
32,10,3,14294308
33,11,0,14294309
40,15,1,14294423
62,33,3,14294557
63,34,0,14294558
54,28,3,14294781
55,29,0,14294783
25,23,6,14294932
61,33,3,14295024
37,28,3,14295319
38,29,0,14295320
62,33,2,14295334
54,26,1,14295425
39,35,1,14295464
19,49,1,14295830
36,27,2,14295969
40,14,3,14295986
19,15,6,14296148
1,9,3,14296153
2,10,0,14296154
35,12,2,14296158
44,38,0,14296162
12,57,1,14296279
29,12,0,14296358
54,31,2,14296405
10,49,3,14296406
34,38,0,14296715
1,10,6,14296848
39,17,0,14296969
45,48,0,14297442
48,47,3,14297591
19,50,2,14298312
59,36,3,14298317
18,17,6,14298359
17,50,3,14298443
11,20,3,14298599
24,25,6,14298662
39,16,2,14298718
4,18,5,14298765
43,18,3,14299306
44,19,0,14299307
11,49,2,14299422
36,27,1,14299602
18,50,2,14299607
2,9,5,14299823
54,34,2,14300434
20,14,5,14300463
35,12,1,14300474
21,53,0,14300614
18,50,1,14300720
24,26,5,14300800
41,28,3,14300888
42,29,0,14300889
55,28,1,14301066
28,11,6,14301363
3,37,3,14301409
30,12,3,14301535
31,13,0,14301537
31,39,2,14301833
54,39,0,14301839
47,49,0,14301841
19,50,1,14302259
11,9,3,14302317
12,10,0,14302318
36,28,3,14302542
37,29,0,14302543
13,18,3,14302560
14,19,0,14302561
62,26,3,14302706
63,27,0,14302707
16,20,3,14302878
17,21,0,14302879
19,55,0,14303031
17,4,0,14303383
48,48,0,14303559
2,9,6,14303606
3,20,3,14303761
62,34,3,14304087
40,16,1,14304236
18,18,5,14304282
55,29,3,14304470
54,29,2,14304568
38,29,3,14304796
43,28,1,14304856
36,10,3,14305050
59,35,2,14305249
19,16,5,14305320
51,42,3,14305406
52,43,0,14305407
56,29,3,14305511
57,30,0,14305512
19,11,3,14305782
20,12,0,14305783
18,52,0,14306074
16,4,6,14306516
17,3,5,14306520
17,51,2,14306537
55,31,1,14306567
11,49,1,14306757
15,23,6,14306900
22,57,0,14306908
13,9,3,14307327
15,50,3,14307603
53,58,0,14307871
2,8,3,14307997
3,9,0,14307998
3,8,5,14308025
21,32,5,14308320
4,18,6,14308568
18,52,3,14308583
19,53,0,14308584
54,32,3,14308703
18,51,2,14308835
20,13,3,14308954
21,14,0,14308957
27,39,1,14308963
38,36,2,14309058
37,10,3,14309080
54,32,2,14309087
55,30,0,14309157
20,34,5,14309288
2,23,5,14309488
5,14,5,14309755
37,29,3,14310063
43,29,3,14310195
36,15,2,14310250
50,21,3,14310627
51,22,0,14310629
16,51,3,14310691
17,52,0,14310692
36,28,2,14311019
20,14,6,14311066
60,36,3,14311139
36,11,0,14311153
19,16,6,14311183
58,25,3,14311401
59,26,0,14311404
8,37,2,14311557
60,38,0,14311922
29,2,3,14311979
30,3,0,14311980
16,22,5,14312100
53,56,3,14312463
54,57,0,14312464
14,25,6,14312496
3,21,6,14312766
10,50,2,14312782
18,11,3,14312995
19,12,0,14312997
2,37,3,14313182
3,38,0,14313183
17,52,3,14313659
5,18,5,14313758
33,11,3,14314153
34,12,0,14314154
4,8,0,14314156
5,18,6,14315079
8,8,3,14315089
9,9,0,14315090
41,19,0,14315146
55,29,1,14315321
20,15,5,14315353
15,10,3,14315469
16,11,0,14315471
1,37,0,14315526
5,17,5,14315549
47,48,3,14315866
48,49,0,14315867
47,50,0,14316038
4,20,5,14316457
1,10,3,14316554
2,11,0,14316555
55,32,3,14317073
55,37,2,14317203
41,16,3,14317600
42,17,0,14317601
57,26,3,14317635
62,27,3,14317786
63,28,0,14317787
6,15,6,14317791
38,18,0,14317953
18,18,6,14318108
55,30,3,14318140
38,30,3,14318188
14,10,2,14318263
14,51,3,14318487
15,52,0,14318489
63,27,0,14318892
52,58,3,14319031
6,17,5,14319302
40,17,1,14319540
36,29,3,14319555
45,21,3,14319600
46,22,0,14319601
34,13,2,14319985
48,42,0,14320007
39,18,2,14320086
18,54,0,14320124
36,28,1,14320285
1,7,6,14320343
2,10,6,14320762
4,20,6,14320831
1,37,3,14321628
2,38,0,14321629
54,30,2,14321673
51,43,3,14321817
52,35,0,14321864
26,37,1,14321885
5,17,6,14321911
51,22,3,14322006
13,58,2,14322029
2,9,3,14322282
17,11,3,14322346
17,10,1,14322485
13,58,1,14322544
13,51,2,14322671
15,24,5,14322730
54,30,3,14322866
55,31,0,14322868
40,16,3,14322984
41,17,0,14322986
6,17,6,14323238
7,14,5,14323262
3,9,5,14323306
2,6,0,14323322
43,29,1,14323437
16,51,1,14323792
26,40,2,14324051
47,50,3,14324116
48,51,0,14324117
19,17,5,14324247
36,11,3,14324265
37,12,0,14324266
2,23,6,14324366
18,19,5,14324978
19,12,3,14325066
20,13,0,14325067
18,54,3,14325172
22,29,3,14325218
23,30,0,14325219
13,27,6,14325577
60,35,3,14325687
45,27,0,14325844
16,11,3,14326026
17,12,0,14326028
6,16,5,14326183
14,10,3,14326395
15,11,0,14326396
7,14,6,14326429
14,60,2,14326536
20,14,3,14326998
21,15,0,14326999
55,33,3,14327053
56,34,0,14327054
20,15,6,14327493
13,10,2,14327515
18,11,2,14327594
1,21,5,14327663
11,10,3,14328004
2,22,6,14328026
47,51,0,14328162
49,34,0,14328284
48,8,3,14328309
49,9,0,14328311
16,22,6,14328409
44,21,0,14328650
15,52,2,14328826
16,21,3,14329165
17,22,0,14329166
3,9,6,14329196
9,45,0,14329421
51,23,3,14329631
52,24,0,14329632
56,30,1,14330106
20,33,3,14330192
21,34,0,14330193
8,13,5,14330452
13,52,3,14330568
2,38,3,14330665
3,39,0,14330667
13,51,1,14330711
55,30,1,14330777
39,18,1,14330998
21,32,6,14331185
62,36,3,14331269
47,49,3,14331347
48,50,0,14331348
15,10,1,14331405
14,10,1,14331576
17,21,5,14331785
18,5,2,14331875
16,10,1,14332055
12,52,2,14332203
45,20,2,14332266
55,37,1,14332424
62,28,3,14332425
56,30,3,14332500
57,31,0,14332502
55,31,3,14332700
10,52,1,14332796
36,30,3,14332888
1,38,0,14333266
14,26,5,14333370
20,34,6,14333571
59,27,3,14333774
60,28,0,14333775
15,52,1,14333936
37,12,3,14334010
38,13,0,14334012
49,34,3,14334114
50,35,0,14334115
3,23,0,14334275
7,52,3,14334423
1,18,0,14334487
15,24,6,14334771
24,55,0,14334930
40,10,3,14335119
43,19,1,14335140
15,11,3,14335419
38,19,2,14335457
45,20,1,14335654
2,6,3,14336024
3,7,0,14336025
4,19,6,14336076
51,25,0,14336375
44,21,3,14336391
45,22,0,14336392
58,27,3,14336698
59,28,0,14336701
1,11,3,14336738
2,12,0,14336739
18,12,3,14337189
19,13,0,14337191
37,16,3,14337205
38,17,0,14337206
45,25,3,14337287
6,16,6,14337306
12,45,1,14337425
55,32,0,14337560
57,28,3,14337621
47,50,0,14337640
7,15,5,14338122
41,17,3,14338295
42,18,0,14338296
18,11,1,14338422
9,53,2,14338457
50,24,0,14338613
4,38,1,14338846
55,33,1,14338907
54,34,2,14339077
52,24,3,14339353
13,10,1,14339382
55,31,2,14339686
43,30,1,14339714
51,35,3,14339901
52,36,0,14339903
3,8,3,14340230
14,11,2,14340266
54,31,2,14340299
16,23,5,14340421
1,38,3,14340569
2,39,0,14340570
10,55,3,14340596
3,21,5,14340878
43,11,0,14340909
18,19,6,14340955
12,11,3,14340990
13,12,0,14340991
44,22,0,14341048
22,28,3,14341346
16,11,2,14341428
1,21,6,14341430
26,40,1,14341469
5,18,5,14341688
54,34,1,14342184
17,12,3,14342634
18,13,0,14342635
8,10,3,14342721
20,12,1,14342837
17,34,3,14342919
9,53,1,14343264
47,23,0,14343529
22,31,5,14343547
37,31,3,14343800
55,32,3,14343934
4,20,3,14343968
9,54,2,14344219
44,33,0,14344387
11,46,2,14344785
19,20,5,14345038
1,6,3,14345062
2,7,0,14345063
1,24,6,14345315
50,35,3,14345444
51,36,0,14345445
37,17,0,14345490
49,9,3,14345540
50,10,0,14345541
19,13,3,14345679
20,14,0,14345681
19,18,5,14345734
2,10,3,14345755
3,11,0,14345756
21,33,5,14345812
13,11,2,14345872
3,21,6,14346038
46,35,0,14346639
16,42,5,14346814
12,12,0,14346863
54,31,1,14346979
36,31,3,14346991
37,32,0,14346992
55,31,1,14347025
45,33,3,14347238
14,26,6,14347329
47,50,3,14347384
41,41,0,14347920
16,12,3,14347963
17,13,0,14347964
44,21,2,14347976
6,14,6,14348182
17,59,5,14348577
15,11,2,14348759
14,25,3,14348940
43,31,3,14349211
44,32,0,14349213
47,35,3,14349628
2,23,5,14349663
9,54,1,14349681
3,39,2,14349803
16,60,3,14350328
17,61,0,14350329
15,25,5,14350378
9,55,2,14350398
14,11,1,14350484
1,38,2,14350832
33,13,3,14351015
34,14,0,14351017
38,17,3,14351239
18,13,3,14351391
19,14,0,14351393
54,37,3,14351505
4,20,5,14351588
37,33,3,14351936
38,34,0,14351938
19,18,6,14351999
56,31,3,14352116
57,32,0,14352118
62,37,2,14352327
12,11,2,14352386
55,33,0,14352476
38,30,3,14352483
47,51,0,14352759
11,55,2,14352910
50,24,3,14352941
16,11,1,14353089
45,35,0,14353123
62,29,0,14353135
16,23,6,14353157
7,13,5,14353232
26,41,1,14353711
51,10,3,14353723
36,30,1,14353825
16,22,3,14353894
17,23,0,14353896
11,46,1,14354078
45,34,0,14354270
19,20,6,14354499
15,12,3,14354640
37,17,3,14354870
38,18,0,14354872
36,32,0,14354951
12,55,3,14355083
57,30,3,14355118
58,31,0,14355119
44,21,1,14355532
44,22,3,14355537
45,23,0,14355538
37,32,3,14355582
9,55,1,14355740
19,13,2,14355836
46,35,3,14355883
46,34,3,14356581
47,35,0,14356582
4,20,6,14356658
13,56,3,14356850
54,32,2,14356962
17,22,5,14357043
2,7,3,14357558
3,8,0,14357560
13,11,1,14357906
34,12,3,14358518
35,13,0,14358520
22,30,3,14358635
23,31,0,14358637
2,23,6,14358741
16,19,0,14358961
55,38,1,14359007
11,11,2,14359016
11,32,5,14359063
17,13,3,14359517
18,14,0,14359518
46,52,3,14359693
47,53,0,14359694
14,12,3,14359844
15,25,6,14359889
43,31,1,14359933
12,12,3,14359967
13,13,0,14359968
51,25,3,14360185
51,25,0,14360186
8,56,2,14360205
1,25,5,14360897
54,35,2,14361158
12,11,1,14361420
16,42,6,14361466
20,13,1,14361749
15,21,0,14361828
55,33,3,14361840
11,10,1,14361949
13,12,2,14362181
48,53,0,14362352
54,36,0,14362544
36,32,3,14362586
37,33,0,14362587
16,13,3,14362850
17,14,0,14362851
11,56,2,14362863
1,26,5,14362997
45,35,3,14363224
47,51,3,14363271
48,52,0,14363272
62,39,0,14363426
55,32,1,14363951
9,11,3,14363978
10,12,0,14363979
21,33,6,14364017
50,36,3,14364078
13,12,3,14364205
14,13,0,14364207
45,34,3,14364360
46,35,0,14364361
47,36,3,14364573
20,34,3,14364620
21,35,0,14364621
15,12,2,14364777
35,31,2,14364895
54,32,1,14364986
13,57,3,14365229
14,58,0,14365230
16,24,5,14365372
20,14,2,14365614
12,57,3,14365956
38,22,0,14366073
47,35,3,14366102
48,36,0,14366103
2,11,3,14366253
3,12,0,14366254
19,13,1,14366276
52,26,3,14366555
5,19,5,14366681
17,62,1,14366907
3,22,5,14366941
50,45,3,14367372
51,46,0,14367373
17,41,5,14367690
19,37,6,14367693
9,59,0,14368025
12,12,2,14368111
5,19,6,14368552
46,51,3,14368782
47,52,0,14368784
35,32,3,14369016
36,33,0,14369019
39,17,1,14369025
1,25,6,14369112
10,12,3,14369124
11,13,0,14369125
41,22,3,14369337
42,23,0,14369338
44,28,2,14369440
37,33,3,14369838
17,35,3,14369867
40,23,0,14369916
42,32,2,14370068
18,14,3,14370085
19,15,0,14370087
21,17,0,14370214
56,39,1,14370281
3,7,1,14370418
44,24,0,14370735
46,36,3,14370741
47,37,0,14370742
11,11,1,14371018
15,13,3,14371061
8,37,6,14371440
37,35,0,14371465
10,47,2,14371518
43,12,3,14371650
36,37,3,14371728
37,38,0,14371730
19,14,2,14371736
13,12,1,14372188
15,12,1,14372427
45,35,0,14372455
12,13,3,14372528
14,13,2,14372648
11,48,2,14372660
43,22,2,14372664
54,33,2,14372685
11,32,6,14372791
3,10,3,14372883
4,11,0,14372884
15,57,1,14373214
3,22,6,14373850
47,45,0,14373988
2,7,1,14374045
1,7,2,14374177
20,36,5,14374181
4,21,5,14374485
46,35,3,14374511
47,36,0,14374512
17,14,3,14374900
2,24,5,14374935
11,58,3,14375468
11,31,3,14375499
59,42,0,14375501
38,31,2,14375624
17,10,0,14375676
14,60,0,14375804
20,14,1,14375974
6,18,5,14376076
54,37,0,14376277
47,54,0,14376286
35,13,3,14376400
36,14,0,14376402
36,33,3,14376622
37,34,0,14376624
19,15,3,14376633
20,16,0,14376634
41,32,2,14376877
18,14,2,14376921
14,13,3,14376926
14,60,3,14377060
15,61,0,14377062
11,48,1,14377085
15,44,3,14377107
16,45,0,14377109
12,46,3,14377176
13,47,0,14377178
23,29,3,14377216
24,30,0,14377217
23,29,0,14377218
20,17,5,14377264
16,24,6,14377319
16,14,3,14377564
55,40,2,14377601
43,22,1,14377679
9,36,5,14377691
38,32,0,14377729
17,13,1,14377889
2,9,0,14378243
12,12,1,14378349
55,40,1,14378559
51,26,1,14379052
13,13,3,14379072
14,14,0,14379073
16,42,3,14379202
17,43,0,14379204
35,32,2,14379428
12,31,5,14379809
45,36,3,14380028
6,41,5,14380113
14,13,1,14380205
48,43,1,14380443
55,33,1,14380540
6,18,6,14380895
1,7,1,14381165
12,60,0,14381184
47,25,3,14381231
19,14,1,14381255
4,21,6,14381443
20,15,2,14381535
17,23,5,14381783
54,36,3,14381791
12,59,3,14382006
13,60,0,14382007
2,24,6,14382114
19,15,2,14382264
3,12,5,14382267
6,60,0,14382322
41,32,3,14382391
13,29,6,14382528
47,37,3,14382588
48,38,0,14382589
2,12,3,14382660
25,44,0,14382759
35,19,0,14382825
50,27,2,14382859
54,34,3,14382945
55,35,0,14382948
54,33,1,14383104
17,41,6,14383394
22,31,3,14383843
23,32,0,14383845
43,32,3,14383972
44,33,0,14383973
14,28,5,14384065
30,16,3,14384130
31,17,0,14384131
37,34,3,14384136
12,13,2,14384190
2,8,2,14384373
18,14,1,14384493
45,35,3,14384860
46,36,0,14384861
11,34,0,14384916
4,10,0,14385182
18,15,3,14385199
19,16,0,14385200
1,26,5,14385217
39,32,3,14385306
40,33,0,14385307
16,14,2,14385379
11,14,0,14385582
2,9,3,14385835
3,10,0,14385837
56,32,3,14385906
18,23,6,14385916
15,14,3,14385969
10,47,1,14386001
3,23,5,14386109
13,60,3,14386418
12,50,0,14386501
10,49,3,14386574
35,32,1,14386679
51,39,3,14386797
52,40,0,14386799
48,26,3,14386935
49,27,0,14386938
52,30,2,14387057
60,39,3,14387447
61,40,0,14387449
17,9,0,14387489
21,33,3,14387541
22,34,0,14387542
16,62,2,14387609
5,20,5,14387688
45,45,0,14387728
17,62,1,14387802
46,25,3,14387990
21,34,6,14388255
3,9,2,14388600
42,23,2,14388719
3,12,6,14388721
18,15,2,14389038
16,43,6,14389270
11,13,2,14389345
15,13,1,14389443
17,15,3,14389520
55,42,0,14389593
9,48,2,14389727
54,41,2,14389863
20,15,1,14389942
12,31,6,14390015
39,32,2,14390061
3,8,1,14390118
55,34,3,14390286
56,35,0,14390287
37,36,3,14390428
18,40,5,14390499
48,38,3,14390534
54,38,0,14390689
17,14,1,14390890
53,34,2,14390928
20,36,6,14391033
11,49,1,14391085
5,20,6,14391104
53,41,3,14391195
54,42,0,14391196
45,36,0,14391251
13,14,2,14391283
42,33,2,14391633
16,62,1,14391667
14,14,3,14391850
15,15,0,14391852
54,34,2,14391888
3,23,6,14391908
19,16,3,14391968
3,11,3,14391987
4,12,0,14391990
58,41,2,14392052
41,24,0,14392300
36,21,2,14392398
13,30,5,14392771
41,32,1,14392808
16,15,3,14392845
1,26,6,14392876
2,8,1,14393005
12,13,1,14393089
11,14,3,14393548
12,15,0,14393549
47,13,3,14393668
15,46,3,14393784
46,36,3,14393969
47,37,0,14393970
17,41,3,14394167
38,32,1,14394610
6,41,6,14394616
47,26,3,14394757
48,27,0,14394759
61,33,0,14394986
19,15,1,14395010
38,14,3,14395062
39,15,0,14395064
28,23,0,14395206
10,50,2,14395273
13,14,3,14395377
14,15,0,14395379
10,48,1,14395792
18,16,3,14395809
22,33,5,14395828
14,28,6,14396045
37,17,0,14396191
20,16,2,14396323
57,29,1,14396412
37,20,3,14396740
41,24,3,14397000
42,25,0,14397002
11,50,2,14397118
38,20,3,14397212
39,21,0,14397214
7,50,0,14397241
2,9,2,14397414
5,62,3,14397444
6,63,0,14397445
54,37,2,14397684
17,15,2,14397693
6,19,5,14397771
11,33,6,14397831
11,13,1,14397922
19,38,6,14398087
49,27,3,14398154
50,28,0,14398155
46,44,1,14398212
10,50,3,14398234
14,23,0,14398242
17,42,5,14398267
55,41,2,14398271
2,25,5,14398372
16,14,1,14398613
37,35,3,14398788
35,34,3,14398815
54,34,1,14398858
15,15,3,14398917
7,40,5,14399423
47,54,0,14399457
47,62,1,14399471
16,10,2,14399580
4,22,5,14399768
44,29,1,14399972
5,43,6,14400074
54,35,3,14400192
11,50,1,14400201
52,19,0,14400218
21,35,5,14400228
18,15,1,14400655
39,21,3,14400773
40,22,0,14400774
15,27,5,14400947
14,15,3,14400983
13,14,1,14401107
1,9,2,14401146
19,16,2,14401239
10,50,1,14401251
45,36,3,14401305
46,37,0,14401307
45,45,2,14401920
16,15,2,14402033
35,33,1,14402183
4,22,6,14402517
17,16,3,14402878
15,14,1,14403085
48,38,2,14403116
18,40,6,14403193
18,40,3,14403511
19,41,0,14403512
51,40,3,14403640
48,27,3,14404114
49,28,0,14404115
6,19,6,14404121
11,14,2,14404288
53,8,3,14404472
16,25,6,14404556
39,20,1,14404698
1,16,5,14404874
32,17,2,14404960
12,32,5,14405002
20,37,5,14405027
35,35,0,14405149
54,37,3,14405161
5,21,5,14405176
37,33,2,14405180
9,14,3,14405248
12,15,3,14405422
17,15,1,14405477
39,32,1,14405496
36,35,3,14405675
37,36,0,14405676
36,21,1,14405688
2,9,1,14405732
39,15,3,14405737
40,16,0,14405738
18,16,2,14405902
56,30,2,14405904
40,33,2,14406161
12,14,1,14406235
16,16,3,14406459
2,25,6,14406566
50,28,3,14406701
51,29,0,14406703
7,40,6,14406760
61,33,3,14406801
62,34,0,14406804
3,10,2,14407179
15,15,2,14407196
53,35,3,14407313
54,36,0,14407314
10,51,2,14407533
31,17,3,14407600
17,27,0,14407921
60,40,3,14408079
51,49,0,14408287
17,24,5,14408297
52,40,0,14408300
9,49,2,14408365
6,42,5,14408678
19,17,3,14408699
20,18,0,14408700
51,46,3,14408716
42,39,3,14408736
43,40,0,14408737
19,16,1,14408854
34,20,3,14408895
48,39,3,14409061
49,40,0,14409062
53,35,2,14409338
19,39,5,14409350
17,42,6,14409481
10,50,0,14409645
40,25,0,14409807
3,24,5,14409889
14,32,0,14410052
10,14,2,14410255
40,22,3,14410284
35,34,2,14410343
22,33,6,14410473
23,33,0,14410581
10,14,1,14410643
10,15,3,14410751
1,16,6,14410919
12,15,2,14411039
44,36,3,14411224
11,15,3,14411247
35,22,2,14411462
16,15,1,14411556
15,27,6,14411851
17,44,0,14411866
39,16,0,14411891
47,46,0,14412009
32,17,1,14412024
17,16,2,14412076
35,35,3,14412180
13,15,3,14412354
14,16,0,14412357
8,40,0,14412395
10,51,1,14413011
41,22,3,14413301
11,14,1,14413329
1,27,5,14413352
57,32,3,14413385
15,16,3,14413393
42,3,3,14413468
43,4,0,14413471
45,38,3,14413527
2,15,5,14413842
18,16,1,14413920
21,35,6,14414127
34,22,3,14414129
35,23,0,14414130
43,22,1,14414201
62,34,3,14414374
63,35,0,14414376
8,39,5,14414746
3,24,6,14414910
46,37,3,14414973
47,38,0,14414974
55,35,1,14415000
54,36,3,14415081
12,32,6,14415205
18,17,3,14415256
19,18,0,14415257
49,28,3,14415263
5,21,6,14415349
21,34,3,14415383
22,35,0,14415384
20,37,6,14415406
59,44,0,14415545
54,39,0,14415808
45,45,1,14415835
36,37,3,14415878
42,27,0,14416237
16,16,2,14416386
34,19,1,14416415
1,10,2,14416663
3,10,1,14416761
15,15,1,14416845
47,39,3,14416911
5,44,5,14416953
54,35,1,14417027
58,26,6,14417040
59,41,3,14417204
6,42,6,14417463
44,30,1,14418014
52,30,1,14418133
6,20,5,14418332
1,27,6,14418439
18,41,5,14418488
11,15,2,14418504
3,12,0,14418588
20,17,1,14418632
9,51,2,14418686
9,37,6,14418889
17,17,3,14418930
18,18,0,14418931
14,16,3,14419506
34,33,2,14419611
12,16,3,14419886
44,32,0,14419898
2,15,6,14419923
16,26,5,14419928
34,20,2,14419930
3,14,5,14420102
16,49,0,14420116
36,36,3,14420122
37,37,0,14420124
38,22,3,14420169
19,39,6,14420342
38,33,2,14420364
1,9,1,14420429
9,52,2,14420655
35,34,1,14420671
6,41,3,14420783
7,42,0,14420785
10,36,5,14420824
17,24,6,14421098
10,52,3,14421504
11,53,0,14421506
54,38,3,14421524
35,36,0,14421653
12,15,1,14421750
18,17,2,14421758
38,33,1,14421779
34,39,0,14421912
7,41,5,14421971
13,31,5,14421986
26,25,3,14422185
9,52,3,14422231
10,53,0,14422233
45,37,3,14422357
46,38,0,14422358
19,18,3,14422369
20,19,0,14422370
35,21,3,14422419
36,22,0,14422420
55,42,1,14422517
58,43,2,14422578
15,46,6,14422628
2,26,5,14422704
16,45,5,14422746
17,16,1,14422955
11,16,3,14423158
6,20,6,14423615
47,28,3,14423703
48,29,0,14423704
8,39,6,14423776
58,44,3,14423788
59,45,0,14423791
42,34,2,14423794
20,36,3,14423796
5,49,3,14423811
6,50,0,14423813
34,23,3,14424007
35,24,0,14424008
10,15,2,14424016
15,16,2,14424049
35,22,1,14424162
55,42,3,14424166
50,29,3,14424168
51,30,0,14424169
2,11,2,14424331
18,18,3,14424385
4,23,5,14424454
37,34,2,14424685
32,18,3,14424693
33,19,0,14424695
54,37,0,14424745
46,39,3,14424975
17,17,2,14425016
41,23,3,14425050
42,24,0,14425051
38,23,0,14425275
13,16,3,14425464
36,21,2,14425675
16,51,3,14425925
17,52,0,14425927
18,23,5,14426116
16,16,1,14426319
1,10,1,14426364
42,23,2,14426369
7,19,5,14426518
18,41,6,14426612
11,15,1,14426711
21,36,5,14426722
34,20,1,14426877
16,26,6,14427129
5,44,6,14427156
3,12,3,14427203
14,16,2,14427332
59,33,2,14427525
35,36,3,14427776
36,37,0,14427777
11,17,0,14428006
34,35,2,14428174
54,36,2,14428365
5,43,3,14428514
14,16,1,14428534
40,16,3,14428698
41,17,0,14428701
15,17,3,14428768
16,18,0,14428771
27,24,6,14429192
53,36,2,14429317
9,38,5,14429459
18,17,1,14429755
12,33,5,14429855
60,1,0,14429862
50,40,0,14430157
16,17,2,14430720
19,18,2,14430863
7,41,6,14431234
2,26,6,14431299
15,16,1,14431320
34,23,2,14431643
4,23,6,14431845
11,16,2,14431917
44,37,3,14431984
45,38,0,14431985
6,43,5,14432077
19,40,5,14432237
1,12,0,14432349
11,17,3,14432713
10,36,6,14432752
51,15,3,14432814
52,16,0,14432815
2,11,1,14432836
13,31,6,14432855
39,23,3,14432952
42,16,1,14433092
57,33,3,14433306
43,31,2,14433388
14,17,3,14433473
5,22,5,14433926
36,21,1,14433987
54,43,2,14434266
16,45,6,14434368
42,35,3,14434507
43,36,0,14434508
12,16,1,14434545
13,17,2,14434726
14,54,1,14434772
53,35,1,14434928
1,12,3,14435288
17,25,5,14435353
42,16,3,14435366
43,17,0,14435367
10,53,1,14435380
9,15,2,14435384
3,25,5,14435482
20,18,1,14435812
8,40,5,14435946
21,35,3,14435957
37,35,0,14435961
47,40,3,14436158
48,41,0,14436159
36,37,3,14436222
15,17,2,14436254
17,17,1,14436280
54,37,3,14436741
14,30,5,14436756
16,18,3,14437231
8,41,0,14437290
11,28,0,14437435
55,35,3,14437482
56,36,0,14437483
19,19,3,14437628
20,20,0,14437630
38,23,3,14437662
39,24,0,14437663
46,28,2,14438470
11,35,5,14438555
16,49,2,14438674
5,22,6,14438708
12,21,0,14438838
10,16,2,14439003
54,36,1,14439015
42,27,3,14439242
43,28,0,14439244
16,44,3,14439251
17,45,0,14439252
19,18,1,14439298
53,36,1,14439393
34,24,3,14439530
35,25,0,14439531
12,33,6,14439611
12,17,3,14439795
13,18,0,14439796
21,36,6,14440127
41,23,1,14440150
44,16,2,14440207
13,17,3,14440280
42,34,1,14440283
16,17,1,14440754
11,16,1,14440842
59,33,1,14440903
50,30,3,14441089
17,18,2,14441675
6,43,6,14441787
18,18,1,14441853
14,17,2,14442177
9,54,2,14442324
33,19,3,14442329
34,20,0,14442332
18,19,3,14442333
19,20,0,14442334
9,38,6,14442395
3,25,6,14442714
35,6,4,14442764
13,28,1,14442923
17,44,5,14442997
9,37,3,14443038
10,15,1,14443190
13,17,1,14443215
55,21,0,14443254
52,40,0,14443497
43,32,3,14443732
17,25,6,14444191
15,18,3,14444214
16,27,5,14444373
46,40,3,14444390
47,41,0,14444391
50,31,0,14444603
7,42,5,14445044
13,25,3,14445100
2,27,5,14445259
16,18,2,14445322
11,17,2,14445375
35,22,2,14445401
20,37,3,14445477
21,38,0,14445478
34,36,2,14445585
54,38,0,14445768
13,32,5,14445841
44,16,1,14445979
28,23,5,14446012
19,19,2,14446034
39,23,1,14446100
49,29,1,14446476
47,30,0,14446640
19,40,6,14446958
4,24,5,14447011
27,30,3,14447178
45,38,3,14447213
46,39,0,14447215
1,13,3,14447390
15,17,1,14447540
14,30,6,14447598
21,24,3,14447704
22,25,0,14447706
18,41,3,14447726
10,16,1,14447917
17,19,3,14448099
10,37,5,14448354
5,45,6,14448596
8,40,6,14448668
14,18,3,14448708
9,54,1,14448712
43,28,3,14448721
44,29,0,14448723
22,35,5,14448779
35,25,3,14448803
36,26,0,14448804
43,17,2,14448896
52,41,3,14449214
53,42,0,14449215
14,17,1,14449623
11,35,6,14449718
41,17,2,14449983
17,43,3,14450416
18,44,0,14450417
13,18,2,14450556
10,17,2,14450654
46,28,1,14450768
41,17,3,14450867
60,42,3,14450910
42,37,3,14450999
37,35,3,14451109
38,36,0,14451112
28,30,0,14451203
15,18,2,14451379
18,42,6,14451400
12,30,0,14451489
17,18,1,14451957
53,37,2,14453018
16,19,3,14453065
6,44,5,14453164
33,23,0,14453174
12,18,2,14453302
17,44,6,14453402
46,39,3,14453675
47,40,0,14453676
34,37,3,14453833
11,17,1,14453993
38,24,3,14453999
15,29,5,14454394
42,53,0,14454439
2,27,6,14454445
12,34,5,14454894
13,18,3,14454945
14,19,0,14454946
41,17,1,14454999
9,55,3,14455090
10,56,0,14455091
46,30,0,14455235
49,40,3,14455254
50,41,0,14455255
44,38,3,14455311
45,39,0,14455312
19,19,1,14455539
17,19,2,14455650
7,42,6,14455875
35,22,1,14455978
19,20,3,14456204
20,21,0,14456205
16,18,1,14456437
3,26,5,14456662
47,41,3,14456875
3,13,1,14456898
37,35,2,14456945
20,39,5,14457063
16,55,0,14457156
10,22,0,14457219
16,27,6,14457221
25,31,2,14457410
13,32,6,14457538
19,41,5,14457716
14,18,2,14457751
2,14,3,14457871
3,28,0,14458223
7,41,3,14458342
8,42,0,14458344
1,29,5,14458844
20,38,3,14458861
21,39,0,14458862
18,42,3,14458912
15,19,3,14459044
16,20,0,14459046
13,18,1,14459052
12,18,3,14459266
5,46,5,14459310
14,51,3,14459318
34,5,7,14459663
36,26,3,14459769
37,27,0,14459770
43,17,1,14459815
34,23,3,14459816
18,20,3,14460265
34,37,2,14460389
16,19,2,14460422
34,20,3,14460462
35,21,0,14460463
46,29,2,14460627
54,38,3,14460860
8,41,5,14460869
39,24,3,14461162
10,17,1,14461224
17,26,5,14461306
18,24,5,14461473
48,30,2,14461520
15,18,1,14461721
50,31,3,14461779
51,32,0,14461780
9,4,0,14461917
54,43,1,14461984
18,43,5,14462173
12,53,3,14462436
13,54,0,14462438
56,34,3,14462481
45,29,2,14462614
35,38,3,14462773
12,34,6,14462837
14,19,3,14463052
15,20,0,14463053
42,35,1,14463072
54,37,1,14463233
6,44,6,14463364
47,30,3,14463449
39,25,3,14463588
40,26,0,14463589
6,43,3,14463596
43,29,0,14463717
10,19,0,14463731
58,44,1,14463947
41,45,0,14463975
17,20,3,14464016
18,21,0,14464019
10,30,0,14464024
45,17,1,14464106
17,19,1,14464768
12,18,1,14464798
3,26,6,14465124
1,13,1,14465147
50,1,0,14465176
40,48,0,14465207
15,19,2,14465294
53,42,3,14465401
21,36,3,14465605
22,37,0,14465606
33,23,3,14465645
34,24,0,14465646
14,31,5,14465696
53,38,3,14466214
54,39,0,14466216
8,56,3,14466508
46,30,3,14466618
7,43,5,14466626
1,29,6,14466894
18,20,2,14467008
14,18,1,14467088
15,30,3,14467379
16,31,0,14467380
2,14,2,14467407
43,38,3,14467670
44,39,0,14467671
10,18,2,14467725
35,10,2,14468012
3,14,1,14468028
35,37,1,14468048
49,31,3,14468185
50,32,0,14468186
11,31,0,14468524
49,30,1,14468734
4,25,5,14469048
47,17,3,14469270
48,18,0,14469271
44,29,2,14469337
16,19,1,14469505
20,39,6,14469621
2,28,5,14469728
26,26,3,14469765
27,27,0,14469766
5,46,6,14469780
55,36,3,14469906
56,37,0,14469908
48,42,3,14470032
49,43,0,14470033
18,43,6,14470269
44,18,2,14470302
35,11,0,14470478
52,37,2,14470529
10,29,3,14470609
16,20,3,14470632
19,41,6,14470717
34,7,7,14470892
13,52,3,14471087
14,53,0,14471090
19,20,1,14471234
45,39,3,14471293
46,40,0,14471296
13,19,3,14471315
14,20,0,14471316
34,6,2,14471826
49,18,0,14471844
8,40,3,14471872
34,7,2,14471916
5,45,3,14471993
6,46,0,14471994
44,41,0,14472035
42,18,3,14472074
43,19,0,14472075
8,41,6,14472207
12,19,2,14472345
1,27,5,14472760
13,33,5,14472898
17,26,6,14473123
42,18,2,14473198
34,8,2,14473399
48,31,3,14473492
40,53,0,14473535
4,25,6,14474026
15,20,3,14474082
16,21,0,14474083
48,30,1,14474994
9,18,2,14475243
41,40,0,14475593
32,22,0,14476025
2,14,1,14476040
38,20,3,14476107
39,21,0,14476108
18,20,1,14476170
18,21,3,14476332
14,31,6,14476665
24,49,0,14476713
15,19,1,14476732
6,45,5,14476767
53,38,2,14476939
45,29,1,14476967
19,26,3,14477308
20,27,0,14477309
34,22,0,14477336
35,10,1,14477400
52,42,3,14477511
10,18,1,14477825
11,35,3,14478086
35,24,2,14478348
11,19,2,14478507
34,5,4,14478755
16,20,2,14478801
14,20,3,14479697
57,36,0,14480212
34,24,3,14480243
35,25,0,14480244
1,27,6,14480274
7,43,6,14480594
20,40,5,14480611
17,21,3,14480901
18,22,0,14480903
37,10,0,14481083
8,57,3,14481132
37,37,0,14481228
42,18,1,14481600
2,28,6,14481732
10,30,3,14481763
7,42,3,14481770
8,43,0,14481771
9,57,3,14481856
8,29,3,14481986
16,46,3,14482099
17,47,0,14482100
21,38,5,14482138
5,24,5,14482166
19,42,5,14482196
3,50,6,14482274
31,21,1,14482364
12,19,1,14482466
27,26,5,14482471
3,27,5,14482608
48,31,2,14482611
15,30,5,14482783
34,37,1,14482979
44,39,3,14483265
18,25,5,14483321
35,21,3,14483648
36,22,0,14483649
1,16,0,14483770
49,41,3,14483971
50,42,0,14483972
6,45,6,14484153
15,20,2,14484238
2,15,2,14484259
1,24,0,14484381
18,21,2,14484409
44,18,1,14484503
8,42,5,14484525
42,47,0,14484678
60,43,3,14484705
2,18,3,14485051
1,14,1,14485296
1,30,3,14485759
10,37,3,14485998
34,6,1,14486300
13,33,6,14486396
55,35,0,14486608
11,19,1,14487551
16,21,3,14487959
57,48,6,14488487
16,20,1,14489017
18,30,5,14489051
54,38,1,14489112
13,20,3,14489402
7,44,5,14489844
21,37,3,14489990
22,38,0,14489991
33,25,0,14490120
10,57,1,14490138
22,35,3,14490173
34,11,2,14490269
9,19,2,14490534
50,32,3,14490717
14,32,5,14490760
6,44,3,14490802
7,45,0,14490803
18,24,6,14490976
19,21,1,14491022
4,49,5,14491281
33,4,7,14491288
53,39,3,14491386
17,21,2,14491420
34,7,4,14491523
11,37,5,14491559
22,36,6,14491704
3,27,6,14492028
1,31,6,14492136
10,20,3,14492162
41,19,3,14492483
42,20,0,14492484
1,15,2,14492620
33,6,7,14492773
38,22,0,14493010
8,59,0,14493103
48,1,0,14493132
43,20,0,14493215
38,29,0,14493262
47,31,2,14493299
15,21,3,14493368
43,39,3,14493486
44,40,0,14493487
57,45,2,14493583
44,30,2,14493716
44,29,1,14493740
34,7,1,14493748
3,24,6,14493797
36,11,0,14493958
9,58,2,14494015
35,24,1,14494077
11,20,2,14494320
12,20,3,14494542
13,21,0,14494543
2,15,1,14494659
19,42,6,14495097
5,46,3,14495226
6,47,0,14495228
19,41,3,14495303
20,42,0,14495305
15,20,1,14495518
53,43,3,14495702
9,18,1,14496007
18,22,3,14496022
43,33,1,14496193
9,20,3,14496384
1,16,3,14496984
2,17,0,14496986
58,47,5,14497100
21,38,6,14497575
52,42,0,14497586
35,11,3,14497602
18,21,1,14497844
20,39,3,14497877
57,36,3,14497898
40,48,3,14498112
41,49,0,14498113
34,8,1,14498458
30,22,3,14498584
34,25,3,14498662
35,26,0,14498663
3,55,0,14498674
4,26,5,14498806
15,50,6,14499944
14,21,3,14500278
34,27,3,14500572
35,28,0,14500573
9,19,1,14500609
4,49,6,14500941
22,36,3,14501049
23,37,0,14501050
8,41,3,14501060
9,42,0,14501061
39,26,2,14501358
25,21,0,14501452
34,24,1,14501515
16,47,3,14501721
43,30,2,14501798
9,58,1,14502789
20,41,5,14503154
17,21,1,14503424
17,22,3,14503524
18,23,0,14503527
40,47,2,14503533
34,36,1,14503568
48,31,1,14503708
52,39,3,14504330
5,49,0,14504373
15,21,2,14504411
11,37,6,14504429
13,34,5,14504545
10,20,2,14504622
2,16,2,14504739
32,22,3,14504980
33,23,0,14504981
37,38,0,14505351
37,26,3,14505583
18,22,2,14505649
37,35,1,14505676
11,20,1,14505721
17,45,3,14505735
18,46,0,14505737
53,39,2,14505791
7,44,6,14505852
8,20,3,14506588
9,21,0,14506589
33,25,3,14506650
34,26,0,14506651
1,16,2,14506710
44,19,1,14506859
1,15,1,14506871
5,48,5,14507090
16,49,5,14507106
34,22,3,14507269
35,23,0,14507270
14,32,6,14507586
13,21,3,14507719
16,22,3,14507913
42,39,3,14508535
43,40,0,14508536
47,32,3,14509170
48,33,0,14509171
45,19,3,14509215
7,43,3,14509653
8,44,0,14509654
4,26,6,14509724
11,32,2,14509806
3,51,6,14509819
8,59,2,14509840
47,31,1,14510001
16,21,1,14510027
3,55,3,14510126
22,37,5,14510303
14,21,2,14510379
34,25,2,14510736
33,7,2,14511037
1,55,0,14511157
8,43,5,14511168
17,22,2,14511511
41,37,2,14511598
12,36,5,14511780
2,16,1,14512048
52,43,3,14512171
53,44,0,14512172
4,24,6,14512330
11,41,0,14512407
55,36,0,14512413
3,30,0,14512775
5,25,5,14512796
43,31,3,14512953
44,32,0,14512954
52,42,3,14513248
53,43,0,14513249
10,21,3,14514046
15,18,0,14514560
10,38,3,14514642
6,46,6,14514679
57,45,1,14514699
15,22,3,14514720
4,50,5,14514989
46,51,3,14515013
47,52,0,14515014
33,8,2,14515045
8,58,0,14515261
19,42,3,14515876
20,43,0,14515877
44,40,3,14515919
45,41,0,14515920
58,46,1,14516016
35,25,2,14516039
2,19,3,14516062
3,20,0,14516065
13,34,6,14516142
15,51,5,14516540
57,46,2,14516557
10,20,1,14516919
1,17,3,14517048
2,18,0,14517049
53,39,1,14517147
10,57,3,14517485
11,58,0,14517487
7,45,5,14517543
55,46,3,14517683
35,25,1,14517956
12,21,3,14517986
13,22,0,14517987
18,23,3,14518391
15,21,1,14519073
54,39,1,14519387
47,32,2,14519393
15,31,5,14519494
39,26,1,14519805
6,37,0,14520060
16,49,6,14520119
9,7,0,14520308
27,26,6,14520426
18,22,1,14520593
42,21,0,14520867
33,9,2,14520925
34,11,1,14521147
53,40,3,14521634
5,47,3,14521647
2,17,2,14521822
9,21,3,14521865
11,21,3,14521896
43,20,2,14521978
16,22,2,14522650
6,59,0,14522711
5,25,6,14522713
1,31,6,14523815
34,25,1,14523885
18,44,3,14524131
19,45,0,14524132
20,41,6,14524221
14,22,3,14524222
15,23,0,14524223
13,38,0,14524333
44,39,1,14524621
17,23,3,14525082
18,24,0,14525083
5,48,6,14525152
43,34,1,14525270
42,20,3,14525398
5,28,0,14525401
1,16,1,14525410
14,33,5,14525711
6,47,5,14526632
2,30,5,14526814
36,11,3,14526846
37,12,0,14526847
46,32,2,14526852
58,47,3,14526941
8,20,2,14527088
31,23,3,14527228
32,24,0,14527229
36,3,2,14527281
14,21,1,14527650
16,33,0,14527988
8,60,3,14528010
10,21,2,14528177
58,46,3,14528179
12,36,6,14528679
38,27,2,14528787
5,23,5,14528912
52,44,0,14529229
17,22,1,14529285
43,40,3,14529302
1,17,2,14529310
13,22,3,14529695
41,38,3,14529757
42,39,0,14529758
33,23,3,14529994
34,24,0,14529995
56,46,2,14530541
34,23,2,14530563
42,32,0,14530768
15,22,2,14530821
36,2,1,14530850
18,25,6,14531373
15,31,6,14531938
4,50,6,14532652
37,28,0,14532869
7,32,7,14533080
34,23,3,14533125
35,24,0,14533126
34,26,2,14533647
43,38,0,14533947
10,33,3,14534198
33,8,4,14534235
16,48,3,14534322
17,49,0,14534323
2,31,6,14534342
61,38,0,14534474
4,49,3,14534528
17,46,3,14535550
18,47,0,14535551
34,12,3,14535749
35,13,0,14535751
57,46,1,14536204
52,40,3,14536353
53,41,0,14536354
16,23,3,14536542
7,45,6,14537569
35,12,3,14537573
45,41,3,14538174
46,42,0,14538175
13,35,5,14538215
53,40,2,14538370
54,39,3,14538745
43,20,1,14538926
11,38,6,14539100
37,38,3,14539124
38,5,0,14539481
51,46,0,14540148
9,21,2,14540353
52,40,2,14540484
14,33,6,14540741
50,23,1,14540746
10,22,3,14540863
11,23,0,14540864
29,25,0,14540912
16,22,1,14540999
17,23,2,14541138
38,11,2,14541190
43,32,3,14541783
46,32,1,14541795
14,22,2,14541982
51,35,3,14542752
2,17,1,14542907
26,23,0,14542954
5,49,5,14542962
15,19,0,14542992
9,27,1,14543375
12,37,5,14544422
42,35,2,14544488
27,26,3,14544608
28,27,0,14544609
2,30,6,14544783
1,32,5,14544836
35,29,3,14545107
36,30,0,14545108
17,48,5,14545182
50,43,3,14545224
51,44,0,14545227
3,30,5,14545647
53,43,3,14546103
5,23,6,14546587
46,52,3,14546702
47,53,0,14546704
8,44,5,14546714
1,17,1,14546845
25,20,3,14547084
6,47,6,14547158
11,40,0,14547344
39,21,3,14547635
40,22,0,14547636
12,22,3,14548015
10,21,1,14548120
18,24,3,14548459
21,40,5,14548465
3,29,5,14548473
10,31,1,14548668
6,22,5,14548756
15,23,3,14548814
11,22,3,14548947
12,23,0,14548949
60,45,3,14549057
61,40,0,14550323
38,23,3,14550826
39,24,0,14550828
36,4,3,14551262
42,21,2,14551345
34,27,3,14551777
35,28,0,14551779
42,40,3,14551802
15,32,5,14551810
7,9,2,14551910
21,39,3,14551954
13,35,6,14552032
7,46,5,14552157
36,3,1,14552341
22,37,3,14553089
3,29,6,14553184
1,18,3,14553520
2,19,0,14553522
15,22,1,14553615
33,26,2,14553732
16,23,2,14553756
18,23,1,14553948
3,53,5,14554401
9,41,3,14554657
10,42,0,14554659
48,34,3,14555416
54,40,1,14555772
5,49,6,14555822
56,46,1,14555987
10,57,0,14556274
37,28,3,14557769
9,32,2,14557804
32,24,3,14558095
33,25,0,14558096
48,33,1,14558170
9,61,3,14558179
10,62,0,14558180
52,40,1,14558282
44,41,3,14558289
45,42,0,14558290
1,32,6,14559042
8,44,6,14559623
20,41,3,14559628
21,42,0,14559630
59,45,3,14559851
36,30,3,14559882
37,31,0,14559883
5,48,3,14559887
49,44,0,14559905
44,25,3,14559915
45,26,0,14559917
14,34,5,14560072
12,22,1,14560422
45,32,1,14560596
46,42,3,14560605
47,43,0,14560606
43,40,2,14560648
34,26,1,14560848
2,31,5,14560920
17,48,6,14560926
36,5,0,14561118
14,23,3,14561528
12,37,6,14561885
38,39,3,14562061
39,40,0,14562062
17,24,3,14562676
18,25,0,14562677
4,28,5,14562767
53,41,3,14562918
10,22,2,14563553
8,43,3,14564164
12,36,3,14564257
6,60,3,14564643
7,61,0,14564645
17,23,1,14564775
17,47,3,14564784
18,48,0,14564785
16,49,3,14565201
17,50,0,14565202
4,50,3,14565647
5,51,0,14565648
38,33,0,14566353
11,59,2,14566740
18,26,5,14567040
56,47,2,14567379
36,24,2,14567463
7,46,6,14567942
3,53,6,14569180
15,32,6,14569304
18,24,2,14569313
9,43,5,14569348
60,40,0,14569609
4,28,6,14570080
13,36,5,14570300
15,23,2,14570673
11,35,0,14570934
11,38,3,14570992
42,21,3,14571666
43,22,0,14571667
3,52,3,14571767
4,53,0,14571769
51,12,7,14572066
14,22,1,14572441
31,24,1,14572665
11,39,6,14572832
20,29,0,14572903
34,24,3,14573151
2,31,6,14573859
33,27,3,14574336
34,28,0,14574337
33,26,1,14574907
56,37,2,14575147
16,31,5,14575158
14,34,6,14575674
12,40,5,14576553
44,33,3,14577280
45,34,0,14577281
18,47,5,14577916
8,45,5,14578356
1,18,2,14579889
53,41,2,14580271
10,34,0,14580582
5,27,5,14581128
51,44,3,14581153
4,52,5,14581694
1,33,5,14581803
37,5,3,14582765
36,4,1,14582849
22,38,3,14582896
45,44,3,14582899
46,45,0,14582900
3,30,5,14582963
27,27,3,14583524
28,28,0,14583525
43,49,0,14583665
52,41,3,14584412
53,42,0,14584413
6,47,3,14584564
16,24,3,14586346
15,33,5,14586385
13,36,6,14586578
40,53,3,14586622
41,54,0,14586623
50,46,3,14586627
35,28,3,14587829
36,29,0,14587830
5,27,6,14587974
5,49,3,14588312
11,23,3,14588448
9,42,3,14591030
10,43,0,14591031
18,47,6,14591185
57,47,2,14592177
3,31,6,14592228
17,20,0,14592327
9,28,1,14592364
5,50,6,14593197
27,1,0,14593810
21,41,6,14593912
13,23,3,14593942
55,37,1,14594267
20,42,3,14594384
21,43,0,14594386
41,34,0,14595374
3,30,3,14595792
53,41,1,14596714
6,26,5,14596927
22,40,5,14597099
11,10,0,14597156
14,35,5,14598040
53,36,2,14598073
1,33,6,14599324
33,28,0,14599373
40,22,3,14600666
41,23,0,14600667
8,60,1,14601139
30,25,2,14601163
8,45,6,14601532
2,32,5,14601693
16,50,3,14602094
17,51,0,14602095
6,49,5,14602183
35,27,2,14602186
44,33,2,14602482
52,42,2,14603431
15,33,6,14605934
4,52,6,14606717
30,25,3,14607156
31,26,0,14607157
62,47,6,14609086
12,59,1,14610559
35,6,0,14611294
21,27,3,14611898
22,28,0,14611900
36,5,2,14612228
11,60,2,14612232
35,13,3,14612624
10,28,3,14612852
11,29,0,14612854
13,23,2,14615012
57,47,1,14615319
9,44,5,14615823
24,42,3,14615859
5,51,5,14616470
56,37,1,14617099
2,32,6,14618360
16,32,5,14619544
14,35,6,14620269
1,34,5,14620604
3,54,6,14622327
3,31,5,14622672
61,41,0,14623181
13,9,0,14623663
43,22,2,14624214
33,25,2,14625139
6,49,6,14626041
17,34,0,14626668
58,49,3,14628441
15,34,5,14628459
3,53,3,14629129
21,12,3,14629968
22,13,0,14629970
6,12,0,14630235
51,53,3,14631738
22,40,6,14631750
47,43,3,14632052
48,44,0,14632053
3,31,6,14632700
17,49,3,14632756
18,50,0,14632757
53,48,3,14633467
18,47,3,14633505
19,48,0,14633506
6,48,3,14633892
7,49,0,14633894
60,46,3,14635271
61,47,0,14635272
9,44,6,14636307
1,34,6,14636589
4,58,3,14636616
5,59,0,14636617
48,45,0,14638228
5,51,6,14638231
16,32,6,14638265
11,62,0,14638786
4,53,5,14639281
19,45,3,14639852
20,46,0,14639853
20,44,6,14640170
7,48,5,14640355
21,41,3,14641061
22,42,0,14641062
3,56,0,14641314
50,45,0,14641491
12,29,0,14641536
20,43,3,14641772
21,44,0,14641774
16,51,3,14642063
5,50,3,14643445
53,43,0,14643480
12,23,3,14644990
13,24,0,14644991
59,20,2,14645872
2,33,5,14646467
7,22,3,14646721
8,23,0,14646723
10,43,5,14646834
4,30,5,14647529
18,48,6,14648102
17,31,5,14648164
15,34,6,14648339
3,55,5,14648417
19,47,5,14649566
56,47,1,14649883
23,39,5,14650095
6,50,5,14650167
16,52,6,14650253
24,50,2,14650296
8,46,6,14650454
43,39,5,14651693
2,33,6,14652392
4,30,6,14653504
17,51,5,14653538
10,23,0,14653793
18,46,3,14653946
24,37,5,14654785
25,1,0,14655578
4,53,6,14656062
6,32,2,14657243
21,43,5,14657734
4,52,3,14657992
34,14,0,14658683
16,33,5,14658825
9,45,5,14659451
7,48,6,14659490
53,43,3,14661480
2,23,3,14662331
6,32,1,14662876
3,55,6,14663153
4,54,5,14663288
3,21,6,14663483
17,35,0,14664285
15,38,0,14664819
5,29,5,14664964
10,43,6,14665279
25,42,5,14665780
11,45,0,14665883
7,23,3,14666244
8,24,0,14666246
5,58,0,14667617
8,47,5,14667729
7,26,6,14667758
3,32,5,14667791
3,54,3,14669294
4,55,0,14669295
6,49,3,14669443
6,50,6,14669911
28,28,3,14670398
29,29,0,14670399
4,51,3,14670528
18,48,3,14670684
19,49,0,14670686
21,42,3,14670712
22,43,0,14670713
17,19,3,14671523
18,20,0,14671525
19,46,3,14673337
20,47,0,14673338
3,32,6,14673430
16,32,0,14673654
7,29,0,14673791
19,47,6,14674001
11,42,5,14674485
17,51,6,14674654
9,5,4,14675272
3,56,5,14675867
5,29,6,14676050
5,51,3,14677366
6,52,0,14677368
18,50,5,14678515
33,12,3,14678658
17,50,3,14678723
18,49,6,14678809
43,39,6,14681101
4,54,6,14681822
42,44,0,14682410
8,47,6,14682562
33,10,3,14682625
34,11,0,14682626
6,28,5,14682663
16,33,6,14683037
14,37,5,14683510
50,46,0,14683999
42,43,0,14684735
33,11,3,14686169
34,12,0,14686170
4,31,5,14687080
11,7,0,14687730
12,39,3,14687882
13,40,0,14687883
1,38,1,14688156
26,33,3,14688237
26,43,0,14688782
19,29,3,14689668
20,30,0,14689669
17,32,5,14690402
5,53,5,14690851
4,53,3,14690899
9,46,5,14694875
7,48,3,14695063
36,24,1,14695564
4,31,6,14695668
54,39,3,14695880
34,14,3,14696171
33,9,3,14696317
34,10,0,14696320
3,55,3,14696502
4,56,0,14696504
3,56,6,14697019
15,56,5,14697570
3,21,3,14699276
4,22,0,14699278
2,34,6,14700182
44,35,0,14700338
4,20,5,14700543
14,37,6,14700993
33,7,3,14701082
34,8,0,14701084
6,50,3,14701107
7,51,0,14701110
6,28,6,14701428
17,24,7,14701699
7,27,5,14702273
16,24,4,14702293
1,36,5,14703157
4,55,5,14703336
3,33,5,14703402
49,35,3,14703473
50,36,0,14703474
15,61,3,14704604
16,62,0,14704605
44,38,5,14705162
58,44,3,14705260
59,45,0,14705261
25,40,3,14705603
16,34,5,14706899
2,32,6,14707335
5,30,5,14707427
28,29,3,14708863
29,30,0,14708865
17,51,3,14709815
18,52,0,14709817
19,47,3,14710007
19,47,0,14710009
9,46,6,14710101
16,53,3,14710108
5,52,3,14710514
5,52,0,14710515
17,58,6,14710780
19,50,0,14710958
9,61,5,14711293
1,52,5,14711630
21,43,3,14711874
22,44,0,14711875
1,53,6,14711943
60,42,0,14711973
17,24,4,14713154
12,30,0,14713321
34,13,3,14713637
19,30,5,14714040
33,6,3,14714072
9,62,6,14714167
1,38,5,14714612
1,36,6,14714972
1,51,7,14715894
17,32,6,14716420
15,36,5,14717507
13,39,6,14717516
60,43,0,14717664
4,55,6,14719026
4,54,3,14719036
5,55,0,14719039
34,12,3,14719599
35,13,0,14719600
19,30,6,14719712
2,35,5,14720551
7,27,6,14720720
10,45,5,14721227
1,51,4,14721720
5,54,5,14721884
9,61,6,14722396
18,57,5,14722515
16,23,7,14722754
14,38,5,14722911
5,30,6,14723204
34,11,3,14723874
35,12,0,14723875
8,25,5,14724381
2,52,5,14724585
55,37,5,14725195
7,50,6,14725212
10,60,5,14725389
53,47,6,14725463
10,61,5,14725478
18,24,4,14725625
11,61,6,14726821
1,52,6,14727047
33,10,6,14727354
4,20,6,14727454
34,10,3,14728019
35,11,0,14728020
4,20,3,14728200
17,53,5,14728347
16,34,6,14728976
53,44,4,14729202
48,42,4,14729286
18,19,6,14729912
6,29,5,14730288
18,58,6,14730904
15,34,0,14731816
24,51,6,14731913
17,23,7,14732001
5,54,6,14732388
34,10,5,14732686
8,26,5,14732946
14,23,7,14733121
28,30,3,14733281
10,28,5,14734428
19,18,5,14734908
18,57,6,14735489
8,49,5,14735658
2,52,6,14735948
18,31,5,14736079
34,11,5,14736109
12,60,5,14737294
14,23,4,14737555
2,35,6,14738269
47,41,7,14738709
10,60,6,14738716
24,50,6,14738910
54,47,6,14738933
34,8,3,14739247
35,9,0,14739248
15,36,6,14739328
11,22,5,14739745
15,23,7,14739804
39,40,4,14740473
54,46,5,14740556
1,51,6,14740912
2,51,5,14741152
6,53,5,14741241
8,25,6,14741632
34,14,6,14741835
34,9,3,14741854
35,10,0,14741856
35,13,3,14741996
29,29,5,14742109
12,23,6,14742131
47,41,4,14742274
37,28,4,14742343
19,57,5,14742547
17,23,4,14742608
1,50,5,14743061
12,42,5,14743958
12,60,6,14744271
34,9,5,14744905
46,42,7,14745130
17,33,5,14745373
5,19,5,14745783
15,23,6,14746405
6,29,6,14746945
19,33,0,14747628
5,20,6,14747632
15,23,4,14747812
14,38,6,14747984
28,26,6,14748465
21,44,3,14748469
22,45,0,14748470
12,28,3,14748570
17,56,6,14748676
38,39,6,14749015
45,35,5,14749088
46,35,0,14749347
59,48,5,14749457
7,55,5,14749524
36,5,6,14749910
12,22,5,14749935
2,51,6,14750131
1,18,6,14750177
17,23,5,14750199
55,37,6,14750273
3,51,5,14750411
11,59,5,14750531
13,23,6,14750562
30,25,1,14750816
19,56,5,14750847
18,23,4,14750930
3,53,5,14750969
1,49,4,14751176
46,42,4,14751209
18,24,6,14751267
3,34,5,14751556
3,23,6,14751608
4,19,6,14752251
3,50,4,14752807
52,52,3,14752870
53,53,0,14752872
13,59,5,14753023
11,21,5,14753334
16,23,4,14753848
49,43,7,14754014
17,52,3,14754124
18,53,0,14754126
14,22,7,14754131
32,25,6,14754235
55,46,5,14755426
16,23,6,14755450
15,22,5,14755842
18,23,5,14756570
49,43,4,14756746
47,42,7,14756861
54,46,6,14756877
7,55,6,14756952
53,54,0,14757016
54,42,6,14757184
18,31,6,14757405
16,35,5,14757485
2,50,5,14757511
45,35,6,14758041
17,53,6,14758058
45,35,3,14758148
46,36,0,14758150
16,22,7,14758203
3,51,6,14758215
19,31,5,14758352
54,41,7,14758370
2,49,7,14758578
32,21,1,14758768
11,22,6,14758804
6,55,6,14758875
35,13,5,14758934
55,47,6,14759219
13,22,5,14759307
1,17,5,14759669
5,31,5,14759785
22,27,0,14760027
17,22,7,14760465
2,49,4,14760724
37,4,5,14760735
34,11,6,14760937
13,29,3,14761506
55,42,6,14761669
51,41,2,14761693
3,53,6,14761781
3,50,5,14762012
39,38,5,14762014
1,49,5,14762358
5,19,6,14762457
59,48,6,14763014
35,28,7,14763172
1,50,6,14763284
47,42,4,14763420
16,22,5,14764005
1,48,7,14764204
15,22,7,14765317
11,59,6,14765403
17,22,4,14765633
12,22,6,14766301
2,50,6,14766337
48,42,7,14766420
17,23,6,14766466
35,10,3,14767024
36,11,0,14767025
5,18,5,14767239
19,57,6,14767629
1,48,4,14767638
19,18,6,14768365
46,41,7,14768604
14,22,5,14768905
36,3,7,14769123
34,9,6,14769217
35,11,3,14769277
4,50,5,14769508
2,49,5,14769557
2,17,5,14769647
35,28,4,14770545
38,1,7,14770694
15,27,5,14770792
3,34,6,14771314
48,42,4,14771817
46,41,4,14771852
11,20,5,14771924
1,49,6,14772110
18,35,0,14772405
8,54,5,14772435
18,55,5,14772547
7,28,5,14772571
55,41,5,14772679
18,23,6,14772789
15,22,4,14773021
12,58,5,14773079
3,50,6,14773351
17,30,6,14773625
1,48,5,14773650
49,58,7,14773757
35,9,3,14774022
36,10,0,14774025
3,49,5,14775082
17,22,5,14775117
54,41,6,14775328
4,49,4,14775438
13,22,6,14775780
36,13,5,14775802
12,21,5,14776400
37,4,6,14776511
55,45,5,14776942
11,21,6,14777045
4,52,5,14777626
35,8,5,14777685
8,49,3,14777734
8,54,6,14777786
18,27,0,14778042
35,10,5,14778052
14,21,7,14778312
16,22,6,14778566
13,58,6,14778668
20,56,5,14778741
12,58,6,14778800
34,7,6,14779280
6,18,5,14779346
18,54,5,14779623
16,22,4,14779716
3,48,7,14779861
55,40,7,14780701
18,29,6,14781137
18,29,5,14781139
2,17,6,14781319
3,48,4,14781661
54,40,5,14781792
47,41,7,14781836
2,49,6,14782006
5,18,6,14782874
4,49,5,14782885
56,41,5,14783000
1,17,6,14783026
4,33,5,14783175
18,22,5,14783203
4,22,5,14783291
13,21,5,14783699
2,48,5,14783861
55,41,6,14784360
37,28,4,14784771
15,37,5,14784783
35,13,6,14784843
36,8,0,14784901
14,22,6,14785007
21,54,0,14785140
2,47,7,14785892
4,52,6,14785906
47,41,4,14786271
15,21,7,14786556
1,48,6,14786738
29,25,5,14786894
11,23,5,14786902
2,47,4,14786994
11,20,6,14787800
3,49,6,14788207
19,22,5,14788320
14,57,5,14788840
13,57,5,14789742
5,31,6,14790184
56,46,5,14790512
3,48,5,14790563
18,54,6,14791399
12,21,6,14791501
2,48,6,14791566
56,46,6,14792050
6,18,6,14792672
2,16,5,14793249
14,21,5,14793633
36,27,7,14794010
1,46,7,14794030
1,38,5,14794650
54,40,6,14794830
46,40,7,14795031
18,21,7,14795435
13,57,6,14795453
55,45,6,14795808
61,47,5,14796062
55,40,5,14796236
2,47,5,14796678
17,21,5,14796747
52,41,3,14797188
53,42,0,14797189
16,21,7,14797230
18,22,6,14797251
19,50,5,14797318
12,20,5,14797474
1,46,4,14797683
18,21,4,14797806
5,51,5,14797819
15,21,5,14798202
18,26,6,14798270
12,30,7,14798787
19,53,5,14798867
20,26,5,14799247
42,27,7,14799539
36,27,4,14799648
3,48,6,14799680
56,41,6,14800367
56,40,5,14800456
39,14,4,14800536
13,24,6,14800991
35,6,5,14801041
59,45,5,14801100
16,21,4,14801323
55,42,4,14801787
1,46,5,14801880
15,52,5,14801898
6,17,5,14801949
9,50,6,14801990
18,52,5,14802010
36,13,6,14802331
15,24,5,14802713
35,10,6,14803010
36,12,5,14803616
12,19,5,14804433
47,40,7,14804504
1,61,4,14804692
3,47,5,14805138
17,33,6,14805712
58,35,5,14806021
15,28,4,14806305
13,51,5,14806426
20,60,0,14806573
14,56,5,14806722
2,47,6,14806810
2,16,6,14806870
2,61,6,14807016
39,39,7,14807268
14,21,6,14807359
19,30,5,14807878
13,20,5,14808101
45,41,0,14808322
2,60,7,14808454
1,60,7,14808606
47,40,4,14809043
37,12,5,14810044
36,11,5,14810572
7,17,5,14810674
19,21,5,14811251
15,20,7,14811332
5,60,3,14811649
6,61,0,14811651
17,26,0,14811705
55,40,6,14812136
2,60,4,14812141
4,47,5,14812576
56,44,5,14812887
17,21,6,14813105
19,53,6,14813145
3,60,5,14813350
1,60,4,14813430
36,9,5,14813506
11,23,6,14813793
14,56,6,14814026
55,39,5,14814097
4,60,5,14814125
19,52,5,14814209
5,51,6,14814497
1,46,6,14814543
12,20,6,14815398
1,38,6,14815478
4,46,7,14815497
10,49,5,14815521
56,45,6,14815619
56,40,6,14815827
40,22,6,14815910
18,20,7,14816375
20,26,6,14816676
36,26,7,14817135
6,17,6,14817168
1,59,7,14817485
12,30,4,14817518
36,12,6,14817589
46,39,7,14817606
4,46,4,14817722
3,60,6,14817797
36,8,3,14818015
14,23,5,14818031
3,47,6,14818063
41,22,4,14818553
48,40,4,14818918
41,28,4,14819322
54,37,6,14819450
6,30,5,14819521
12,19,6,14819618
38,1,7,14820028
18,52,6,14820038
1,45,5,14820154
39,40,4,14820469
35,8,6,14820571
37,12,6,14820703
55,41,7,14821247
46,39,4,14821555
15,55,5,14821682
16,25,5,14821909
57,40,5,14822397
22,52,0,14822811
3,46,5,14822896
36,26,4,14823140
14,55,5,14823265
55,40,4,14823318
1,59,4,14823549
13,20,6,14823676
56,39,5,14824203
4,59,5,14824230
4,47,6,14824464
19,25,5,14824798
15,20,5,14824920
19,52,6,14825238
2,45,5,14825495
51,41,4,14825561
12,22,5,14825683
2,46,6,14826171
4,46,5,14826683
6,50,5,14826778
35,6,6,14826869
47,39,7,14826965
1,58,7,14827004
3,58,7,14827524
7,17,6,14827952
15,55,6,14828024
17,20,7,14828146
37,0,7,14828166
38,1,4,14828167
37,0,4,14828168
16,20,4,14828195
49,40,4,14828238
4,59,6,14828419
6,49,5,14828647
36,7,5,14828666
38,39,7,14828711
60,45,5,14829774
13,19,5,14829872
37,20,5,14829956
2,37,5,14830044
36,7,3,14830234
18,20,5,14830438
41,21,5,14830625
1,45,6,14831034
42,21,6,14831053
49,57,7,14831092
38,39,4,14831269
14,55,6,14831306
19,20,4,14831373
6,47,5,14831624
16,14,3,14831759
17,15,0,14831760
36,6,3,14831772
47,39,4,14832229
55,39,6,14832396
20,25,6,14832608
39,39,7,14832722
42,21,7,14833117
59,45,6,14833384
36,11,6,14833441
50,40,7,14833643
7,16,5,14834441
13,6,0,14834519
3,46,6,14834573
17,20,4,14834878
40,21,7,14834899
57,39,5,14834942
56,43,5,14834945
43,22,6,14834958
5,46,5,14835401
52,36,6,14835640
12,51,5,14836161
2,45,6,14836721
6,50,6,14836781
56,39,6,14836985
16,54,5,14837495
48,39,7,14837723
54,41,0,14837968
56,41,4,14838237
14,23,6,14838462
39,39,4,14838464
20,58,3,14838906
14,19,5,14839304
44,29,6,14839508
41,21,6,14839539
37,11,5,14839771
36,6,5,14839797
50,40,4,14839940
13,18,5,14840142
18,19,7,14840234
36,9,6,14840236
15,20,6,14840270
3,44,7,14840386
43,19,3,14840462
12,21,5,14840503
3,45,5,14840763
5,60,0,14840777
15,54,5,14841290
16,30,4,14841843
5,45,7,14841930
40,38,4,14841970
5,45,4,14842048
4,46,6,14842149
46,38,7,14842392
56,38,7,14842439
21,57,0,14842644
6,47,6,14842839
1,27,5,14843366
3,44,4,14843432
16,19,7,14843443
36,5,5,14843619
61,45,6,14843647
2,44,5,14843730
18,20,4,14843991
48,39,4,14844020
15,50,6,14844413
6,49,6,14844435
7,49,5,14844477
1,59,4,14844831
7,47,5,14844848
21,25,5,14844872
42,21,4,14844926
18,20,6,14845065
16,49,5,14846389
2,43,7,14847050
4,44,7,14847197
5,46,6,14847337
53,35,5,14847377
38,38,7,14847412
55,40,7,14847488
4,45,5,14847702
17,19,7,14848288
15,29,7,14848636
3,45,6,14848771
49,39,7,14848778
7,57,4,14848823
15,54,6,14849000
37,11,6,14849117
40,21,4,14849337
13,19,6,14849413
39,21,4,14849680
37,20,6,14850487
4,44,4,14850687
2,43,4,14850958
8,49,0,14851140
15,48,7,14851634
20,15,7,14851974
37,10,5,14852053
5,60,5,14852425
6,56,7,14852508
8,48,3,14852674
9,49,0,14852675
50,38,4,14852853
7,46,5,14852863
7,16,6,14853353
56,38,5,14853419
60,45,6,14853560
1,43,5,14853584
60,44,5,14853667
3,44,5,14853917
5,45,5,14854698
43,20,5,14854775
4,33,6,14854806
2,44,6,14855206
26,50,0,14855277
37,10,3,14855549
47,38,7,14855726
7,49,6,14855874
4,45,6,14855900
56,43,6,14855915
49,39,4,14856254
36,7,6,14856267
7,28,6,14856538
6,56,4,14856634
55,25,0,14856677
7,48,5,14857281
6,19,5,14857574
37,9,5,14857658
45,18,7,14857710
29,25,6,14857917
14,19,6,14857919
2,25,6,14858028
19,19,4,14858563
16,19,5,14859001
7,57,5,14859023
16,53,5,14859070
37,21,4,14859428
6,46,6,14859437
7,45,7,14859898
37,8,5,14860017
36,6,6,14860369
5,59,6,14860448
42,20,5,14860573
56,40,7,14860626
2,43,5,14860716
16,50,6,14860847
58,29,3,14860975
7,45,4,14861125
4,44,5,14861161
1,42,7,14861433
12,21,6,14862328
8,16,5,14862403
16,49,6,14862581
33,28,6,14863183
6,45,5,14863253
17,19,4,14863413
19,31,6,14863576
36,5,6,14863746
39,38,7,14863769
39,38,4,14864151
1,56,0,14864262
16,29,4,14864269
40,37,7,14864783
57,38,5,14864849
3,44,6,14865016
7,57,6,14865210
1,43,6,14865329
6,44,7,14865654
37,7,3,14865769
7,47,6,14865788
8,15,4,14865844
19,19,5,14865864
18,32,5,14865869
8,27,5,14865959
37,8,3,14866419
5,32,5,14866814
5,45,6,14867018
15,37,6,14867061
13,18,6,14867458
6,30,6,14867626
33,2,0,14867776
1,42,4,14868272
39,20,5,14868419
1,35,5,14868554
7,55,4,14868641
14,18,5,14869006
16,53,6,14869184
1,42,5,14869729
7,46,6,14869836
6,58,5,14870365
37,5,3,14870948
3,43,5,14871282
48,38,7,14871392
3,24,5,14871747
20,19,5,14871788
1,34,5,14871834
5,44,5,14872195
37,7,5,14872631
50,56,4,14873083
8,48,5,14873139
18,19,4,14873386
8,16,6,14873482
12,44,3,14874075
6,19,6,14874351
37,38,6,14874527
1,56,5,14874554
4,44,6,14874622
9,55,0,14874849
7,45,5,14875017
8,56,5,14875060
1,33,7,14875085
6,58,6,14875105
6,44,4,14875156
48,38,4,14875196
42,20,6,14875934
14,49,6,14875983
6,45,6,14876026
15,48,5,14876176
36,4,6,14876212
5,43,7,14876272
18,29,6,14876694
2,43,6,14877092
15,18,5,14877516
51,17,7,14877672
7,48,6,14877691
15,21,5,14877717
4,21,3,14877718
43,20,6,14877743
13,44,5,14878090
17,48,5,14878262
4,22,6,14879108
16,19,6,14879781
37,5,5,14879870
40,38,4,14879886
19,18,7,14880233
1,56,6,14880609
16,48,6,14880631
19,62,7,14881006
5,43,4,14881124
16,22,3,14881203
17,23,0,14881204
5,21,5,14881469
7,44,7,14881803
6,44,5,14881943
20,47,3,14881944
21,48,0,14881946
4,43,5,14882011
13,20,5,14882307
7,45,6,14882841
37,9,6,14882878
7,44,4,14882893
1,26,5,14882928
37,10,6,14882990
8,45,5,14883125
7,15,6,14883196
56,38,6,14884149
3,24,6,14884258
2,42,5,14884318
1,33,4,14884419
16,36,5,14884703
17,18,7,14884888
48,17,5,14884921
14,18,6,14885139
8,56,6,14885410
19,30,6,14885904
59,32,7,14886504
20,51,4,14886529
1,42,6,14886750
7,29,5,14887071
7,18,5,14887159
4,42,7,14887326
3,43,6,14887432
1,41,5,14887455
56,37,5,14887598
37,4,5,14887770
5,44,6,14888230
49,38,7,14888622
18,18,5,14889005
8,47,5,14889104
8,48,6,14889139
19,18,4,14889164
16,52,5,14889223
7,57,5,14889994
1,45,4,14890003
37,7,6,14890042
19,19,6,14890575
6,43,7,14890652
8,27,6,14890738
8,54,4,14890807
1,34,6,14890831
6,43,4,14891080
31,26,6,14891099
37,3,5,14891420
15,47,5,14891625
14,17,5,14891938
15,48,6,14891995
60,44,6,14892402
4,23,5,14892538
7,44,5,14892709
17,52,5,14892853
39,37,7,14892918
16,47,5,14892957
5,43,5,14893188
4,54,5,14893670
37,8,6,14893776
56,38,4,14893954
8,55,6,14894057
1,44,7,14894221
42,20,4,14894468
16,54,6,14894608
16,18,5,14894761
1,33,5,14895496
8,46,5,14895524
9,55,5,14895533
38,10,5,14895773
1,44,4,14895894
1,48,5,14896595
13,57,7,14897013
9,26,5,14897475
2,33,4,14897767
4,42,4,14897798
4,43,6,14897978
39,37,4,14898898
18,32,6,14899131
16,52,6,14899164
7,43,7,14899184
9,15,5,14899710
21,49,6,14899969
1,25,4,14900105
6,44,6,14900544
2,42,6,14900708
10,47,0,14901562
17,47,4,14901741
38,1,0,14901781
9,54,5,14902362
29,29,6,14903179
1,35,6,14903207
7,57,6,14903271
4,54,6,14903632
18,18,7,14903951
29,29,3,14904028
49,38,4,14904135
1,26,6,14904345
8,45,6,14904517
1,32,7,14904637
57,38,6,14904659
4,42,5,14904676
20,29,5,14904918
15,18,6,14905295
9,55,6,14905743
30,28,5,14905786
17,47,5,14906012
15,47,6,14906213
8,56,5,14906254
38,8,5,14907247
2,54,6,14907405
7,29,6,14907518
1,32,4,14907825
17,21,5,14907961
30,28,6,14908018
38,10,6,14908260
38,7,3,14908337
39,8,0,14908338
37,5,6,14908566
4,34,6,14908704
7,43,4,14908711
6,43,5,14908829
10,24,6,14908872
2,44,4,14908911
2,41,5,14909600
38,6,3,14909661
56,39,7,14909699
17,18,5,14910024
1,44,5,14910283
2,34,5,14910424
8,47,6,14910931
53,39,0,14911236
8,14,5,14911277
9,47,5,14911553
48,3,0,14911702
20,61,4,14911857
4,23,6,14912054
20,61,5,14912663
5,53,5,14912693
37,4,6,14912879
1,43,7,14913065
2,33,5,14913775
14,17,6,14913832
5,43,6,14913948
1,25,5,14914008
25,37,3,14914048
11,23,5,14914211
7,44,6,14914507
10,54,5,14914580
18,18,4,14914737
19,31,5,14914931
6,42,7,14915756
9,35,0,14915992
9,26,6,14916874
8,28,5,14917031
3,53,5,14917624
17,51,5,14917832
9,54,6,14918690
50,17,6,14918885
6,42,4,14918888
8,56,6,14919111
18,18,6,14919193
38,37,7,14919983
19,51,7,14920055
17,47,6,14920198
29,37,6,14920211
5,22,5,14920424
42,25,7,14921255
8,55,5,14921362
5,42,5,14921405
38,6,5,14921562
20,29,6,14922231
1,33,6,14922404
8,43,4,14922493
9,15,6,14922647
5,53,6,14922741
17,23,6,14922827
1,48,6,14922969
44,19,5,14923079
7,14,6,14923165
1,43,4,14923186
37,3,6,14923377
15,17,5,14923998
20,18,5,14924647
10,53,5,14924659
16,38,0,14924924
19,23,4,14924994
56,37,6,14925505
7,43,5,14925538
32,25,5,14925756
9,52,4,14926002
52,39,4,14926009
38,4,3,14926234
39,5,0,14926235
2,41,6,14926269
40,37,4,14926352
17,53,5,14926412
18,28,6,14926493
19,27,5,14926496
48,37,7,14926513
8,46,6,14926902
16,47,6,14927102
20,61,6,14927365
5,41,7,14928025
1,24,7,14928378
3,53,6,14928812
1,44,6,14929151
43,19,5,14929298
4,42,6,14929562
2,43,7,14929674
38,4,5,14929731
9,44,5,14929901
16,18,6,14929975
1,32,5,14930124
8,55,6,14930162
50,38,4,14930336
7,42,7,14930416
10,54,6,14930674
45,19,7,14931735
22,48,5,14931956
9,43,7,14932100
6,43,6,14932948
2,34,6,14933368
1,24,4,14934123
6,52,5,14934144
2,18,0,14934154
57,37,5,14934214
2,43,4,14934611
10,25,5,14934712
4,32,6,14934866
13,44,6,14935157
16,46,5,14935241
2,25,5,14935678
9,55,5,14935747
6,42,5,14935882
5,22,6,14936099
5,41,4,14936116
1,43,5,14936500
9,46,5,14936524
39,24,4,14937558
51,38,5,14937778
1,42,7,14938253
17,46,5,14938789
38,3,3,14938957
39,4,0,14938958
9,43,4,14938963
17,51,6,14939527
19,51,4,14939583
21,23,4,14939757
8,28,6,14940419
56,28,5,14940476
14,55,4,14940531
7,42,4,14940793
10,53,6,14940807
8,43,5,14940984
38,8,6,14941296
13,55,5,14941447
19,22,7,14941532
11,53,5,14941598
15,16,5,14941929
4,52,5,14942158
1,31,4,14942386
3,33,5,14942812
2,33,6,14942998
59,32,6,14943233
47,33,0,14943576
30,36,5,14944183
51,38,7,14944412
16,46,6,14944581
1,25,6,14945191
9,45,5,14946518
6,41,7,14946695
39,36,7,14947112
5,42,6,14947221
4,50,3,14947369
5,51,0,14947372
39,9,5,14947490
9,55,6,14947666
1,42,4,14947762
20,59,5,14948038
9,54,5,14948143
22,54,3,14948216
14,43,5,14948459
2,32,5,14948576
6,21,5,14948783
9,27,5,14949320
61,43,5,14949411
21,24,3,14949439
16,17,5,14949468
38,1,3,14949682
39,2,0,14949684
55,37,7,14950081
9,44,6,14950378
16,58,0,14950413
7,43,6,14950497
6,52,6,14950821
5,31,5,14951108
17,18,6,14951446
21,28,5,14952336
18,50,7,14952388
11,53,6,14952467
22,48,6,14952481
1,18,5,14952648
8,42,7,14952853
11,14,0,14953788
2,43,5,14953918
4,52,6,14954702
5,41,5,14954884
11,52,5,14955109
32,25,6,14955287
58,37,5,14955682
6,33,6,14956261
9,46,6,14957591
47,53,4,14958135
9,54,6,14958200
6,41,4,14958854
3,40,5,14959045
7,33,0,14960204
49,37,7,14960664
1,32,6,14960901
20,59,6,14961136
1,24,5,14961259
10,54,5,14962119
10,54,6,14962126
18,46,5,14962513
51,38,4,14962517
10,25,6,14962548
51,16,5,14963461
8,42,4,14964137
38,6,6,14964350
7,42,5,14964773
10,14,5,14965066
15,54,7,14966572
1,18,6,14967160
16,45,5,14967685
19,17,5,14968299
2,24,4,14968881
2,17,5,14969970
17,46,6,14970159
18,50,5,14970305
5,51,5,14970356
1,43,6,14970507
5,31,6,14971740
1,42,5,14971765
8,43,6,14972228
6,42,6,14972352
6,21,6,14972545
11,52,6,14972584
2,25,6,14973020
15,54,4,14973193
4,51,6,14973316
48,37,5,14973326
41,19,7,14973989
7,21,0,14974456
34,23,0,14974472
2,17,6,14975378
49,37,4,14975433
6,30,5,14976766
11,24,5,14976790
21,58,5,14976937
6,41,5,14977769
7,41,7,14977834
3,33,6,14977855
9,51,4,14977903
39,7,3,14977928
40,8,0,14977929
22,58,0,14978575
15,17,6,14979175
49,57,4,14979560
8,13,5,14981040
1,23,7,14981181
1,30,7,14982618
8,42,5,14983362
57,37,6,14983624
5,51,6,14984494
1,45,3,14984505
2,46,0,14984508
2,43,6,14984510
10,45,5,14984552
22,26,6,14984990
3,32,5,14986171
40,8,3,14986782
21,58,6,14987042
12,51,5,14987797
57,3,5,14988195
7,20,5,14988308
17,17,5,14988448
5,50,5,14990011
39,9,6,14990046
58,37,6,14990198
45,17,6,14990309
17,49,5,14992061
2,32,6,14992230
50,37,7,14992271
17,45,5,14993128
8,18,6,14994626
5,41,6,14994858
29,30,3,14994925
52,38,4,14995399
10,43,5,14996053
62,42,7,14996297
21,23,3,14996501
22,24,0,14996502
18,50,6,14996833
28,32,3,14997162
29,33,0,14997164
7,42,6,14999722
6,50,5,15001539
17,50,6,15002659
61,43,6,15002855
2,24,5,15003072
57,36,5,15003505
5,50,6,15003962
1,30,4,15005542
1,42,6,15005583
1,23,4,15006115
2,42,5,15006649
15,41,6,15007479
22,57,4,15007877
50,37,4,15008134
48,36,7,15009632
10,50,4,15009865
3,40,6,15009974
62,42,4,15010007
8,50,7,15010055
3,31,4,15010444
18,45,4,15010988
15,16,6,15011546
19,17,7,15011551
46,32,6,15011562
16,45,6,15011565
8,50,4,15011702
2,31,5,15011874
6,30,6,15011892
12,51,6,15012079
13,45,6,15012128
16,17,6,15012478
58,36,5,15013736
47,27,6,15013865
9,42,5,15014724
56,28,6,15016206
7,41,5,15016912
6,50,6,15017518
7,49,7,15017724
51,37,7,15017979
48,37,6,15018641
23,56,0,15018654
6,41,6,15019154
5,23,6,15020445
18,45,5,15020531
56,39,6,15020819
41,36,4,15020855
23,47,5,15021179
1,41,5,15022503
48,36,4,15022681
4,32,5,15022848
6,49,5,15023130
10,45,6,15023398
17,49,6,15023411
61,41,7,15023475
13,50,5,15025496
18,17,5,15025741
19,49,5,15025868
49,36,7,15026043
59,36,5,15026670
18,49,5,15027391
17,45,6,15027532
6,22,5,15027909
10,43,6,15028491
3,42,5,15028677
8,42,6,15028792
2,30,7,15029003
4,42,4,15029231
14,43,6,15029303
3,32,6,15030367
50,37,5,15031128
23,47,6,15031251
2,45,3,15031646
51,37,4,15031940
8,49,4,15032431
2,42,6,15032990
22,56,5,15033257
9,41,4,15033378
1,31,6,15034005
13,49,4,15034054
8,41,5,15034161
62,42,5,15034929
7,49,5,15034972
39,6,3,15035662
2,23,7,15035665
1,24,6,15036945
3,41,7,15036971
6,49,6,15036995
14,44,5,15037015
40,35,7,15037112
18,45,6,15037265
58,36,6,15037669
19,17,4,15038189
49,36,4,15038684
3,41,4,15038788
61,41,4,15039200
2,30,4,15039452
57,36,6,15040328
12,51,5,15040685
6,40,5,15041292
2,41,5,15041785
19,17,6,15041795
52,37,7,15042411
24,46,5,15043390
4,39,5,15043736
12,48,7,15045044
47,33,6,15045079
19,49,6,15045710
17,44,5,15045756
58,40,5,15046182
51,37,5,15046984
22,56,6,15047312
10,14,6,15047345
18,49,6,15047360
8,40,7,15047387
1,30,5,15049217
2,40,7,15050131
4,31,4,15050134
7,41,6,15050186
16,16,5,15050310
3,31,5,15050520
10,41,7,15050960
50,45,6,15052029
42,18,7,15052401
12,48,4,15052617
7,49,6,15053421
7,48,5,15053438
3,24,5,15053861
24,21,3,15054402
25,22,0,15054405
51,53,4,15054517
17,17,6,15054659
3,42,6,15055296
14,18,5,15055423
1,41,6,15055456
52,37,4,15055588
50,36,7,15055853
2,39,7,15057511
60,40,7,15057614
10,41,4,15057679
1,23,5,15057711
2,23,4,15057840
11,44,5,15059179
55,30,0,15059750
48,26,5,15060127
18,44,5,15061055
7,40,5,15061635
4,41,7,15061909
58,35,7,15062025
47,35,5,15062475
48,32,5,15062652
3,30,7,15063283
50,36,4,15063902
1,43,5,15064110
9,41,5,15064802
2,24,6,15065082
8,40,4,15065203
1,29,7,15065349
24,45,7,15065586
11,42,5,15065652
13,48,4,15065889
7,48,7,15066298
40,8,5,15066647
58,35,5,15066743
49,36,5,15066928
4,32,6,15067287
44,33,4,15067775
56,30,1,15067870
7,49,4,15067877
2,31,6,15068850
38,4,6,15068915
20,17,6,15068934
4,41,4,15069583
62,42,6,15070646
18,48,5,15070759
2,40,4,15072234
3,23,7,15072248
7,48,6,15072369
8,13,6,15072626
1,40,5,15072639
48,35,7,15072655
3,41,5,15072660
3,30,4,15072851
9,40,7,15072912
8,48,5,15073932
1,22,7,15074649
50,37,6,15074810
10,13,5,15075493
2,30,5,15075690
8,41,6,15075789
4,42,6,15076343
19,44,5,15076617
12,47,7,15077770
17,44,6,15077788
19,48,5,15077841
53,37,4,15078445
18,17,6,15078457
2,41,6,15079011
4,39,6,15079593
39,5,3,15079606
10,48,4,15079871
16,15,5,15080856
7,31,6,15080909
9,18,0,15080914
9,29,6,15081388
3,40,7,15082429
3,23,4,15083002
39,4,3,15083040
1,42,5,15083116
10,42,6,15083118
1,43,6,15083757
60,40,4,15083767
14,47,3,15084285
15,48,0,15084286
9,47,7,15084325
17,16,5,15084593
39,22,7,15084761
5,41,4,15084830
3,38,5,15084990
51,36,7,15085844
2,23,5,15085872
4,31,5,15087015
16,40,5,15087228
2,46,3,15087265
23,52,6,15087295
58,35,4,15087617
1,29,4,15087987
59,35,4,15088030
8,40,5,15088305
7,59,0,15088882
15,42,5,15089652
8,47,5,15089797
2,40,5,15089810
9,40,4,15089971
8,48,6,15090791
4,41,5,15091302
11,24,6,15091677
3,31,6,15092749
41,35,4,15092845
3,40,4,15093356
18,44,6,15093562
19,16,7,15094427
2,29,7,15094437
2,43,5,15094647
11,47,7,15096148
6,42,5,15096355
10,28,5,15097137
20,16,5,15097601
3,44,3,15098083
4,45,0,15098086
49,35,7,15098087
7,40,6,15098542
9,17,5,15098803
11,44,6,15098935
1,40,6,15099113
2,39,7,15099566
10,47,7,15099686
12,44,5,15099792
3,41,6,15100364
8,39,7,15100412
42,43,3,15101306
51,37,6,15101511
3,43,3,15101638
23,54,5,15101930
11,13,5,15101988
1,23,6,15102183
51,44,5,15103359
10,47,4,15103557
21,28,6,15103997
39,2,3,15104106
40,3,0,15104108
48,35,4,15104193
3,24,6,15104379
7,20,6,15105235
19,44,6,15105628
3,15,3,15105735
4,16,0,15105736
11,52,6,15105750
39,22,4,15105773
4,40,7,15105988
8,30,5,15106065
17,53,6,15106091
11,42,6,15106377
51,36,4,15106634
15,19,0,15107250
42,18,4,15107274
4,23,7,15107588
5,14,0,15107613
4,40,4,15107685
10,40,4,15107703
18,48,6,15107897
16,16,6,15108074
1,39,5,15108266
3,30,5,15109110
9,47,5,15109145
19,48,6,15109266
43,44,3,15109287
44,45,0,15109288
10,15,6,15109419
39,5,5,15110709
12,23,5,15110731
1,29,5,15110900
8,47,6,15110934
3,40,5,15110995
8,39,4,15111477
5,41,5,15111493
34,24,0,15111684
10,24,6,15111917
1,42,6,15112393
9,28,3,15113283
9,40,5,15113399
2,29,4,15114057
11,41,5,15114302
42,35,4,15115051
52,36,7,15115505
6,22,6,15116293
8,19,5,15116882
20,32,0,15116957
2,40,6,15117241
46,51,6,15117428
11,47,4,15117754
2,43,6,15117937
40,34,7,15118218
5,31,5,15118646
18,16,5,15118725
18,43,5,15118855
2,42,5,15118862
9,17,6,15118946
39,3,5,15119686
25,39,6,15120499
3,23,5,15120729
21,21,4,15120808
8,40,6,15122047
23,54,6,15122620
5,38,5,15123085
49,36,6,15123161
4,23,4,15123210
2,30,6,15123362
5,43,3,15123837
6,44,0,15123838
48,15,7,15123967
7,21,5,15124209
10,28,6,15124631
10,46,7,15124787
5,40,7,15124789
17,14,3,15124870
18,15,0,15124872
32,31,3,15124882
24,53,4,15125750
6,42,6,15125879
11,14,5,15126507
4,41,6,15126676
9,47,4,15127427
1,22,5,15127687
9,39,7,15127776
58,34,7,15128267
4,31,6,15128281
22,27,5,15128286
3,39,7,15128441
8,30,6,15128538
9,46,5,15128576
10,17,0,15128688
2,39,5,15128953
21,16,5,15129076
16,15,6,15129481
20,52,0,15129575
19,43,5,15129724
9,39,4,15130656
5,40,4,15130737
51,36,5,15130816
16,40,6,15130948
50,35,7,15131174
52,36,4,15131876
4,40,5,15132180
24,53,5,15132438
16,43,0,15132628
47,17,6,15132799
17,16,6,15133267
55,36,3,15133365
2,23,6,15133618
10,27,5,15133764
3,39,4,15134475
10,13,6,15135046
12,44,6,15135171
1,28,7,15135276
12,43,5,15135426
1,45,5,15135441
8,39,5,15135483
20,47,5,15135806
26,38,5,15135908
10,16,5,15136137
2,38,7,15136258
1,21,5,15136463
19,47,5,15136755
12,41,5,15136860
17,40,0,15136887
3,16,3,15136972
22,53,4,15137353
52,36,5,15137665
4,14,3,15137734
2,42,6,15137946
58,35,6,15138153
15,20,5,15138462
4,30,5,15138822
41,34,7,15138865
3,40,6,15138936
59,35,5,15139012
5,41,6,15139383
11,12,7,15139468
19,16,5,15139551
21,52,7,15140353
21,52,4,15140605
49,26,6,15141654
5,23,4,15141757
15,46,4,15141868
23,53,6,15142150
2,38,4,15142175
4,39,7,15142182
49,35,5,15142257
39,5,6,15142656
9,29,3,15142841
20,43,5,15143826
50,35,4,15143995
50,36,6,15144145
12,23,6,15144401
3,42,5,15144661
39,3,3,15144784
9,46,6,15145183
10,39,7,15145213
12,40,7,15145241
41,34,4,15145258
10,46,4,15145361
33,24,5,15145390
14,45,7,15145744
4,23,5,15146030
1,39,6,15146085
11,41,6,15146188
9,40,6,15146597
8,38,7,15146964
20,25,3,15147257
3,30,6,15147285
2,41,5,15147289
24,52,5,15147472
62,41,6,15147753
1,29,6,15147932
20,16,4,15147978
18,43,6,15148283
8,19,6,15149037
6,40,4,15149171
4,29,7,15149207
28,34,5,15149439
3,39,5,15149524
2,22,5,15149843
2,39,4,15149988
23,52,5,15150142
43,32,7,15150159
22,21,4,15150675
5,40,5,15151005
48,54,5,15151026
1,28,4,15151440
1,41,5,15151557
13,42,3,15151572
34,21,6,15151578
51,35,7,15152415
5,31,6,15153278
17,21,6,15153394
9,39,5,15153467
3,17,3,15153764
48,50,4,15154450
7,41,5,15154956
4,39,4,15154976
53,36,4,15155176
7,21,6,15155243
11,45,7,15155530
20,48,5,15155558
47,50,5,15155603
12,40,4,15156200
18,37,5,15157001
2,39,6,15157070
11,12,4,15157232
3,29,5,15157347
47,52,7,15157396
11,14,6,15157436
13,22,5,15157783
51,51,7,15157805
5,39,7,15157903
20,51,7,15158156
17,15,5,15158427
11,27,5,15158829
9,18,5,15158926
10,39,4,15159044
58,34,4,15159238
4,29,4,15159368
10,45,5,15159839
50,35,5,15160184
5,52,0,15160275
11,13,6,15160321
3,23,6,15160848
20,47,6,15160936
12,43,6,15161077
18,16,6,15161246
13,43,5,15161549
1,22,6,15161617
4,40,6,15162936
19,47,6,15163231
24,52,6,15163235
5,39,4,15163276
1,45,6,15163312
23,52,6,15163627
8,39,6,15163849
20,43,6,15163975
51,35,4,15164188
51,36,6,15164209
5,30,5,15164591
2,38,5,15164936
22,21,2,15165062
3,41,5,15165581
4,22,7,15165648
20,24,3,15165701
42,34,4,15166415
6,40,5,15167187
1,36,5,15167193
2,44,5,15167388
21,20,7,15167557
8,20,5,15167644
58,59,4,15167761
2,36,0,15167998
4,39,5,15168333
24,51,5,15168463
47,52,4,15168486
59,34,5,15168546
21,29,6,15168824
52,35,7,15169348
4,42,5,15169970
1,43,0,15170606
22,27,6,15170832
26,17,5,15170855
11,16,0,15171117
11,39,7,15171327
26,40,0,15171548
58,33,7,15171825
34,22,5,15171843
12,41,6,15172125
49,35,6,15173157
3,39,6,15173480
11,39,4,15173488
26,38,6,15173855
19,42,5,15174339
59,35,6,15174540
10,45,6,15174768
10,39,5,15174794
4,30,6,15175074
19,43,6,15175272
50,14,7,15175415
24,44,6,15175518
12,40,5,15175594
3,42,6,15175627
1,41,6,15175967
12,42,6,15175999
9,38,7,15176230
51,35,5,15176927
10,16,6,15177016
48,50,5,15177251
11,27,6,15177852
3,28,7,15177933
25,22,5,15178371
50,34,7,15178487
12,13,5,15178600
52,35,4,15178851
5,40,6,15178927
16,45,4,15179064
5,23,5,15179329
18,37,6,15179384
52,36,6,15179566
41,33,7,15179675
4,15,3,15179958
47,50,6,15180908
25,51,5,15181401
4,38,7,15181413
55,29,6,15181484
9,18,6,15181659
13,22,6,15181704
9,17,3,15181827
27,35,3,15182195
25,12,5,15183018
29,31,3,15183619
8,32,3,15184322
9,33,0,15184323
2,18,3,15184535
3,19,0,15184536
24,51,6,15184616
1,44,5,15184905
9,38,4,15185099
13,42,5,15185291
50,35,6,15185734
50,42,5,15185764
22,28,5,15185825
13,41,5,15186093
53,35,7,15186252
8,37,7,15186436
28,34,6,15186589
8,20,6,15186699
7,30,7,15186861
11,15,5,15187527
2,19,3,15187582
2,19,0,15187584
20,42,5,15187762
30,29,3,15188368
53,14,4,15188773
3,38,5,15188959
23,26,5,15189729
10,38,7,15189820
12,26,5,15190014
9,39,6,15190400
59,34,6,15190587
6,39,4,15190593
60,28,5,15191039
11,40,6,15191813
12,44,7,15192349
4,22,4,15192397
45,16,5,15192408
26,39,5,15192759
52,35,5,15193285
57,34,7,15194010
20,32,5,15194301
60,28,6,15194847
16,49,0,15194883
3,41,6,15195276
51,34,7,15195287
15,20,6,15195428
53,35,4,15195478
11,44,5,15195789
21,46,5,15195897
14,45,4,15196676
18,15,5,15197012
1,36,6,15197187
19,16,6,15197303
13,43,6,15198540
6,30,5,15198863
20,51,6,15199014
27,37,5,15199593
5,42,3,15199617
6,43,0,15199618
13,41,6,15199704
10,17,5,15200199
7,30,4,15200407
60,34,5,15200461
1,43,5,15200570
2,28,5,15201500
48,50,6,15201645
4,41,5,15201729
59,36,4,15202090
3,21,7,15202177
51,35,6,15202446
21,26,6,15203262
10,28,6,15203552
21,42,5,15203946
59,33,4,15204510
50,34,4,15204676
51,34,4,15204907
59,33,5,15205242
27,17,5,15205394
53,35,5,15205683
13,44,7,15205904
14,49,6,15206278
50,14,4,15207018
4,39,6,15207429
11,39,5,15207434
14,21,5,15208497
6,40,6,15209227
52,34,7,15209451
49,33,7,15209663
9,19,5,15210009
13,23,5,15210365
54,35,4,15210824
48,49,5,15210858
13,40,5,15211300
52,13,7,15211380
19,36,0,15212429
12,44,5,15212522
9,38,5,15212986
19,42,6,15214991
25,43,5,15215020
60,33,5,15215306
20,34,0,15215461
18,36,6,15215674
13,42,6,15216418
8,41,6,15217131
50,33,7,15218122
10,38,4,15218188
47,51,5,15218722
59,33,6,15218859
52,34,4,15219542
49,49,5,15220228
47,48,5,15220691
7,43,0,15221354
17,44,4,15221438
42,16,7,15221444
53,34,7,15221640
14,44,7,15221927
43,32,4,15221956
46,51,6,15222161
11,27,5,15222661
3,18,3,15222961
60,38,6,15223906
25,50,5,15224361
7,39,7,15225000
52,50,4,15225612
51,49,7,15225940
20,49,6,15226025
20,32,6,15226345
20,45,6,15226566
52,34,5,15226867
18,39,3,15226947
19,40,0,15226948
4,42,6,15227488
14,44,4,15227656
56,35,6,15228232
23,28,0,15228390
53,35,6,15229207
60,34,6,15229292
53,34,4,15229550
19,35,5,15229930
51,33,7,15230676
14,42,5,15231021
50,41,5,15231165
21,30,6,15231292
60,33,6,15232746
60,32,5,15232886
9,28,6,15233241
17,41,6,15235100
48,48,5,15235289
59,32,5,15235435
10,39,6,15235532
14,41,5,15235604
49,52,6,15235679
47,51,6,15236155
50,41,6,15236882
12,44,6,15237376
58,32,6,15238112
21,31,5,15238540
14,23,0,15238850
45,30,7,15239126
51,33,4,15239573
49,13,7,15239798
18,40,5,15240078
21,46,6,15240109
9,37,7,15241122
48,49,6,15241154
25,43,6,15241677
52,33,7,15241859
47,50,5,15241941
20,42,6,15242040
42,32,7,15242615
7,39,4,15243000
9,18,3,15243398
5,38,7,15244732
54,26,5,15244989
61,33,5,15245297
5,41,5,15245905
18,45,6,15246072
52,34,6,15246146
17,47,0,15246984
54,48,4,15247548
6,39,5,15247573
49,48,5,15247585
25,42,6,15247711
42,16,4,15247803
14,40,5,15248067
59,32,6,15248125
21,48,5,15248412
13,39,4,15248557
14,41,6,15248698
61,37,5,15249791
22,29,5,15250218
52,33,4,15250969
48,48,6,15251085
50,51,5,15252907
61,32,5,15253032
18,40,3,15253363
19,41,0,15253364
9,46,7,15254040
23,48,0,15254250
21,42,6,15254502
38,16,6,15254587
60,32,6,15254693
26,17,6,15255753
54,34,5,15256052
47,50,6,15256766
12,39,5,15256805
11,38,7,15257815
59,31,5,15257880
2,44,6,15258605
60,31,5,15258634
45,16,6,15259400
49,52,0,15260337
60,29,6,15260432
19,35,6,15260560
13,23,6,15261237
48,56,7,15261496
21,48,6,15262083
7,42,3,15262119
8,43,0,15262120
3,37,3,15262564
45,46,6,15263142
51,32,7,15263382
54,33,7,15263534
20,32,3,15263655
21,33,0,15263656
45,21,4,15263874
47,5,0,15263945
43,32,4,15264337
44,30,6,15264506
60,37,6,15264850
58,31,6,15265132
53,33,5,15265776
42,32,4,15265789
49,48,6,15266383
61,28,5,15266424
26,42,5,15266660
47,49,5,15266926
61,36,5,15267025
54,34,6,15267279
50,51,6,15267972
51,32,4,15269230
54,33,4,15269550
61,31,5,15270154
52,32,7,15270567
3,19,3,15270957
4,20,0,15270959
59,31,6,15271053
18,47,0,15271520
41,15,7,15271795
60,31,6,15272462
18,40,6,15272514
44,31,4,15272617
10,38,5,15272962
57,33,5,15273433
3,38,3,15273460
45,29,5,15273652
24,45,4,15273764
60,36,6,15274040
58,34,6,15274214
49,47,5,15275319
51,32,5,15275685
3,43,5,15277244
21,44,5,15277720
61,36,6,15278955
52,32,4,15279035
19,39,5,15279417
53,32,7,15279547
46,29,7,15279593
60,30,5,15280171
59,30,5,15280648
47,49,6,15280808
45,44,7,15280893
44,20,7,15281507
21,41,5,15281710
19,38,6,15282296
50,31,7,15282632
51,50,5,15283081
41,15,4,15283083
61,23,3,15283917
53,33,6,15284555
42,31,7,15284681
53,32,4,15284976
2,22,6,15285184
21,30,3,15285390
22,31,0,15285393
61,28,6,15285397
20,15,5,15285610
62,35,0,15285712
61,30,5,15285723
4,22,3,15285785
5,23,0,15285786
54,26,6,15286235
43,30,7,15286259
51,31,7,15286637
61,30,4,15287197
38,15,7,15287280
62,35,5,15287461
7,30,0,15287972
45,45,4,15287977
60,30,6,15288162
60,56,4,15288169
54,33,6,15288886
23,31,0,15288977
48,13,3,15289260
49,14,0,15289262
59,30,6,15289425
55,25,5,15289825
40,4,5,15289908
11,22,0,15290560
61,35,5,15291069
51,31,4,15291757
54,32,5,15292955
61,31,6,15292998
52,31,7,15293012
60,30,4,15293259
48,48,5,15294068
43,31,7,15294262
60,29,7,15294834
61,35,6,15295055
49,51,5,15295718
49,13,4,15295727
43,31,4,15295846
13,40,6,15295908
40,4,6,15295922
60,29,5,15297676
42,19,7,15298595
52,13,4,15299052
51,50,6,15299140
53,31,7,15300145
45,13,5,15301297
51,49,5,15301713
26,42,6,15302141
52,31,4,15302217
62,34,5,15302314
61,54,3,15302326
61,34,5,15302389
61,30,6,15303320
51,12,7,15303373
55,32,5,15303600
59,32,5,15303609
57,32,6,15303912
40,3,5,15304620
48,12,5,15304778
61,29,5,15304982
45,29,6,15305757
48,48,6,15306522
44,31,4,15306558
15,40,5,15307024
4,38,3,15307087
24,21,0,15307273
45,13,6,15307648
40,14,7,15307894
60,29,6,15308504
51,58,5,15308547
42,19,4,15308616
19,39,6,15309649
22,41,5,15309740
50,30,7,15310193
53,31,4,15310568
59,30,7,15310790
46,29,4,15311883
21,31,6,15312429
43,24,6,15312806
51,49,6,15313522
61,34,6,15313731
51,30,7,15314026
49,45,5,15314031
49,52,3,15314894
58,43,0,15315006
47,28,7,15315170
11,38,4,15315675
42,30,7,15316665
46,28,5,15317026
60,29,4,15317286
51,12,4,15317424
62,34,6,15317548
62,30,5,15318162
60,28,7,15318578
55,45,7,15319126
54,31,5,15320166
47,28,4,15320218
55,32,6,15320744
48,12,6,15321734
50,12,5,15322142
14,40,6,15322425
43,30,7,15322452
12,38,7,15322730
5,43,4,15323644
51,30,4,15324481
11,31,3,15324984
12,32,0,15324985
22,41,6,15326115
45,28,6,15328655
61,32,7,15328924
30,30,3,15329004
49,45,6,15329116
56,31,5,15329591
61,28,5,15329771
52,48,5,15329797
60,28,6,15329807
1,35,3,15329813
18,42,5,15330440
54,31,6,15330477
62,30,6,15330523
59,31,5,15330564
19,40,6,15330589
50,11,7,15330613
24,45,3,15330710
20,38,5,15331378
16,40,5,15331385
49,51,6,15331598
9,11,3,15331940
10,12,0,15331941
59,29,7,15332366
62,33,5,15332491
14,39,4,15332721
56,31,6,15333994
52,49,5,15334263
50,50,5,15334621
40,14,4,15334719
43,30,4,15336806
44,12,5,15337331
46,28,6,15337343
50,29,7,15338766
12,29,0,15338834
51,30,6,15339182
57,31,4,15339594
61,29,6,15339631
62,31,4,15341300
62,33,6,15341448
51,49,0,15341615
62,29,5,15342373
50,44,5,15343361
35,19,2,15343609
47,53,0,15343833
46,27,7,15344036
54,30,5,15344118
60,27,7,15344183
60,28,4,15344381
2,28,1,15344460
56,30,7,15344688
50,46,7,15345208
59,28,7,15345373
5,38,3,15345707
6,39,0,15345710
48,27,6,15346105
50,53,7,15346371
3,21,5,15346399
50,53,4,15346514
21,44,6,15346587
4,42,7,15346624
61,27,5,15347139
52,29,7,15347578
62,29,6,15348355
46,27,5,15348606
22,43,5,15349220
60,27,6,15349239
48,28,4,15349468
20,39,5,15349701
55,30,5,15349725
20,41,5,15349996
51,44,5,15350007
22,28,3,15350097
23,29,0,15350099
61,30,7,15350401
49,52,7,15350890
49,52,4,15351361
51,55,7,15351533
39,13,7,15352002
53,29,7,15352235
5,23,3,15352256
18,42,6,15352479
54,30,6,15352540
57,30,7,15353047
51,53,4,15353664
49,11,5,15353826
52,29,5,15354101
15,40,6,15354119
21,39,0,15354169
56,30,4,15354202
51,55,4,15354294
46,50,3,15354540
45,12,6,15355024
46,12,5,15355532
56,30,6,15356118
50,52,7,15356243
43,29,7,15356343
59,30,5,15356583
61,28,6,15357169
20,38,6,15357184
50,54,7,15357329
41,16,4,15357789
50,44,6,15357868
7,39,5,15357993
59,30,6,15358591
52,47,5,15358933
20,15,6,15359237
50,52,4,15359880
57,30,4,15359883
52,47,6,15359977
43,29,4,15360379
49,26,5,15360387
53,29,5,15360516
14,39,5,15361883
49,26,6,15361909
56,43,7,15362051
40,15,7,15362351
60,26,5,15362719
46,27,4,15362769
61,26,7,15363021
4,41,3,15363046
5,42,0,15363047
22,43,6,15363078
12,39,6,15363404
53,57,6,15363623
2,35,3,15364636
49,51,7,15364735
60,26,7,15365267
56,29,7,15365315
50,28,7,15365431
11,38,5,15365836
18,41,0,15366548
61,27,6,15366588
61,26,5,15366743
11,45,4,15366770
52,29,6,15367388
35,38,4,15367706
51,44,6,15367840
22,30,5,15367855
46,11,4,15367893
60,27,4,15368123
49,26,7,15368251
24,40,5,15368648
12,38,4,15368676
8,39,4,15369388
61,26,4,15369680
51,46,0,15371018
60,26,6,15371028
20,39,6,15371581
51,43,5,15371865
62,20,7,15371938
53,56,6,15372125
62,27,5,15372135
53,29,6,15372564
9,39,7,15373219
53,46,5,15373310
48,51,0,15373320
56,29,4,15374241
25,43,5,15374338
16,40,6,15374525
57,29,7,15374570
42,12,4,15374966
23,42,5,15375457
53,28,7,15375964
52,43,5,15376964
21,19,0,15377321
55,44,4,15377736
55,29,5,15378643
15,39,5,15379072
56,57,3,15379719
54,56,5,15380173
45,26,7,15381010
50,43,6,15381454
61,26,6,15382325
51,26,0,15382629
53,28,5,15383588
61,25,7,15383939
8,39,5,15384226
23,40,5,15384671
61,25,5,15384836
21,37,5,15385060
60,25,7,15385327
24,40,6,15385429
54,28,5,15385556
55,28,7,15385694
54,43,7,15385822
45,10,7,15385987
51,43,6,15386552
54,56,6,15387025
35,19,1,15387357
43,43,6,15387481
43,28,7,15387648
54,53,3,15387902
55,54,0,15387904
41,11,7,15388871
23,19,4,15388912
13,38,7,15389146
54,43,4,15389372
61,25,4,15389414
52,46,6,15389554
15,15,2,15389573
53,45,4,15389900
52,43,6,15389948
17,15,6,15390041
20,15,4,15390333
54,55,5,15390672
43,28,4,15390861
25,43,6,15390964
23,40,6,15391529
1,35,0,15392345
60,26,4,15393159
53,45,5,15393207
55,28,4,15393679
7,39,0,15393835
49,26,4,15393845
55,56,5,15394643
51,42,5,15394777
54,54,5,15395503
55,55,5,15395729
21,19,3,15395825
22,24,5,15396034
42,27,7,15396502
2,36,2,15396745
53,28,6,15396804
23,42,6,15396956
61,25,6,15397583
21,14,5,15397817
12,13,1,15398357
16,39,5,15398606
43,10,7,15398654
53,27,7,15399030
20,41,6,15399347
54,28,6,15399381
25,42,5,15399398
52,42,5,15400013
52,44,7,15400370
45,10,4,15401436
52,27,5,15401497
55,56,6,15402717
42,27,4,15402806
34,21,2,15402839
54,54,6,15402874
34,37,5,15402979
51,27,4,15403261
54,27,7,15403279
61,24,7,15403593
53,45,6,15404062
10,38,6,15404581
21,40,5,15404660
51,42,6,15405295
61,24,5,15405408
53,27,5,15405523
21,39,3,15405663
22,40,0,15405664
54,27,5,15405796
21,38,5,15406815
14,39,6,15407143
52,44,4,15407196
4,23,3,15407247
58,27,5,15407376
46,14,7,15408375
58,58,5,15408657
58,28,4,15409134
56,55,5,15409327
61,24,4,15410282
57,56,5,15410441
26,42,5,15410577
47,47,7,15410589
60,24,7,15411012
52,42,6,15411302
1,24,0,15411608
41,11,4,15412256
25,39,5,15413189
48,25,7,15414453
43,10,4,15415638
53,46,6,15415943
60,25,4,15416251
47,47,4,15416688
55,27,5,15417027
57,27,7,15417430
25,14,7,15417969
17,39,5,15418034
13,38,5,15418211
58,55,7,15418237
61,24,6,15418262
60,18,6,15418533
57,27,4,15418611
53,27,6,15418716
57,41,4,15419335
56,27,5,15419417
56,55,6,15419757
14,43,4,15419801
35,15,2,15420219
45,25,6,15420261
21,38,3,15420770
47,25,7,15421135
9,19,3,15421506
10,20,0,15421508
52,41,5,15421893
54,27,6,15422187
57,56,6,15422409
61,23,5,15422745
45,9,4,15423082
15,39,6,15423151
11,14,2,15423531
62,28,6,15423963
61,23,7,15424014
56,27,6,15425454
60,23,7,15425930
27,42,5,15426522
25,42,6,15426591
9,39,4,15426810
53,41,5,15426950
35,10,6,15428250
61,17,5,15428610
62,24,5,15428659
26,42,6,15428668
19,39,7,15428749
62,23,5,15428892
57,53,3,15429033
53,43,7,15429116
55,27,6,15429274
57,40,7,15429327
5,44,7,15429913
58,26,5,15429943
54,26,5,15430243
34,21,1,15430349
51,26,4,15430626
58,54,3,15430990
59,55,0,15430991
48,48,5,15431160
61,23,4,15431296
15,15,1,15432101
59,55,3,15432133
60,56,0,15432134
62,23,4,15432315
46,24,5,15432689
36,9,5,15433285
46,46,7,15433691
51,41,6,15433822
4,36,0,15434119
54,48,3,15434185
49,25,4,15434354
57,54,5,15434583
48,24,7,15434929
50,26,7,15435205
60,24,4,15435241
46,14,4,15435537
52,41,6,15435824
39,8,6,15436625
42,9,7,15436689
56,26,7,15436764
57,40,4,15436849
53,43,4,15436855
40,9,5,15437163
54,26,4,15438412
50,26,4,15438554
58,55,5,15440008
14,38,5,15441068
26,41,5,15441236
11,15,1,15441546
53,41,6,15442240
44,8,7,15442463
56,26,4,15442752
21,14,6,15442886
61,58,5,15442996
57,41,4,15443629
61,22,5,15443650
1,26,0,15443671
56,26,5,15444045
16,39,6,15444514
61,23,6,15445151
5,44,4,15445369
11,13,2,15445977
52,42,7,15445989
22,14,4,15446494
61,22,7,15446730
11,38,6,15446888
52,40,5,15446903
27,41,5,15447586
25,41,6,15447640
58,54,5,15447652
54,26,6,15447994
35,11,4,15448024
47,46,4,15448092
13,42,7,15448389
40,9,6,15448540
55,26,5,15449248
57,54,6,15449541
46,24,6,15449709
25,39,6,15450138
60,22,7,15450360
15,42,4,15450514
58,55,6,15450573
44,15,4,15451035
27,42,6,15451227
53,42,7,15451946
57,39,7,15452007
60,23,4,15452174
48,24,4,15452251
53,25,7,15453080
61,58,6,15453167
14,16,2,15454163
53,40,5,15454405
55,26,6,15454438
58,26,4,15454998
25,14,4,15455385
61,22,4,15455487
11,14,1,15455779
49,23,4,15456245
53,42,4,15458602
26,41,6,15458760
60,55,5,15458897
33,22,2,15459518
52,40,6,15459864
50,25,0,15460044
61,21,5,15460621
53,48,4,15460784
53,25,4,15461099
52,39,7,15461146
33,24,1,15461310
10,40,5,15461673
62,57,5,15462142
10,16,2,15462793
59,54,5,15463022
20,14,4,15463110
44,7,7,15463197
58,54,6,15463201
54,42,5,15464043
58,39,4,15464080
56,25,5,15464165
15,38,5,15464345
53,40,6,15464403
26,39,5,15464659
13,42,4,15464949
57,25,7,15465202
47,23,5,15465384
1,30,0,15465533
60,53,4,15465812
43,14,7,15466172
1,29,2,15466310
26,16,7,15466359
59,52,7,15466409
60,21,7,15466481
60,22,4,15467113
53,25,6,15467553
32,19,1,15467803
26,38,5,15467943
47,23,6,15468136
52,47,5,15468153
56,51,6,15468554
46,14,7,15468748
56,25,6,15468904
59,53,5,15469401
52,41,7,15469464
54,25,6,15469494
57,40,4,15469646
14,17,1,15470004
60,55,6,15470106
53,39,5,15470241
14,15,2,15471212
48,22,5,15471259
11,13,1,15471617
27,40,5,15471909
3,23,2,15472386
55,25,5,15472517
58,25,4,15472532
40,14,4,15472614
28,41,5,15472809
26,18,4,15472837
9,40,5,15473300
42,8,6,15473467
59,54,6,15473681
61,21,4,15473768
38,38,4,15474335
8,40,5,15474637
26,40,5,15474950
55,25,6,15475300
5,23,1,15475830
54,47,4,15476067
54,44,5,15476382
52,47,6,15476879
14,14,2,15476904
54,42,6,15477724
14,16,1,15477761
21,38,6,15477834
60,21,4,15478297
10,15,2,15478590
32,25,2,15478721
45,55,0,15479027
59,53,6,15479656
62,14,7,15479842
9,42,7,15480143
10,17,1,15480438
43,14,4,15480566
61,54,5,15481069
51,47,0,15481238
60,53,5,15481273
60,20,7,15481431
57,51,6,15481439
53,47,4,15481710
54,24,5,15481779
59,21,7,15481841
56,24,5,15482219
4,24,2,15482442
58,38,4,15482661
48,22,6,15482811
16,41,4,15483385
14,41,7,15483469
46,14,4,15483641
49,21,5,15483840
15,14,4,15483913
48,4,5,15484456
27,41,6,15484900
61,54,6,15485596
53,46,5,15485830
61,21,6,15485844
61,20,5,15486009
55,24,5,15486075
7,42,7,15486362
53,46,7,15486412
10,40,6,15486482
47,52,3,15486631
55,47,5,15486655
10,14,2,15487048
58,49,0,15487209
47,44,5,15487354
60,52,5,15487535
57,49,5,15487943
47,44,4,15488059
58,50,5,15489069
56,24,6,15489183
28,41,6,15489351
15,38,4,15489704
26,40,6,15489803
42,23,2,15490391
54,24,6,15490426
21,13,7,15490784
57,37,7,15490937
52,46,6,15491847
58,24,4,15491883
12,41,6,15492888
9,42,4,15493248
61,20,4,15493409
56,46,0,15493648
16,38,5,15493713
62,14,4,15494210
60,53,6,15494415
48,22,7,15494456
22,13,7,15494790
13,38,6,15494835
47,44,6,15495226
60,20,4,15495275
62,20,5,15495376
31,23,1,15495748
42,42,7,15496017
37,8,4,15496102
60,19,5,15496295
49,18,4,15496780
38,11,5,15497609
55,24,6,15497896
7,40,6,15498018
28,40,5,15499138
53,23,7,15499780
60,52,6,15499843
19,18,0,15499862
48,43,5,15500795
21,19,0,15500861
19,13,7,15501132
5,13,2,15501142
8,40,6,15501165
58,50,6,15501313
18,38,7,15501351
52,23,5,15501770
20,13,7,15501797
10,16,1,15502147
15,40,7,15502596
37,6,6,15503182
16,38,4,15503194
53,45,5,15503254
24,13,7,15503322
48,4,6,15503904
57,49,6,15504006
52,38,6,15504501
27,39,5,15504780
42,42,4,15505022
31,38,6,15505720
55,47,6,15505933
60,19,7,15506522
25,15,2,15506810
20,17,4,15506969
34,14,1,15508406
56,23,5,15508703
61,13,7,15508802
31,20,2,15509177
14,41,4,15509180
42,13,6,15509311
17,40,4,15509903
23,38,5,15510019
11,37,5,15510683
14,15,1,15511260
61,13,4,15512779
40,42,6,15513143
29,40,5,15513446
41,41,7,15513865
9,39,5,15514005
15,40,4,15514564
14,38,6,15515270
40,41,5,15515322
53,23,4,15516773
57,23,7,15516830
53,45,6,15516857
23,38,6,15517102
12,40,6,15517272
12,37,5,15518009
26,39,6,15518396
16,52,0,15518405
48,22,4,15518409
59,19,6,15518504
28,40,6,15518887
17,39,7,15520119
47,42,5,15520462
26,37,5,15520902
59,19,7,15521158
56,23,6,15521192
8,41,7,15521273
11,37,7,15521282
7,41,7,15521621
60,19,4,15521712
52,23,6,15521778
13,40,7,15521814
16,39,7,15522195
23,40,0,15522336
27,39,6,15522358
55,23,5,15522564
14,37,7,15522944
10,37,7,15523120
42,41,7,15523421
61,19,5,15523668
16,38,6,15524320
11,40,5,15524464
11,40,6,15524830
24,13,4,15525466
23,13,4,15526040
21,13,4,15527190
7,41,6,15528073
53,37,5,15528480
42,41,4,15529988
59,49,5,15530087
37,7,4,15530111
13,40,4,15530599
15,37,7,15530710
56,46,5,15532472
22,37,5,15533316
14,39,7,15533851
54,44,5,15533948
8,41,4,15534282
17,39,4,15535205
27,38,5,15536269
40,41,6,15536504
40,12,5,15537111
60,18,7,15537211
59,18,7,15537338
26,37,6,15537453
9,40,7,15538788
24,37,5,15538960
1,42,6,15538978
11,37,6,15539573
59,49,6,15540323
29,39,5,15540894
16,39,4,15541468
1,35,6,15541816
11,37,4,15542801
24,37,6,15544376
14,37,4,15544698
11,13,4,15544920
22,12,5,15545065
60,49,5,15545263
10,40,4,15545527
26,16,4,15545646
12,37,6,15545888
25,21,3,15546070
15,37,4,15546561
7,40,7,15547166
7,40,4,15547537
16,38,7,15548206
60,18,4,15548261
41,40,7,15548313
14,39,4,15549024
19,37,4,15550206
13,38,7,15550862
54,39,7,15551323
1,34,5,15551709
3,36,6,15552027
20,12,7,15552065
23,12,7,15552342
22,37,6,15552521
26,37,4,15552602
28,38,5,15553109
23,37,6,15553513
57,22,5,15554048
25,36,7,15554431
4,14,7,15555708
7,30,4,15555813
27,38,6,15556641
10,12,7,15556771
25,37,7,15557163
8,39,5,15557584
57,22,7,15557671
25,37,4,15558024
59,21,4,15558565
10,36,7,15558838
15,38,7,15558890
24,36,7,15559545
30,36,5,15559556
19,13,4,15559579
12,36,5,15560377
2,29,7,15560550
13,36,7,15560579
3,24,6,15560715
1,36,4,15561085
14,36,7,15561318
1,34,6,15562031
29,40,6,15563105
28,38,6,15563371
13,36,4,15563457
25,36,5,15563949
5,29,5,15564018
11,30,7,15564233
13,18,2,15564478
4,29,7,15565111
13,36,5,15565188
5,24,6,15565233
16,38,4,15565719
6,29,7,15566031
12,10,0,15566120
59,17,6,15566574
30,39,5,15566678
49,19,5,15566687
25,15,7,15567373
15,38,4,15568336
10,12,4,15568362
4,23,7,15568598
5,36,6,15568643
33,22,1,15568758
21,12,6,15568860
6,36,6,15569373
6,29,4,15569574
60,16,5,15569676
55,23,6,15569728
54,22,5,15569910
4,29,4,15569932
29,39,6,15570384
5,23,7,15570496
53,22,5,15570672
14,36,4,15570728
2,29,4,15571082
23,12,4,15571144
8,29,7,15572171
1,33,5,15572381
11,30,4,15572560
1,28,7,15572872
22,12,6,15572924
1,56,3,15572955
41,40,4,15573009
13,38,4,15573676
1,35,7,15573727
23,36,5,15573812
12,36,6,15574020
4,23,5,15574107
7,29,4,15574215
24,36,5,15574266
6,23,7,15574517
9,30,6,15575244
9,11,7,15576976
18,12,7,15577094
7,23,7,15577404
5,29,6,15578056
5,28,7,15578064
27,36,5,15578244
6,23,5,15578513
12,38,4,15578720
4,23,4,15578830
5,23,4,15579008
10,29,7,15579266
17,42,4,15579482
6,35,5,15579845
13,36,6,15579927
3,23,6,15580741
1,28,4,15580787
24,36,6,15580937
14,20,6,15580941
8,29,4,15581025
14,37,7,15581143
11,37,7,15581289
13,35,7,15581478
6,23,4,15581789
35,10,0,15582146
4,23,6,15582470
15,37,7,15583251
11,37,5,15583260
1,38,5,15583487
7,23,4,15583644
60,17,6,15584086
6,28,7,15584420
1,33,6,15584463
9,29,4,15584887
10,29,5,15585073
4,22,7,15585921
9,11,4,15585964
12,37,7,15586051
5,23,6,15586111
5,28,5,15586144
1,33,4,15586494
30,36,6,15586566
28,37,5,15586951
13,35,5,15587124
16,12,6,15587436
18,12,4,15587453
6,23,6,15587500
7,28,7,15587520
16,41,7,15587712
10,29,4,15587813
21,11,5,15587903
22,11,7,15587962
6,35,6,15588293
14,35,5,15588313
9,11,6,15588475
10,11,5,15588508
1,34,7,15588583
20,45,3,15588654
14,37,4,15588725
62,24,6,15588727
6,28,5,15589480
5,22,7,15589670
62,20,6,15589862
20,12,4,15590302
61,16,5,15590652
22,11,5,15590715
25,36,4,15590724
10,30,6,15590905
24,35,7,15590959
23,11,5,15591726
15,37,4,15592027
60,50,6,15592372
6,22,7,15592979
12,37,4,15593072
4,22,5,15593087
6,28,4,15593109
11,37,6,15593814
30,39,6,15594225
16,41,4,15594472
4,28,6,15594567
30,38,5,15594588
4,22,4,15595030
8,28,7,15595569
7,28,5,15595768
7,28,4,15595850
13,37,6,15595919
5,22,5,15596040
1,34,4,15596976
9,29,6,15597801
5,22,4,15598020
12,37,6,15598274
5,28,6,15598372
9,28,7,15598585
14,36,5,15598614
13,36,5,15598655
11,37,4,15599043
6,22,5,15600027
10,37,4,15601381
6,22,4,15601883
14,36,7,15601901
8,28,5,15601948
7,33,4,15602511
50,17,0,15603222
13,35,6,15603424
13,36,7,15603572
9,36,7,15604629
7,35,5,15604830
7,22,5,15605211
4,27,5,15605369
12,36,5,15606013
8,28,4,15606072
11,36,7,15606636
22,11,4,15607174
61,16,6,15607933
6,28,6,15608170
4,22,6,15608816
31,38,5,15609380
10,10,5,15610467
48,37,4,15611088
10,36,7,15611458
3,22,7,15612610
32,38,6,15612772
19,11,7,15613552
9,28,4,15613772
49,17,3,15613984
50,18,0,15613986
29,37,5,15615422
9,36,5,15616287
6,27,7,15616976
10,36,4,15617763
36,8,0,15620363
29,38,6,15620664
21,11,6,15623728
13,18,6,15623760
1,32,4,15623942
7,27,7,15624615
5,27,5,15624683
9,36,6,15624696
12,36,6,15624748
5,22,6,15625910
12,36,4,15626531
31,38,6,15626764
11,36,4,15628974
20,6,6,15629065
10,36,6,15631656
14,36,4,15632038
7,28,6,15632385
25,35,7,15633116
22,11,6,15633188
6,22,6,15633239
5,32,5,15633387
5,21,7,15634974
25,35,5,15635537
1,33,7,15635630
10,28,5,15636037
23,11,6,15636413
13,36,4,15637736
10,28,4,15637922
13,39,0,15638041
30,38,6,15638236
21,5,5,15638740
1,31,7,15639281
4,27,6,15639422
33,37,5,15639825
6,27,4,15641442
6,27,5,15641972
1,33,4,15641997
5,21,5,15642246
10,29,6,15642466
6,21,7,15642739
20,17,0,15643069
11,35,5,15643841
9,34,6,15644014
8,28,6,15644082
7,27,4,15645472
14,17,5,15646410
34,14,5,15646656
8,27,7,15646769
12,35,7,15648070
7,27,5,15648234
10,10,6,15648315
10,35,7,15648995
35,13,0,15649789
25,35,4,15650564
24,34,7,15650578
5,27,6,15650662
28,36,5,15650753
47,21,7,15651444
5,32,6,15651625
19,11,4,15652622
6,21,5,15653342
9,27,7,15653983
21,10,5,15654000
26,35,4,15654495
8,27,4,15655267
16,18,0,15655299
1,31,4,15655755
11,35,7,15656351
22,10,7,15656407
9,9,7,15656570
23,10,7,15656727
50,26,6,15657214
8,27,5,15658077
4,21,6,15658339
3,33,4,15658437
33,17,3,15658562
34,18,0,15658563
7,34,5,15658618
7,21,4,15659056
7,21,5,15659138
22,10,5,15659274
13,35,7,15659351
26,11,6,15659724
1,30,5,15660052
62,20,3,15660096
13,35,4,15660863
6,27,6,15661192
8,35,6,15661337
9,27,5,15661431
31,37,5,15661901
5,21,6,15661986
22,31,3,15661997
23,32,0,15661999
11,35,4,15662294
9,27,4,15662313
42,1,4,15662516
1,32,7,15662557
12,35,4,15662831
54,39,3,15662853
23,10,5,15663172
34,15,5,15663186
5,26,5,15663802
8,21,4,15664292
25,35,6,15665039
9,9,4,15665098
2,32,7,15666317
34,14,6,15666631
6,21,6,15666769
34,16,5,15667048
26,13,3,15667297
27,14,0,15667300
7,26,7,15667965
6,20,7,15668135
10,28,6,15668272
11,9,5,15668305
7,27,6,15668604
19,33,7,15670280
1,30,6,15671694
35,10,6,15671970
6,26,5,15672215
11,34,7,15672667
25,15,2,15673286
11,9,4,15673470
5,20,5,15673659
13,40,4,15673673
10,27,5,15673810
51,16,3,15673977
52,17,0,15673978
7,21,6,15674376
7,20,7,15674502
2,32,4,15674607
61,18,3,15674778
62,18,3,15674853
8,26,7,15674887
24,10,5,15674907
8,27,6,15675372
7,26,4,15676512
35,13,5,15676704
24,10,4,15676932
32,37,5,15677061
10,9,6,15677135
3,32,7,15677550
37,8,0,15677636
28,11,0,15677677
36,9,5,15678374
5,26,6,15678924
6,20,4,15679327
27,36,6,15679388
11,11,5,15679755
6,20,5,15680469
34,15,6,15680594
5,31,6,15680693
20,14,6,15681143
7,26,5,15681374
24,34,5,15682082
10,34,7,15683215
29,37,6,15683342
8,26,4,15683502
34,17,5,15684303
5,19,7,15685468
3,32,4,15687208
16,37,4,15687796
40,40,6,15687810
10,34,4,15687878
33,19,6,15688046
9,26,7,15688090
23,10,4,15688172
30,37,5,15690704
25,34,7,15691877
61,28,3,15692243
21,10,6,15693499
11,9,6,15695799
11,34,4,15696585
10,14,6,15699726
32,37,6,15699794
41,39,4,15700196
25,34,4,15700644
11,12,5,15703757
31,37,6,15705247
61,27,3,15705747
1,28,5,15710487
11,20,6,15715628
22,29,6,15717934
40,38,7,15721298
26,10,5,15721718
22,29,3,15723325
23,30,0,15723326
2,29,6,15725250
2,29,5,15725253
3,28,5,15725254
39,38,5,15726759
11,27,5,15727211
56,46,6,15729906
2,62,7,15731469
1,62,5,15731684
2,62,5,15732396
1,62,7,15732548
28,35,5,15733030
24,34,6,15733982
40,38,4,15734070
3,62,7,15734651
1,62,6,15735508
39,37,7,15735575
4,62,5,15735858
3,62,4,15736436
2,62,4,15736477
6,62,7,15736813
5,62,5,15737223
33,36,5,15737762
58,36,3,15738049
2,62,6,15738082
36,37,6,15739021
7,62,7,15739085
50,29,5,15739669
1,62,4,15739684
6,62,4,15740888
1,61,5,15740893
4,62,6,15740908
26,34,5,15740998
7,62,4,15741222
4,61,7,15741962
3,61,5,15742479
2,61,7,15742521
2,61,5,15743224
6,61,7,15743722
1,61,7,15744171
5,62,6,15744590
1,32,4,15745010
5,61,7,15745542
4,61,4,15746376
5,61,4,15746411
1,61,6,15746451
3,61,4,15746574
2,61,4,15747389
6,61,5,15748277
32,36,5,15748297
3,61,6,15748550
2,61,6,15748556
4,61,6,15750416
1,61,4,15750845
3,60,7,15751762
4,60,7,15752158
8,62,5,15752232
7,62,6,15752408
1,60,5,15752446
2,60,7,15752590
39,38,6,15753133
8,61,4,15753141
2,60,5,15754406
3,60,5,15755109
1,60,7,15755145
4,60,5,15755564
2,60,6,15756551
32,36,6,15756566
5,60,5,15756707
62,18,4,15757200
6,61,6,15757439
7,60,5,15757443
8,62,6,15757447
4,60,4,15757801
1,60,4,15758829
8,61,5,15759034
3,60,4,15759414
3,60,6,15759490
7,60,7,15760057
30,36,5,15760737
7,60,4,15760888
22,10,6,15761115
4,60,6,15761338
9,33,7,15761804
5,60,6,15762877
10,62,5,15762980
63,24,0,15763357
10,61,4,15763598
3,59,7,15763863
3,59,5,15764018
57,45,5,15764036
25,34,6,15764412
9,61,5,15764783
22,10,4,15765292
32,36,7,15765461
32,36,4,15765588
2,59,7,15766043
8,61,6,15766294
6,59,7,15766438
4,59,5,15766736
9,60,7,15767026
9,60,4,15767405
3,59,6,15768098
33,36,6,15768189
3,59,4,15768202
30,31,3,15768653
5,59,5,15768903
6,59,4,15769048
8,59,7,15769157
51,23,2,15769214
61,17,7,15769820
7,60,6,15770193
2,59,4,15771000
4,59,6,15771322
22,20,6,15771373
59,46,5,15771460
5,59,6,15771797
10,62,6,15772099
2,58,5,15773132
8,59,4,15773421
11,60,0,15773781
11,60,3,15774035
4,58,7,15774168
9,60,5,15774222
58,45,5,15775370
4,58,5,15775422
5,58,7,15775456
1,58,5,15776461
61,47,5,15776765
8,59,5,15777269
5,58,5,15777410
57,45,6,15777526
11,61,5,15778025
2,58,7,15778636
57,44,5,15779734
15,36,7,15779772
40,38,6,15780290
8,58,7,15780372
6,58,5,15780612
1,58,7,15780897
60,47,6,15780901
5,57,7,15781111
5,58,4,15781263
1,58,6,15781321
2,58,6,15781364
43,29,0,15781482
4,58,4,15781570
4,58,6,15781826
11,27,6,15782112
47,20,5,15782723
11,61,6,15782905
5,58,6,15783030
45,37,5,15785037
59,46,6,15785707
40,37,5,15786192
3,57,5,15786567
55,43,6,15786619
25,33,5,15786893
55,42,5,15787153
6,58,6,15787161
56,44,6,15787301
9,58,4,15787543
30,36,6,15787819
13,60,0,15787837
4,57,7,15788203
2,57,5,15788518
53,41,5,15788887
26,34,6,15789057
17,10,5,15789154
1,58,4,15789185
6,57,5,15789190
5,19,3,15789724
6,20,0,15789725
57,37,7,15790133
58,44,5,15790400
58,45,6,15790409
61,23,6,15790427
3,57,7,15790606
62,23,5,15790986
5,57,5,15791051
62,46,0,15791275
61,46,5,15791962
11,60,6,15792029
12,60,5,15792268
61,17,4,15792383
8,58,6,15792473
61,47,6,15792759
8,57,7,15792811
33,35,5,15793245
7,57,5,15793421
34,35,5,15794219
2,57,6,15794269
55,22,6,15794316
57,43,5,15794397
12,60,6,15795133
13,59,5,15795352
3,57,6,15795690
12,59,5,15796022
62,18,7,15796151
60,45,5,15796202
57,44,6,15796501
3,57,4,15796590
4,57,4,15797199
21,10,7,15797559
6,57,6,15797561
5,57,6,15797696
56,22,5,15798265
58,36,4,15798446
56,42,5,15798756
8,57,4,15799191
53,36,7,15799290
4,56,5,15799470
44,37,6,15799479
8,38,7,15799612
59,44,5,15800152
7,57,6,15800316
28,34,5,15801357
7,56,7,15801838
59,36,4,15802044
3,56,5,15802425
61,46,6,15802454
53,41,6,15802488
55,42,6,15802800
12,59,6,15803571
58,43,5,15803592
62,46,5,15803901
6,56,5,15804523
61,45,5,15804624
62,22,5,15804795
30,32,3,15804807
31,33,0,15804809
7,56,5,15804981
45,37,6,15804986
40,37,6,15805232
54,37,6,15805373
3,56,6,15805384
33,35,6,15805465
58,44,6,15805650
7,56,6,15805922
54,22,6,15806143
4,25,3,15806320
8,56,5,15807635
60,45,6,15807638
53,40,5,15808472
54,38,7,15808797
62,46,6,15809288
57,43,6,15809515
13,58,5,15810068
62,18,6,15810437
6,56,6,15810484
56,21,6,15810655
56,21,5,15810659
45,22,4,15810972
1,56,5,15811092
61,13,3,15811988
34,35,6,15812851
54,40,5,15813296
8,56,6,15813446
62,18,4,15813475
59,44,6,15813801
56,41,5,15813918
2,56,7,15814094
8,26,3,15814508
9,27,0,15814509
1,56,6,15815063
62,22,6,15815359
62,45,5,15815931
55,36,5,15816732
51,40,3,15816788
59,43,5,15817088
7,55,7,15817232
7,55,5,15817460
54,21,5,15817794
9,26,3,15817813
54,36,5,15817867
26,33,5,15817876
6,55,5,15818260
8,55,5,15818661
54,21,6,15818717
4,55,5,15818883
58,42,5,15819036
58,43,6,15819183
62,17,7,15819638
40,36,5,15820444
55,21,5,15820767
61,45,6,15820871
23,10,6,15821431
37,33,0,15821951
3,30,0,15821962
9,55,5,15822048
7,20,3,15822050
8,21,0,15822052
53,40,6,15822206
19,63,0,15822218
55,38,4,15822543
37,4,6,15823159
2,55,5,15823412
57,27,5,15824120
1,25,3,15824560
45,36,5,15824570
60,43,5,15824700
2,25,3,15825096
62,23,6,15825936
6,55,6,15826456
40,36,6,15826640
18,62,5,15826873
41,36,5,15827083
8,55,6,15827248
54,36,6,15827502
4,55,6,15827716
47,26,4,15827865
9,55,6,15828078
23,28,5,15828148
57,42,6,15828632
57,40,7,15828659
8,31,0,15828887
10,16,5,15829080
62,17,6,15829323
62,44,5,15829512
6,20,3,15829554
44,21,7,15829708
55,21,4,15830076
59,43,6,15830216
53,21,6,15830450
56,41,6,15830578
59,35,4,15830823
56,21,4,15830855
25,33,6,15830994
47,8,4,15831203
10,15,3,15831272
57,40,4,15831323
59,42,5,15831406
58,36,4,15831921
51,15,4,15831985
59,41,7,15832076
27,33,5,15832935
58,42,6,15833303
59,41,4,15833568
5,20,3,15833920
6,21,0,15833922
61,43,5,15834817
53,35,5,15834853
20,62,0,15835663
56,39,7,15836372
62,17,4,15836644
60,43,6,15837129
58,34,7,15837536
18,61,6,15838123
18,62,6,15838127
45,21,7,15838722
9,8,3,15838730
10,9,0,15838731
28,34,6,15838762
39,3,7,15839240
60,42,5,15839454
15,55,7,15839463
54,37,7,15839864
62,21,6,15840006
8,27,0,15840205
15,55,4,15840311
59,42,6,15840671
62,44,6,15840759
58,41,5,15841081
19,61,5,15841405
62,16,7,15842566
45,36,6,15843060
16,56,5,15843290
18,60,6,15843444
19,58,0,15843584
54,20,7,15843633
1,26,0,15843684
24,10,6,15844391
4,25,1,15844627
11,20,0,15845090
56,39,4,15845382
55,20,7,15846254
59,41,5,15846797
28,33,4,15846980
38,35,6,15847034
54,37,4,15847188
61,43,6,15847655
20,61,3,15847907
19,58,3,15847986
20,59,0,15847988
23,27,3,15848044
24,28,0,15848045
54,20,5,15848290
55,20,5,15848404
6,26,3,15848437
19,61,6,15849154
47,36,4,15849218
62,45,6,15849650
19,59,5,15849715
62,20,7,15850111
50,18,6,15850564
44,21,4,15850759
36,6,7,15851175
5,26,2,15851365
44,56,0,15851720
52,38,4,15851733
53,35,6,15851878
43,19,0,15852421
41,36,6,15852878
16,56,6,15852900
20,59,3,15853066
21,60,0,15853068
5,26,3,15854042
10,53,4,15854824
20,58,3,15855158
21,62,3,15855618
22,63,0,15855619
54,20,4,15855835
33,35,4,15855923
61,42,5,15856343
59,34,4,15856346
50,15,7,15856456
60,42,6,15856665
58,41,6,15856764
62,16,4,15856913
60,41,5,15857052
53,19,7,15857349
17,55,5,15857551
55,20,4,15857578
46,35,7,15857696
55,38,7,15858314
36,9,1,15858655
26,33,6,15859114
61,42,6,15859723
56,20,4,15859790
59,41,6,15859835
61,16,7,15860088
54,20,6,15860371
54,19,5,15860505
5,27,0,15860637
21,60,3,15860676
22,61,0,15860677
61,41,5,15861307
55,20,6,15861390
57,39,5,15861925
62,20,6,15862167
2,25,1,15862191
53,38,5,15863518
62,42,5,15863573
49,40,5,15863637
1,25,1,15863999
35,11,2,15864186
46,40,6,15864620
4,26,2,15864663
6,20,1,15864682
60,41,6,15865188
50,33,7,15865275
62,42,6,15865572
61,15,5,15865698
3,26,3,15865704
54,34,5,15865857
17,55,6,15865972
53,38,6,15866059
24,34,5,15866081
62,41,5,15866309
23,28,3,15866597
46,25,7,15866629
2,26,3,15867193
3,27,0,15867194
61,15,6,15867314
59,33,7,15867711
50,14,7,15867860
21,60,6,15868032
37,32,0,15868184
3,26,2,15868483
57,42,3,15869002
57,39,6,15869308
58,38,7,15870178
7,26,1,15870208
7,52,6,15870550
1,26,3,15870561
8,21,3,15870589
49,10,5,15870646
60,40,5,15870774
19,56,6,15871260
46,35,5,15871314
49,10,6,15871321
6,21,3,15871767
7,22,0,15871768
11,27,3,15871892
23,59,0,15872079
53,34,6,15872205
55,19,5,15872213
61,15,7,15872249
23,60,0,15872662
10,27,3,15872753
36,6,4,15872809
7,21,2,15873059
1,27,0,15873060
56,19,5,15873107
62,14,5,15873262
5,20,1,15873453
42,35,5,15873511
27,32,7,15873529
50,15,4,15873642
5,21,3,15874091
59,33,4,15874225
6,26,1,15874479
61,41,6,15874495
63,7,0,15874638
53,13,4,15874782
11,10,2,15875793
35,10,2,15875814
29,33,5,15876072
1,26,2,15876343
9,27,3,15876443
10,28,0,15876444
8,27,3,15876450
9,28,0,15876452
22,59,5,15876496
54,34,6,15876613
6,21,2,15876741
59,39,5,15877080
60,40,6,15877618
4,20,2,15877841
62,19,6,15877906
22,60,6,15878147
58,38,5,15879621
5,26,1,15879914
2,31,3,15880075
8,27,2,15880427
62,14,7,15880508
22,56,3,15880806
23,57,0,15880808
35,12,1,15880821
33,9,2,15881044
62,40,5,15881070
27,33,6,15881292
62,41,6,15881422
54,19,6,15881473
7,11,4,15881598
1,26,1,15881754
58,37,7,15881855
33,13,1,15881891
11,21,5,15882230
23,29,3,15882400
11,9,2,15882439
50,14,4,15882534
1,33,0,15882622
35,12,4,15882627
55,19,6,15883184
3,26,1,15883249
38,3,5,15883291
2,56,4,15883325
49,14,7,15883435
44,35,4,15883732
8,9,3,15883775
9,10,0,15883776
9,9,2,15884011
62,39,7,15884021
59,39,6,15884034
6,27,3,15884321
7,28,0,15884322
62,14,6,15884352
58,34,7,15884560
15,11,1,15885039
22,59,6,15885101
38,3,6,15885127
34,15,2,15885211
4,27,3,15885518
26,11,2,15885756
7,21,1,15886173
61,14,7,15886245
56,19,6,15886562
12,20,0,15886921
5,27,3,15886942
6,28,0,15886943
23,57,3,15887161
24,58,0,15887162
57,38,6,15887300
62,39,4,15887591
62,40,6,15887863
62,14,4,15888035
6,27,2,15888175
61,38,7,15888359
7,27,2,15888375
10,9,2,15888616
8,10,0,15888769
43,35,6,15888795
57,18,5,15888843
23,58,5,15889248
46,35,4,15889497
46,35,6,15889601
7,27,1,15889724
6,21,1,15890260
55,18,5,15890290
39,2,5,15890297
61,15,4,15890357
2,27,3,15890501
3,28,0,15890504
10,27,1,15890680
35,5,7,15890820
53,18,5,15890880
24,57,0,15890919
61,39,5,15890992
57,18,7,15891077
4,62,5,15891144
5,27,2,15892252
3,27,3,15892369
24,14,1,15892477
55,33,5,15892835
33,9,1,15893069
9,27,1,15893503
42,34,5,15893537
4,27,2,15893747
59,38,6,15893773
49,13,7,15894056
6,63,0,15894073
32,15,2,15894293
62,13,7,15894355
42,35,6,15894448
62,18,6,15894608
61,38,4,15894978
60,38,5,15895241
9,51,6,15895258
58,37,5,15895754
56,18,5,15895778
2,27,2,15896013
59,33,4,15896152
9,9,1,15896235
26,11,7,15896254
10,28,3,15896310
61,13,7,15896774
11,10,1,15897025
61,39,6,15897323
35,5,1,15897443
11,11,1,15897541
1,27,3,15897590
34,15,1,15898012
55,33,6,15898569
57,18,4,15898662
55,18,6,15898914
60,38,6,15898975
53,18,6,15899068
50,34,7,15899111
47,39,5,15899151
8,27,1,15899223
32,14,2,15899763
34,17,1,15899965
11,9,1,15900133
37,33,3,15900169
38,2,5,15900347
11,17,0,15900456
54,17,5,15900503
5,27,1,15900638
58,37,6,15900639
26,10,7,15900691
5,23,0,15901312
7,22,3,15901557
5,22,3,15901582
6,23,0,15901584
9,10,3,15901931
5,22,2,15902292
61,14,4,15902581
22,52,3,15902593
33,3,0,15902633
62,38,5,15902857
6,22,2,15903044
11,50,7,15903489
62,13,6,15903601
7,32,3,15903807
53,17,7,15904033
61,38,6,15904047
38,2,6,15904376
62,13,4,15904726
10,50,5,15904840
9,58,5,15905219
26,12,4,15905375
14,11,7,15905573
49,13,4,15905675
60,37,5,15905690
10,9,1,15905764
6,27,1,15905826
14,12,2,15905837
34,16,1,15905976
4,27,1,15906559
58,36,5,15906644
56,18,6,15906903
2,27,1,15907043
39,1,5,15907115
6,62,3,15907605
7,63,0,15907606
9,58,6,15907758
46,25,5,15907847
62,12,7,15908027
1,27,1,15908055
32,13,7,15908072
1,61,0,15908183
10,14,2,15908477
56,32,5,15908606
10,50,6,15908656
53,38,6,15909303
26,10,1,15909757
10,28,2,15909890
42,34,6,15910197
56,17,7,15910204
40,49,0,15910498
56,17,4,15911267
55,17,4,15911278
9,29,0,15911603
26,11,4,15911936
1,62,0,15912108
11,28,3,15912133
12,29,0,15912134
60,14,7,15912235
61,37,5,15912490
51,16,4,15912540
62,38,6,15912875
33,16,2,15912918
61,13,4,15913433
4,62,6,15913501
61,12,7,15914137
41,34,6,15914170
60,13,7,15914246
8,10,2,15914438
9,28,3,15914739
2,33,3,15914879
3,34,0,15914880
9,28,2,15914937
7,22,1,15914963
10,12,2,15915402
57,17,5,15915617
53,17,4,15915885
14,54,5,15915926
62,37,5,15917252
7,11,0,15917370
11,49,5,15917431
12,28,3,15917493
29,33,6,15917829
27,32,4,15918126
43,19,4,15918504
8,60,6,15918515
10,11,2,15918821
23,52,5,15918847
10,10,2,15919202
33,17,2,15919230
6,22,1,15919249
62,16,5,15919279
60,37,6,15919403
6,28,2,15919580
7,61,3,15919654
1,56,3,15919802
2,59,6,15919814
61,37,6,15919963
6,28,3,15919997
11,49,6,15920043
58,36,6,15920255
7,28,3,15920263
42,33,5,15920325
62,12,4,15920617
38,1,5,15920930
8,28,2,15921236
49,14,4,15921259
4,28,2,15921310
32,14,1,15921402
62,11,7,15921644
60,14,2,15921726
54,17,6,15921903
3,28,2,15921934
7,10,3,15922016
8,11,0,15922018
14,54,6,15922039
57,17,4,15922326
7,28,2,15922647
5,28,3,15922995
6,29,0,15922998
4,28,3,15923314
55,16,5,15923476
61,12,4,15923545
3,58,5,15923734
26,10,4,15923991
14,13,1,15924003
14,21,0,15925062
1,33,3,15925589
10,49,6,15925739
62,37,6,15925750
8,63,0,15925818
54,17,4,15925961
9,10,2,15926088
12,48,5,15926110
5,28,2,15926285
1,28,3,15926318
2,29,0,15926319
3,28,3,15926460
1,29,0,15926883
15,14,2,15927110
8,60,3,15927850
9,61,0,15927851
28,32,5,15928033
14,12,1,15928460
61,36,5,15930055
58,5,7,15930590
62,36,7,15930888
60,14,4,15931495
12,48,6,15931959
16,10,2,15932291
52,16,7,15932489
60,14,1,15932634
62,36,5,15932768
43,33,5,15933249
59,35,5,15933536
32,13,4,15933626
9,62,0,15933910
3,54,0,15934695
15,53,5,15935437
8,62,5,15936445
60,12,7,15937394
35,32,5,15937634
56,16,7,15938685
61,11,7,15938717
62,11,5,15938811
55,16,7,15939337
58,35,6,15939801
29,32,5,15940127
62,12,6,15940672
9,28,1,15940853
8,62,6,15940886
62,11,4,15941104
32,15,4,15941356
15,52,6,15941456
61,36,6,15941460
55,16,4,15941724
54,16,7,15941908
53,16,5,15942694
61,11,6,15943502
54,16,4,15943921
18,44,3,15944383
53,16,7,15944993
62,36,6,15945352
9,59,3,15945474
9,61,5,15945873
59,35,6,15946275
60,13,4,15946597
46,17,0,15947074
53,16,4,15947130
42,33,6,15948879
61,35,5,15949337
9,60,3,15950300
10,61,0,15950302
25,10,7,15950777
29,32,4,15951319
8,28,1,15952198
30,32,5,15952293
60,12,4,15952344
62,35,5,15955629
61,11,4,15956200
22,14,2,15956242
10,60,3,15956861
59,34,5,15957137
43,33,6,15958918
7,28,1,15959035
15,61,0,15959404
4,24,0,15959556
61,15,6,15960225
5,23,3,15960556
6,24,0,15960559
10,61,3,15961172
56,16,4,15961207
6,23,3,15961300
53,16,6,15961407
16,50,6,15961604
13,14,2,15961685
5,23,2,15961963
10,28,1,15962388
61,10,7,15963072
4,23,3,15963193
5,24,0,15963194
54,15,5,15963413
8,10,1,15963438
18,45,6,15964194
16,51,5,15964286
10,11,1,15964565
3,28,1,15964918
9,61,6,15965307
61,35,6,15965797
60,34,5,15966239
5,28,1,15966596
10,12,1,15968213
10,15,1,15968515
4,28,1,15968699
4,29,2,15969084
10,60,5,15969720
51,16,6,15969787
62,35,6,15970024
6,28,1,15970238
52,15,5,15971169
10,10,1,15971433
11,61,3,15972394
19,44,5,15973067
4,60,6,15973091
10,14,1,15973832
28,32,6,15973834
10,60,6,15974427
60,10,7,15975587
7,51,3,15975843
62,34,7,15975978
11,59,5,15976041
4,52,6,15976045
8,23,3,15976878
45,32,5,15977751
2,29,2,15977868
8,11,3,15978078
52,15,7,15978176
62,34,4,15978444
5,51,5,15979314
5,51,6,15980196
12,28,1,15980889
43,22,3,15981352
19,44,6,15981737
43,32,5,15981933
60,33,7,15982042
60,34,6,15982241
12,61,3,15982561
13,62,0,15982562
31,12,7,15983195
54,15,6,15983315
17,48,6,15983585
32,15,1,15983743
14,62,2,15984390
9,10,1,15985702
45,32,6,15985940
55,15,7,15986494
62,34,5,15988445
7,58,6,15988732
62,9,7,15988759
31,13,7,15988765
6,50,5,15988828
42,18,7,15988901
6,51,5,15988996
9,52,0,15989160
20,43,5,15990136
59,11,7,15990904
5,23,1,15993011
54,15,7,15993456
59,33,5,15993942
61,14,6,15994985
61,33,7,15995278
11,59,6,15995544
39,31,5,15995557
12,58,5,15995986
48,14,6,15996185
6,51,6,15996191
6,50,3,15999035
7,51,0,15999037
20,58,0,16000788
61,10,4,16000906
17,49,5,16000966
60,33,4,16001093
42,18,4,16001300
12,58,6,16001624
29,32,6,16001744
22,58,0,16001847
31,15,7,16002227
14,50,6,16003120
53,15,7,16003379
61,33,4,16004573
24,33,5,16004949
31,19,2,16007603
13,12,7,16007950
7,50,5,16008115
7,11,2,16008219
6,11,3,16008259
62,34,6,16008337
47,32,6,16009716
1,29,2,16010225
7,50,6,16010899
7,52,3,16011499
4,29,3,16011871
5,30,0,16011873
62,33,7,16014020
61,33,5,16014580
1,29,3,16014733
3,29,2,16014794
5,29,2,16014901
25,10,1,16015072
31,16,7,16016235
13,13,2,16016254
52,15,4,16016768
8,49,5,16017136
59,33,6,16017181
6,29,2,16017847
23,15,2,16017900
2,29,3,16017920
31,14,7,16017940
8,11,2,16018788
23,14,1,16020483
8,49,6,16020543
55,15,4,16020870
50,34,7,16021387
5,29,3,16021421
6,30,0,16021422
62,9,4,16021519
22,55,3,16021578
23,56,0,16021579
52,15,6,16021994
58,14,5,16022960
8,29,2,16023441
9,29,2,16023481
7,29,2,16023711
62,33,4,16023751
62,33,5,16023760
9,48,5,16023942
6,29,1,16024199
22,58,3,16024408
6,29,3,16024535
7,30,0,16024536
25,10,4,16024968
60,32,7,16024982
9,29,3,16024983
10,30,0,16024985
19,20,0,16025114
54,15,4,16025124
21,62,6,16025376
58,14,6,16025968
60,9,7,16026374
8,29,3,16026537
51,15,6,16026582
16,10,1,16027573
61,13,5,16027664
61,9,4,16027872
10,29,3,16028001
11,29,2,16028071
18,56,3,16028126
19,57,0,16028128
52,14,5,16028217
20,18,2,16028616
2,29,1,16029074
4,24,3,16029381
5,25,0,16029384
9,11,2,16029708
61,8,7,16030062
31,15,2,16030139
1,29,1,16030155
9,48,6,16030439
59,32,5,16031026
3,29,1,16031538
10,19,5,16031854
7,11,1,16032262
61,33,6,16032667
41,18,0,16033092
10,47,5,16033240
48,31,7,16033396
61,32,7,16034366
22,15,2,16034613
49,31,5,16034945
11,29,3,16035031
4,29,1,16035121
31,16,2,16035313
5,24,3,16035549
59,13,5,16035718
5,29,1,16036306
9,51,5,16036441
32,5,7,16036541
62,33,6,16037521
60,32,4,16037546
21,14,2,16037572
18,53,3,16038240
19,54,0,16038241
59,31,7,16038416
46,31,5,16038558
7,29,1,16038722
8,11,1,16038959
6,33,3,16039428
1,34,2,16039442
6,33,1,16039550
53,14,5,16039811
57,8,4,16040230
1,34,3,16040482
2,35,0,16040483
7,24,3,16040928
8,25,0,16040930
31,13,4,16041024
15,15,1,16041661
52,14,6,16041808
60,32,5,16042225
54,14,7,16042352
60,9,4,16042607
15,53,3,16043130
62,32,7,16043945
58,29,7,16044206
10,29,1,16044465
61,32,4,16044501
51,14,7,16044891
58,29,4,16044980
16,50,3,16045107
17,51,0,16045108
59,11,4,16045834
1,34,1,16045917
31,12,4,16046224
8,29,1,16046403
9,51,6,16046441
53,14,7,16048364
59,13,6,16048612
9,29,1,16048749
2,30,3,16048756
3,31,0,16048757
24,12,7,16049723
9,11,1,16050129
7,33,3,16050200
60,8,7,16050246
1,31,0,16050304
1,30,3,16050357
2,31,0,16050358
9,52,6,16050505
62,32,4,16050589
1,30,2,16050751
59,31,4,16050986
59,32,6,16051122
61,8,4,16051232
24,10,2,16051282
3,30,2,16051342
9,25,0,16052094
23,58,0,16052587
14,12,0,16053572
2,34,3,16054669
3,35,0,16054670
6,12,2,16054674
9,13,2,16054689
47,10,1,16054825
10,50,5,16054850
2,30,2,16055220
43,31,5,16055242
60,31,7,16055807
53,14,6,16055889
1,30,1,16056318
9,33,3,16057544
24,11,2,16057670
48,31,4,16057753
49,31,6,16057891
11,29,1,16057957
60,32,6,16058201
10,51,5,16058354
23,28,6,16058368
56,13,7,16058903
54,37,5,16059122
14,11,3,16059293
29,31,7,16060006
23,55,0,16060267
61,27,4,16060335
8,33,1,16060873
18,49,0,16060986
55,14,4,16061439
10,50,6,16062021
46,31,6,16062081
10,51,6,16062976
25,50,5,16063590
59,8,7,16063699
31,14,4,16064088
60,12,5,16064957
13,46,6,16065497
43,31,6,16065656
5,12,3,16066001
6,13,0,16066002
3,30,3,16066211
4,31,0,16066212
4,30,2,16066217
47,31,4,16066345
11,50,3,16068712
5,30,2,16069473
32,5,4,16069705
54,14,4,16069871
15,11,2,16070593
11,50,5,16071349
61,31,7,16071675
11,51,5,16071726
21,14,1,16072133
11,51,6,16072302
62,31,7,16072419
13,47,5,16072738
2,30,1,16072795
18,54,6,16073150
14,45,5,16073317
58,9,7,16074542
61,31,5,16075252
4,30,3,16075437
60,8,6,16076005
29,31,5,16076696
53,14,4,16077074
6,30,2,16077729
54,13,5,16078461
2,34,1,16078593
23,53,5,16078915
5,34,2,16078961
61,31,4,16079112
13,13,4,16079298
26,31,5,16079404
12,50,5,16080195
56,13,4,16080425
60,8,4,16081385
60,12,6,16081569
6,12,1,16082022
14,45,6,16082285
18,48,6,16082315
28,31,7,16082442
7,30,2,16082743
3,30,1,16082942
19,45,3,16083264
20,46,0,16083265
62,31,4,16084320
60,7,7,16084856
59,31,6,16084905
59,8,4,16084936
7,12,2,16085656
12,50,6,16085829
20,44,6,16087118
18,49,6,16087134
5,12,1,16087396
52,13,7,16087501
62,31,5,16087959
13,45,6,16088080
55,13,7,16088802
8,30,2,16089025
19,47,5,16089636
14,44,5,16090252
22,59,3,16090603
19,46,3,16090925
20,47,0,16090926
26,31,6,16091940
58,30,5,16092585
60,30,7,16092643
6,30,3,16092898
19,46,6,16094334
47,30,5,16094614
60,7,6,16094874
14,44,6,16095997
54,13,7,16096344
19,47,3,16097493
61,31,6,16098919
19,48,5,16099198
19,47,6,16099467
36,30,6,16099510
13,49,5,16099623
57,5,7,16099793
30,31,5,16100124
18,48,3,16100126
21,43,5,16100270
20,45,5,16100864
24,28,3,16101191
25,29,0,16101193
59,30,5,16101611
62,31,6,16101977
49,3,5,16105112
61,30,7,16105418
19,49,3,16105583
19,48,6,16105694
15,43,5,16105754
59,7,7,16105773
46,30,7,16107116
33,34,6,16108040
61,11,5,16108528
21,43,6,16108820
20,46,5,16109136
59,7,4,16109773
20,45,3,16110137
21,46,0,16110139
20,45,6,16110711
15,43,6,16110933
13,49,6,16111638
24,27,3,16111744
25,28,0,16111745
28,31,4,16113741
30,31,4,16114034
60,30,4,16114286
53,13,7,16114576
20,48,5,16114701
32,27,3,16114779
20,46,3,16114828
21,47,0,16114830
58,7,7,16115824
61,26,4,16117514
20,47,5,16117944
29,31,4,16118344
60,30,5,16118613
11,19,3,16119076
21,44,5,16119151
57,5,4,16119227
20,46,6,16120794
33,27,0,16122041
14,21,3,16122327
14,48,5,16122732
50,12,7,16123360
22,14,3,16123595
14,48,6,16123633
24,26,3,16123794
25,27,0,16123797
20,47,6,16124120
29,31,6,16124670
62,30,7,16125362
15,44,5,16125582
24,50,3,16126490
25,51,0,16126492
9,12,2,16126591
24,53,5,16127759
41,30,4,16128316
58,6,7,16128975
12,18,3,16129118
13,19,0,16129120
16,42,5,16130186
8,26,0,16130572
22,42,5,16130639
23,56,3,16130773
21,45,5,16131035
25,31,6,16132674
33,19,2,16132768
38,30,5,16132845
21,46,5,16134365
61,11,6,16134894
22,42,6,16137361
21,44,6,16137522
24,24,3,16138601
21,44,3,16139170
22,45,0,16139171
25,19,0,16139992
50,14,3,16139996
51,15,0,16139997
36,33,6,16140574
21,45,6,16141980
30,31,6,16142609
5,24,0,16142809
17,46,0,16142952
50,10,0,16144831
15,17,0,16144938
23,41,5,16145561
33,17,1,16145645
58,5,5,16147380
21,46,3,16147966
22,47,0,16147967
15,44,6,16147991
55,13,4,16148159
51,14,0,16148167
58,7,4,16148883
16,42,6,16149147
21,45,3,16149530
46,30,6,16150561
5,23,0,16151840
54,13,4,16154018
22,43,5,16154474
62,30,5,16154760
22,44,5,16154872
17,41,5,16154904
23,41,6,16154962
43,30,6,16155469
22,43,6,16155486
16,43,5,16156465
45,15,5,16156549
16,45,5,16159166
24,40,5,16159504
59,29,7,16161297
17,41,6,16162287
32,6,0,16162611
27,30,5,16163062
20,31,5,16163469
58,30,6,16164885
22,44,6,16164905
18,40,5,16165140
30,30,7,16165773
16,43,6,16166032
33,19,0,16166874
23,9,5,16167116
59,30,6,16167976
61,30,4,16168614
18,40,6,16168965
16,45,6,16171062
19,39,5,16171121
22,46,3,16171286
13,16,3,16171737
14,17,0,16171739
30,30,5,16171798
23,43,5,16171885
21,46,6,16172940
24,40,6,16173008
48,10,3,16173459
49,11,0,16173461
26,30,5,16173822
17,42,5,16173889
39,32,6,16173961
62,30,4,16174289
23,42,5,16174876
22,45,3,16175341
23,46,0,16175342
25,39,5,16176067
19,39,6,16176437
46,30,4,16177340
17,44,5,16178714
23,43,3,16180192
25,39,6,16180719
17,42,6,16182330
29,30,7,16182392
23,43,6,16183698
32,27,6,16184117
60,30,6,16184409
56,29,4,16184829
62,17,3,16185656
4,21,3,16186122
5,22,0,16186123
18,41,5,16186226
58,9,4,16186712
40,29,7,16187613
22,9,5,16188170
24,42,5,16189354
53,29,0,16189739
18,41,6,16192701
17,44,6,16193050
24,53,3,16194196
25,54,0,16194197
19,40,5,16195026
38,30,6,16196319
57,8,7,16196945
48,7,0,16199836
55,12,7,16199913
24,42,6,16200196
18,44,5,16201383
62,30,6,16202684
39,29,5,16203926
59,29,5,16204144
24,42,3,16205490
25,43,0,16205491
50,32,6,16205722
18,43,5,16205953
44,21,0,16206671
22,38,0,16209410
32,26,6,16210073
26,39,5,16213138
60,29,5,16215579
25,40,3,16215591
25,41,5,16215632
61,29,7,16216868
26,39,6,16218162
25,42,5,16218390
27,38,5,16219346
26,40,0,16222073
18,43,6,16222177
45,29,7,16222314
60,6,6,16222368
18,45,6,16222401
23,47,3,16226098
25,41,3,16226472
62,29,7,16227141
61,29,5,16228746
18,44,6,16229871
25,43,3,16238041
26,44,0,16238042
24,44,3,16239555
61,29,4,16239668
60,11,6,16241731
25,41,6,16243783
53,13,4,16244242
25,42,6,16246011
26,40,5,16247344
10,24,6,16250648
20,43,0,16252692
40,31,5,16252709
59,11,7,16254196
62,29,4,16255555
52,29,4,16255984
21,40,5,16256753
59,29,6,16259410
19,43,5,16259578
25,42,3,16261880
47,29,5,16262053
60,29,6,16262895
61,29,6,16264428
61,5,7,16266914
27,40,0,16267755
54,12,7,16267792
25,43,6,16268161
31,30,5,16270201
62,29,6,16270315
19,44,5,16271457
7,12,1,16271690
26,41,5,16273098
8,12,2,16273285
39,3,1,16275167
54,12,6,16275522
61,5,5,16275836
51,31,5,16277011
47,29,6,16277018
5,13,2,16278161
59,28,5,16278447
60,28,5,16279264
61,28,5,16280076
62,28,7,16281395
8,31,0,16282385
61,28,7,16282410
55,12,4,16282558
39,29,6,16283773
59,11,4,16284741
8,12,1,16286421
56,4,7,16286568
62,28,5,16286594
52,12,7,16286683
60,24,5,16287293
61,5,4,16287371
10,31,0,16287627
61,28,4,16290119
61,5,6,16290718
54,11,7,16291032
26,40,6,16291683
62,28,4,16291812
54,12,4,16291963
51,31,6,16292498
14,18,0,16293708
58,3,7,16293846
61,28,6,16298182
59,28,6,16298315
60,24,6,16299409
55,11,5,16299558
59,26,4,16299672
45,3,0,16299994
62,28,6,16300443
58,10,7,16300847
26,42,5,16301014
60,28,6,16301313
52,31,4,16301516
19,44,6,16301556
51,31,7,16302084
31,4,7,16302974
50,12,6,16303995
53,11,5,16304082
5,13,3,16304694
55,11,6,16305125
3,31,3,16305338
60,4,7,16305795
55,11,4,16306280
58,3,4,16306885
14,25,7,16307035
62,27,7,16307285
22,37,1,16307545
26,42,3,16308177
26,40,3,16308364
27,41,0,16308365
13,31,0,16308758
40,1,5,16309041
52,12,4,16309388
48,28,7,16309416
52,11,7,16309848
26,41,3,16309880
53,26,3,16310145
62,27,5,16311394
30,30,6,16311630
61,27,7,16311731
45,18,6,16311887
60,27,5,16312235
5,21,0,16312567
56,11,4,16313774
21,38,2,16314315
31,30,4,16314845
61,27,5,16315665
40,1,6,16315827
37,38,6,16316556
34,33,5,16317156
20,42,3,16320444
21,43,0,16320445
26,41,6,16320542
32,33,4,16321016
53,11,7,16321033
30,34,1,16321787
28,30,6,16321940
61,27,6,16322926
26,30,6,16323550
24,54,6,16323586
31,15,4,16323861
61,27,4,16324146
29,35,2,16324340
62,27,4,16324658
62,27,6,16325275
59,27,6,16325412
21,40,6,16325777
51,11,5,16326952
37,36,5,16327730
39,1,6,16328235
60,27,6,16328698
38,37,5,16329835
31,32,7,16330196
57,2,7,16330513
21,38,1,16331463
53,11,6,16331553
25,33,6,16331567
26,43,6,16331771
29,35,1,16332728
58,4,6,16332837
30,30,4,16333158
52,11,6,16334054
34,32,6,16335486
31,32,4,16337319
61,26,7,16337942
26,42,6,16338033
62,26,7,16338148
37,36,6,16338185
27,32,6,16338234
57,25,1,16338448
48,28,4,16338855
55,10,5,16338911
54,10,7,16339244
62,26,5,16339779
38,36,5,16340118
54,10,5,16340184
54,11,4,16340762
60,4,4,16341004
31,29,5,16341344
52,11,4,16341658
59,4,7,16341708
60,26,5,16341766
61,26,5,16341977
30,31,5,16342200
41,28,7,16342580
23,33,6,16343624
51,11,6,16343678
30,31,7,16343740
26,43,3,16344102
51,11,7,16344155
52,10,5,16344450
52,26,0,16344507
28,31,5,16345198
51,30,6,16345508
54,30,4,16345614
29,32,3,16345652
30,33,0,16345653
29,31,6,16347206
31,16,4,16347399
24,32,5,16347455
26,31,5,16347595
55,10,7,16347604
28,31,6,16347646
53,10,5,16348133
42,31,3,16348327
43,32,0,16348328
62,26,6,16348547
53,11,4,16349335
60,26,6,16349512
62,26,4,16349585
30,31,6,16349877
24,32,6,16350227
30,31,4,16351120
61,26,4,16351632
59,3,5,16351840
30,14,7,16351901
58,4,7,16352115
57,2,4,16352276
35,31,5,16352492
25,31,5,16352835
45,27,7,16352880
61,26,6,16353244
38,35,5,16353355
51,11,4,16353524
38,1,6,16353540
23,32,5,16354391
30,30,7,16354439
55,10,6,16354456
53,29,7,16354783
8,14,7,16355089
30,30,5,16355226
28,36,2,16355376
23,32,6,16355383
23,11,7,16355677
31,30,5,16355872
29,30,7,16356001
25,31,6,16356007
27,39,3,16357244
28,40,0,16357245
53,10,6,16357643
24,31,5,16357995
62,25,5,16358099
6,31,2,16358220
27,42,5,16358478
59,3,7,16358592
42,28,4,16358771
31,7,4,16358894
24,32,7,16358988
26,30,5,16359006
59,4,4,16359078
27,40,5,16359082
25,32,4,16359289
58,9,4,16359438
31,30,4,16359518
31,15,1,16359782
24,31,6,16359799
33,30,4,16360034
30,30,6,16360358
27,40,6,16360376
30,30,4,16360829
53,10,7,16361129
60,3,4,16361158
61,25,5,16361518
54,10,6,16361555
56,1,6,16361710
30,29,7,16361775
52,29,5,16361924
49,9,4,16362562
30,15,7,16362594
22,40,6,16362769
29,30,4,16362858
31,30,6,16363049
56,1,7,16363090
52,10,6,16363952
62,25,7,16363962
26,30,6,16364257
25,30,5,16364277
51,10,7,16364332
37,31,4,16364430
22,39,5,16364454
32,29,7,16364906
35,31,6,16364981
27,42,6,16364986
53,9,5,16365966
31,29,5,16366000
62,25,6,16366268
23,32,7,16366335
48,7,7,16366726
25,30,6,16366752
52,10,7,16366764
24,32,4,16367846
54,10,4,16367927
6,31,1,16368064
52,29,6,16368487
38,33,5,16368587
32,29,5,16368666
55,4,4,16368809
24,31,7,16369558
27,29,7,16369670
51,10,6,16369789
30,6,7,16369867
27,41,3,16369888
23,10,4,16370257
28,35,7,16370271
31,9,4,16370478
52,9,5,16370546
55,9,5,16370622
40,24,0,16370798
23,11,4,16370802
55,10,4,16370827
54,3,7,16370991
50,10,7,16371071
59,3,4,16371122
59,2,7,16371163
58,3,7,16371166
22,39,6,16371237
28,40,3,16371366
23,39,5,16371626
23,39,6,16371965
43,14,4,16372182
62,25,4,16372203
7,13,2,16372669
39,33,3,16372920
50,34,4,16373000
8,16,7,16373181
9,19,4,16373233
56,25,6,16373303
31,10,4,16373561
57,8,7,16373653
53,10,4,16373658
23,9,1,16374373
14,28,7,16374868
28,41,5,16374983
59,3,6,16375077
36,30,5,16375452
19,44,3,16376299
20,45,0,16376300
12,13,1,16376529
48,8,7,16376745
30,14,4,16377083
58,24,3,16377240
23,10,1,16377300
3,33,0,16377389
8,17,7,16377705
7,31,3,16378276
8,32,0,16378277
23,32,4,16378526
51,10,4,16378883
57,4,7,16379182
21,10,4,16379253
55,31,6,16379547
52,10,4,16379554
11,13,7,16379785
52,9,7,16379864
59,2,4,16380689
30,8,7,16380780
8,16,2,16380818
48,7,4,16381043
54,9,7,16381066
41,27,0,16381283
22,10,7,16381319
53,9,7,16381476
58,2,7,16381673
58,3,4,16382606
30,9,7,16382647
30,6,4,16382794
29,32,4,16383126
38,33,6,16383675
28,32,7,16383857
8,16,4,16383920
61,7,4,16384194
53,9,6,16384753
52,9,6,16384828
55,9,4,16385235
28,34,7,16385299
60,2,4,16385485
29,13,7,16385903
50,10,4,16385969
22,11,7,16386059
51,9,7,16386188
9,23,7,16386251
48,8,4,16386736
28,32,2,16386783
8,18,7,16386874
62,16,4,16386941
47,10,4,16387643
34,27,7,16387874
60,2,5,16388060
8,17,2,16388191
50,24,6,16388242
56,9,4,16388308
22,10,2,16388427
9,25,3,16388538
10,26,0,16388541
50,9,6,16388590
61,23,5,16388681
30,16,2,16388848
8,17,4,16389104
47,6,7,16389350
30,15,4,16389692
8,14,1,16390130
57,4,4,16390352
24,36,5,16390383
58,1,7,16390769
21,38,4,16391198
29,4,2,16391291
43,26,5,16391343
41,26,7,16391545
57,2,7,16391684
22,29,6,16391693
57,5,4,16391776
7,15,7,16391908
58,2,4,16392000
43,26,6,16392100
54,8,5,16392111
7,13,1,16392121
30,29,4,16392152
52,5,4,16392314
52,9,4,16392333
59,1,7,16392496
30,8,4,16392712
11,14,2,16392885
53,24,0,16393088
50,9,7,16393167
61,23,6,16393437
28,31,7,16393527
28,32,4,16393710
5,28,0,16393774
29,31,4,16393823
24,36,6,16393985
22,10,4,16394005
53,9,4,16394527
60,6,7,16394773
30,9,4,16394979
12,13,0,16395099
48,15,7,16395376
57,8,4,16395429
55,8,7,16395577
54,9,4,16395980
8,18,2,16396031
47,7,7,16396175
29,5,2,16396200
27,42,3,16396549
59,1,4,16396552
8,15,1,16396769
45,5,6,16397928
8,18,4,16398369
60,11,7,16398380
26,36,7,16398615
13,16,2,16398633
6,14,2,16399400
28,29,1,16399502
58,1,4,16399587
54,8,7,16399597
28,35,4,16400006
5,27,3,16400276
6,28,0,16400277
57,1,7,16400414
52,8,7,16400555
47,6,4,16400645
29,13,2,16400776
56,3,7,16401163
7,16,7,16401293
51,9,4,16401427
8,16,1,16401627
19,15,0,16401682
29,14,7,16402136
51,23,5,16402243
57,2,4,16402875
56,4,7,16402975
49,9,7,16403008
33,26,5,16403139
62,22,5,16403167
6,14,1,16403187
20,37,7,16403654
56,6,2,16403670
60,7,4,16404038
29,13,4,16404042
7,15,2,16404061
7,16,4,16404064
6,27,3,16404248
7,28,0,16404249
8,19,2,16404285
29,8,7,16404444
43,28,5,16404745
39,32,5,16404863
46,9,7,16405010
39,33,6,16405313
19,15,3,16405901
48,15,4,16406188
9,23,4,16406287
29,4,1,16406377
20,38,7,16406378
22,10,1,16406396
56,7,7,16406621
30,17,4,16408150
11,14,1,16408171
46,5,7,16408247
14,28,4,16408311
50,9,4,16408800
13,15,1,16409026
62,22,6,16409028
39,32,3,16409041
8,17,1,16409309
52,24,7,16409396
30,18,4,16409609
47,7,4,16409660
28,31,4,16409724
53,8,7,16409942
39,57,1,16409949
5,15,2,16410078
57,1,4,16410083
30,16,1,16410102
7,16,2,16410287
28,30,7,16410856
8,20,2,16411021
2,35,2,16411143
13,18,2,16411163
56,3,4,16411289
5,29,0,16411353
29,5,1,16411547
7,14,1,16411741
55,7,7,16411830
1,39,3,16411881
59,6,7,16411966
13,16,1,16412042
59,20,6,16412157
56,1,7,16412655
6,28,2,16412796
29,14,4,16412879
4,15,3,16413213
22,33,3,16413655
1,35,1,16413883
51,8,7,16414011
8,18,1,16414073
10,15,7,16414784
14,20,1,16414865
46,6,7,16415433
29,28,7,16415565
28,2,1,16415595
11,14,0,16415606
46,5,4,16415616
24,23,4,16415627
28,5,2,16415738
5,28,3,16415766
6,29,0,16415767
49,9,4,16415832
3,16,2,16415853
8,27,3,16416090
9,28,0,16416091
13,19,2,16416527
61,21,5,16416729
29,16,7,16417167
7,18,7,16417216
5,15,1,16417383
2,35,1,16417469
21,31,5,16417601
6,28,1,16417697
4,35,2,16417834
56,7,4,16417846
11,25,0,16417847
52,8,4,16418133
13,17,1,16418193
21,11,2,16418244
62,21,6,16418378
7,35,0,16418385
51,8,4,16418388
54,8,4,16418551
46,9,4,16418718
7,17,2,16418842
6,15,2,16418907
3,16,1,16418960
28,6,2,16419021
7,19,7,16419210
4,35,1,16419438
12,13,1,16419446
11,13,3,16419779
6,28,3,16419867
7,29,0,16419868
56,1,4,16419997
4,16,2,16420034
55,2,7,16420120
29,13,1,16420121
7,15,1,16420134
9,37,3,16420411
21,31,6,16420425
7,18,4,16420583
6,15,1,16420918
49,8,7,16421013
45,4,7,16421162
29,17,7,16421166
21,35,0,16421318
4,16,1,16421444
55,7,4,16421560
22,30,5,16421882
46,6,4,16422113
22,30,6,16422422
1,36,2,16422509
7,28,1,16422531
7,18,2,16422626
28,12,7,16422822
51,7,7,16422873
5,39,3,16423034
39,32,6,16423086
1,37,0,16423111
55,6,7,16423133
57,21,6,16423298
43,28,6,16423335
23,29,5,16423430
8,34,2,16423446
53,7,7,16423752
15,32,1,16423802
59,5,4,16423812
7,16,1,16423848
1,36,1,16423870
27,3,2,16423899
7,28,3,16423914
8,29,0,16423915
9,34,2,16423962
27,34,6,16423965
8,19,1,16424104
28,12,4,16424771
62,3,5,16425076
2,36,3,16425450
8,34,1,16425520
11,38,0,16425604
14,29,4,16425738
58,20,5,16425911
21,10,1,16426038
6,17,7,16426045
29,29,0,16426114
5,35,1,16426395
8,34,3,16426417
8,28,1,16426436
30,19,4,16426854
28,31,3,16427014
29,32,0,16427015
24,29,0,16427062
16,35,1,16427066
3,36,2,16427182
45,5,7,16427183
5,16,2,16427394
27,10,0,16427474
9,34,1,16427622
40,32,5,16427664
29,17,2,16427775
13,20,2,16427891
5,29,2,16428082
2,17,2,16428117
6,29,2,16428238
58,4,7,16428522
3,36,1,16428626
29,18,7,16428759
28,5,1,16429131
15,36,2,16429137
48,8,7,16429302
45,8,7,16429630
30,20,4,16429667
4,16,3,16429773
51,26,6,16429808
3,18,0,16429819
23,30,5,16430487
5,29,3,16430490
6,30,0,16430491
55,2,4,16430738
8,20,1,16430891
22,30,3,16430998
13,18,1,16431023
8,28,3,16431097
9,29,0,16431098
42,3,7,16431119
4,36,2,16431254
28,32,3,16431313
5,16,1,16431418
47,14,7,16431517
12,17,2,16431652
15,32,3,16431912
16,33,0,16431914
23,29,3,16432008
20,10,2,16432204
27,11,7,16432255
53,4,2,16432381
12,13,3,16432582
13,14,0,16432583
29,16,4,16433069
30,18,1,16433142
6,29,1,16433243
7,29,2,16433439
52,25,5,16433453
21,35,3,16433793
22,36,0,16433795
43,25,7,16433808
10,39,0,16434067
15,37,0,16434093
30,22,7,16434402
3,17,2,16434428
18,10,2,16434471
21,34,3,16434537
22,35,0,16434539
21,34,0,16434540
7,39,3,16434601
8,40,0,16434602
2,42,0,16434727
55,6,4,16434990
26,3,7,16434996
6,16,2,16435033
58,20,6,16435085
14,33,2,16435178
4,36,1,16435193
25,27,3,16435408
26,28,0,16435410
3,17,1,16435413
2,37,2,16435638
28,13,7,16435647
18,35,3,16436201
8,35,2,16436367
31,25,3,16436453
32,26,0,16436454
8,38,3,16436536
9,39,0,16436537
23,31,6,16436694
54,6,7,16436704
15,36,1,16436889
27,11,4,16437008
6,29,3,16437450
7,30,0,16437451
1,37,3,16437597
7,19,2,16437833
17,22,0,16438175
18,35,2,16438588
26,3,4,16438627
13,33,3,16438891
7,35,3,16438907
7,29,1,16439305
14,33,1,16439380
2,37,1,16439575
13,38,0,16439578
18,35,1,16439674
23,33,3,16439812
8,35,1,16439896
24,29,3,16440328
25,28,3,16440479
34,34,3,16440809
35,35,0,16440812
29,33,5,16441539
40,32,6,16441784
10,38,3,16441869
8,39,3,16441896
23,32,6,16441908
25,35,3,16442175
30,29,0,16442331
24,31,5,16442694
7,36,2,16442707
11,34,3,16442794
12,35,0,16442796
29,32,3,16443291
2,37,3,16443673
3,38,0,16443674
1,38,2,16443747
5,36,3,16443806
18,10,1,16444405
23,31,3,16444439
24,32,0,16444440
1,39,0,16444502
9,39,3,16444983
2,18,2,16445516
6,16,1,16445557
54,1,2,16445773
12,15,0,16446216
31,26,2,16447046
27,3,1,16447099
45,5,4,16447153
18,11,0,16447214
59,18,5,16447350
30,26,3,16447412
29,29,3,16447524
30,30,0,16447525
49,8,4,16447970
16,36,3,16448196
9,35,3,16448328
11,38,3,16448418
12,39,0,16448419
29,30,6,16448645
25,37,0,16448649
30,29,5,16448840
3,42,3,16449014
25,29,3,16449025
24,30,3,16449161
7,36,1,16449269
3,17,3,16449300
7,29,3,16449331
8,30,0,16449333
23,32,3,16449434
8,41,0,16449767
35,26,3,16449953
36,27,0,16449954
26,28,3,16450477
27,29,0,16450479
1,38,1,16450780
46,5,1,16450935
14,33,3,16450938
3,37,3,16451750
4,38,0,16451752
31,26,3,16451937
32,27,0,16451938
6,30,2,16452205
13,34,2,16452231
15,12,2,16452669
15,37,2,16452724
32,26,2,16452841
12,34,3,16452848
17,36,2,16453062
11,39,2,16453148
6,36,3,16454162
7,37,0,16454164
30,28,3,16454587
31,29,0,16454589
1,38,3,16455359
2,39,0,16455360
5,17,2,16455455
15,37,1,16455715
7,17,1,16455980
12,38,3,16456233
12,38,0,16456234
2,18,3,16456284
34,27,0,16456752
10,39,3,16456797
32,26,3,16456806
33,27,0,16456807
54,5,7,16456957
24,31,3,16456994
12,18,2,16457127
11,39,1,16457600
17,36,1,16457985
13,34,1,16458686
30,30,5,16458688
2,38,3,16459003
52,6,6,16459089
11,15,2,16459329
4,17,3,16459579
9,36,2,16459618
7,36,3,16459916
25,30,3,16460088
13,19,1,16460290
5,17,1,16460486
24,32,3,16460532
8,29,3,16460899
9,30,0,16460900
30,30,6,16461103
8,40,3,16461437
9,41,0,16461438
6,37,2,16461584
8,41,2,16461727
10,35,3,16462197
6,30,1,16462704
44,4,7,16463187
50,7,7,16463995
13,21,2,16464372
24,36,0,16464482
9,29,1,16464559
27,13,7,16464560
32,26,1,16464628
6,17,2,16464924
30,29,3,16464963
8,41,1,16465015
17,36,3,16465388
53,5,5,16465624
53,14,4,16465969
30,21,4,16466221
60,19,7,16466336
20,11,2,16466362
16,37,2,16466561
33,26,1,16466678
14,38,2,16466946
8,36,3,16467016
9,37,0,16467017
37,32,3,16467549
15,37,3,16467581
1,44,3,16467764
6,30,3,16468142
7,31,0,16468143
13,34,3,16468364
4,18,2,16468513
14,38,1,16468839
16,37,1,16468897
24,34,3,16469269
25,35,0,16469270
25,37,3,16469444
26,38,0,16469445
14,12,3,16469640
15,13,0,16469641
6,37,1,16469647
29,19,7,16469899
7,30,1,16470046
14,34,1,16471224
7,37,2,16471344
9,40,3,16471409
41,31,5,16471472
6,17,1,16471582
11,39,3,16471678
30,30,3,16471936
1,45,0,16472028
3,18,3,16473306
29,18,4,16473337
13,38,3,16473439
25,2,7,16473622
45,6,4,16474026
30,33,3,16474232
25,31,3,16474510
1,39,3,16474680
2,40,0,16474681
30,31,3,16475773
11,35,3,16477254
12,36,0,16477255
30,31,6,16477351
15,34,2,16478764
30,32,3,16479521
7,37,1,16479593
8,30,2,16480067
15,38,2,16480263
7,42,2,16480459
47,14,4,16481147
5,28,1,16481208
10,16,0,16482215
11,40,2,16483072
26,36,3,16484323
31,30,5,16485226
42,5,3,16495804
24,36,3,16499288
25,37,0,16499289
9,36,1,16502776
24,35,3,16503404
3,38,3,16504523
46,9,3,16506776
53,6,4,16511231
32,30,0,16512515
1,40,0,16514328
51,7,4,16514699
15,12,1,16515450
4,29,2,16516606
26,37,3,16516998
27,38,0,16517000
43,6,3,16517067
12,20,3,16517128
42,4,3,16520350
55,3,3,16523422
28,14,2,16523811
30,33,6,16524094
44,7,3,16526111
45,8,0,16526113
12,19,3,16528305
31,34,3,16528854
26,9,0,16536483
14,9,0,16539527
7,20,0,16541845
47,10,3,16542284
53,7,4,16542333
39,33,0,16547253
20,21,0,16549307
28,15,0,16550811
27,8,3,16552670
24,35,5,16568676
43,5,3,16569658
31,33,5,16569821
53,6,0,16570657
41,31,6,16574104
26,43,4,16578193
42,27,4,16583594
41,26,7,16583603
45,5,3,16584531
25,42,7,16585735
31,32,3,16587597
26,39,3,16588587
27,40,0,16588588
49,26,0,16598415
25,42,4,16601693
31,31,3,16603222
32,32,0,16603223
28,39,1,16606856
24,38,2,16607035
8,23,0,16609439
39,28,3,16613868
24,41,7,16615105
31,30,3,16620076
32,31,0,16620077
36,27,3,16622769
37,28,0,16622771
25,42,1,16632506
35,27,3,16635823
36,28,0,16635824
33,27,3,16648474
34,28,0,16648475
17,20,0,16684538
32,37,0,16688873
26,37,3,16690203
27,38,0,16690206
12,14,3,16693735
24,42,3,16694733
25,43,0,16694734
25,45,3,16695647
26,46,0,16695649
24,39,3,16697953
25,40,0,16697954
25,44,3,16706479
46,8,4,16740487
18,19,0,16798400
24,42,4,16810755
25,32,1,16815222
24,33,2,16815525
44,8,3,16818207
24,33,1,16821476
24,43,4,16829063
18,19,3,16830055
19,20,0,16830057
23,40,7,16833260
54,1,0,16834600
47,10,0,16834771
23,41,7,16835387
43,5,0,16836485
27,40,3,16837075
28,41,0,16837077
45,5,0,16839656
24,36,4,16849568
23,35,7,16851484
18,18,3,16852807
7,30,5,16854634
23,42,7,16856632
45,5,3,16858007
43,5,3,16858280
27,40,2,16858507
13,39,6,16859088
6,36,6,16859208
56,1,0,16860164
2,37,5,16860708
11,34,5,16862578
26,4,3,16863622
27,5,0,16863624
1,37,5,16863679
54,1,3,16866055
5,36,6,16866144
20,12,3,16866212
2,37,6,16866637
10,40,5,16866693
4,36,5,16867171
6,30,5,16867346
63,2,0,16867672
4,18,6,16867748
30,15,0,16867797
7,35,5,16868380
29,18,0,16868434
56,1,5,16869039
28,8,0,16870362
14,38,5,16870493
43,4,3,16871816
44,5,0,16871818
28,10,3,16871942
29,11,0,16871943
26,2,5,16871971
57,5,0,16872382
4,24,1,16872394
40,26,0,16872706
1,37,6,16872846
20,35,5,16873737
4,36,6,16873757
3,18,5,16874145
10,34,5,16874611
6,18,3,16874834
7,19,0,16874835
11,34,6,16875790
3,36,5,16875941
44,6,3,16875955
23,34,2,16875981
52,23,0,16876315
15,19,0,16876353
29,13,3,16876514
30,14,0,16876515
10,40,6,16876621
30,21,0,16876689
27,13,3,16876871
28,14,0,16876872
6,30,6,16877046
9,26,3,16877079
10,27,0,16877080
6,35,5,16877350
16,37,5,16878150
7,35,6,16878666
5,17,5,16878912
7,41,5,16880092
28,9,3,16880484
48,10,0,16880701
58,1,0,16880914
6,17,3,16881901
7,18,0,16881902
3,36,6,16882504
2,36,5,16882554
27,5,3,16882594
28,6,0,16882595
32,21,0,16883025
10,34,6,16884127
21,11,0,16884607
7,41,6,16884674
57,4,3,16885137
17,18,0,16885393
11,39,5,16885481
3,18,6,16885497
50,8,0,16885681
54,13,3,16886763
55,14,0,16886765
28,13,0,16886932
13,23,6,16888328
5,35,5,16888413
14,38,6,16888658
30,16,3,16888822
46,6,3,16889362
47,7,0,16889363
7,17,0,16890344
55,5,3,16890584
11,15,6,16890627
1,36,5,16890992
29,19,3,16891114
29,12,3,16891234
23,21,3,16891647
24,22,0,16891648
15,37,5,16892387
16,37,6,16892395
7,29,5,16892463
56,1,3,16892552
8,21,0,16892621
26,8,3,16892880
2,21,3,16893068
3,22,0,16893070
48,11,3,16893867
2,36,6,16894827
5,17,6,16895430
21,10,0,16895876
23,35,4,16896143
12,33,5,16896229
31,19,3,16896473
32,20,0,16896475
8,34,5,16897466
15,8,0,16897792
27,11,3,16897836
28,12,0,16897837
20,13,6,16897863
9,34,6,16898662
4,17,5,16900416
56,5,3,16901866
17,17,0,16902379
50,7,3,16903006
51,8,0,16903007
5,35,6,16903413
31,24,0,16903509
28,8,3,16903670
29,9,0,16903671
44,5,3,16904094
45,6,0,16904095
4,35,5,16905354
8,40,5,16905362
1,36,6,16906598
27,10,3,16907937
40,29,0,16908706
10,17,6,16908826
53,6,3,16909330
7,19,3,16909625
40,27,3,16909743
29,11,3,16910008
30,12,0,16910009
54,15,0,16912063
21,15,3,16912085
11,33,5,16912688
8,34,6,16913646
26,31,0,16913875
6,29,5,16914443
11,17,5,16915394
7,29,6,16915496
31,18,3,16916053
32,19,0,16916054
13,8,0,16916066
47,14,0,16916119
12,33,6,16916356
29,10,3,16916543
2,18,6,16916740
8,40,6,16917353
7,18,3,16918036
8,19,0,16918037
34,11,0,16918168
28,14,3,16918304
3,35,5,16919668
51,7,3,16920014
4,35,6,16920190
54,6,3,16920310
29,18,3,16920441
30,19,0,16920443
25,1,3,16920468
26,2,0,16920470
6,16,5,16921695
17,36,5,16922774
10,39,6,16922971
6,34,5,16923016
57,5,3,16923073
44,4,3,16923598
45,5,0,16923600
4,17,6,16924182
43,25,3,16924988
44,26,0,16924989
19,16,3,16925173
57,3,0,16925302
7,29,7,16925330
56,1,0,16925975
30,14,3,16926034
2,20,3,16926477
3,21,0,16926478
29,5,0,16926486
3,22,3,16926884
4,23,0,16926885
10,33,5,16927830
20,35,6,16927853
2,35,5,16929136
2,36,4,16929311
15,37,6,16930842
24,44,0,16931717
49,8,3,16932184
30,13,3,16932457
31,14,0,16932458
21,12,5,16932767
59,21,3,16932954
60,6,5,16934301
28,6,3,16934888
29,7,0,16934889
28,29,1,16935552
25,46,0,16936181
6,29,6,16936204
58,5,3,16936211
3,42,7,16938523
15,29,0,16938591
48,25,0,16939312
3,20,0,16939391
11,33,6,16939396
60,4,3,16939416
3,35,6,16939852
61,22,3,16941026
62,23,0,16941028
3,17,5,16941797
4,29,6,16941918
27,30,2,16941935
1,36,4,16942323
30,22,3,16942945
31,23,0,16942947
8,18,0,16943018
9,39,5,16943470
1,35,5,16943604
45,6,3,16943767
46,7,0,16943768
39,33,3,16944014
58,22,3,16944255
7,34,7,16944555
53,7,1,16944839
21,11,5,16945204
56,6,3,16945737
9,33,5,16947929
57,2,3,16949202
47,6,3,16949318
48,7,0,16949320
5,35,4,16949665
52,26,3,16950545
23,42,3,16950949
24,43,0,16950952
44,25,3,16951206
58,25,0,16951431
53,7,3,16951974
54,8,0,16951975
60,7,5,16952526
55,14,3,16953037
8,29,4,16954766
50,8,3,16954880
31,17,3,16955420
32,18,0,16955421
43,31,3,16955788
2,35,7,16958276
2,35,6,16958781
28,5,5,16959473
24,44,3,16961540
25,45,0,16961541
6,34,7,16963117
57,3,3,16963407
58,4,0,16963408
6,34,6,16963573
5,29,6,16963749
4,35,4,16964192
60,6,3,16964735
29,9,5,16965606
30,12,3,16966485
6,16,6,16967915
8,20,3,16968376
54,7,3,16969316
23,18,6,16969450
4,34,5,16971655
10,33,6,16971685
7,17,5,16971702
1,35,6,16972471
9,40,4,16972828
20,10,6,16973178
17,18,5,16974065
59,22,3,16975847
30,21,3,16975936
3,17,6,16976069
51,8,3,16976250
52,9,0,16976251
9,39,6,16976306
49,24,3,16976640
29,7,3,16977368
45,4,3,16979247
5,27,3,16979654
6,28,0,16979655
23,41,3,16979716
24,42,0,16979717
8,33,5,16979793
3,35,4,16980424
5,16,5,16980448
12,38,7,16980470
5,34,7,16980518
13,32,5,16980774
21,12,6,16982156
11,16,5,16982270
58,6,3,16982681
59,7,0,16982682
56,24,3,16983744
55,7,3,16983859
56,8,0,16983860
50,16,3,16984691
57,23,3,16985454
44,27,5,16986131
30,9,0,16986954
7,28,5,16987330
26,2,6,16987422
7,34,4,16987606
7,16,5,16987760
11,17,6,16988070
30,12,5,16988241
58,1,0,16988597
17,36,6,16989813
53,26,1,16990493
24,34,5,16991660
14,6,3,16991742
11,38,5,16993710
49,11,5,16994732
61,13,3,16995034
1,44,4,16995452
52,8,3,16996439
27,1,5,16998600
21,15,0,16998773
3,34,5,16999989
9,33,6,17000047
3,42,4,17000216
57,4,3,17000507
58,5,0,17000508
36,28,3,17001653
29,9,3,17002242
30,10,0,17002243
8,19,3,17002354
7,33,5,17005485
45,5,3,17006476
46,6,0,17006477
8,28,7,17014552
44,40,0,17014969
11,39,4,17018560
6,34,4,17023331
34,27,3,17024578
35,28,0,17024580
11,33,4,17024887
21,11,6,17026858
4,34,7,17027064
30,11,3,17028291
31,12,0,17028292
4,34,6,17029115
16,36,5,17029693
5,16,6,17031051
2,35,4,17032846
57,4,0,17041277
12,32,5,17051838
6,28,5,17052726
10,38,5,17054347
7,28,6,17055743
9,39,7,17060362
2,34,5,17062629
8,33,6,17065251
7,28,7,17066482
4,16,5,17068917
18,35,5,17069016
3,34,7,17069810
47,14,3,17070682
48,15,0,17070683
5,28,5,17071977
32,21,3,17073255
9,28,4,17074930
11,32,5,17075359
10,33,4,17075725
13,38,4,17077387
6,15,5,17077799
1,34,5,17077931
23,42,7,17078766
10,38,6,17082770
5,34,4,17083308
12,32,7,17085476
15,36,5,17086268
23,41,4,17090481
6,28,6,17090537
4,16,6,17090555
19,10,6,17092380
6,15,6,17092679
21,34,5,17092809
26,3,6,17093446
2,34,6,17093538
7,33,6,17093934
8,39,7,17093946
23,42,4,17095816
16,36,6,17096993
10,32,5,17098398
12,32,6,17098755
11,32,7,17098928
23,43,4,17098988
4,34,4,17103920
41,13,0,17104402
20,9,5,17106894
22,40,7,17108424
8,28,4,17108805
23,35,1,17109079
15,36,6,17109299
8,27,5,17111104
22,39,2,17111438
9,32,5,17111879
22,41,7,17112779
3,16,6,17113192
9,39,4,17113299
22,42,7,17113303
6,33,6,17113327
21,9,5,17114728
5,28,6,17115633
16,36,7,17116881
1,34,6,17118942
27,42,3,17119533
21,34,6,17120993
5,15,5,17123655
22,9,7,17128043
11,32,6,17130993
21,35,4,17135099
61,5,3,17136271
62,6,0,17136272
17,35,5,17136870
18,10,5,17137826
18,35,6,17140286
4,17,4,17141476
3,34,4,17145226
20,15,7,17148916
29,6,5,17152536
31,15,3,17154027
5,33,7,17173213
26,37,2,17173369
10,32,7,17174447
9,38,6,17175597
13,32,4,17176287
30,20,3,17177672
7,28,4,17178491
7,27,5,17180658
40,34,3,17181817
23,45,0,17183460
23,45,3,17187357
41,28,5,17188244
10,32,6,17188307
22,43,3,17189020
22,42,3,17189371
23,43,0,17189372
8,32,5,17190065
7,18,6,17190801
32,20,3,17190816
29,11,6,17192208
22,37,3,17194843
12,38,4,17196808
32,34,0,17199582
45,46,5,17199902
22,41,3,17199928
23,42,0,17199929
23,35,5,17200170
3,20,3,17200407
4,21,0,17200409
7,15,5,17202494
31,16,5,17203396
22,37,6,17203548
12,16,5,17203609
10,38,7,17207130
44,44,6,17208043
28,29,1,17208051
27,40,1,17209274
27,30,2,17212032
23,44,6,17212072
23,38,3,17212410
24,39,0,17212411
23,35,6,17212584
45,34,3,17214456
23,36,5,17215228
25,46,5,17216640
59,1,3,17217595
60,2,0,17217596
24,34,5,17218217
3,21,5,17218360
23,37,3,17218621
24,38,0,17218623
23,35,3,17219800
24,36,0,17219801
24,42,5,17222901
23,42,5,17223312
23,36,3,17225326
25,42,3,17225795
26,43,0,17225798
23,42,6,17226025
24,43,5,17228805
48,10,0,17229651
24,34,6,17231546
37,28,0,17231745
12,16,6,17231846
3,23,6,17232546
25,33,5,17232742
24,43,6,17233036
24,41,5,17235167
24,41,6,17235544
24,44,6,17236227
25,40,5,17240631
25,35,6,17242915
24,42,6,17243354
36,28,0,17243417
44,46,4,17245960
24,37,3,17247564
38,28,3,17248617
25,40,6,17250109
25,43,5,17250328
25,33,6,17251203
59,2,2,17252122
43,32,1,17253088
25,43,6,17257258
42,33,2,17257534
43,45,7,17259628
47,43,0,17260662
25,32,3,17265727
40,36,6,17271398
40,39,2,17278169
41,31,2,17279199
26,42,5,17280804
26,34,5,17280810
41,30,1,17282440
45,43,5,17285136
8,18,3,17286390
9,19,0,17286391
59,6,3,17293725
60,7,0,17293726
56,7,3,17298772
36,28,3,17307246
27,1,6,17310110
3,24,6,17310473
8,19,5,17311220
37,28,3,17311853
53,8,3,17313426
45,9,1,17314696
57,7,3,17317406
58,8,0,17317407
49,27,3,17318913
50,28,0,17318915
7,17,6,17321467
50,9,3,17321578
51,10,0,17321579
4,24,5,17322747
48,27,1,17323041
9,22,5,17323637
22,11,5,17324631
58,2,0,17324850
3,33,5,17325600
13,18,6,17325793
54,8,3,17325834
9,32,7,17325978
9,18,0,17327874
31,14,3,17327961
8,27,7,17328280
30,14,6,17328397
30,10,5,17328511
8,27,6,17328826
12,32,4,17328967
59,7,3,17329201
44,10,2,17329325
51,27,3,17329392
4,33,7,17329424
22,10,5,17330047
9,32,6,17330318
55,8,3,17330548
2,33,5,17330635
3,19,3,17331070
4,20,0,17331071
3,33,7,17331176
56,25,1,17331346
7,16,6,17331599
30,13,6,17331762
7,32,5,17331936
29,6,6,17332006
6,27,5,17332009
13,31,5,17332467
3,33,6,17332912
4,23,3,17333045
11,32,4,17333265
55,17,0,17333713
52,9,3,17334242
57,24,3,17334867
29,7,6,17334901
29,9,6,17335042
7,14,5,17335303
7,27,7,17335509
30,8,5,17335530
8,32,6,17335631
30,8,3,17336094
31,9,0,17336095
31,15,5,17336112
52,27,3,17336126
2,33,7,17336303
9,17,0,17336588
6,27,7,17336659
53,27,3,17336763
58,6,0,17336827
6,15,7,17336851
49,7,0,17337187
2,33,6,17337296
57,8,3,17337315
26,32,2,17337365
12,31,5,17337424
30,12,6,17337442
25,40,7,17337700
53,27,2,17337965
10,32,4,17338294
45,27,0,17338787
4,23,5,17338962
8,38,7,17339038
31,13,3,17339785
11,37,7,17340347
30,7,5,17340395
53,9,3,17340494
7,15,6,17340746
5,15,6,17341579
4,33,4,17341815
7,32,6,17342060
46,28,2,17342076
62,24,2,17342078
58,8,3,17342080
53,27,1,17342513
30,4,3,17342705
31,5,0,17342707
25,40,4,17342840
10,38,4,17342911
6,27,6,17342956
31,13,5,17343181
12,31,7,17343312
30,11,6,17343572
25,42,5,17343896
25,41,4,17344030
9,26,5,17344126
26,32,1,17344133
18,16,6,17344196
9,32,4,17344224
8,27,4,17344545
54,9,3,17344740
55,10,0,17344741
25,33,2,17345351
3,33,4,17345502
31,12,3,17345899
45,26,3,17346455
46,27,0,17346456
13,31,6,17347222
24,37,2,17347754
24,39,7,17347820
54,27,3,17347846
30,10,6,17347971
30,5,5,17347973
22,11,6,17348304
10,31,5,17348502
24,40,7,17348929
6,14,5,17348956
11,31,7,17349973
25,33,1,17350523
13,15,5,17350794
59,24,3,17350930
42,35,5,17351186
43,33,3,17352270
44,34,0,17352272
24,37,1,17352462
38,35,3,17352757
39,36,0,17352758
24,41,4,17352895
24,34,2,17352898
42,35,6,17353047
9,31,5,17353083
24,42,4,17353161
24,40,4,17353445
24,39,4,17353474
24,38,4,17353585
3,32,5,17353944
24,36,1,17354038
6,15,4,17354779
24,40,1,17354828
19,34,5,17354897
22,33,5,17355403
23,38,2,17355623
23,40,7,17355908
28,29,5,17356118
43,34,5,17356323
23,37,2,17356419
58,27,0,17356675
2,39,5,17356732
24,34,1,17356775
25,44,2,17356791
23,38,7,17356892
23,39,7,17356929
24,42,2,17357055
24,36,4,17357094
25,43,1,17357223
23,41,7,17357240
23,37,7,17357254
24,44,0,17357558
24,42,1,17357714
27,42,0,17357969
58,3,3,17358013
59,4,0,17358015
23,41,2,17358229
25,44,1,17358445
23,42,7,17358683
23,35,2,17358769
26,40,3,17358882
27,41,0,17358883
24,35,4,17358887
40,39,0,17358892
24,33,1,17359188
23,41,4,17359233
23,39,1,17359540
23,39,4,17359688
23,40,4,17359725
23,38,1,17359731
24,44,2,17359836
23,34,2,17360184
23,38,4,17360266
23,37,4,17360342
2,39,6,17360417
23,42,4,17360429
23,37,1,17360503
42,40,5,17360509
24,43,1,17360621
42,40,6,17360669
25,45,2,17360789
23,35,1,17360828
25,45,1,17361075
23,42,2,17361249
24,47,7,17361480
44,36,5,17361696
23,41,1,17361790
22,39,7,17362080
22,39,2,17362230
22,41,7,17362236
23,35,7,17362363
22,40,7,17362427
22,38,2,17362614
12,37,7,17362681
7,26,5,17362826
23,34,1,17363108
24,44,1,17363112
39,36,3,17363118
22,40,2,17363139
22,38,7,17363356
22,38,1,17363470
23,42,1,17363534
22,36,2,17363579
22,35,2,17363779
22,42,2,17364088
23,43,2,17364245
24,46,2,17364305
23,44,2,17364346
22,39,4,17364352
22,40,4,17364481
22,43,2,17364646
20,34,7,17364669
28,29,6,17364679
28,5,6,17364796
22,39,1,17364899
10,31,7,17364958
23,45,2,17365058
43,34,6,17365083
22,40,1,17365111
22,37,1,17365298
22,42,1,17365325
22,35,1,17365458
8,26,7,17365481
6,14,6,17365652
21,42,7,17365691
21,39,7,17365787
23,44,1,17365885
22,41,4,17366264
21,40,2,17366346
21,38,2,17366348
21,39,2,17366467
2,32,5,17366792
22,38,4,17366959
44,36,6,17366961
21,41,7,17367038
21,40,7,17367149
21,36,2,17367254
25,47,1,17367638
21,41,2,17367686
21,41,4,17367720
25,30,6,17367919
22,43,1,17367958
21,38,7,17367960
8,31,5,17367987
22,45,2,17368096
23,45,1,17368126
25,32,4,17368163
21,43,2,17368409
5,15,4,17368474
21,43,7,17368483
45,47,3,17368527
21,40,1,17368551
21,42,4,17368557
22,45,1,17368568
25,31,7,17368606
24,47,1,17368625
21,37,7,17368634
21,43,4,17368720
24,48,2,17368781
21,36,1,17368791
21,41,1,17368902
21,39,1,17369091
46,40,3,17369110
47,41,0,17369112
24,46,1,17369221
37,39,4,17369228
23,47,2,17369258
21,38,1,17369430
20,41,7,17369523
21,40,4,17369687
21,44,2,17369732
21,38,4,17369757
4,15,7,17369813
21,39,4,17369871
20,40,7,17369888
20,40,2,17369954
20,39,2,17369962
20,41,2,17370173
22,46,2,17370195
30,28,5,17370308
23,47,1,17370417
6,26,5,17370494
20,42,7,17370523
20,42,2,17370563
24,48,1,17370609
20,38,7,17370643
3,32,7,17370673
23,49,2,17370739
21,43,1,17370856
18,35,4,17371110
22,46,1,17371289
20,39,7,17371362
21,46,2,17371621
20,37,2,17371665
23,48,2,17371778
20,40,1,17371820
22,48,2,17371824
20,44,2,17371829
20,41,1,17372011
20,43,1,17372027
21,44,1,17372165
9,37,7,17372228
45,48,3,17372476
23,48,1,17372505
19,34,6,17372532
21,49,3,17372661
20,42,4,17372687
20,39,1,17372901
22,48,1,17373023
2,32,7,17373202
20,42,1,17373461
24,31,7,17373470
22,49,2,17373643
20,44,1,17373665
9,31,7,17373715
19,39,2,17373719
24,32,4,17373726
21,48,2,17373821
21,46,1,17373870
29,28,5,17374038
20,45,2,17374222
26,29,5,17374282
5,14,6,17374349
38,28,4,17374370
12,37,4,17374509
19,42,2,17374599
7,26,7,17374629
19,41,7,17374664
19,40,2,17374672
25,31,4,17374815
19,42,4,17374931
5,14,7,17374954
19,41,2,17375134
46,50,0,17375196
4,14,5,17375215
19,40,1,17375224
19,44,2,17375295
19,41,1,17375431
20,45,1,17375543
10,31,6,17375661
19,43,2,17375887
19,42,1,17375982
19,39,1,17376216
19,43,1,17376243
20,47,2,17376314
18,43,2,17376378
23,52,2,17376398
19,45,2,17376463
19,45,1,17376552
18,40,2,17376702
28,28,5,17376716
19,46,2,17376799
20,47,1,17376813
18,42,2,17376868
21,49,2,17377006
12,31,4,17377172
59,27,0,17377239
6,38,6,17377319
42,29,7,17377353
19,48,2,17377355
18,41,2,17377401
18,44,2,17377419
49,46,3,17377456
19,49,4,17377473
28,28,6,17377541
5,26,5,17377634
18,40,1,17377728
18,42,1,17377769
37,27,7,17377800
18,48,7,17377934
19,46,1,17378013
18,43,1,17378274
18,44,1,17378400
4,15,4,17378408
23,31,7,17378472
18,41,1,17378492
17,42,2,17378509
40,44,7,17378682
19,48,1,17378714
24,31,4,17378837
17,45,7,17378845
17,44,2,17378855
23,52,1,17378935
31,32,4,17379001
17,43,2,17379107
8,38,4,17379223
24,30,7,17379251
18,49,2,17379278
17,42,1,17379345
18,50,2,17379372
17,41,2,17379390
24,56,0,17379462
18,47,2,17379485
51,47,0,17379488
26,29,6,17379576
15,6,3,17379686
16,7,0,17379687
9,26,4,17379864
8,31,7,17380020
20,53,2,17380126
6,26,6,17380139
51,41,0,17380149
50,48,5,17380220
17,43,1,17380229
18,49,1,17380293
17,45,2,17380336
48,50,3,17380776
49,51,0,17380779
36,27,4,17380844
17,45,4,17380885
6,31,5,17380909
17,41,1,17380954
29,30,2,17381243
17,45,1,17381305
16,43,2,17381401
29,27,5,17381404
16,45,7,17381422
16,48,7,17381465
16,42,2,17381502
2,32,6,17381550
50,47,3,17381556
34,27,6,17381598
20,34,4,17381611
17,50,2,17381666
16,44,7,17381728
16,46,2,17381745
50,48,6,17381808
17,52,4,17381834
27,28,5,17381863
51,41,3,17381907
52,42,0,17381909
17,50,1,17381922
17,50,4,17381927
16,44,2,17381937
16,44,1,17381945
28,28,7,17381950
37,27,4,17381958
29,30,1,17381983
16,47,4,17382077
18,50,1,17382160
16,49,7,17382188
24,30,4,17382212
6,38,4,17382287
16,46,1,17382303
27,28,6,17382454
6,13,5,17382466
16,51,7,17382535
49,51,3,17382625
16,49,4,17382830
51,47,5,17382880
17,51,2,17382959
15,45,2,17382998
16,48,4,17383027
51,48,3,17383052
15,46,7,17383060
27,37,4,17383070
15,47,2,17383100
50,50,3,17383131
51,39,3,17383154
28,27,5,17383188
20,32,7,17383285
15,48,7,17383398
18,56,2,17383471
7,37,5,17383477
16,51,4,17383583
15,47,7,17383593
18,56,0,17383609
21,32,4,17383620
21,31,7,17383766
18,56,1,17383794
15,46,4,17383823
61,4,6,17383826
29,28,4,17383839
49,52,3,17383918
15,47,4,17383947
15,45,1,17383973
15,48,4,17384033
17,54,1,17384047
29,27,6,17384054
49,53,3,17384224
38,27,5,17384273
15,49,2,17384346
30,31,7,17384422
31,9,5,17384544
19,33,7,17384552
15,47,1,17384585
9,36,5,17384604
30,27,7,17384645
14,46,2,17384653
15,50,7,17384704
14,45,7,17384709
22,31,4,17384929
29,4,5,17384988
14,47,7,17385039
16,51,2,17385258
14,47,4,17385398
41,46,0,17385400
14,46,7,17385514
36,27,6,17385619
28,27,6,17385624
14,48,2,17385736
6,14,4,17385894
14,47,1,17385998
14,46,4,17386021
50,53,3,17386089
51,54,0,17386094
4,29,7,17386099
18,58,3,17386135
19,59,0,17386138
14,46,1,17386225
16,59,3,17386250
17,60,0,17386255
48,55,3,17386350
14,48,1,17386400
14,45,4,17386420
35,18,3,17386537
36,19,0,17386542
7,37,7,17386545
27,51,0,17386573
28,45,3,17386610
29,46,0,17386612
62,3,5,17386664
42,15,3,17387142
13,48,2,17387176
9,20,7,17387336
48,58,4,17387530
4,39,4,17387553
13,36,4,17387636
31,9,6,17387877
39,43,2,17387995
51,54,3,17388063
49,27,0,17388170
13,47,2,17388312
32,27,6,17388470
37,27,0,17389505
50,9,0,17389587
41,27,2,17390301
50,26,3,17390347
51,27,0,17390350
35,27,0,17390811
43,39,5,17391326
53,42,2,17392256
53,42,1,17392284
49,57,6,17392830
14,47,0,17392973
16,56,3,17393003
17,57,0,17393004
50,53,2,17393535
4,14,6,17393589
49,50,0,17393620
14,53,6,17393842
14,50,3,17393971
15,51,0,17393973
15,54,5,17393985
14,18,4,17394021
50,55,1,17394060
50,55,4,17394065
16,54,0,17394106
14,49,3,17394119
15,50,0,17394121
51,53,3,17394152
14,51,5,17394187
49,56,2,17394222
46,45,3,17394283
14,52,6,17394380
45,39,0,17394467
53,49,5,17394485
4,16,4,17394494
19,60,6,17394512
17,58,6,17394653
16,54,3,17394682
17,55,0,17394683
49,41,1,17394706
48,57,7,17394769
49,54,7,17394810
46,50,3,17394921
17,57,5,17394922
52,47,3,17395025
53,48,0,17395029
16,10,7,17395055
15,55,6,17395097
15,53,5,17395145
14,49,5,17395467
13,47,6,17395494
13,48,6,17395512
15,52,3,17395517
49,56,1,17395523
18,57,5,17395528
16,53,3,17395686
20,59,5,17395703
19,40,3,17395904
48,11,0,17396119
16,54,5,17396202
22,55,4,17396226
14,47,3,17396247
15,48,0,17396248
15,54,6,17396307
15,52,5,17396336
46,33,2,17396427
15,51,3,17396500
18,58,6,17396565
21,54,7,17396913
21,59,0,17397247
48,54,7,17397296
14,51,6,17397381
16,54,6,17397411
15,50,3,17397710
16,51,0,17397711
20,58,5,17397755
19,57,5,17397786
14,48,5,17397812
41,27,1,17397831
15,51,5,17397959
3,15,7,17397973
42,42,3,17398084
19,52,4,17398174
48,54,4,17398232
18,51,7,17398252
16,51,3,17398289
17,52,0,17398291
16,52,3,17398360
15,50,5,17398376
14,48,6,17398436
20,51,3,17398691
21,52,0,17398692
30,27,4,17398733
42,40,3,17398959
28,27,7,17399021
4,14,7,17399043
18,41,7,17399056
19,57,6,17399162
9,20,4,17399252
15,48,3,17399278
16,49,0,17399279
14,27,4,17399405
16,41,3,17400081
17,42,0,17400082
20,42,3,17400119
16,40,3,17400222
17,41,0,17400223
21,14,3,17400403
21,54,4,17400537
16,39,0,17400717
17,53,5,17400751
15,47,5,17400798
43,50,3,17400799
44,51,0,17400801
15,46,3,17400820
41,37,1,17401030
47,54,4,17401090
48,57,2,17401177
29,26,7,17401216
43,46,7,17401674
24,41,0,17401892
17,41,3,17401905
18,42,0,17401906
17,10,4,17401941
17,41,5,17401986
8,26,4,17402007
40,39,6,17402120
30,26,7,17402282
4,22,4,17402668
24,43,3,17402672
16,41,6,17402691
17,9,5,17402842
30,30,2,17402916
3,38,5,17403040
16,39,3,17403155
17,40,0,17403156
16,37,5,17403189
28,27,4,17403219
16,40,5,17403298
25,46,3,17403409
3,14,7,17403494
3,21,7,17403892
12,18,7,17404052
5,14,4,17404280
17,39,7,17404464
22,13,3,17404554
23,14,0,17404555
18,14,3,17404606
19,8,5,17404777
14,28,4,17405406
25,44,3,17405457
26,45,0,17405458
17,9,6,17405516
18,42,3,17405732
19,43,0,17405733
3,15,4,17405845
16,36,3,17405983
17,37,0,17405985
40,37,3,17406060
41,38,0,17406062
43,46,4,17406352
22,28,1,17406658
21,41,5,17406749
21,29,2,17406767
21,40,5,17406867
16,37,6,17406941
21,41,6,17407011
27,49,0,17407059
23,36,5,17407525
25,43,2,17407768
17,35,5,17408202
29,17,6,17408415
36,26,0,17408521
25,49,3,17408994
26,50,0,17408997
17,36,5,17409455
9,22,3,17409479
37,39,5,17409756
16,11,4,17410221
34,26,0,17410233
22,40,5,17410457
8,19,7,17410467
17,37,3,17410489
13,26,7,17411506
21,40,6,17411678
17,35,3,17411688
18,36,0,17411690
15,26,4,17411797
30,19,3,17412069
31,20,0,17412071
46,52,1,17412090
5,13,5,17412488
17,35,6,17412899
17,37,5,17413185
8,16,4,17413485
14,12,4,17413576
33,34,3,17413860
11,14,7,17413882
31,30,4,17414048
19,32,6,17414244
20,31,5,17414467
13,27,7,17414522
18,34,5,17414693
23,33,7,17414794
37,34,0,17414896
18,34,6,17415089
19,33,5,17415289
20,31,6,17415301
34,42,0,17415547
12,18,4,17415603
24,18,4,17416409
19,33,6,17416765
8,17,4,17416789
11,14,4,17418626
22,31,0,17418791
25,28,0,17418998
8,18,4,17419017
15,16,7,17419766
13,27,4,17421394
15,10,7,17421431
3,21,4,17421698
31,7,0,17421873
56,25,3,17421944
57,26,0,17421945
30,29,1,17423030
31,41,2,17423427
2,16,7,17423527
13,28,7,17423594
29,30,2,17423625
50,16,0,17425032
21,14,0,17426066
40,49,0,17426176
22,9,7,17426350
24,33,4,17426843
7,15,7,17426966
24,29,0,17427207
14,4,0,17428333
4,24,1,17429567
29,30,1,17430574
14,25,7,17430800
17,9,7,17432023
13,26,4,17432721
28,45,0,17432967
22,10,7,17433935
10,12,7,17434653
18,63,0,17434771
7,15,2,17435189
11,17,7,17435272
11,15,4,17436758
31,10,2,17436814
4,32,0,17437068
26,37,0,17437572
23,32,7,17437632
11,18,7,17437813
34,27,0,17438114
3,23,2,17438149
7,17,7,17438581
28,3,4,17438824
30,29,7,17439056
12,24,7,17439520
2,16,4,17439772
10,13,7,17439869
29,28,5,17439922
30,29,4,17439994
22,11,7,17440166
8,18,1,17440404
9,41,0,17441934
11,13,1,17442040
11,17,4,17442075
3,25,2,17442235
7,14,4,17442668
30,5,1,17443504
19,14,0,17444061
7,15,4,17445045
31,41,1,17446803
12,26,7,17447438
2,18,2,17447490
12,28,7,17447511
8,39,0,17448738
29,14,7,17449885
9,26,6,17454563
30,21,7,17461014
16,19,2,17476832
12,26,4,17483647
13,9,4,17485240
61,23,1,17487375
28,29,0,17491942
29,10,1,17492444
7,16,7,17498681
30,29,3,17498916
31,30,0,17498917
60,3,1,17499923
50,9,3,17503652
51,10,0,17503654
47,29,0,17504754
29,14,4,17506352
57,8,2,17509288
59,3,3,17509387
60,4,0,17509388
35,37,5,17513650
47,28,3,17516645
35,37,6,17518017
59,7,3,17518594
60,8,0,17518596
36,36,5,17530376
32,36,7,17541214
35,36,4,17541381
32,36,6,17547246
60,3,0,17550697
33,35,5,17556586
34,35,7,17558872
32,35,5,17560197
32,36,4,17562178
33,35,7,17564034
33,35,6,17575945
33,35,4,17577333
19,15,3,17578927
20,16,0,17578929
34,35,4,17579819
32,35,6,17586445
33,34,5,17586609
27,28,2,17592063
34,34,7,17594673
32,34,7,17602464
49,28,3,17602830
33,34,7,17610774
34,34,4,17617996
58,4,3,17624227
57,8,1,17627510
33,34,4,17632899
32,34,4,17634895
58,8,1,17646837
32,34,6,17649423
45,26,1,17665721
55,6,0,17669199
21,8,3,17683560
22,9,0,17683562
56,9,2,17684538
46,26,1,17688061
29,2,7,17689232
16,19,1,17693135
40,13,3,17700627
22,14,0,17706212
50,26,3,17708082
10,12,3,17710933
11,13,0,17710934
47,10,3,17711296
57,9,2,17719859
47,29,3,17721351
60,4,3,17721664
11,20,3,17725797
45,11,0,17725888
46,29,3,17730237
60,3,5,17734958
55,9,1,17735860
10,13,3,17735953
59,8,3,17753765
51,10,3,17755540
49,29,3,17755722
49,26,3,17756328
62,25,2,17759051
45,10,3,17759257
30,30,3,17761907
12,20,0,17763898
2,16,0,17768351
29,10,0,17769222
55,29,3,17769326
56,30,0,17769327
58,25,3,17770064
57,9,1,17770436
14,5,0,17771530
59,10,0,17773048
49,8,0,17776926
46,6,3,17779405
61,3,5,17781167
32,18,0,17786325
41,27,3,17786448
35,18,0,17787062
54,10,2,17791504
30,30,4,17792402
50,29,3,17793843
53,29,2,17799716
30,6,3,17802756
29,30,2,17805680
14,26,3,17808511
53,10,3,17809024
32,17,0,17810902
29,29,7,17813123
59,9,3,17813962
52,29,3,17815668
8,23,3,17817396
30,17,0,17817624
49,1,2,17820616
49,29,1,17820622
29,30,1,17821183
31,15,3,17828774
30,16,0,17829113
28,29,1,17831315
7,17,3,17832591
8,18,0,17832592
13,24,0,17834443
62,9,3,17838317
54,10,1,17842296
27,30,2,17845550
26,30,7,17859418
45,27,3,17874919
46,28,0,17874920
25,29,1,17883208
54,27,0,17884159
27,30,7,17884721
25,30,1,17887906
29,30,1,17892559
24,30,2,17892774
56,26,1,17893791
24,30,7,17894693
24,29,1,17899594
24,31,2,17899727
24,30,1,17901928
23,31,7,17906835
23,30,2,17907327
23,31,2,17913376
24,31,1,17914087
27,29,1,17914559
24,30,4,17915335
23,31,4,17916953
23,30,1,17917698
23,31,1,17926075
27,30,1,17928073
22,31,2,17928187
26,30,2,17929779
22,30,7,17931339
22,31,4,17932976
24,30,0,17936041
21,30,2,17938028
22,31,1,17940648
21,31,2,17940833
25,30,1,17943724
25,29,1,17944890
26,30,1,17945870
21,30,1,17946959
21,30,7,17947048
26,31,2,17948101
22,30,4,17951054
21,32,2,17951776
21,31,1,17954470
25,31,2,17955347
20,31,2,17956621
60,4,0,17956932
24,30,2,17960715
25,31,1,17962326
53,29,1,17963551
20,32,2,17966781
24,30,1,17967673
20,31,1,17968195
24,31,2,17970904
20,31,7,17971862
19,32,4,17976172
23,31,2,17977148
20,32,1,17978057
19,32,2,17978389
19,31,1,17979970
21,32,1,17980167
19,31,4,17982046
24,31,1,17982505
22,30,0,17986299
20,29,6,17986874
20,29,5,17986877
21,28,5,17986878
22,31,2,17988591
18,33,4,17989214
22,31,7,17989643
18,32,2,17990162
19,32,1,17992399
17,32,7,17995489
23,31,1,17997586
18,32,1,18000194
17,32,2,18003238
17,31,1,18004991
38,28,3,18005512
21,31,2,18005813
16,33,3,18011665
22,31,1,18012632
16,32,2,18014564
17,32,1,18015702
17,33,2,18016110
20,30,2,18018526
21,32,2,18019554
16,32,1,18023260
45,27,2,18024673
21,31,1,18024848
16,33,2,18027049
20,30,1,18031927
20,32,2,18033109
15,33,2,18033701
19,31,2,18035581
21,32,1,18036685
15,31,4,18037211
17,30,3,18039601
16,33,1,18041958
19,31,1,18043476
20,32,1,18043530
62,26,2,18047107
14,33,2,18047698
15,33,1,18047947
8,22,3,18047966
9,23,0,18047967
13,32,2,18049215
59,6,1,18053331
41,27,1,18054404
13,32,4,18054434
57,26,3,18056048
50,12,0,18056649
14,30,7,18056666
13,32,1,18057368
14,33,1,18060730
50,1,0,18060927
18,32,2,18061505
33,28,2,18062638
17,31,1,18063330
18,32,1,18063582
12,33,4,18064018
16,32,2,18065316
53,11,2,18066037
12,33,2,18066313
12,32,1,18068128
11,32,7,18068899
62,26,1,18069359
16,30,1,18071023
54,28,0,18072162
46,27,1,18073881
13,34,2,18073957
11,32,4,18074659
52,11,3,18078101
4,14,4,18078110
11,33,2,18078231
16,32,1,18079548
11,32,1,18079925
12,33,1,18082879
15,31,2,18083346
28,2,3,18084365
10,33,4,18086635
10,33,2,18088632
10,32,4,18088916
11,33,1,18090329
9,32,7,18091746
55,27,2,18094525
15,31,1,18095409
15,32,1,18095533
59,10,3,18096519
60,11,0,18096521
17,33,2,18097226
47,30,3,18097647
11,34,2,18098918
10,33,1,18100706
11,34,1,18101346
30,2,6,18101487
9,33,2,18102823
2,31,5,18102902
54,12,0,18103848
11,11,5,18104681
14,32,2,18105048
15,33,2,18105400
9,31,7,18105469
9,32,4,18105734
48,30,2,18107197
48,30,3,18109325
49,31,0,18109326
10,34,2,18109538
7,31,6,18109997
9,34,2,18114063
10,35,2,18114726
15,33,1,18114952
9,33,1,18117802
31,14,3,18119774
8,31,7,18125362
14,33,2,18127145
8,34,2,18129350
51,30,3,18134354
52,30,2,18134790
7,33,2,18135393
55,27,1,18136119
7,32,1,18137040
7,33,4,18137950
14,33,1,18140828
8,34,1,18142934
6,32,7,18143721
7,33,1,18143880
9,34,1,18143973
14,32,1,18144829
6,33,2,18145934
53,11,1,18148034
6,34,4,18148824
13,11,7,18149265
14,34,2,18150028
6,33,4,18151919
13,33,2,18153182
45,27,1,18155553
5,33,7,18157028
5,34,7,18157622
6,34,2,18158599
5,32,7,18159218
11,14,5,18159348
6,33,1,18159380
6,32,4,18159471
5,33,2,18160684
13,33,1,18160792
15,29,7,18163246
5,34,4,18164296
5,34,2,18166748
59,4,3,18167091
60,5,0,18167092
12,34,2,18167761
5,33,1,18168669
7,35,2,18168886
6,34,1,18169073
31,13,3,18169807
4,33,7,18170951
4,33,2,18172249
5,31,7,18174294
52,30,1,18175284
45,28,3,18175294
46,29,0,18175295
5,35,2,18176763
30,15,0,18176850
28,30,1,18176966
6,25,5,18177639
4,33,4,18177730
4,32,1,18177872
5,34,1,18178853
12,33,1,18179175
4,34,2,18179386
7,16,3,18181178
8,17,0,18181180
4,13,7,18181931
4,33,1,18181970
3,33,2,18182669
11,34,2,18184379
3,32,7,18186400
4,34,1,18190191
3,33,4,18190346
3,33,1,18191051
45,11,3,18191168
29,13,3,18191728
30,14,0,18191730
60,4,3,18191950
2,35,3,18192862
31,12,3,18193013
2,34,7,18193674
2,33,7,18194326
7,32,2,18194914
2,33,2,18194948
2,32,7,18195054
49,30,1,18195378
9,32,1,18196908
3,32,4,18197929
2,32,1,18198044
5,25,5,18198209
3,35,2,18198382
7,35,1,18198863
7,32,1,18198888
5,12,5,18199457
2,34,4,18199467
2,33,4,18200543
2,34,2,18201440
3,13,7,18201831
6,33,2,18202277
2,33,1,18203094
1,35,3,18204629
2,36,0,18204630
1,33,7,18204934
15,29,4,18205238
1,33,2,18205446
1,32,7,18207956
2,34,1,18208706
2,31,7,18209171
1,34,4,18209635
1,34,2,18209981
2,32,4,18210188
1,33,4,18211617
1,33,1,18212046
22,14,3,18213219
45,28,2,18213831
29,11,3,18214453
30,12,0,18214454
8,33,4,18214988
6,33,3,18216317
7,34,0,18216318
4,25,5,18216710
42,28,3,18217615
1,34,1,18218210
1,35,2,18218870
5,35,1,18219016
58,11,3,18219392
2,35,1,18225280
1,35,1,18225413
1,36,2,18228356
3,35,1,18228673
47,7,3,18228878
52,12,2,18232305
60,10,3,18233209
2,36,2,18235881
44,28,2,18236144
22,13,3,18238122
51,12,3,18238881
52,13,0,18238882
1,36,1,18241226
51,31,2,18241543
54,11,3,18242758
30,4,6,18245421
22,10,6,18247848
7,33,1,18249191
31,11,3,18251710
6,34,2,18255925
6,33,1,18256427
6,34,1,18261206
5,34,2,18266141
5,35,2,18266658
61,5,3,18270551
5,35,1,18270812
5,33,1,18272232
5,34,1,18272413
4,35,2,18276887
4,34,2,18277253
4,34,1,18283460
4,35,1,18284227
27,31,2,18284587
3,35,2,18286234
1,39,3,18286805
4,38,1,18288268
3,35,1,18289381
2,34,2,18293963
2,36,2,18294963
2,35,2,18295328
2,34,1,18299943
2,35,1,18300609
1,35,2,18304573
1,36,2,18306160
1,35,1,18310706
13,28,4,18313234
33,28,1,18318301
3,14,4,18325562
55,29,0,18326469
55,31,3,18332394
58,11,1,18338074
53,12,2,18340258
4,13,4,18343642
52,12,3,18346065
53,13,0,18346067
14,29,7,18348073
53,12,3,18354178
54,13,0,18354179
52,31,3,18356172
5,12,6,18356384
5,25,6,18365047
61,24,3,18368154
59,30,3,18370593
60,31,0,18370595
3,12,5,18374889
58,6,3,18378240
4,25,6,18380125
3,25,6,18382592
63,29,0,18386427
58,29,0,18386670
28,29,3,18396705
29,30,0,18396706
53,12,1,18400123
45,29,2,18403444
30,30,0,18406984
45,29,3,18412127
46,30,0,18412128
27,31,1,18412826
59,29,3,18413474
60,30,0,18413476
53,2,0,18415547
59,12,3,18417500
60,13,0,18417502
31,29,3,18418003
31,10,3,18421556
52,13,2,18427194
45,12,3,18427628
46,13,0,18427629
13,34,2,18427989
31,8,3,18428563
29,3,3,18428697
30,4,0,18428698
30,29,3,18430571
6,11,5,18432130
60,11,3,18433599
62,29,2,18437579
52,13,3,18438406
53,14,0,18438407
2,36,1,18440309
61,7,0,18442568
53,13,3,18443009
7,35,1,18443387
30,13,0,18443713
38,29,1,18443860
51,3,0,18443969
36,1,2,18445896
1,36,1,18446139
34,33,0,18449720
31,11,5,18449841
54,13,3,18450095
55,14,0,18450096
41,14,3,18451571
42,15,0,18451573
12,27,7,18453394
55,31,0,18453867
59,30,3,18456270
17,30,3,18456725
54,31,0,18459142
55,13,3,18459227
45,30,3,18464113
6,36,2,18465986
57,13,3,18466180
58,14,0,18466182
50,33,3,18466592
22,32,3,18468663
23,33,0,18468665
38,30,2,18471706
30,30,3,18473066
55,13,1,18475774
49,16,3,18476122
61,7,3,18476333
30,30,2,18477215
29,30,3,18477841
41,3,3,18477963
42,4,0,18477964
31,30,3,18478115
6,33,0,18480245
7,33,0,18481352
55,31,3,18481817
59,13,3,18481878
46,13,3,18483063
47,14,0,18483064
33,34,0,18485159
9,32,3,18485572
10,33,0,18485574
8,32,3,18485749
9,33,0,18485750
19,8,1,18486201
38,30,1,18486701
52,29,0,18486951
55,32,3,18486972
11,32,2,18487157
2,33,2,18487368
6,32,1,18488017
20,9,0,18488468
1,33,1,18489456
10,32,3,18489562
9,32,1,18489824
30,30,1,18490726
1,33,3,18490757
2,34,0,18490759
1,34,0,18491761
50,14,3,18491903
2,33,1,18492434
60,13,3,18492817
61,14,0,18492819
8,33,2,18493007
5,33,2,18493152
58,30,1,18494116
31,30,1,18494178
11,32,1,18494645
3,33,3,18494992
11,32,3,18495165
12,33,0,18495166
45,31,2,18495651
53,35,0,18495916
12,32,3,18496030
13,33,0,18496032
62,13,2,18496236
44,31,2,18496241
6,33,3,18496585
13,32,3,18498301
14,33,0,18498303
5,33,3,18498708
5,33,1,18499280
30,31,3,18500292
31,32,0,18500293
6,33,1,18500675
36,32,0,18501097
2,33,3,18501114
61,13,3,18501236
37,32,0,18501305
3,39,2,18501454
1,34,2,18501593
37,31,2,18502404
9,33,2,18502761
20,8,1,18502812
54,14,2,18503355
44,31,1,18504273
17,10,0,18504568
53,14,3,18504598
54,15,0,18504599
28,32,0,18504783
50,3,3,18504888
30,31,2,18505491
9,33,3,18505576
61,26,3,18505798
7,33,3,18506403
8,34,0,18506404
10,33,2,18506491
7,33,1,18507019
8,33,1,18507182
57,31,2,18507256
10,33,3,18507324
11,34,0,18507325
4,34,2,18507730
4,39,2,18507951
5,34,2,18508210
62,14,3,18508312
18,9,2,18508362
53,32,3,18508403
4,34,3,18508683
52,34,1,18509047
31,31,3,18509074
2,34,3,18509319
62,13,1,18509369
60,2,0,18509399
43,32,2,18509700
14,29,4,18510018
38,4,3,18510413
11,33,3,18510577
12,34,0,18510578
10,33,1,18510611
45,31,1,18510634
16,11,0,18510780
40,32,0,18510922
4,39,1,18511350
12,33,3,18511363
13,34,0,18511364
61,7,1,18511646
40,31,2,18511905
12,33,2,18512405
3,34,3,18513457
32,34,2,18513552
60,7,1,18513692
17,9,3,18513693
5,34,3,18513900
6,35,0,18513901
34,34,3,18513933
33,34,3,18513950
4,34,1,18513981
7,25,0,18514427
61,31,1,18514450
32,34,3,18514467
9,33,1,18514768
1,34,1,18514912
8,34,2,18514974
6,34,2,18515050
4,41,0,18515444
5,34,1,18515662
13,37,1,18516008
9,34,2,18516327
13,33,3,18516446
53,35,3,18516748
7,34,2,18516906
6,34,3,18517271
7,35,0,18517272
6,34,1,18517337
3,40,2,18517528
12,33,1,18517966
32,1,0,18518103
7,12,0,18518899
54,14,1,18518919
30,31,1,18519727
3,35,2,18519737
4,30,3,18519908
5,31,0,18519910
44,32,3,18520365
45,33,0,18520367
19,9,2,18520569
11,34,2,18522791
29,32,3,18522930
30,33,0,18522931
45,32,1,18523070
58,14,3,18523318
59,15,0,18523319
7,30,3,18524029
8,31,0,18524032
44,32,2,18524255
8,34,1,18524320
36,32,3,18524424
37,33,0,18524426
37,32,2,18524640
46,14,3,18524768
18,9,3,18524839
5,35,2,18524977
3,35,1,18525483
60,8,2,18525772
3,40,1,18526384
28,32,3,18526503
32,32,3,18526640
33,33,0,18526641
29,32,2,18526743
11,34,3,18526828
19,9,1,18527437
3,35,3,18527441
59,14,3,18527536
60,15,0,18527538
11,34,1,18527540
61,8,3,18528171
62,9,0,18528172
24,27,1,18528253
60,30,0,18528592
9,34,1,18528605
30,32,2,18528989
61,14,2,18529251
58,32,3,18529260
41,32,3,18529341
27,32,3,18529483
5,35,1,18529572
44,32,1,18529760
1,37,0,18529835
60,14,3,18529947
61,15,0,18529949
5,35,3,18529968
6,36,0,18529969
31,32,3,18530409
32,33,0,18530411
57,31,0,18531381
54,36,3,18531397
2,36,2,18531549
19,9,3,18531942
20,10,0,18531943
14,11,2,18531975
7,35,2,18532118
6,35,3,18532224
7,36,0,18532226
7,35,1,18532674
56,33,0,18533489
29,32,1,18533660
1,30,1,18533779
33,35,3,18534484
6,30,1,18534758
4,30,1,18535030
60,8,1,18535079
47,35,5,18535171
33,35,2,18535186
15,5,3,18535224
61,9,0,18535247
37,32,1,18535577
48,14,2,18535610
34,35,3,18535782
6,11,1,18535839
22,9,2,18536516
20,9,3,18536638
21,10,0,18536639
2,30,1,18536642
30,32,1,18536795
2,36,3,18537452
3,37,0,18537453
10,35,2,18537543
2,36,1,18537612
57,22,3,18538943
58,23,0,18538945
55,31,0,18538955
26,33,3,18540115
32,36,0,18540262
45,34,0,18540468
36,33,3,18541027
61,14,1,18541360
54,15,2,18541567
15,11,3,18542058
5,12,2,18542151
54,16,0,18542154
4,36,2,18542292
33,1,0,18542636
31,32,1,18543121
6,37,0,18543568
62,28,0,18543650
3,36,3,18544142
4,37,0,18544143
61,33,3,18544307
10,35,1,18544313
33,35,1,18544343
14,11,3,18544638
1,31,2,18545001
11,35,3,18545549
12,36,0,18545551
21,9,3,18545637
15,16,3,18545811
16,17,0,18545812
6,36,2,18545841
1,38,0,18545873
14,11,1,18545885
30,33,3,18545935
28,33,3,18545966
13,11,2,18546260
18,10,2,18546441
4,13,0,18546617
37,33,3,18546671
54,15,3,18546910
16,10,3,18547016
17,11,0,18547018
34,35,1,18547248
32,35,1,18547339
58,33,3,18547408
53,4,2,18547457
31,33,3,18547627
32,34,0,18547628
28,33,2,18547787
4,36,1,18547796
23,33,2,18547813
7,35,3,18548223
59,35,3,18548386
31,33,2,18548486
29,33,2,18548585
1,37,2,18548960
45,33,1,18548979
3,25,2,18549069
36,33,2,18549114
48,10,3,18549482
49,11,0,18549484
53,30,1,18549493
7,36,3,18549894
37,32,0,18549956
1,37,3,18550055
12,35,2,18550222
9,23,3,18550596
30,33,2,18550979
12,35,3,18551301
17,10,3,18551743
2,44,7,18551834
18,10,3,18552072
19,11,0,18552073
13,35,3,18552110
4,25,2,18552205
61,9,3,18552530
5,12,3,18552680
6,13,0,18552681
22,9,3,18553013
23,33,1,18553045
6,36,1,18553302
32,33,3,18553625
33,34,0,18553626
34,36,3,18553989
35,37,0,18553990
29,9,3,18554071
56,30,1,18554195
22,9,1,18554434
3,25,3,18554456
54,15,1,18554660
4,12,3,18554888
5,13,0,18554889
5,25,2,18555879
3,37,2,18555898
60,31,0,18556141
40,34,0,18556264
29,33,1,18556285
41,33,2,18556373
53,4,1,18556745
29,33,3,18556855
10,37,0,18556884
30,33,1,18557091
32,36,3,18557254
4,25,3,18557286
5,25,3,18558256
19,10,2,18558566
6,12,2,18558609
32,36,2,18558879
31,33,1,18559435
45,34,3,18559605
33,34,3,18559692
34,35,0,18559693
48,15,3,18559796
49,16,0,18559797
18,10,1,18559925
3,31,2,18560033
6,25,3,18560371
7,26,0,18560372
3,37,1,18560407
32,34,3,18560621
33,35,0,18560622
2,31,3,18560842
30,2,3,18561020
31,3,0,18561022
10,36,3,18561391
33,36,2,18562420
5,12,1,18562881
35,36,3,18563125
36,37,0,18563127
27,34,3,18563208
5,25,1,18563507
13,36,2,18563664
60,9,2,18563953
36,36,1,18564178
6,12,3,18564259
8,38,0,18564331
41,33,1,18564386
61,34,3,18564753
1,38,2,18564854
12,36,3,18565362
21,10,2,18565467
33,1,1,18565669
22,18,0,18565838
30,34,2,18566602
13,36,1,18566625
28,34,2,18566749
26,34,3,18566820
6,12,1,18567145
8,37,1,18567247
37,34,3,18567584
60,15,3,18567694
29,34,3,18568075
14,12,2,18568383
34,34,1,18568634
30,34,3,18568657
31,35,0,18568658
30,34,0,18568659
9,42,2,18568838
33,36,1,18569606
13,33,0,18570066
58,34,3,18570104
59,35,0,18570105
4,25,1,18570453
50,17,0,18571498
1,45,0,18571508
29,34,2,18572495
20,10,3,18573101
21,11,0,18573104
2,39,2,18573106
3,31,1,18573112
2,40,0,18573143
52,16,2,18573343
13,12,2,18573460
14,13,0,18573511
20,10,1,18573759
39,35,0,18574493
12,27,4,18574497
3,25,1,18574550
62,8,3,18574632
55,31,2,18574783
58,34,2,18574848
29,34,1,18574863
28,34,1,18574886
7,38,2,18575023
3,40,0,18575088
35,37,2,18575152
31,34,3,18575312
32,35,0,18575313
48,11,3,18575401
34,37,2,18575752
3,14,0,18575921
2,39,1,18576007
36,37,2,18576456
58,36,3,18576472
22,10,2,18576792
6,43,3,18576858
11,37,1,18577058
15,36,1,18577764
6,38,3,18578095
22,34,3,18578527
14,12,1,18578880
52,16,3,18579002
53,17,0,18579003
36,34,1,18579583
52,31,2,18579764
14,12,3,18579876
31,34,1,18580238
9,38,2,18580414
12,37,2,18580567
16,11,3,18580615
7,38,1,18580759
3,13,3,18581015
4,14,0,18581018
21,10,1,18581454
5,13,2,18581833
12,37,1,18581996
60,9,1,18582099
50,16,2,18582282
9,39,0,18582521
22,10,3,18582530
4,13,2,18582591
14,37,3,18583269
15,38,0,18583270
21,10,3,18583281
22,11,0,18583282
14,37,2,18583606
15,12,3,18583623
10,38,2,18583886
53,16,3,18584856
48,24,3,18585235
49,25,0,18585237
1,45,3,18585373
10,38,1,18585412
37,35,3,18585497
5,39,3,18585710
1,40,2,18585769
28,35,2,18586109
62,35,3,18586219
6,13,2,18586229
30,34,1,18586239
44,35,2,18586262
3,26,2,18586378
37,33,0,18586558
9,38,1,18586602
6,39,2,18586718
61,35,3,18586830
62,36,0,18586831
34,37,1,18586844
11,38,2,18586855
4,13,1,18586962
29,35,3,18587647
58,34,1,18587668
54,16,3,18587752
4,13,3,18588334
5,14,0,18588335
22,10,1,18589054
5,26,2,18589820
3,40,2,18589826
61,9,1,18589844
11,38,3,18589893
16,37,2,18590047
30,35,3,18590141
32,35,2,18590168
1,40,1,18590173
29,35,2,18590215
11,39,0,18590260
5,13,3,18590291
6,14,0,18590292
2,40,3,18590397
4,26,2,18590444
8,39,2,18590530
4,26,3,18590805
5,27,0,18590806
51,37,0,18590816
36,37,1,18590905
31,35,3,18590959
32,36,0,18590960
61,10,3,18591069
30,35,2,18591094
23,9,3,18591163
11,38,1,18591595
14,37,0,18591715
59,36,0,18591796
17,11,3,18591899
18,12,0,18591900
6,39,3,18591918
7,40,0,18591920
55,31,1,18592025
8,39,3,18592048
9,40,0,18592049
33,35,2,18592270
27,35,3,18592583
28,35,3,18592691
6,26,3,18593164
57,35,2,18593438
35,36,0,18593615
36,8,0,18593645
29,10,3,18593869
30,11,0,18593870
6,39,1,18593937
15,36,2,18594027
2,26,2,18594345
41,35,3,18594413
36,35,1,18594717
13,26,7,18595195
1,41,3,18595233
7,39,3,18595775
8,40,0,18595777
9,39,2,18596138
5,40,2,18596165
8,39,1,18596203
13,28,7,18596348
3,40,1,18596786
9,39,3,18596958
10,40,0,18596959
1,37,2,18597156
51,16,3,18597162
23,10,1,18597179
6,13,3,18597294
7,14,0,18597295
18,11,3,18597422
19,12,0,18597423
4,40,3,18597507
28,35,1,18597675
40,35,3,18598301
41,36,0,18598302
39,35,3,18598452
9,39,1,18598492
1,37,1,18598556
29,35,1,18598785
44,35,1,18598922
33,38,2,18599103
4,45,3,18599150
5,46,0,18599151
5,13,1,18599288
19,11,3,18599708
6,13,1,18599785
2,25,2,18600031
59,17,0,18600189
39,36,0,18600191
3,40,3,18600388
30,35,1,18600397
32,35,1,18600463
40,35,2,18600577
33,35,1,18600715
22,35,3,18600824
50,6,0,18600866
1,41,1,18600928
61,28,3,18600941
62,29,0,18600942
5,40,1,18601030
13,13,2,18601074
2,41,2,18601517
6,40,1,18601527
45,36,2,18601698
42,6,3,18601854
20,11,2,18602130
27,36,2,18602319
59,10,2,18602785
7,40,2,18603440
5,40,3,18604053
6,41,0,18604056
4,26,1,18604258
22,11,3,18604761
5,26,1,18604791
3,26,1,18604823
2,41,1,18605119
55,16,1,18605550
4,41,2,18605838
21,11,2,18605872
27,36,1,18606022
14,13,2,18606145
18,23,0,18606171
6,26,1,18606178
3,15,0,18607082
10,39,2,18607177
4,41,1,18607364
44,36,2,18607730
3,41,3,18607875
10,39,3,18608034
28,36,2,18608453
59,16,3,18608552
31,36,2,18608838
3,14,3,18609311
4,15,0,18609312
49,11,1,18609373
40,35,1,18609629
6,40,3,18609882
7,41,0,18609884
5,41,2,18610024
5,46,3,18610049
41,35,2,18610150
32,36,2,18610204
27,37,0,18610567
60,10,2,18610589
58,31,3,18610626
8,45,2,18610697
33,36,2,18610954
4,41,3,18611127
5,42,0,18611129
1,43,0,18611181
8,25,3,18611414
9,26,0,18611416
13,13,3,18611563
14,14,0,18611564
41,35,1,18611587
13,18,7,18611825
30,36,3,18611840
31,37,0,18611841
20,11,1,18611891
16,12,3,18612557
17,13,0,18612558
22,11,2,18612606
30,36,1,18612891
33,1,3,18613171
34,2,0,18613172
29,36,3,18613260
30,37,0,18613261
44,36,1,18613530
5,41,1,18613559
58,36,3,18613827
59,37,0,18613829
23,36,3,18613902
28,36,3,18614079
29,37,0,18614080
2,37,1,18614456
19,17,3,18614474
20,18,0,18614475
32,36,3,18614547
33,37,0,18614548
32,36,1,18614586
8,40,3,18614945
38,33,0,18614952
31,36,3,18614965
32,37,0,18614968
3,42,2,18615080
14,39,2,18615089
4,14,2,18615135
5,41,3,18615406
6,42,0,18615408
42,19,0,18615732
52,16,1,18615753
51,17,2,18615762
38,39,6,18616081
26,37,2,18616459
14,13,3,18616688
2,42,3,18617099
9,40,3,18617359
21,11,1,18617628
4,14,3,18617884
5,15,0,18617885
34,10,0,18618409
14,39,3,18618751
15,40,0,18618752
9,46,0,18618881
3,28,0,18619025
3,39,3,18619619
4,40,0,18619620
3,42,1,18619693
14,39,1,18619765
28,36,1,18619784
26,37,1,18619911
4,42,2,18620070
6,41,3,18620220
6,14,2,18620271
10,40,3,18620383
51,17,3,18620390
33,36,1,18620568
30,22,1,18621472
4,42,1,18621658
2,27,2,18621911
59,8,2,18622188
4,28,0,18622235
52,17,3,18622649
53,18,0,18622651
20,37,1,18622786
5,27,2,18622868
12,39,3,18622970
39,36,3,18622979
40,37,0,18622982
5,14,2,18622984
15,39,1,18623274
41,36,2,18623565
4,27,2,18623581
31,36,1,18623999
37,37,3,18624151
4,27,3,18624196
5,28,0,18624198
40,36,2,18624434
60,10,1,18624711
32,37,2,18624945
22,11,1,18625401
44,37,3,18625787
45,38,0,18625789
1,38,2,18626351
3,48,2,18626504
4,42,3,18627005
29,37,2,18627230
55,25,0,18627302
10,41,2,18627383
44,38,0,18627396
59,9,2,18627494
30,37,2,18627867
27,37,2,18628232
1,39,0,18628420
5,42,3,18629218
6,43,0,18629219
5,27,3,18629353
16,39,1,18629626
3,43,2,18629810
55,33,0,18630067
54,18,0,18630077
1,43,3,18630319
2,44,0,18630320
14,39,0,18630326
17,12,3,18630478
42,36,1,18630538
41,36,1,18631311
13,40,2,18631633
13,40,1,18632138
3,48,1,18632236
17,39,2,18632688
18,12,3,18632901
7,38,2,18633041
48,12,2,18633131
6,42,3,18633608
48,17,3,18633820
49,18,0,18633821
20,12,2,18633987
33,37,1,18634582
10,41,1,18634872
31,37,2,18635402
51,17,1,18635548
3,43,3,18635565
32,37,3,18635867
55,17,3,18636315
1,38,1,18636509
32,37,1,18636797
41,38,1,18636883
4,14,1,18636976
31,37,1,18637129
7,42,3,18637167
1,45,0,18637170
13,40,3,18637187
14,41,0,18637188
28,37,3,18637252
7,39,0,18637517
5,43,2,18637568
26,37,3,18637589
49,25,3,18637894
50,26,0,18637895
42,7,3,18637902
43,8,0,18637903
45,37,1,18637930
30,37,3,18637974
2,49,2,18638057
5,14,1,18638217
60,11,3,18638400
61,12,0,18638401
37,37,1,18638644
15,40,2,18638828
4,43,3,18639054
49,26,0,18639099
11,41,1,18639194
9,41,3,18639351
10,42,0,18639352
31,37,3,18639411
32,38,0,18639412
54,17,3,18639445
13,13,1,18639500
19,12,3,18639643
5,27,1,18639740
4,27,1,18639803
2,49,1,18640083
58,37,3,18640316
7,38,1,18640683
21,38,1,18640764
29,37,3,18641154
13,38,1,18641377
16,18,0,18641712
17,39,1,18641827
1,50,2,18641870
27,37,3,18641967
12,41,2,18642077
59,11,2,18642603
10,41,3,18643034
1,50,1,18644066
6,14,1,18644100
22,37,3,18644282
23,38,0,18644283
15,38,1,18644579
11,41,3,18644632
14,40,2,18644770
16,40,2,18644875
46,38,2,18645603
21,12,2,18645749
61,37,1,18645774
46,17,3,18645960
14,40,1,18646665
18,38,2,18646953
7,14,1,18646956
14,38,1,18647267
7,43,1,18647270
2,26,1,18647304
15,31,2,18647712
46,39,0,18647926
48,12,1,18647992
13,14,3,18648127
14,15,0,18648128
19,39,2,18648169
12,41,1,18648549
29,37,1,18648656
5,43,3,18648668
62,16,3,18648779
4,15,2,18649133
20,12,3,18649600
21,13,0,18649601
11,42,2,18649679
6,49,0,18650462
10,42,2,18650708
3,44,3,18650858
4,45,0,18650859
60,11,2,18650891
2,15,3,18651217
11,25,1,18651572
15,13,3,18651643
44,38,2,18651816
20,12,1,18652154
9,42,3,18652285
14,14,3,18652371
30,38,2,18652493
16,40,1,18652845
25,39,3,18652884
59,10,1,18653007
19,39,1,18653067
13,41,3,18653659
14,42,0,18653660
6,44,2,18653716
59,11,1,18653908
20,39,2,18654277
3,15,3,18654334
4,16,0,18654335
3,40,2,18654439
10,42,3,18654621
6,39,2,18654796
50,23,3,18655026
3,40,3,18655419
4,41,0,18655421
31,38,2,18655748
18,38,1,18656546
18,40,2,18657053
27,38,3,18657284
12,41,3,18657354
13,42,0,18657355
5,15,2,18657485
21,12,3,18657715
22,13,0,18657716
35,38,3,18658300
7,43,3,18658356
47,25,1,18658529
30,38,3,18658531
15,41,2,18658624
11,42,1,18658804
28,38,3,18659033
29,39,0,18659034
53,7,0,18659120
28,38,2,18659129
29,38,3,18659152
45,17,3,18659474
4,44,3,18660845
5,45,0,18660846
15,41,1,18661372
21,12,1,18661387
60,11,1,18661603
5,44,3,18661637
6,45,0,18661639
40,39,2,18661808
3,34,3,18662168
5,39,3,18662697
6,40,0,18662699
6,44,1,18663058
12,39,2,18663998
38,6,3,18664284
31,38,1,18664389
8,43,3,18665350
16,13,3,18665357
4,28,2,18665513
15,39,2,18665541
55,33,3,18665643
15,41,3,18665988
14,39,2,18666085
44,38,1,18666248
10,43,2,18666480
30,38,1,18666647
6,44,3,18666889
17,39,2,18666943
56,33,2,18666987
39,38,3,18667160
7,39,2,18668573
16,39,2,18668720
36,7,2,18668789
12,42,3,18668930
13,43,0,18668931
4,28,3,18669072
5,29,0,18669073
18,40,1,18669225
4,45,3,18669441
5,46,0,18669442
28,39,3,18669681
6,15,2,18669770
62,39,3,18669845
43,39,2,18670092
17,13,3,18670093
18,14,0,18670095
10,26,2,18670422
17,41,2,18670716
6,39,1,18670831
6,39,3,18670967
7,40,0,18670969
5,45,2,18670982
36,8,0,18671581
5,15,3,18671784
6,16,0,18671785
49,8,3,18672038
61,39,3,18672045
22,12,1,18672346
4,52,0,18672412
3,28,3,18672416
4,29,0,18672418
54,19,0,18672652
5,28,3,18673628
6,29,0,18673629
1,39,1,18674086
4,15,3,18674100
10,43,3,18674466
12,39,1,18674719
5,40,2,18674852
61,18,3,18675078
13,42,3,18675426
59,12,2,18675567
19,13,2,18676077
40,39,1,18676810
4,15,1,18677246
55,18,3,18677290
18,13,3,18677337
18,39,3,18677498
19,40,0,18677499
5,40,1,18677598
7,45,2,18677866
6,45,2,18679105
1,46,3,18679106
51,8,0,18679242
49,7,3,18679264
50,8,0,18679265
58,11,2,18680037
60,12,3,18680712
61,13,0,18680713
37,39,3,18680824
45,27,0,18681004
60,7,0,18681058
2,53,0,18681189
41,38,2,18681468
3,40,1,18681759
20,13,2,18682591
12,14,2,18682721
59,12,1,18682889
3,46,3,18683046
3,41,2,18683939
17,39,1,18684007
14,39,1,18684031
57,39,3,18684215
19,13,3,18684440
59,13,0,18684468
7,39,1,18684578
17,41,1,18684875
7,45,1,18685141
9,44,3,18685354
57,39,1,18685512
5,15,1,18685917
2,39,1,18686824
18,42,0,18686965
16,39,1,18687102
6,15,1,18687796
29,39,2,18687900
56,33,1,18687912
59,12,3,18688984
60,13,0,18688986
41,38,1,18689124
12,15,3,18689236
62,40,3,18689943
24,43,0,18690107
46,18,3,18690395
27,39,3,18690515
28,40,0,18690517
40,39,3,18690624
25,40,3,18691303
48,13,1,18691373
15,39,1,18691376
4,28,1,18691749
2,25,1,18692004
2,47,3,18692724
4,41,2,18692869
21,13,2,18693059
61,40,3,18693075
4,40,3,18693551
5,41,0,18693552
49,18,2,18694165
30,39,2,18694369
33,38,2,18694902
54,18,3,18695109
47,13,2,18695213
29,39,1,18695431
20,13,3,18695634
29,39,3,18695642
30,40,0,18695643
4,46,3,18696000
19,13,1,18696552
6,46,2,18696888
5,28,1,18697106
3,47,3,18697802
30,39,1,18697910
26,40,3,18697923
20,13,1,18698099
41,40,3,18698656
4,42,0,18698814
21,20,3,18698962
59,9,1,18699337
2,16,3,18700773
57,44,3,18700809
56,40,3,18701105
59,8,1,18701240
51,41,0,18701499
58,40,3,18701580
59,41,0,18701582
37,2,0,18701590
1,36,0,18701668
60,12,1,18702834
21,13,3,18702917
9,45,1,18703565
40,39,2,18703588
1,48,3,18703658
5,46,3,18703892
6,40,2,18704013
52,7,1,18704540
27,40,3,18704838
55,35,0,18705251
4,41,1,18705407
14,40,2,18705830
40,39,1,18705937
20,24,3,18706832
21,25,0,18706834
15,14,3,18707029
16,20,6,18707277
16,20,5,18707280
56,34,2,18707374
29,40,2,18707376
1,40,2,18708390
13,40,2,18708426
21,39,1,18708624
14,15,3,18708872
15,16,0,18708873
2,41,2,18709377
55,34,2,18709495
62,41,3,18709738
35,10,3,18710233
21,13,1,18710304
28,40,2,18710317
16,34,3,18710461
17,35,0,18710462
10,45,3,18710686
5,40,3,18710707
6,41,0,18710708
28,40,1,18710734
20,33,1,18711312
58,10,2,18711572
55,34,3,18712211
10,45,1,18712433
58,12,2,18713050
6,40,3,18713261
3,41,1,18713314
3,16,2,18713613
3,16,3,18713773
15,41,0,18713815
61,41,3,18713884
7,40,2,18714041
57,27,0,18714416
22,13,1,18714440
6,40,1,18714451
3,48,3,18714540
4,49,0,18714541
13,44,3,18715208
14,45,0,18715209
15,40,2,18715240
58,44,0,18715314
16,40,2,18715594
14,15,1,18715618
18,14,2,18715696
29,40,1,18715884
16,14,3,18716075
59,13,2,18716520
28,40,3,18716991
6,47,3,18717190
7,48,0,18717191
21,40,3,18717328
13,41,0,18717710
9,40,1,18718249
32,37,3,18718674
59,41,3,18720491
58,11,1,18721115
9,46,3,18721924
57,42,0,18722796
22,40,3,18723105
23,41,0,18723106
16,43,3,18723727
48,15,0,18723764
1,40,1,18724767
3,30,0,18725910
59,13,1,18726109
54,19,3,18726270
55,20,0,18726273
2,49,3,18726447
18,40,1,18726695
57,41,3,18727074
17,14,3,18727207
3,29,2,18727343
4,16,2,18727477
4,16,3,18727875
8,35,3,18728123
9,36,0,18728124
4,29,2,18728736
4,48,3,18729034
5,49,0,18729036
4,29,3,18729260
5,30,0,18729261
19,14,2,18729290
18,14,3,18729429
19,15,0,18729430
4,30,0,18729613
5,16,2,18729684
3,42,2,18729929
21,40,2,18730038
2,42,3,18730183
3,43,0,18730184
2,40,1,18730282
8,40,1,18730528
1,36,3,18731008
2,30,0,18731318
15,21,3,18731480
16,22,0,18731482
4,49,2,18731660
59,13,3,18731922
60,14,0,18731923
7,40,1,18732149
58,9,0,18732363
18,43,1,18732631
58,8,2,18732952
14,40,1,18732980
16,40,1,18733428
27,41,2,18733773
56,34,1,18734121
27,41,1,18734646
6,16,2,18736047
5,29,3,18736772
48,9,2,18736829
18,14,1,18736908
28,41,2,18737174
62,42,2,18737737
26,42,2,18737885
34,37,1,18738470
59,41,1,18738841
26,41,3,18739054
4,16,1,18739293
5,16,3,18739757
6,17,0,18739759
47,30,1,18740469
60,42,3,18740914
48,14,1,18741015
55,37,1,18741497
60,20,0,18741506
20,14,2,18741639
13,40,1,18741984
17,44,2,18742173
61,42,2,18742457
4,49,1,18742711
4,41,3,18742720
5,42,0,18742721
4,49,3,18742790
3,16,1,18743142
3,49,3,18743184
4,50,0,18743185
7,48,3,18743683
8,49,0,18743684
2,42,2,18743936
45,11,0,18744035
19,14,3,18744142
27,41,3,18744331
1,52,0,18744343
58,13,2,18745213
20,14,3,18745481
16,44,3,18745613
45,10,3,18745718
19,14,1,18745726
13,16,2,18746720
26,42,1,18747572
2,50,3,18748181
3,51,0,18748182
21,14,2,18748215
57,43,0,18748563
17,44,1,18748571
10,47,3,18748701
6,41,2,18749408
5,16,1,18749721
17,44,3,18749857
3,42,3,18749999
4,43,0,18750002
19,43,3,18750118
9,27,0,18750534
12,16,3,18751282
58,8,1,18751528
1,36,2,18752172
12,46,3,18752345
8,41,2,18752726
13,41,3,18752778
14,42,0,18752780
3,50,3,18752851
4,51,0,18752852
1,41,2,18753702
3,42,1,18753844
26,42,3,18753898
27,43,0,18753899
10,41,3,18753975
4,50,3,18754022
20,43,1,18754455
17,42,0,18754457
15,41,2,18755071
17,41,2,18755081
10,45,1,18755168
16,41,2,18755353
3,29,1,18755463
57,42,3,18755577
36,12,0,18755601
21,41,2,18756181
61,42,1,18756245
16,45,2,18756257
6,41,3,18756725
7,42,0,18756727
19,34,2,18756945
5,41,3,18757093
6,42,0,18757094
21,14,3,18757924
61,31,3,18758309
62,32,0,18758310
14,47,0,18758632
4,29,1,18759332
15,41,1,18759391
7,41,2,18759533
48,32,0,18759834
14,46,1,18760976
55,34,1,18761004
10,48,1,18761102
55,8,3,18761284
12,41,2,18761653
13,47,2,18761907
7,16,1,18762007
3,52,0,18762566
9,46,2,18762756
19,44,2,18763024
13,41,2,18763064
14,41,3,18763166
15,42,0,18763169
54,35,3,18763171
55,36,0,18763172
21,14,1,18763303
6,16,1,18763748
48,22,3,18763967
20,14,1,18764106
7,49,3,18764311
61,43,3,18764781
6,41,1,18764992
59,14,2,18765557
15,15,3,18765654
16,16,0,18765655
19,44,1,18766182
19,34,1,18766699
55,35,2,18766893
17,15,2,18767220
11,47,3,18767311
1,41,1,18768273
12,46,0,18769486
6,49,3,18769622
14,16,3,18769916
15,17,0,18769917
9,49,2,18770267
13,41,1,18770660
11,41,3,18770663
12,42,0,18770666
2,41,1,18770667
18,45,2,18771081
45,19,3,18771134
46,20,0,18771135
1,48,0,18772606
26,44,0,18773095
25,43,2,18773821
9,49,1,18774822
1,36,1,18774920
25,43,1,18774942
7,41,1,18775160
18,15,2,18775470
48,9,1,18775544
50,9,3,18775620
3,17,2,18776141
13,47,1,18776288
33,38,2,18776755
37,10,0,18776781
37,2,3,18777741
16,15,3,18777749
5,51,3,18778907
18,44,3,18779218
2,43,3,18779504
3,44,0,18779505
8,49,3,18779801
17,41,1,18780188
18,45,1,18780285
22,14,1,18780399
4,17,2,18780412
13,47,3,18780588
14,48,0,18780589
59,14,1,18780740
8,36,3,18781389
18,41,1,18783311
3,30,2,18783526
14,16,1,18783653
12,42,2,18784397
19,15,2,18784729
8,41,1,18784797
10,47,0,18785312
16,41,1,18785432
39,11,2,18786334
55,20,3,18786664
56,21,0,18786665
3,52,3,18786964
11,46,2,18787740
17,15,3,18787828
18,16,0,18787829
12,48,2,18788370
3,17,3,18788580
4,18,0,18788581
4,42,3,18789631
5,43,0,18789632
17,45,3,18790303
2,43,2,18790654
17,25,2,18790830
6,17,3,18791474
21,42,2,18791960
18,15,3,18792565
59,43,1,18792713
48,16,0,18793695
42,42,2,18793729
57,12,2,18793814
9,36,3,18794333
13,20,4,18795274
62,44,3,18795340
5,17,2,18795936
55,35,1,18796599
16,22,2,18797149
3,17,1,18797308
2,31,0,18797712
4,17,3,18798755
47,10,2,18799990
7,36,1,18800393
60,14,1,18800798
1,52,3,18801049
2,53,0,18801050
2,30,2,18802346
3,30,3,18803505
16,12,0,18803692
9,50,3,18803841
10,51,0,18803842
6,42,2,18803936
15,42,2,18803987
4,30,2,18804460
2,37,2,18804792
2,30,3,18804874
3,31,0,18804876
12,48,3,18804951
13,49,0,18804953
18,45,3,18805104
19,46,0,18805105
14,42,2,18805411
15,47,1,18805929
1,37,2,18805954
18,15,1,18806114
14,48,2,18806481
5,30,2,18807541
3,43,3,18807572
4,44,0,18807573
11,43,0,18808031
4,30,3,18808710
5,31,0,18808711
59,14,3,18808917
60,15,0,18808919
48,16,3,18810006
11,46,1,18810401
14,48,1,18811192
7,51,3,18812903
8,52,0,18812904
60,45,0,18812918
1,42,2,18813495
16,25,3,18815356
2,54,1,18815372
20,15,2,18815533
23,31,0,18815867
19,15,1,18815933
43,43,3,18816744
13,49,2,18816842
6,17,2,18816934
8,36,1,18817013
14,49,0,18817223
53,10,3,18817486
54,11,0,18817487
48,11,0,18818827
12,42,3,18819397
13,43,0,18819398
15,42,3,18820226
16,43,0,18820227
39,11,1,18820898
17,47,2,18821378
5,42,3,18821517
39,22,3,18821761
54,45,3,18825372
58,14,2,18825681
19,15,3,18829133
42,43,3,18830408
43,43,2,18830974
7,42,2,18833366
4,53,3,18834018
17,48,0,18835511
13,46,3,18835817
41,1,0,18836400
12,16,1,18836608
46,10,3,18837023
6,42,3,18837266
7,43,0,18837267
40,12,0,18837345
39,9,1,18837429
15,16,3,18838440
16,17,0,18838442
21,15,2,18838546
6,42,1,18840651
18,46,3,18840793
19,47,0,18840794
17,42,2,18841318
13,49,1,18842598
41,11,3,18843990
14,48,3,18844855
51,35,3,18848060
52,36,0,18848061
58,13,1,18851127
58,45,1,18853205
14,42,3,18853544
47,26,0,18854877
16,42,3,18855085
17,43,0,18855086
12,46,1,18855685
17,47,3,18857688
18,48,0,18857689
12,50,2,18859213
2,21,0,18861125
55,38,3,18862428
36,12,3,18862549
17,24,4,18864053
57,46,2,18864076
40,1,3,18864981
20,15,3,18867093
20,22,6,18867114
60,16,1,18868892
29,12,5,18870146
58,14,1,18872516
16,24,1,18875801
59,45,1,18878528
58,15,2,18881227
35,10,3,18882065
60,10,0,18882219
60,50,6,18883852
19,46,3,18883864
20,47,0,18883866
49,17,3,18884089
50,18,0,18884090
42,11,1,18885576
59,15,3,18886909
60,16,0,18886910
30,24,0,18887177
21,21,5,18889232
21,21,6,18894786
50,21,0,18896591
58,46,2,18897118
2,18,2,18897353
46,46,3,18898284
47,16,3,18900578
48,17,0,18900579
21,22,6,18903459
13,35,0,18908114
59,17,3,18913909
23,49,6,18914626
9,47,1,18920588
58,46,3,18922499
59,47,0,18922500
31,38,3,18926589
2,27,0,18932632
49,20,0,18934802
62,15,6,18937418
37,37,0,18943467
22,21,5,18943539
61,10,0,18946945
47,45,3,18949254
7,42,3,18952098
8,43,0,18952100
22,20,5,18955936
33,38,1,18958438
62,24,3,18961052
22,21,3,18961792
15,31,1,18965726
23,45,6,18966315
22,14,3,18971524
58,15,1,18972549
50,50,0,18973505
11,21,6,18981115
63,28,0,18985996
24,44,5,18993530
43,32,3,18994408
44,33,0,18994409
2,48,6,18997756
61,17,6,19000212
43,31,3,19001780
44,32,0,19001782
62,11,3,19018581
63,12,0,19018582
23,44,6,19023224
57,45,7,19032882
11,47,3,19035853
12,48,0,19035854
24,43,5,19039826
59,45,6,19039871
62,14,6,19040792
61,15,5,19041061
3,47,5,19041783
6,47,6,19042092
10,55,0,19043952
12,20,5,19045459
22,15,6,19047854
12,17,5,19048563
17,42,7,19051531
42,11,5,19051572
48,25,3,19052755
49,26,0,19052757
60,44,5,19055815
6,42,5,19056050
22,21,6,19056542
54,41,7,19058188
57,45,4,19058357
5,47,4,19060187
19,15,5,19060601
36,12,6,19061803
23,21,0,19062422
54,41,4,19062507
13,46,6,19062634
21,15,6,19063136
18,15,5,19065206
21,25,5,19067990
3,47,6,19068661
42,11,6,19071463
14,48,5,19071536
14,48,6,19071563
62,16,5,19073439
13,17,6,19073770
20,15,6,19074740
6,30,7,19076359
12,49,4,19076740
2,50,5,19079369
14,45,5,19079439
59,45,5,19080131
61,15,6,19084889
15,47,5,19085110
12,17,6,19085137
12,16,7,19086518
58,38,5,19086795
19,15,6,19086992
47,10,6,19087593
9,28,5,19092036
1,36,5,19093258
59,44,6,19093919
18,15,6,19094061
38,11,5,19094575
15,47,6,19096357
16,42,4,19096407
27,43,5,19098881
50,38,4,19099847
12,46,7,19100245
4,53,7,19100551
24,42,5,19101824
14,48,7,19102347
17,25,7,19102807
13,33,0,19103172
13,45,5,19105029
17,42,4,19106486
13,48,7,19108391
13,45,6,19108608
37,11,5,19108907
22,14,5,19110500
13,46,4,19111730
60,43,5,19111847
14,16,5,19113157
18,42,6,19114002
9,36,4,19114670
43,10,5,19114857
23,20,4,19115115
8,36,4,19115968
4,46,5,19117260
20,15,4,19117684
49,15,4,19118115
2,52,5,19121118
4,53,4,19121249
9,28,4,19121635
12,45,5,19122096
21,14,5,19123932
7,47,5,19124912
16,47,4,19125604
61,14,5,19126921
6,42,6,19129220
22,19,7,19129295
5,17,6,19131818
4,17,6,19137389
7,47,6,19137868
13,16,5,19140130
13,45,7,19140330
5,52,4,19140374
6,30,6,19148274
33,37,3,19148542
19,15,4,19150340
20,14,5,19152369
35,25,0,19152649
60,13,4,19153018
2,17,7,19153480
4,30,6,19155578
62,14,5,19156044
2,30,4,19161645
61,14,6,19165212
20,46,6,19169532
22,19,4,19170176
33,7,6,19175478
55,20,6,19176744
12,16,4,19177302
21,18,1,19192309
21,20,2,19195038
2,44,4,19197462
2,19,1,19199086
20,19,2,19199318
1,43,7,19202807
62,13,5,19206474
22,21,0,19207189
14,44,5,19213619
16,10,4,19213929
12,34,7,19215563
20,19,1,19218478
25,44,0,19218529
62,12,4,19223843
17,24,7,19229770
1,43,4,19231935
21,20,2,19232306
61,16,0,19236004
19,20,2,19236112
47,43,3,19237078
13,42,4,19238704
18,44,0,19238953
4,36,0,19243490
7,36,0,19246623
61,46,3,19249811
21,47,0,19255044
61,13,4,19255051
9,36,0,19256022
7,27,3,19258853
8,28,0,19258854
11,44,0,19260784
36,12,4,19261844
21,20,1,19267375
3,52,7,19267641
58,36,0,19269492
58,45,3,19269801
13,42,0,19271693
61,15,3,19272973
15,42,0,19273776
63,50,0,19273795
16,42,0,19274844
18,46,0,19280099
13,47,3,19281621
14,48,0,19281622
60,46,0,19284587
58,38,0,19289914
16,47,0,19290685
3,46,3,19290820
14,47,3,19295009
15,48,0,19295010
25,44,3,19295867
63,51,0,19297198
58,45,1,19299924
59,16,3,19300086
58,38,3,19305745
60,45,3,19308752
61,46,0,19308754
47,10,0,19309564
4,36,3,19312057
11,46,3,19312870
15,47,3,19313053
11,47,0,19313790
4,42,2,19313838
4,46,1,19314450
61,16,1,19315554
7,36,2,19317392
6,36,2,19320009
1,46,1,19321576
35,12,0,19322622
6,36,3,19322645
61,51,3,19322941
12,24,2,19323143
13,48,3,19323255
14,49,0,19323256
12,42,2,19323296
4,53,3,19323610
5,54,0,19323612
62,20,3,19324864
7,46,4,19325098
12,44,2,19327247
14,42,3,19327400
1,53,4,19327679
21,15,0,19327834
10,44,3,19328131
61,14,3,19329222
7,36,3,19330211
10,44,2,19330792
20,15,0,19331423
11,51,0,19331532
15,10,2,19332547
9,36,2,19332965
1,29,1,19333314
4,42,1,19333614
15,42,3,19334567
12,23,7,19334926
14,48,3,19335391
15,49,0,19335392
12,49,3,19335542
12,22,2,19336364
19,46,2,19336679
9,44,2,19337402
9,44,3,19337504
10,45,0,19337506
17,42,2,19339407
15,22,2,19340936
16,42,2,19341395
19,46,1,19343593
6,36,1,19344966
24,47,0,19345889
14,42,2,19345947
11,50,3,19346314
2,47,3,19346626
3,48,0,19346627
1,25,4,19347094
36,12,0,19347198
20,14,1,19347208
3,47,2,19347577
15,42,2,19347842
13,42,2,19347995
16,47,3,19348008
7,36,1,19348178
60,46,3,19349938
61,47,0,19349939
49,24,3,19350653
50,25,0,19350654
11,46,1,19351055
13,49,1,19351513
13,42,1,19352416
12,43,0,19353330
22,37,7,19353388
9,47,1,19355237
61,34,3,19356336
62,35,0,19356337
19,44,2,19356542
12,44,1,19357248
10,44,1,19357374
11,47,3,19357399
12,48,0,19357400
10,47,2,19357544
3,43,2,19357976
62,46,2,19358508
10,27,2,19358560
12,50,2,19360156
8,36,1,19360320
18,47,2,19360457
20,21,2,19360537
2,30,3,19360835
6,23,2,19361058
3,47,1,19362681
2,37,3,19362892
16,42,1,19366752
19,44,1,19367192
15,48,3,19368513
59,47,2,19368914
3,30,3,19368969
46,19,1,19370169
6,22,2,19370358
17,16,0,19370561
4,37,2,19372797
20,21,7,19373066
12,43,2,19373820
6,21,2,19374034
4,30,3,19374055
59,47,1,19374723
6,20,2,19374911
5,37,2,19376455
15,42,1,19378386
20,21,1,19378571
4,43,2,19379004
6,21,7,19379355
12,28,4,19381123
49,17,4,19381268
6,19,2,19383457
13,16,1,19383530
17,42,1,19384273
10,34,4,19384296
22,14,1,19384895
10,44,0,19385148
62,46,1,19385252
6,20,7,19386681
10,43,3,19388508
11,44,0,19388510
44,45,3,19388642
19,22,2,19388644
12,27,4,19388784
10,45,3,19391037
11,46,0,19391038
6,37,2,19391207
20,44,1,19391524
2,17,3,19392781
3,18,0,19392782
21,14,1,19393877
10,47,1,19394141
8,48,2,19394796
22,36,2,19394906
12,25,4,19396763
9,45,3,19397514
10,46,0,19397516
9,52,3,19397683
18,15,2,19397828
22,38,7,19398372
1,48,3,19398567
4,17,2,19399117
9,45,2,19399391
7,37,2,19400202
10,45,2,19401359
7,47,2,19401569
12,42,1,19401595
14,49,3,19401614
15,50,0,19401615
12,22,1,19402068
16,43,2,19402192
17,15,3,19402970
22,37,4,19404857
8,45,3,19405152
9,46,0,19405153
4,43,1,19406416
2,30,1,19406571
4,37,1,19409914
3,30,1,19410649
11,43,2,19410806
3,37,1,19411349
10,27,1,19413297
12,19,1,19414173
6,23,1,19415411
11,34,2,19415990
7,37,3,19416466
8,38,0,19416467
22,36,7,19416576
15,43,2,19418795
5,17,2,19418979
18,20,1,19419189
6,22,1,19419517
3,17,1,19419612
11,34,1,19421591
11,43,3,19421893
6,21,1,19421911
9,32,2,19422194
11,31,2,19422692
44,46,0,19423017
22,39,2,19427300
11,29,2,19428365
6,20,1,19430091
19,45,2,19430317
6,21,4,19430972
9,33,2,19432441
6,17,1,19433269
6,19,1,19433279
11,26,2,19434855
11,27,7,19435253
22,15,2,19436227
22,39,7,19436372
9,31,2,19437158
18,35,2,19437399
22,16,7,19437671
9,48,2,19439163
11,24,7,19439355
9,34,2,19439913
9,31,1,19440335
9,30,2,19441702
11,26,7,19442067
7,37,1,19442709
22,16,2,19443249
9,32,7,19443794
62,24,1,19443809
11,23,2,19443974
9,45,1,19444501
15,43,1,19445036
9,31,7,19445569
5,24,2,19446607
1,38,2,19447348
9,33,7,19447781
11,23,7,19447935
14,43,2,19448785
10,45,1,19449032
29,38,7,19449076
44,45,2,19449364
13,45,1,19449450
5,25,2,19450392
9,33,4,19451462
13,46,3,19452827
14,47,0,19452829
11,20,2,19453626
5,22,2,19456955
1,31,2,19457493
20,21,2,19458077
5,23,2,19458676
2,38,2,19461057
62,25,1,19461508
20,21,1,19462146
9,48,3,19462484
5,21,2,19462965
3,44,2,19465001
20,21,4,19466720
5,20,7,19468344
19,22,2,19468739
48,16,7,19469579
24,47,3,19469629
22,36,4,19471504
5,20,2,19472960
5,21,7,19473537
9,48,1,19473689
5,19,2,19473723
5,18,2,19475735
1,38,3,19477082
2,39,0,19477084
1,31,3,19478484
2,32,0,19478486
3,38,2,19478971
19,21,2,19479318
11,33,4,19479782
2,31,2,19480769
60,14,2,19482226
48,17,7,19484566
11,31,4,19484701
19,21,1,19485041
9,35,4,19485050
11,34,4,19485280
11,33,1,19486973
22,16,1,19487691
60,14,1,19487969
11,32,4,19488779
11,25,1,19489211
23,28,1,19489568
10,48,2,19489793
11,29,1,19490404
11,28,4,19492270
22,39,4,19492353
2,38,3,19492715
3,39,0,19492717
11,26,4,19494085
22,15,1,19494411
18,35,1,19494645
11,23,1,19495414
9,32,1,19496046
14,26,1,19497088
9,33,1,19497929
11,22,4,19498325
5,25,1,19500409
11,25,4,19500926
22,38,4,19501610
9,32,4,19502555
11,20,1,19503288
22,38,1,19503388
2,49,2,19504603
9,34,1,19505793
5,23,1,19506239
5,46,2,19508796
29,33,4,19508912
5,21,1,19510558
5,24,1,19511225
9,30,1,19511947
5,22,1,19512806
23,29,1,19512830
4,44,1,19513464
29,30,4,19513993
22,41,4,19514078
29,28,1,19514487
29,29,1,19515017
29,32,4,19516930
29,30,1,19518487
29,32,1,19519379
5,22,4,19520050
12,43,1,19520277
29,31,1,19521283
1,49,3,19522069
29,31,4,19522720
22,39,1,19523525
5,20,4,19523981
9,26,4,19524119
57,51,1,19525769
29,33,1,19526138
5,20,1,19526762
21,39,7,19527085
5,21,4,19527418
61,26,2,19528408
29,36,4,19530132
5,19,1,19530237
29,35,1,19531414
29,35,4,19532537
29,34,1,19532631
21,38,7,19532806
10,34,2,19533743
29,34,4,19533893
10,34,7,19535496
5,17,1,19535896
5,18,1,19536057
46,51,3,19537706
29,36,1,19539415
46,40,4,19539680
10,18,7,19540961
10,32,7,19541280
8,34,7,19541517
29,38,4,19541524
29,37,4,19542297
29,37,1,19543094
8,35,2,19543497
10,31,7,19544094
10,30,2,19544259
21,36,7,19544387
29,39,4,19544592
10,28,7,19546462
10,26,2,19546863
10,30,7,19549322
10,27,7,19550542
61,25,2,19550945
11,48,1,19551742
10,33,7,19551764
47,13,1,19554955
4,26,2,19555445
4,25,2,19555467
10,24,2,19555776
10,25,7,19557149
21,37,7,19560075
8,32,2,19560990
4,24,2,19562498
21,15,2,19563231
8,33,2,19563251
8,32,7,19563747
8,34,2,19564057
5,48,4,19564957
4,25,7,19565178
21,16,2,19565216
10,24,7,19565371
21,40,7,19567243
10,21,2,19573207
4,23,2,19573247
4,21,2,19575607
21,17,2,19577251
10,21,7,19577371
4,22,2,19577497
28,29,2,19579042
51,27,7,19581694
21,40,2,19582448
21,39,2,19583783
4,20,2,19584041
3,45,3,19587013
4,46,0,19587014
28,32,7,19589208
28,30,2,19589270
28,31,7,19589308
28,35,7,19590194
21,37,4,19591454
22,35,7,19591733
22,29,2,19592410
5,46,1,19592637
13,47,0,19593269
21,41,2,19593742
8,35,1,19595311
8,32,1,19596166
28,30,7,19596308
8,34,1,19596331
28,34,7,19597155
21,45,7,19597897
6,37,1,19598037
4,19,2,19598539
4,21,7,19598958
8,27,7,19602361
28,32,2,19602897
4,20,7,19604199
28,36,2,19604223
28,31,2,19606057
28,36,7,19607427
28,34,2,19607810
8,26,2,19608030
28,35,2,19608158
28,33,7,19608235
57,47,1,19608680
59,8,2,19608844
59,8,1,19609195
4,19,7,19610779
28,33,2,19611275
28,37,7,19612096
3,44,1,19613314
28,37,2,19619698
47,15,2,19621335
10,32,1,19622992
28,38,7,19623419
28,38,2,19625228
8,36,4,19625648
10,33,4,19628124
4,18,2,19630991
21,41,4,19633795
10,31,4,19635546
56,52,2,19637101
8,34,4,19637239
10,30,1,19638137
10,32,4,19639919
17,22,4,19640253
54,46,2,19641434
2,45,3,19644907
3,46,0,19644908
10,30,4,19645958
51,27,4,19647796
59,52,2,19648931
10,27,1,19651266
10,40,0,19652713
8,28,4,19655009
8,33,1,19656888
10,25,1,19658751
10,29,4,19659125
61,25,1,19660204
21,39,4,19660390
10,28,1,19660732
4,19,4,19661630
61,27,1,19670601
21,45,4,19671875
36,36,1,19671987
21,39,1,19673006
21,38,4,19675346
21,42,4,19676455
21,41,1,19676458
8,32,4,19676662
56,48,2,19676692
58,9,2,19677414
54,46,1,19677726
21,40,1,19677941
10,24,1,19678280
60,47,3,19679956
18,21,2,19680562
21,40,4,19680929
4,24,1,19682308
4,25,1,19682924
55,52,1,19684534
10,27,4,19685093
21,43,4,19687196
7,36,7,19690939
10,48,1,19694465
10,25,4,19696590
44,45,1,19697905
18,21,1,19703662
18,20,1,19704620
7,35,2,19706509
47,15,1,19706765
4,23,1,19708389
20,40,7,19708715
10,26,4,19710907
51,28,4,19713105
4,25,4,19715344
10,24,4,19715498
28,33,1,19716325
10,18,4,19717593
58,9,3,19717927
22,46,7,19720054
20,38,7,19723841
56,36,1,19724311
10,22,1,19726111
10,23,4,19729940
60,25,2,19731056
28,34,1,19731344
9,35,7,19732599
28,32,4,19733235
28,35,4,19733266
28,30,4,19733318
58,38,1,19733414
28,29,1,19733574
28,34,4,19734365
28,30,1,19736025
55,28,3,19736162
10,21,1,19737124
8,46,2,19739208
28,31,4,19739432
28,38,4,19740744
56,41,2,19741267
28,33,4,19742037
28,31,1,19742254
16,43,1,19742847
20,37,7,19743781
17,22,2,19744050
28,32,1,19745806
17,22,1,19748201
28,35,1,19748883
14,43,1,19749005
9,46,2,19750968
10,44,3,19752603
11,45,0,19752604
28,37,4,19755567
59,15,2,19759066
28,36,1,19759278
24,44,1,19760278
39,11,2,19765264
55,12,2,19767337
37,11,1,19767781
28,36,4,19768315
28,39,1,19768947
40,11,2,19769987
9,33,2,19770134
62,57,6,19771071
38,11,3,19772299
39,12,0,19772300
17,47,3,19775455
60,26,2,19775726
28,40,1,19779015
53,47,2,19779176
34,37,3,19784327
38,11,1,19785522
59,35,3,19785595
18,15,3,19786612
58,54,0,19786683
54,21,3,19789303
39,11,3,19793517
59,51,7,19793905
9,50,0,19794331
19,15,2,19795557
60,28,2,19796214
46,16,2,19796795
50,26,7,19798415
20,15,2,19798429
28,37,1,19798445
59,51,4,19798523
62,48,2,19798526
28,39,4,19798718
9,49,3,19800549
10,50,0,19800551
45,29,2,19803510
60,26,4,19804575
4,46,3,19805364
28,38,1,19805731
49,46,4,19806520
18,15,1,19807064
11,17,2,19807437
41,12,0,19807610
60,51,2,19807854
58,15,2,19809873
39,11,1,19811566
56,48,1,19812259
49,29,3,19812914
50,30,0,19812915
61,48,2,19812993
50,45,0,19816836
31,11,4,19817791
34,11,0,19822204
62,13,6,19825447
55,38,0,19829138
46,21,3,19830404
47,22,0,19830405
57,21,3,19830914
58,22,0,19830915
36,12,2,19832689
55,49,2,19836396
20,38,4,19836726
4,32,2,19837459
57,39,2,19837783
16,24,5,19841008
20,39,7,19843816
44,48,2,19843933
58,15,1,19849874
45,22,0,19849960
16,48,0,19853036
53,29,2,19857553
37,12,2,19859916
20,41,7,19859982
46,16,1,19864338
38,12,2,19865098
19,15,1,19865817
59,15,1,19867541
20,15,1,19873204
15,17,0,19878078
59,17,0,19879352
37,12,3,19879616
21,15,1,19889294
11,17,1,19889474
45,29,1,19893712
20,42,2,19893853
61,48,1,19894113
20,41,2,19895816
60,26,1,19896169
14,45,0,19896329
60,25,1,19897637
47,18,2,19897796
20,44,7,19898445
53,46,1,19902205
37,12,1,19903122
20,40,2,19905414
20,43,7,19905780
20,42,7,19907839
39,12,3,19908269
40,13,0,19908270
7,34,2,19908502
60,27,1,19909465
60,28,1,19911083
62,49,2,19911995
7,35,7,19918047
38,12,1,19918351
57,39,1,19919028
7,33,2,19919700
9,31,2,19924947
58,16,2,19927861
7,33,7,19933349
9,29,2,19934257
7,34,7,19935642
9,30,2,19936651
27,39,2,19937758
27,41,2,19939143
27,35,2,19941533
17,16,2,19942628
27,36,2,19942896
27,33,2,19943634
27,32,2,19944154
27,37,7,19944382
59,26,2,19944456
10,17,1,19944632
27,31,2,19945220
27,34,7,19945233
9,31,7,19945262
59,27,2,19945900
27,37,2,19946338
27,35,7,19946486
8,27,4,19946708
21,35,7,19947055
27,40,2,19947437
59,28,2,19948291
27,32,7,19948518
27,34,2,19949126
27,39,7,19949843
27,30,2,19949976
47,17,1,19950089
9,30,7,19950156
27,38,2,19950213
27,38,7,19950480
27,33,7,19950704
27,31,7,19951356
60,35,4,19951549
40,12,3,19954522
6,26,5,19954533
59,29,2,19955186
59,51,0,19955705
57,40,1,19955814
4,22,1,19956112
9,29,7,19956192
27,36,7,19956413
14,34,2,19956537
27,30,7,19956628
4,24,4,19956667
62,49,3,19956745
4,21,1,19957252
9,28,2,19957260
44,22,3,19958757
18,16,2,19960083
21,16,1,19961595
55,49,4,19961773
4,20,1,19962222
19,16,3,19962979
9,26,2,19965790
47,18,1,19967980
58,17,1,19968960
46,17,2,19969467
20,40,4,19969496
9,28,7,19970463
9,36,1,19970755
4,21,4,19974458
9,37,4,19975301
7,33,1,19975319
9,25,2,19976333
20,42,1,19977721
58,16,1,19979376
20,44,4,19980739
20,39,4,19981976
59,28,4,19983362
9,26,7,19983451
20,43,1,19984577
9,32,1,19985442
9,35,4,19986079
9,25,7,19986173
17,16,3,19986384
9,36,4,19986528
4,18,1,19986654
20,40,1,19986977
7,34,1,19987138
9,23,2,19987173
20,43,4,19987715
20,41,1,19987724
60,49,2,19988503
9,24,7,19988656
7,35,1,19989631
3,24,2,19989647
20,42,4,19990226
3,23,2,19990611
59,27,1,19991353
59,36,1,19991560
7,36,4,19991673
56,41,2,19992618
53,49,5,19993196
16,48,3,19993512
17,49,0,19993513
7,27,7,19993632
1,46,0,19994032
9,33,4,19994894
7,37,4,19994988
9,23,7,19995591
3,23,7,19996401
9,28,1,19997107
56,40,2,19997248
9,22,7,19997557
57,17,2,19997830
3,22,2,19997960
7,26,7,19998031
27,39,4,19998467
3,24,7,19999156
20,17,2,19999666
46,18,2,19999678
57,18,2,20000957
57,16,2,20001104
3,21,2,20001713
27,37,1,20002076
27,37,4,20002295
27,39,1,20002728
7,35,4,20003184
27,36,1,20003751
11,17,3,20003786
60,49,1,20004509
27,34,4,20004712
57,18,7,20005009
7,34,4,20006091
27,35,4,20007771
27,33,1,20007998
27,33,4,20008072
27,32,4,20008255
46,19,2,20008533
9,31,4,20008575
27,36,4,20009285
27,31,1,20009580
27,38,1,20010121
27,35,1,20010298
27,32,1,20010636
27,30,1,20011081
27,38,4,20011708
27,40,4,20011757
58,27,7,20011871
27,40,1,20011920
27,34,1,20011967
9,27,1,20012045
8,37,2,20012310
27,31,4,20012626
9,30,4,20012998
7,33,4,20014106
6,34,2,20016048
19,38,7,20016520
3,21,7,20017428
9,29,4,20017993
3,20,7,20018128
17,22,7,20019152
9,25,1,20019411
17,22,4,20020852
3,19,2,20020951
19,42,7,20022885
9,27,4,20023014
27,41,1,20023229
3,24,1,20023399
17,22,2,20023764
8,36,7,20023818
9,28,4,20023978
56,40,1,20024681
19,43,7,20025542
8,35,7,20025693
9,24,1,20025925
17,22,1,20026142
19,44,2,20026168
6,35,7,20026196
57,18,4,20026570
19,41,7,20026684
3,7,1,20026750
57,17,1,20027415
19,43,2,20027729
9,24,4,20027866
19,42,2,20028125
6,36,2,20028128
8,33,2,20028453
13,31,1,20029264
16,22,2,20029836
46,17,1,20030016
9,26,4,20030132
6,35,2,20030146
11,51,6,20030969
8,34,7,20031001
6,36,7,20032475
19,41,2,20032718
6,35,4,20032970
8,29,7,20033405
26,35,2,20033957
7,29,4,20034006
3,23,1,20034090
46,18,1,20034094
9,23,4,20034765
26,41,2,20034844
7,27,4,20035052
46,20,4,20035469
3,30,0,20035620
57,16,1,20036395
26,39,7,20036956
8,31,7,20037056
26,23,2,20037907
3,24,4,20038026
26,32,7,20038173
3,21,1,20038198
8,32,7,20038472
48,26,2,20038475
6,34,7,20038897
3,22,1,20038948
26,37,7,20039414
26,36,7,20039499
26,34,2,20039515
26,40,7,20039700
6,33,7,20039787
11,30,4,20039905
8,30,7,20040328
26,36,2,20040571
26,31,2,20040774
26,38,7,20041001
26,33,7,20041188
26,34,7,20041242
26,31,7,20041244
26,32,2,20041559
8,28,2,20041794
16,22,1,20041887
26,35,7,20041958
26,39,2,20042270
20,17,1,20042287
58,27,1,20042691
26,38,2,20043085
26,37,2,20043122
26,40,2,20043141
15,23,2,20043149
26,33,2,20043534
15,21,2,20043796
53,48,5,20043839
3,23,4,20044142
56,17,2,20044695
46,19,1,20044743
3,19,1,20044981
26,30,7,20045532
21,46,1,20045722
46,22,4,20045889
58,29,4,20046243
19,43,4,20046444
6,30,2,20047140
2,25,2,20048939
56,18,2,20049574
45,17,2,20050006
26,41,1,20050584
56,18,7,20050765
3,21,4,20051925
8,28,7,20052009
8,26,2,20052129
55,41,2,20052519
8,25,7,20053758
8,35,1,20054349
8,27,7,20054760
8,26,7,20054985
45,20,7,20055092
7,20,1,20055142
3,20,4,20055432
2,24,2,20055702
8,34,1,20055931
21,48,4,20056161
20,47,2,20056207
8,36,4,20056487
2,23,2,20057091
56,17,1,20058128
45,18,2,20058176
57,28,7,20058762
56,18,1,20058936
17,22,4,20060129
19,41,1,20060197
6,36,1,20060636
45,19,2,20061155
19,42,4,20061330
19,41,4,20061473
8,32,1,20061860
48,26,1,20062194
2,22,2,20063067
8,34,4,20063313
51,48,0,20063555
19,40,1,20063756
6,37,4,20063875
2,23,7,20063985
61,50,4,20064234
6,34,1,20064415
1,38,1,20064696
19,18,2,20064705
6,28,7,20064746
6,36,4,20064780
19,43,1,20064839
8,32,4,20064901
19,16,2,20064986
19,39,1,20065726
26,23,1,20066693
45,21,7,20067364
19,42,1,20067460
7,18,1,20068088
18,21,1,20068239
8,31,4,20068262
2,20,2,20068363
26,39,1,20069519
26,34,4,20069707
6,33,1,20069840
2,22,7,20069876
26,38,1,20070803
26,33,1,20071000
26,31,1,20071686
2,20,7,20071978
6,23,2,20072467
26,38,4,20072855
26,30,1,20072996
26,37,4,20073039
26,36,4,20073206
26,32,1,20073221
56,18,4,20073446
26,34,1,20073557
26,40,4,20073609
26,35,1,20073633
26,33,4,20073674
6,34,4,20074090
26,31,4,20074138
26,32,4,20074280
6,22,2,20074495
26,37,1,20074699
2,25,1,20074994
26,30,4,20075041
26,36,1,20075359
6,31,1,20075381
8,26,1,20075878
55,40,1,20075934
54,18,1,20075973
2,48,7,20076258
8,30,4,20076307
20,30,4,20076528
26,39,4,20076596
16,22,7,20076921
58,50,6,20077098
13,13,2,20077145
6,20,2,20077298
6,33,4,20077626
26,35,4,20077758
26,40,1,20077981
7,36,2,20078135
47,26,2,20078456
6,21,2,20078589
45,17,1,20078706
16,22,4,20080188
53,17,7,20080229
8,28,4,20080597
6,30,1,20080667
8,27,4,20080771
62,20,7,20081201
7,37,7,20081408
2,24,1,20081618
6,20,7,20082151
7,35,2,20082268
6,21,7,20082803
43,19,4,20082853
45,20,4,20083161
58,50,4,20083307
2,22,1,20083551
5,37,2,20084794
18,42,7,20085605
17,49,4,20085625
2,23,1,20085782
18,41,2,20085791
6,19,2,20086014
47,27,2,20086200
55,16,2,20086427
55,18,2,20086514
7,33,7,20086777
7,35,7,20086782
20,47,7,20087046
18,39,2,20088088
5,35,2,20088538
5,36,7,20088597
19,18,1,20088727
5,34,2,20088791
45,18,1,20088794
6,28,4,20088940
45,21,4,20089085
2,20,1,20089996
2,23,4,20090238
55,18,7,20090305
18,40,7,20090514
18,43,2,20090930
18,40,2,20092012
19,16,1,20092319
18,41,7,20092607
18,42,2,20092636
25,29,7,20093032
6,19,7,20093244
5,35,7,20093644
25,34,7,20094211
25,36,2,20094221
25,34,2,20094236
45,19,1,20094365
18,45,7,20094408
18,44,2,20094792
5,34,7,20094997
52,17,7,20095385
25,40,2,20095465
2,22,4,20095787
56,27,7,20095864
25,24,2,20095872
25,35,2,20096032
25,32,2,20096034
1,25,2,20096121
1,26,2,20096137
25,32,7,20096194
26,42,2,20096616
25,35,7,20096620
25,36,7,20096624
25,39,7,20097047
25,30,7,20097251
5,32,2,20097523
25,38,2,20097563
7,30,7,20097758
6,23,1,20097795
25,33,7,20097937
25,39,2,20098144
5,31,2,20098352
47,26,1,20098609
25,41,7,20098687
5,33,7,20099001
55,18,1,20099051
7,25,2,20099329
7,29,7,20099571
7,27,2,20099628
25,40,7,20099679
25,37,7,20099707
25,38,7,20099750
11,28,7,20099792
25,37,2,20099823
25,33,2,20100046
54,41,2,20100188
1,24,2,20100233
6,22,1,20100337
1,26,7,20100419
43,23,7,20100943
6,19,1,20101614
55,17,1,20102402
7,36,1,20102503
7,27,7,20103329
6,20,1,20103612
1,23,2,20103982
44,18,2,20104405
5,29,7,20104922
6,21,1,20105247
1,24,7,20105270
7,35,1,20105350
18,19,7,20105452
1,23,7,20105462
10,23,1,20105572
7,26,7,20105982
6,21,4,20105985
60,16,0,20106342
18,18,7,20106598
62,20,4,20107050
7,36,4,20107335
18,40,4,20107550
1,21,2,20108010
6,22,4,20108039
44,20,7,20108520
47,27,1,20108815
18,18,2,20108849
5,35,1,20109232
6,20,4,20109270
50,45,7,20109594
7,32,1,20109710
6,19,4,20109831
1,22,7,20109906
20,47,4,20110132
1,20,2,20110179
9,30,7,20110310
1,22,2,20110491
7,35,4,20110825
18,41,1,20110861
5,28,7,20111312
55,16,1,20111648
4,39,0,20111685
55,18,4,20111731
5,34,1,20112508
7,34,4,20112662
18,17,2,20112792
18,42,4,20113326
7,22,7,20114726
5,32,1,20114736
5,36,4,20115703
5,27,7,20115728
18,44,4,20115751
5,22,2,20116014
53,17,4,20116082
5,26,7,20116245
1,21,7,20116256
5,33,1,20116384
5,35,4,20116509
18,41,4,20117138
54,17,2,20117142
54,18,2,20117423
5,23,2,20117740
18,40,1,20117847
1,26,1,20118152
18,42,1,20118737
25,32,1,20119243
6,49,5,20119515
18,45,4,20119734
56,28,2,20119896
25,40,4,20119923
5,30,1,20120057
2,49,4,20120187
25,35,1,20120247
1,24,1,20120426
1,25,1,20120552
25,39,1,20120791
25,38,1,20120889
43,23,4,20120932
55,19,2,20121013
5,20,2,20121146
5,21,7,20121155
7,30,4,20121222
46,28,2,20121354
25,34,4,20121539
5,24,2,20121551
7,29,4,20121552
25,36,4,20121598
25,38,4,20121805
25,29,4,20121812
25,34,1,20121849
7,27,4,20122068
46,27,2,20122111
25,42,4,20122523
25,37,1,20122564
25,37,4,20122664
25,36,1,20122684
25,32,4,20122690
5,34,4,20122705
25,41,4,20122840
56,29,4,20123056
25,39,4,20123072
25,33,4,20123122
8,48,5,20123209
25,30,4,20123321
56,28,1,20123459
6,49,6,20123594
25,35,4,20123619
25,29,1,20123645
5,21,2,20123722
1,26,4,20123993
5,19,7,20124426
6,37,2,20124619
5,33,4,20124695
25,33,1,20124851
5,20,7,20125774
50,45,4,20126510
5,22,7,20126585
1,24,4,20126876
1,23,1,20126976
1,21,1,20127024
4,37,1,20127137
54,18,7,20127139
6,34,2,20127881
16,21,5,20128299
4,36,2,20128440
1,23,4,20128484
3,38,2,20128550
6,33,7,20128784
7,26,4,20129496
1,22,1,20130026
52,17,4,20130321
4,34,2,20130524
27,30,4,20130866
6,32,2,20131090
1,20,1,20131457
54,18,1,20131481
1,21,4,20131924
6,35,7,20131975
7,48,5,20132008
54,19,4,20132088
4,37,7,20132098
44,18,1,20132239
6,33,2,20132373
44,20,4,20132734
17,44,7,20132773
7,23,4,20132796
5,28,4,20132880
1,22,4,20132925
4,35,2,20133031
4,34,7,20133109
18,16,1,20134385
17,39,2,20134401
6,34,7,20134514
4,33,2,20134578
4,35,7,20134911
4,36,7,20134925
5,27,4,20135124
19,46,7,20135546
5,24,1,20135637
18,17,1,20136565
18,18,4,20136625
17,41,2,20136647
46,30,4,20136936
17,41,7,20137148
17,42,2,20137242
52,16,7,20137468
6,30,7,20138104
17,43,7,20138362
17,40,7,20138667
24,35,2,20138849
12,12,1,20139057
24,29,7,20139365
24,36,2,20139534
4,33,7,20139766
6,29,7,20140210
24,36,7,20140260
4,32,7,20140700
9,28,1,20140872
24,28,7,20140895
24,37,2,20141152
24,32,7,20141488
24,37,7,20141551
55,28,7,20141666
24,38,2,20141796
24,38,7,20141881
24,39,2,20141910
24,31,7,20141994
17,17,7,20142292
24,40,7,20142370
24,39,7,20142448
24,40,2,20142486
5,23,4,20142495
24,34,7,20142503
6,28,7,20142538
4,31,2,20142897
24,41,7,20143031
24,33,7,20143140
17,37,1,20143327
6,25,7,20143388
46,28,1,20143440
5,19,1,20143496
24,34,2,20143846
24,35,7,20144089
18,26,7,20144211
24,33,2,20144244
5,26,4,20144592
5,21,4,20144858
5,23,1,20145037
15,22,4,20145042
6,27,7,20145383
24,30,2,20145452
5,21,1,20145917
56,48,4,20145966
6,26,7,20146053
5,22,1,20146169
57,48,7,20146221
54,18,4,20146297
50,48,7,20146343
5,22,4,20146593
6,22,7,20146827
51,48,3,20147650
43,19,7,20148177
4,25,2,20148335
4,27,7,20148423
43,26,7,20148828
17,18,2,20148863
17,17,2,20149164
6,34,4,20149238
4,35,1,20149385
5,20,4,20149998
5,20,1,20151039
6,23,7,20151059
6,33,1,20151385
4,37,4,20151574
42,22,7,20151871
4,34,1,20152160
55,28,4,20152352
6,31,1,20153354
43,19,2,20153495
6,32,4,20154013
45,29,2,20154135
53,18,7,20154153
4,35,4,20154186
4,22,2,20154243
4,33,1,20154339
8,29,2,20154564
4,21,2,20154810
44,24,4,20154911
4,36,4,20155436
4,25,7,20155484
17,43,4,20155605
17,41,4,20156230
27,13,3,20156408
5,19,4,20157310
17,39,1,20157753
4,33,4,20158124
29,29,4,20158183
4,31,1,20158217
6,28,4,20158557
17,40,4,20158819
29,14,4,20158972
4,22,7,20158988
4,24,7,20159378
4,24,2,20159510
4,23,2,20159705
50,17,7,20159765
4,19,7,20159804
14,22,7,20159954
6,29,4,20160308
24,29,4,20160633
24,33,1,20160691
24,28,4,20161114
4,23,7,20161593
24,32,4,20161641
24,34,4,20161920
24,33,4,20162163
24,30,1,20162442
24,31,4,20162863
4,30,1,20163171
24,40,4,20163368
4,21,7,20163396
4,20,7,20164081
47,47,3,20164143
3,34,7,20164492
6,26,4,20164673
53,17,7,20164676
51,16,7,20164701
24,39,1,20164793
24,36,1,20165566
24,39,4,20165677
4,20,2,20165767
24,34,1,20165789
6,27,4,20166201
24,37,4,20166362
24,38,4,20166469
24,36,4,20167486
24,35,4,20167763
24,41,4,20167922
45,29,1,20168568
24,37,1,20168610
17,44,4,20168880
24,38,1,20169308
24,35,1,20169328
18,26,4,20169842
43,19,4,20170269
17,41,1,20170275
43,26,4,20170984
6,23,1,20171904
16,23,3,20172410
6,22,1,20173135
31,38,0,20173137
6,23,4,20173430
24,40,1,20173992
6,24,4,20174041
16,39,7,20174425
53,18,4,20175109
23,41,2,20175230
54,27,2,20175396
3,36,2,20175480
54,28,7,20175814
7,48,6,20176692
4,29,4,20176899
5,33,7,20177441
55,20,1,20177823
43,20,4,20177974
3,35,7,20178008
61,17,2,20178344
61,19,7,20178838
3,36,7,20179131
5,34,2,20179233
17,16,1,20179744
5,32,2,20180260
5,31,7,20180496
3,34,2,20181284
3,35,2,20181752
4,24,4,20181982
23,17,7,20182975
53,17,4,20185806
24,44,7,20186016
52,17,7,20186158
23,28,7,20186657
42,18,7,20187163
12,26,2,20188374
54,21,2,20192403
24,44,4,20194596
12,26,1,20198652
13,44,2,20198801
52,16,7,20201046
4,23,4,20202722
23,35,7,20204060
12,22,7,20204893
4,21,4,20205193
37,38,7,20205202
23,31,7,20205211
16,38,2,20205275
4,25,4,20205428
23,28,2,20206024
4,22,1,20206282
23,36,2,20206437
5,28,7,20206996
4,21,1,20207691
3,31,2,20207784
23,15,7,20208667
4,20,4,20208711
4,23,1,20208869
23,34,7,20208992
23,35,2,20209112
23,31,2,20209190
4,22,4,20209745
16,41,7,20210767
23,38,2,20212001
16,39,2,20213534
23,39,7,20214223
61,17,1,20214430
3,36,1,20217455
61,19,4,20220029
23,30,7,20224715
44,30,2,20226569
23,38,7,20226594
23,34,2,20229677
23,32,7,20229702
54,24,1,20229786
23,33,7,20229984
23,37,7,20230071
16,42,7,20230618
23,40,7,20230918
5,27,7,20231535
4,24,1,20231901
3,32,7,20232073
23,36,7,20232077
54,21,1,20232216
5,23,7,20232242
5,26,7,20232657
23,37,2,20232891
16,40,7,20233060
5,24,2,20233070
23,39,2,20233076
16,40,2,20233240
5,25,7,20234168
23,14,4,20235934
3,27,2,20237033
16,43,7,20237274
5,23,2,20238369
4,20,1,20240314
47,49,3,20243711
5,24,1,20244461
1,31,0,20246680
8,24,2,20248112
42,19,2,20253090
16,19,7,20253186
16,17,2,20254084
3,24,7,20255718
50,17,4,20255877
3,25,2,20258194
23,17,1,20258736
16,42,2,20259062
3,21,7,20259477
53,25,2,20259998
23,15,4,20260038
3,28,7,20260639
3,24,2,20263473
14,45,3,20264603
15,46,0,20264604
44,28,1,20265211
50,16,7,20265418
23,17,4,20265490
47,37,7,20265935
20,46,4,20266967
3,21,2,20267206
3,37,4,20269812
52,16,4,20271899
36,3,4,20273419
14,22,7,20279828
2,49,6,20280702
53,27,2,20280786
3,19,7,20280854
3,23,2,20281253
5,33,4,20281841
3,22,2,20282164
3,20,7,20282181
42,17,1,20283165
17,47,2,20283315
23,28,4,20283385
19,46,4,20284508
3,38,4,20285292
5,32,1,20285494
5,34,1,20285947
22,13,7,20286482
3,22,7,20287155
5,34,4,20287215
3,35,1,20287357
5,29,1,20288239
49,16,7,20288417
3,23,7,20290287
5,36,4,20290444
3,48,5,20292059
23,33,4,20292160
23,41,1,20294100
23,31,4,20294150
4,49,4,20295209
5,22,7,20298694
42,14,4,20299122
18,45,7,20299566
51,15,7,20299891
50,16,4,20302553
21,45,4,20306678
3,24,1,20307953
4,19,4,20308227
19,45,7,20309012
23,30,4,20309172
41,16,0,20309205
38,19,2,20309212
5,30,1,20309312
19,45,4,20309942
5,27,4,20310381
5,53,0,20310452
16,17,1,20310575
5,26,1,20310591
5,28,4,20311002
23,31,1,20312124
18,45,4,20312372
42,13,1,20312406
5,29,4,20312863
51,42,7,20313156
5,27,1,20313185
26,44,5,20313418
3,34,1,20313840
22,11,7,20314936
55,49,0,20316508
23,32,4,20316592
23,37,4,20318155
26,44,6,20319928
17,44,7,20323481
20,44,7,20324308
46,37,6,20324420
7,47,6,20324930
41,21,4,20325236
7,48,4,20326895
51,11,7,20329123
31,4,6,20329178
18,44,7,20332499
58,37,2,20334714
8,46,5,20335404
20,44,4,20336822
46,36,5,20336866
18,44,4,20337124
50,11,7,20337235
39,39,6,20337870
47,36,5,20338332
51,17,7,20339689
6,47,7,20340301
9,17,7,20340490
47,36,7,20341017
31,36,4,20343577
22,41,7,20346026
32,3,5,20348433
47,21,7,20352641
23,28,1,20353111
5,36,0,20355218
13,22,3,20356141
20,43,7,20356517
50,38,7,20360060
46,21,0,20360973
32,3,6,20361064
19,43,7,20361491
24,10,4,20362817
8,46,7,20363248
40,38,5,20363592
10,44,4,20368401
3,37,0,20369175
19,43,4,20369415
25,40,6,20369463
39,17,3,20370127
40,18,0,20370128
15,16,7,20371550
53,26,7,20373478
51,17,4,20373718
22,41,4,20374162
23,41,4,20374450
46,36,6,20374963
47,36,6,20375534
5,34,0,20375939
50,17,4,20376121
17,43,6,20377172
5,28,0,20378342
12,26,7,20380744
59,14,0,20381849
48,43,5,20382605
35,13,6,20383328
18,42,7,20384768
14,16,7,20385219
52,17,4,20385253
33,2,5,20385279
16,42,4,20386812
62,54,6,20387028
48,38,4,20387100
12,16,5,20388942
53,47,6,20389600
30,11,5,20389997
50,38,4,20390469
25,39,0,20392496
1,38,4,20393164
48,43,6,20393402
44,42,5,20394265
60,52,6,20396320
11,16,5,20396579
21,41,4,20397933
9,43,7,20398229
55,48,6,20398425
5,18,6,20398520
8,46,4,20398922
33,13,6,20399424
15,22,4,20399457
41,18,3,20399601
7,30,0,20402162
26,39,5,20402709
59,50,5,20402881
16,42,3,20403536
17,43,0,20403537
13,16,6,20406372
22,40,7,20406928
44,42,6,20407872
14,16,6,20408838
53,46,6,20408978
57,49,6,20409059
12,16,7,20409854
48,36,6,20411102
7,45,7,20412188
12,16,6,20412947
8,43,6,20413692
21,40,7,20413936
20,40,5,20414299
36,12,5,20417915
49,37,7,20418159
30,11,6,20418633
35,12,5,20420371
6,43,6,20420920
56,47,5,20421628
9,42,5,20421722
2,37,7,20421949
40,41,7,20422411
59,50,6,20422736
1,29,5,20423651
20,40,7,20423661
14,16,4,20423712
62,51,5,20424471
23,40,4,20425433
7,43,6,20426493
20,40,6,20426527
11,16,6,20427933
5,52,0,20428409
7,44,5,20428691
9,42,6,20430552
45,42,4,20430850
58,48,5,20431649
37,31,4,20432667
6,23,0,20433036
8,42,5,20433925
54,45,5,20434207
41,12,4,20434766
54,44,4,20434781
17,41,6,20435544
39,12,4,20437348
4,30,0,20438543
48,20,7,20438592
8,17,7,20438663
36,12,6,20438838
3,19,3,20438929
13,16,4,20439469
22,40,4,20439636
27,13,7,20439867
7,45,4,20441438
27,40,5,20442458
30,5,4,20443288
7,42,5,20443792
3,23,3,20443923
4,24,0,20443924
21,40,4,20444041
25,35,0,20444176
33,10,7,20444189
35,12,6,20444550
33,3,4,20445930
47,35,7,20446493
14,15,5,20446574
40,41,4,20446803
26,39,6,20446925
6,17,5,20446939
43,41,4,20447017
49,37,6,20448175
56,47,6,20448389
50,20,7,20449252
60,49,5,20449595
18,40,5,20449624
8,42,6,20450001
6,44,7,20450346
58,48,6,20450784
25,36,0,20451234
49,37,4,20451746
54,45,6,20451962
8,27,6,20452172
3,24,3,20452480
4,25,0,20452481
58,46,7,20452510
51,43,6,20453169
5,25,3,20453205
6,26,0,20453207
2,37,4,20453235
60,49,6,20454042
23,33,0,20455121
15,15,5,20455635
48,16,6,20456866
34,23,5,20456950
4,27,3,20457022
5,28,0,20457024
57,46,5,20458209
4,44,5,20458211
23,32,0,20458680
39,40,7,20459362
61,49,5,20459646
7,42,6,20460418
47,43,0,20460474
59,48,6,20460636
36,12,4,20460999
62,51,6,20461150
50,20,4,20461500
54,44,5,20461812
59,47,5,20462581
56,46,6,20462981
1,29,6,20463007
42,40,7,20463465
49,15,5,20463572
23,28,0,20464488
26,41,4,20464548
22,39,7,20465593
23,9,7,20466473
1,37,4,20467120
61,48,5,20467219
37,12,4,20467431
61,49,6,20468167
25,27,0,20468425
25,28,0,20469535
48,20,4,20469711
60,48,6,20470051
52,42,5,20470970
57,46,6,20471280
60,47,5,20471704
54,44,6,20471844
18,40,6,20472305
25,40,7,20474504
58,45,4,20474845
9,41,5,20475131
12,16,4,20475783
62,48,5,20478140
57,45,5,20478165
59,47,6,20478201
47,34,5,20478280
8,41,5,20478748
40,39,7,20478856
1,43,5,20479113
6,44,4,20479547
27,38,5,20479811
50,36,5,20479966
61,47,5,20481285
59,45,4,20481867
16,34,5,20482043
25,25,0,20482608
3,19,6,20482725
58,46,6,20482898
49,36,7,20483252
16,32,3,20483534
25,26,0,20484222
2,42,0,20484601
60,47,6,20484999
58,45,5,20485163
60,46,5,20485199
52,42,6,20485494
9,51,0,20487126
2,28,5,20490501
59,46,6,20491261
55,43,5,20491453
57,45,6,20491769
62,48,6,20492069
55,5,7,20492727
16,29,3,20493092
17,30,0,20493093
54,43,6,20493352
4,44,6,20493583
61,47,6,20493612
59,45,5,20493657
56,44,6,20494273
54,42,5,20495758
1,43,6,20496716
21,39,7,20497341
58,45,6,20497507
51,15,5,20498165
61,46,5,20498589
31,4,4,20498595
41,19,6,20498989
25,38,6,20499775
48,34,4,20499902
36,11,7,20499904
59,44,7,20501316
48,34,6,20501328
59,44,4,20501608
57,44,5,20501807
47,34,6,20502747
60,46,6,20503691
24,20,3,20504195
57,44,6,20504354
24,21,3,20505171
55,43,6,20505186
53,41,5,20506236
59,45,6,20506610
36,11,5,20506733
62,46,5,20506956
58,44,5,20507017
49,36,4,20507403
42,39,5,20508251
14,19,5,20508279
9,41,6,20508876
27,38,6,20510087
57,43,5,20510190
28,37,5,20510330
60,44,4,20510807
54,42,6,20511176
58,43,7,20511532
37,26,0,20511794
55,42,5,20511937
49,15,6,20512133
50,36,6,20512288
53,24,3,20512531
55,41,7,20512860
15,16,6,20512940
25,37,5,20512948
24,19,3,20513200
61,45,5,20513316
60,45,5,20513463
59,43,7,20513546
30,36,6,20513553
31,35,5,20513555
59,44,5,20513798
25,35,5,20514481
61,46,6,20514595
52,40,5,20515106
11,16,7,20515609
25,33,3,20515843
26,34,0,20515845
60,45,6,20517124
24,29,6,20517983
55,41,4,20518234
25,34,3,20518391
25,36,5,20518861
16,34,6,20518973
59,43,4,20519780
58,44,6,20520028
60,44,5,20520243
21,39,4,20520731
50,8,5,20521028
16,31,3,20521241
56,42,5,20521269
62,46,6,20522037
45,19,7,20522653
55,42,6,20523011
42,38,7,20523673
58,43,5,20524186
58,42,7,20524611
2,42,5,20524809
17,42,6,20524875
59,44,6,20525864
6,21,3,20525947
53,41,6,20527471
36,11,6,20528386
57,43,6,20528634
11,22,0,20528636
52,40,6,20528687
30,12,6,20529300
61,45,6,20529400
58,42,4,20529448
22,39,4,20529541
25,33,5,20529980
25,32,3,20530345
26,33,0,20530347
55,41,5,20531040
59,43,5,20531922
24,17,3,20532084
25,30,3,20532474
59,11,0,20532903
25,31,3,20532928
48,33,5,20533256
50,35,5,20533631
28,37,6,20533718
26,39,7,20534390
16,46,3,20534491
17,47,0,20534492
50,33,7,20534593
23,39,4,20535161
62,45,5,20535478
60,44,6,20535615
58,43,6,20536633
54,41,6,20537176
62,45,6,20537529
54,40,5,20537607
31,35,6,20537701
22,13,3,20538424
41,36,6,20538910
16,18,3,20539034
2,28,6,20539417
25,32,5,20540077
4,18,5,20540279
7,41,5,20540654
56,41,5,20540696
25,31,5,20540807
49,35,7,20540869
42,24,6,20541154
58,42,5,20541504
52,39,5,20541613
60,43,5,20541918
62,44,5,20541963
59,43,6,20543227
53,40,6,20545112
55,41,6,20545133
24,16,3,20545208
8,41,6,20545253
16,17,3,20545409
25,29,3,20545655
26,30,0,20545656
25,30,5,20547159
25,39,6,20547264
50,14,5,20547404
57,42,6,20548278
51,14,5,20548414
41,25,7,20549403
7,33,7,20549731
59,42,5,20549921
60,42,4,20550421
49,38,6,20550433
62,44,6,20551393
39,25,5,20551699
17,32,3,20551791
17,32,0,20551793
61,43,5,20551943
25,29,5,20551998
38,38,6,20552287
54,40,6,20552301
21,38,7,20552653
58,42,6,20552806
17,31,3,20552918
60,42,5,20553117
50,35,6,20553266
55,40,5,20553514
25,37,6,20553970
24,15,3,20554124
25,16,0,20554125
60,43,6,20555033
53,39,5,20555078
25,27,3,20555385
25,28,5,20556353
59,41,7,20556455
45,19,4,20556900
56,41,6,20556940
58,41,5,20557012
59,41,4,20557265
18,41,0,20557883
25,36,6,20557979
42,35,5,20557991
22,38,7,20558007
57,40,7,20558475
56,40,5,20558871
52,39,6,20558936
25,35,6,20559208
57,40,4,20559697
26,39,4,20559875
21,38,5,20560264
51,35,5,20560504
50,33,4,20560887
50,14,6,20561152
48,33,6,20561466
51,15,6,20561857
7,33,4,20562036
61,43,6,20562046
48,33,7,20562314
28,26,5,20562399
58,40,7,20562404
47,33,6,20562485
56,39,7,20562500
25,25,3,20563468
26,26,0,20563470
55,40,6,20564245
25,27,5,20564723
25,38,7,20564903
25,26,3,20565704
61,42,5,20565827
59,41,5,20565836
60,41,4,20566231
24,22,6,20566330
54,21,0,20567090
54,39,5,20567320
25,26,5,20567496
1,20,0,20567740
27,38,7,20568050
54,24,0,20568413
32,11,6,20568421
25,33,6,20569041
58,40,4,20569092
41,25,4,20569205
31,11,5,20569303
55,39,5,20569638
60,42,6,20569756
54,38,7,20569767
17,28,3,20570066
58,41,6,20570077
59,40,7,20571097
33,37,4,20571853
56,39,4,20572055
62,42,5,20572193
56,40,6,20572796
1,21,0,20573427
61,41,4,20573729
46,18,7,20574383
55,38,7,20574450
57,39,7,20574768
54,39,6,20574883
49,37,6,20574960
9,26,5,20575133
53,38,5,20575158
1,43,0,20575286
50,35,4,20575430
28,40,5,20575477
29,4,7,20575744
49,32,5,20576048
59,41,6,20576582
25,38,4,20576729
9,40,5,20576823
62,42,6,20577407
59,40,4,20577720
56,39,5,20578006
25,32,6,20578069
30,11,5,20578089
40,16,5,20578156
25,31,6,20578415
27,38,4,20578657
25,25,5,20578807
51,13,5,20578825
57,39,4,20579142
60,40,7,20579176
4,19,6,20579268
25,24,3,20579323
26,25,0,20579324
60,40,4,20579516
16,15,5,20579578
13,49,1,20579640
59,14,3,20579800
60,15,0,20579801
25,23,3,20580429
6,35,3,20580440
7,36,0,20580442
21,38,6,20580677
43,22,3,20580760
24,38,4,20581056
52,38,6,20581134
30,4,4,20581186
26,35,5,20581998
58,39,7,20582028
44,37,4,20582327
61,42,6,20582356
51,34,5,20582672
58,39,4,20582882
62,41,5,20583068
26,33,3,20583071
27,34,0,20583072
56,38,7,20583217
55,38,5,20584073
55,38,4,20584137
53,38,6,20584392
24,12,3,20584604
57,39,5,20584707
55,39,6,20584968
21,38,4,20585042
19,38,6,20585164
24,20,6,20585360
43,23,5,20585537
52,14,5,20585747
22,11,3,20585753
23,12,0,20585754
49,32,7,20586086
59,39,7,20586439
25,24,5,20587134
42,35,6,20587184
24,19,6,20587629
20,39,5,20587923
20,37,5,20588098
40,14,3,20588105
31,11,6,20588202
54,37,7,20588244
60,40,5,20588613
25,30,6,20588866
57,38,7,20589329
25,23,5,20589346
50,36,5,20589368
56,38,4,20589762
59,39,4,20589839
53,37,5,20590376
26,32,3,20590666
59,39,5,20591151
51,14,6,20591164
26,34,5,20591544
11,34,3,20591876
56,38,5,20592884
43,36,7,20592959
40,17,6,20592961
25,22,3,20593165
62,41,6,20593253
14,15,6,20593635
28,40,6,20593656
56,39,6,20593840
57,39,6,20593944
35,37,6,20594147
1,29,3,20594679
2,30,0,20594680
25,29,6,20594933
36,36,5,20595157
52,37,6,20595196
26,33,5,20595332
57,38,4,20595849
1,46,3,20596109
2,47,0,20596110
9,40,6,20596139
55,37,7,20596151
60,40,6,20596321
10,45,1,20596555
59,11,3,20596588
60,12,0,20596589
58,38,7,20597255
55,38,6,20597330
24,37,7,20597377
26,32,5,20597475
54,37,5,20597783
46,18,4,20598203
39,19,4,20598389
26,31,3,20598439
27,32,0,20598441
49,32,6,20598646
4,42,0,20599129
7,17,7,20599447
22,37,5,20599493
19,28,5,20599849
16,38,7,20599902
30,11,6,20599912
53,37,6,20599986
33,10,5,20600470
43,34,5,20600826
25,28,6,20600841
25,20,3,20600954
57,38,5,20601241
23,37,7,20601253
55,37,4,20601484
56,37,7,20601669
26,30,3,20601855
27,31,0,20601856
59,38,7,20602025
9,11,0,20602043
58,38,4,20602452
26,37,7,20602774
25,21,3,20602924
39,36,4,20603123
25,22,5,20603253
59,10,3,20603729
60,11,0,20603730
19,37,5,20604152
56,38,6,20604493
51,34,6,20604622
52,36,5,20604770
26,31,5,20604816
61,39,5,20605029
56,37,4,20605073
12,15,5,20605864
54,36,7,20606048
57,37,7,20606093
25,27,6,20606167
54,37,6,20606312
58,38,5,20606458
18,32,3,20606692
2,26,0,20606966
36,36,6,20607654
25,21,5,20607839
25,26,6,20608886
30,36,5,20609902
56,37,5,20609981
59,38,4,20610461
61,38,7,20610485
19,37,6,20611002
58,37,7,20611039
4,62,7,20611129
57,37,4,20611146
7,62,7,20611165
8,62,7,20611180
57,38,6,20611266
6,62,7,20611563
6,62,5,20611755
5,28,0,20611866
17,21,5,20611928
16,17,6,20611948
5,18,5,20612008
3,62,5,20612028
23,37,6,20612083
14,62,1,20612160
2,62,5,20612173
10,39,5,20612267
58,38,6,20612294
22,37,6,20612691
24,37,4,20612730
26,30,5,20612784
8,62,5,20612971
7,62,4,20613060
27,37,0,20613192
26,37,4,20613196
7,17,4,20613209
8,62,4,20613307
26,28,3,20613444
54,36,4,20613530
26,27,3,20613549
27,28,0,20613550
6,62,6,20613640
9,62,5,20613651
26,29,5,20614143
25,19,3,20614151
2,62,6,20614288
37,29,5,20614424
7,61,7,20614430
13,15,7,20614478
57,37,5,20614495
6,61,7,20614519
10,21,0,20614585
30,36,6,20614846
1,25,5,20614926
4,62,4,20615003
12,62,3,20615217
8,61,7,20615272
7,61,4,20615333
2,62,7,20615479
61,39,6,20615539
13,39,4,20615547
7,61,5,20615569
42,34,5,20615637
10,43,3,20615711
8,61,4,20615726
8,62,6,20615727
3,61,7,20615730
10,62,5,20616047
54,36,5,20616125
48,36,3,20616144
24,15,6,20616199
27,39,7,20616235
9,61,7,20616256
9,62,6,20616364
25,19,5,20616375
25,18,3,20616400
26,35,6,20616437
9,61,5,20616549
3,61,5,20616853
12,62,5,20617192
11,62,5,20617276
8,61,6,20617501
10,62,6,20617636
9,61,4,20617754
40,16,6,20617866
25,25,6,20617984
7,61,6,20618043
61,38,4,20618121
58,37,4,20618144
1,22,3,20618184
11,62,6,20618280
8,60,7,20618581
20,37,6,20618687
10,61,5,20618754
43,23,6,20619053
9,61,6,20619215
32,10,5,20619244
58,11,0,20619501
8,57,0,20619718
10,61,6,20619747
55,36,5,20619773
44,23,3,20619806
25,17,5,20619898
43,36,6,20619927
12,62,6,20620028
26,34,6,20620117
9,60,5,20620129
59,38,6,20620344
11,61,5,20620364
56,37,6,20620369
14,19,3,20620422
56,36,7,20620447
48,37,5,20620554
13,62,5,20620832
3,61,4,20620852
10,39,6,20620876
1,36,5,20620889
58,37,5,20621054
12,61,5,20621313
1,23,5,20621481
50,35,5,20621534
25,17,3,20621652
10,60,5,20621966
54,21,3,20622162
55,22,0,20622164
11,61,6,20622267
12,39,4,20622506
13,62,6,20622619
26,27,5,20622727
16,15,6,20622829
1,22,5,20622844
11,60,5,20622976
12,61,6,20623108
25,24,6,20623112
26,28,5,20623297
26,26,3,20623620
10,60,6,20623748
13,61,5,20623754
8,17,4,20623842
12,24,2,20623955
25,18,5,20623975
13,61,6,20624047
14,61,5,20624057
11,60,6,20624099
14,62,5,20624307
12,15,6,20624593
1,21,3,20624595
2,22,0,20624596
25,23,6,20624642
60,37,7,20624700
26,33,6,20624919
51,33,5,20624932
43,34,6,20624938
1,20,3,20624995
11,59,5,20625045
12,15,7,20625351
9,17,4,20625439
23,36,5,20625458
24,36,5,20625542
23,37,4,20625616
14,62,6,20625689
59,37,5,20625760
2,60,7,20625898
57,37,6,20626133
62,38,5,20626146
15,14,5,20626229
12,59,4,20626301
17,17,3,20626346
24,36,7,20626610
51,31,7,20626668
12,59,5,20626780
57,36,7,20626885
13,38,7,20626944
50,6,6,20626952
1,21,5,20626959
13,38,6,20626967
14,61,6,20627226
54,36,6,20627491
14,60,5,20627540
26,25,3,20627673
27,26,0,20627675
49,31,5,20627784
11,59,6,20627999
1,19,3,20628387
2,20,0,20628390
25,36,7,20628479
17,24,6,20628562
25,16,3,20628646
10,58,6,20628856
16,62,5,20629038
11,38,5,20629043
25,21,6,20629062
15,61,5,20629141
61,37,7,20629313
14,60,6,20629711
21,39,5,20629722
60,37,5,20629867
12,59,6,20630021
31,10,5,20630039
25,16,6,20630069
25,36,5,20630220
20,36,5,20630402
1,18,3,20630532
2,19,0,20630533
26,32,6,20630560
7,16,7,20630748
23,36,7,20630780
26,24,3,20630819
13,58,5,20630902
55,16,0,20631021
57,36,4,20631129
15,60,5,20631137
60,37,4,20631447
17,61,0,20631589
37,25,5,20631678
15,60,6,20631696
32,10,6,20631756
11,15,7,20631797
19,38,5,20631841
26,30,6,20632326
13,57,4,20632337
26,26,5,20632382
19,28,0,20632568
25,22,6,20632643
58,37,6,20632792
43,36,4,20632967
1,19,5,20633009
15,61,6,20633062
15,59,5,20633417
16,62,6,20633455
38,23,0,20633948
16,60,5,20634322
18,26,3,20634344
21,36,5,20634468
13,58,6,20634563
37,35,5,20634743
61,38,6,20634886
14,57,4,20634908
15,59,6,20635201
37,35,6,20635224
61,37,4,20635231
50,12,6,20635259
55,36,6,20635345
17,61,3,20635699
16,62,3,20635806
26,31,6,20635912
1,36,6,20635961
51,12,5,20635989
26,25,5,20636013
12,38,7,20636144
2,36,4,20636215
16,59,5,20636441
14,57,5,20636446
21,46,0,20636521
57,36,5,20636584
37,29,6,20636648
16,60,6,20636794
59,36,7,20637219
26,24,5,20637492
18,62,3,20637879
18,62,0,20637881
24,36,6,20637925
16,59,6,20638067
19,62,0,20638094
1,18,5,20638309
27,33,3,20638314
17,58,7,20638427
25,36,4,20638444
15,58,6,20638731
22,11,6,20638866
50,35,6,20638888
62,38,6,20638896
25,14,5,20638918
25,12,3,20638923
26,13,0,20638927
17,59,5,20638958
14,37,5,20639067
41,15,5,20639072
26,23,3,20639097
59,37,6,20639109
56,35,7,20639178
25,36,6,20639633
1,25,6,20639918
37,33,5,20639943
26,22,3,20640230
27,23,0,20640232
16,52,3,20640474
23,36,6,20640814
23,9,3,20640912
16,57,5,20640993
24,36,4,20641147
14,56,6,20641163
17,60,6,20641235
58,36,5,20641352
51,16,5,20641370
21,39,6,20641807
17,58,5,20642039
26,23,5,20642264
41,35,4,20642390
27,32,3,20642632
28,33,0,20642633
17,59,6,20642736
14,55,5,20642937
27,31,3,20642957
28,32,0,20642959
16,19,3,20643298
1,23,6,20643384
55,35,5,20643394
16,57,6,20643835
62,37,5,20644070
60,37,6,20644107
16,56,5,20644115
20,36,6,20644134
57,36,6,20644192
27,33,5,20644266
26,29,6,20644377
59,36,4,20644435
18,59,5,20644953
17,14,5,20645054
10,38,6,20645174
15,23,3,20645226
13,14,5,20645292
17,58,6,20645341
57,35,7,20645372
54,23,6,20645404
12,22,5,20645451
14,55,6,20645496
25,18,6,20645678
18,59,6,20645834
23,36,4,20645891
61,11,0,20646040
15,55,5,20646096
19,58,3,20646222
20,59,0,20646224
18,58,5,20646292
13,15,4,20646370
1,17,5,20647003
2,26,3,20647004
3,27,0,20647005
26,21,3,20647270
60,36,7,20647451
17,56,5,20647558
46,31,5,20647602
8,16,7,20647700
16,56,6,20647769
26,20,3,20648020
27,21,0,20648021
52,13,5,20648037
60,36,4,20648090
15,55,6,20648104
37,25,6,20648128
26,22,5,20648212
29,23,5,20648215
56,35,5,20648361
18,57,5,20648561
19,38,6,20648911
19,56,4,20648919
50,12,7,20648924
37,24,3,20648944
2,25,3,20648957
25,17,6,20649040
17,56,6,20649127
56,35,4,20649251
44,33,5,20649289
2,50,3,20649495
3,51,0,20649496
19,58,5,20649684
17,55,5,20649817
60,36,5,20650070
58,36,6,20650079
61,36,7,20650087
27,32,5,20650257
62,37,6,20650402
57,35,4,20650623
18,57,6,20650758
20,59,3,20650783
21,60,0,20650785
9,46,2,20651032
21,36,6,20651134
16,54,5,20651169
51,31,4,20651193
58,35,7,20651252
55,35,6,20651414
45,31,0,20651719
61,36,4,20651805
19,58,6,20651923
44,22,5,20651958
51,53,0,20652090
6,45,0,20652135
24,35,7,20652228
51,12,6,20652375
17,55,6,20652572
20,57,3,20652736
23,35,7,20652767
44,21,5,20652904
8,16,4,20652951
18,56,6,20653229
38,34,5,20653356
37,33,6,20653570
49,31,6,20653710
18,55,5,20653803
61,36,5,20653883
18,23,5,20653999
16,54,6,20654003
55,34,7,20654088
62,36,5,20654518
18,55,6,20654579
26,21,5,20654602
27,30,3,20654709
19,56,5,20654760
18,54,5,20655039
28,34,3,20655284
29,35,0,20655285
25,35,5,20655554
19,55,5,20655563
26,27,6,20656547
23,35,5,20657006
19,56,6,20657319
21,60,5,20657511
56,34,7,20657722
17,53,5,20658073
25,10,3,20658260
26,11,0,20658261
21,61,3,20658655
27,31,5,20658995
58,35,4,20659032
19,55,6,20659046
16,59,7,20659154
19,54,5,20659535
52,13,6,20659709
21,35,5,20659837
19,31,3,20659869
61,36,6,20660124
61,8,0,20660162
18,54,6,20660204
9,20,0,20660251
60,35,7,20660509
20,55,5,20660606
21,60,6,20660703
40,34,7,20660722
2,23,3,20661017
3,24,0,20661019
56,35,6,20661191
21,58,6,20661409
17,53,6,20661437
21,55,3,20661455
22,56,0,20661456
16,59,4,20661485
1,18,6,20661507
29,3,7,20661692
49,16,7,20661827
54,20,6,20662145
54,22,6,20662277
59,35,5,20662709
27,30,5,20662754
2,24,5,20662932
51,11,5,20663409
19,53,5,20663523
52,11,5,20663945
27,29,5,20663952
55,26,5,20664031
19,25,3,20664042
27,28,3,20664177
28,29,0,20664179
60,35,4,20664368
20,54,5,20664461
62,36,6,20664477
20,55,6,20664572
18,52,5,20664693
57,34,7,20664737
26,19,3,20664752
11,10,6,20664800
22,56,3,20665119
23,57,0,20665120
21,55,5,20665190
6,18,5,20665526
56,34,5,20665677
18,27,6,20665710
22,57,5,20665717
17,58,4,20665846
19,52,5,20666539
20,54,6,20666548
22,59,5,20666597
41,14,5,20666628
1,19,6,20666733
26,26,6,20666823
19,53,6,20667016
2,22,3,20667294
3,23,0,20667295
20,37,5,20667420
18,52,6,20667716
2,21,3,20667779
41,33,0,20667939
56,34,4,20667954
21,54,5,20668159
57,34,4,20668583
21,55,6,20668590
53,34,6,20668677
2,35,5,20669058
11,43,4,20669097
22,35,5,20669328
22,53,0,20669639
20,52,5,20669749
25,35,4,20669916
21,60,3,20670493
26,20,5,20670562
50,30,5,20670704
57,34,5,20670709
12,14,5,20671049
21,53,5,20671346
59,34,7,20671549
22,57,6,20671880
53,33,5,20672233
38,31,5,20672258
26,18,3,20672267
34,34,4,20672582
23,35,6,20672661
26,17,3,20672695
21,54,6,20672788
7,39,5,20672868
35,36,7,20672900
1,57,5,20673168
2,22,5,20673170
12,42,4,20673234
26,25,6,20673318
25,35,6,20673325
52,12,6,20673342
22,52,3,20673736
23,53,0,20673737
21,53,6,20674300
1,57,6,20674339
62,35,5,20674444
1,58,5,20674732
13,14,7,20675035
22,53,5,20675188
23,53,3,20675684
24,54,0,20675685
54,33,5,20675841
56,34,6,20675855
2,56,5,20676008
22,59,3,20676297
26,24,6,20676298
36,34,5,20676363
23,56,5,20676648
50,30,7,20676774
4,57,0,20677036
24,35,4,20677043
22,53,6,20678269
21,35,6,20678304
59,34,4,20678682
23,56,6,20679327
2,20,3,20679855
27,24,5,20679990
62,35,6,20680169
55,33,5,20680203
7,39,6,20680302
57,34,6,20680321
56,33,7,20680638
27,28,5,20680655
52,11,6,20681008
12,22,6,20681342
18,25,6,20682170
2,56,6,20682229
27,32,6,20682408
22,59,6,20683063
27,33,6,20683146
17,36,4,20683728
50,30,4,20683863
51,11,6,20683918
53,33,6,20684088
49,33,3,20684211
58,34,6,20684883
7,52,2,20684968
14,18,5,20685268
3,55,5,20685736
43,36,7,20685816
40,33,5,20685820
56,33,4,20686102
18,24,6,20686365
58,33,7,20686391
57,33,5,20686705
12,9,5,20686956
2,19,3,20687076
37,1,4,20687266
9,60,0,20687280
47,34,3,20687399
48,35,0,20687401
3,55,6,20687408
22,35,6,20687467
27,29,3,20687496
13,14,6,20687697
20,37,6,20687871
24,55,5,20688746
41,15,6,20688801
50,30,6,20688820
54,33,6,20689050
23,34,5,20689162
5,35,6,20689854
25,34,7,20689876
58,33,5,20690456
2,19,5,20690656
21,49,6,20690673
26,23,6,20691006
24,54,6,20691114
24,34,5,20691380
1,35,5,20691658
19,53,6,20692025
19,33,6,20692056
55,33,6,20692233
32,34,4,20692277
8,38,5,20692394
2,35,7,20692503
27,26,5,20692748
58,33,4,20692835
2,61,3,20692930
27,31,6,20693371
62,34,6,20693440
26,17,5,20693496
46,36,4,20693863
55,26,6,20694618
16,61,0,20694844
23,57,3,20695224
26,22,6,20695384
49,16,4,20695503
27,30,6,20695530
53,11,5,20695604
61,5,0,20695972
55,32,7,20696299
44,22,6,20696625
19,26,3,20696720
57,33,6,20696974
60,5,3,20697031
61,6,0,20697032
27,23,3,20697125
28,24,0,20697126
26,34,5,20697322
4,35,6,20697786
52,10,5,20697955
29,3,4,20698023
22,34,5,20698194
19,46,4,20698377
54,32,5,20698758
55,21,5,20698775
13,47,4,20699086
24,34,7,20699162
26,15,3,20699312
40,33,6,20699638
27,29,6,20699835
23,56,0,20699892
18,23,6,20700329
37,22,6,20700666
6,18,6,20700768
26,12,3,20700870
27,13,0,20700872
38,32,5,20701385
60,8,3,20701682
3,26,3,20701859
4,27,0,20701860
57,32,7,20701955
18,16,3,20702400
19,17,0,20702401
11,41,7,20702701
58,33,6,20702836
55,32,4,20703128
55,32,5,20703133
54,31,7,20703138
56,32,5,20703426
2,17,3,20703434
3,18,0,20703435
21,34,5,20703612
56,20,0,20703686
48,15,7,20703706
4,59,3,20703763
2,24,6,20704069
48,16,4,20704094
12,14,6,20704743
19,26,5,20704759
7,58,5,20705176
50,29,6,20705224
51,28,5,20705227
27,34,4,20705253
26,34,4,20706626
20,47,5,20706784
58,32,7,20707191
60,8,6,20707292
26,16,5,20707337
19,24,3,20707658
14,46,4,20707718
38,31,6,20708007
1,17,6,20708115
52,29,7,20708223
6,57,0,20708628
3,35,6,20708962
54,32,6,20709344
1,35,7,20709896
17,14,6,20709975
58,32,5,20710086
45,22,5,20710290
26,21,6,20710410
27,23,5,20710467
27,28,6,20710523
28,31,3,20710774
29,32,0,20710775
23,34,6,20710827
51,29,7,20711090
24,34,6,20711240
25,34,6,20711264
50,29,7,20711531
47,16,4,20711553
27,22,3,20711910
28,23,0,20711911
23,49,0,20712836
58,32,4,20712870
26,34,6,20712936
55,32,6,20713025
54,31,4,20713206
51,10,6,20713356
2,18,5,20713631
27,21,3,20713732
52,10,6,20714080
21,34,6,20714087
38,21,3,20714160
39,22,0,20714161
44,21,6,20714168
2,22,6,20714203
39,25,0,20714310
57,32,4,20714356
41,32,5,20714529
2,35,6,20714587
7,52,6,20714607
25,34,4,20714850
26,20,6,20714879
41,14,6,20714908
55,18,5,20715396
56,32,6,20715446
6,55,5,20715534
20,46,6,20715620
24,34,4,20717672
28,30,3,20717820
29,31,0,20717821
28,30,0,20717822
57,32,6,20717875
31,33,7,20718149
22,36,6,20718299
49,23,4,20718644
56,31,7,20719110
19,35,4,20719585
23,48,0,20719702
58,32,6,20719748
22,34,6,20719938
21,45,5,20720309
54,31,5,20720764
19,25,6,20721142
28,31,5,20722179
19,24,5,20722649
6,55,6,20723023
28,30,5,20723046
20,32,5,20724030
4,35,4,20724239
56,31,5,20724546
55,31,5,20725093
45,21,5,20725134
6,54,6,20725213
21,45,6,20725416
57,31,7,20725731
54,13,5,20726155
28,29,3,20726175
29,30,0,20726176
18,15,3,20726643
19,16,0,20726644
14,14,4,20727001
53,29,4,20727561
14,51,3,20727588
15,52,0,20727589
7,55,6,20727977
42,11,0,20728062
39,32,6,20728228
29,29,0,20728389
28,29,5,20728843
27,22,5,20729047
57,31,5,20729368
6,45,3,20729485
7,46,0,20729486
7,53,5,20729616
6,25,3,20729674
14,13,5,20730275
60,31,7,20730449
26,33,7,20730477
12,33,2,20730504
47,15,7,20730536
59,31,5,20731728
22,44,5,20731866
38,24,5,20733105
58,31,5,20733399
26,33,5,20733667
53,9,5,20733723
55,31,6,20733758
15,43,6,20733847
7,51,6,20733919
27,21,5,20734140
51,29,4,20734190
57,31,4,20734820
54,31,6,20734908
56,31,4,20734950
25,33,5,20735176
54,13,6,20735268
14,56,5,20735325
56,31,6,20735357
22,44,6,20735483
25,33,7,20735736
19,15,0,20736281
27,20,3,20736306
3,24,5,20736358
24,33,7,20736364
2,17,5,20736378
8,20,6,20736464
24,42,7,20736623
52,9,5,20736876
7,53,6,20736902
8,54,5,20736979
18,35,4,20737084
40,17,0,20737428
19,23,5,20737952
8,50,5,20737964
19,23,6,20738040
48,14,5,20738402
45,20,5,20738503
8,52,5,20738609
62,8,0,20738644
47,34,4,20738763
38,21,5,20738996
8,52,3,20739131
14,56,6,20739764
60,31,4,20739891
27,19,3,20740321
61,6,3,20740717
5,38,5,20740821
23,43,5,20742011
55,30,7,20742015
3,22,3,20742120
4,23,0,20742121
19,27,6,20742270
28,28,5,20742493
58,31,6,20742499
46,15,6,20742704
57,31,6,20743314
15,50,6,20743635
53,11,6,20743723
19,21,3,20743789
55,30,4,20744135
13,21,5,20744205
14,52,3,20744325
17,46,6,20744520
20,57,0,20744833
19,22,5,20745347
8,52,6,20745426
8,50,6,20745476
16,49,5,20745550
20,26,5,20745918
23,35,5,20746715
52,9,6,20746866
11,48,5,20747712
23,43,6,20747754
23,46,5,20747889
55,20,6,20748207
48,15,4,20748329
28,38,0,20748472
57,30,5,20748909
8,54,6,20749269
27,20,5,20749541
58,30,7,20749671
56,30,5,20749736
9,49,5,20750007
3,23,5,20750271
42,13,5,20750301
56,18,0,20750705
22,33,5,20750893
59,30,7,20751137
55,30,5,20751152
28,27,5,20751305
9,51,5,20751333
3,21,3,20751890
4,22,0,20751891
23,46,6,20752071
10,33,0,20753758
58,30,5,20753977
18,45,5,20754082
11,48,6,20754227
26,17,6,20754273
24,42,5,20754565
24,46,6,20754965
1,35,4,20755330
25,45,5,20755723
12,14,7,20755747
16,49,6,20756167
35,7,7,20756526
45,31,4,20756612
4,24,3,20756700
5,25,0,20756701
59,30,5,20756999
18,45,6,20757067
61,5,3,20757231
62,6,0,20757232
25,41,0,20757415
39,25,3,20757869
45,19,5,20757967
26,33,6,20758308
9,51,6,20758357
28,31,6,20758855
48,14,6,20759081
25,45,6,20759241
2,19,6,20759305
27,33,4,20759778
24,42,6,20759915
17,48,5,20762122
11,41,4,20762382
30,8,6,20762384
12,47,5,20762429
27,18,3,20762553
28,19,0,20762554
47,15,4,20763256
27,23,6,20763309
38,22,3,20763337
39,23,0,20763338
19,44,5,20763547
20,26,6,20764161
58,30,4,20764220
18,54,6,20764711
28,30,6,20764917
44,31,4,20765045
20,24,5,20765612
57,30,6,20766171
3,21,5,20766221
3,34,5,20766272
56,30,6,20767214
17,48,6,20767516
26,33,4,20767860
26,11,3,20768002
27,12,0,20768003
25,41,5,20768046
45,21,6,20768048
40,31,5,20768228
26,16,6,20768361
47,14,5,20768643
59,30,4,20768728
58,30,6,20768800
12,46,6,20768833
24,41,6,20768945
59,30,6,20768958
16,49,3,20769287
3,19,3,20769605
25,10,6,20769749
13,14,4,20770110
10,50,5,20770942
12,47,6,20771290
20,26,3,20771415
27,19,5,20771904
27,22,6,20772079
28,24,3,20772626
29,25,0,20772627
18,34,7,20772921
18,47,5,20773923
28,29,6,20774026
19,44,6,20774046
10,51,6,20774784
62,4,0,20774853
40,31,6,20774920
19,13,0,20775172
34,34,7,20775257
13,45,5,20775286
10,50,6,20776349
13,46,5,20776634
3,24,6,20776719
19,62,5,20776875
11,50,5,20777025
25,40,5,20777059
27,11,0,20777967
22,33,6,20778098
20,27,5,20778681
28,21,3,20778702
29,22,0,20778704
2,18,6,20778912
9,10,6,20779173
20,43,5,20779305
11,49,5,20779557
5,26,0,20779664
53,29,6,20780626
13,13,5,20780631
18,47,3,20781202
56,19,5,20781332
38,24,6,20781418
28,2,7,20781633
18,48,5,20781813
14,13,6,20781839
17,34,7,20781989
11,46,6,20782111
18,13,5,20782331
27,44,5,20782542
57,29,7,20782880
12,45,5,20782973
20,59,3,20784013
21,60,0,20784014
18,47,6,20784473
27,16,3,20784674
28,17,0,20784676
25,40,6,20784779
18,48,3,20784810
3,18,3,20784836
13,45,6,20784899
20,22,5,20785039
57,29,5,20785281
2,17,6,20785366
13,46,6,20785966
29,30,3,20786075
12,49,3,20786429
18,49,6,20786936
28,22,5,20787048
11,49,6,20787450
29,41,6,20787477
6,34,5,20787589
28,32,7,20787624
7,17,5,20787824
14,18,0,20788116
3,28,3,20788335
4,29,0,20788337
60,29,7,20788567
29,29,3,20788739
28,28,6,20788774
27,32,7,20788847
59,29,7,20789113
45,19,6,20789236
27,21,6,20789276
29,30,5,20789915
26,32,7,20789984
45,20,6,20790143
18,48,6,20790271
14,13,7,20790311
20,43,6,20790320
43,9,7,20790550
4,26,6,20790903
3,23,6,20790985
38,21,6,20791092
26,39,5,20791627
59,29,5,20791922
19,46,5,20792110
17,48,3,20792167
19,48,5,20793075
18,12,5,20793302
25,9,6,20793473
60,29,5,20793723
14,44,5,20793769
27,32,5,20794284
19,45,3,20794485
58,29,5,20794501
29,28,3,20794660
14,45,5,20794987
10,37,4,20795826
29,2,5,20796010
27,15,3,20796177
13,7,0,20796487
19,47,5,20796742
26,33,0,20796861
19,46,3,20797595
3,18,5,20797673
12,45,6,20797791
23,8,6,20798269
50,20,6,20798342
26,9,3,20798499
27,10,0,20798500
19,46,6,20799298
19,22,6,20799457
42,10,3,20799825
28,27,6,20800127
53,8,5,20800262
26,39,6,20800619
12,48,5,20800950
46,20,5,20801452
3,22,6,20801680
47,14,6,20802572
14,44,6,20803050
41,30,5,20803269
13,44,5,20803485
19,48,6,20803530
19,59,6,20804210
14,45,6,20804240
3,21,6,20804871
42,13,6,20804902
12,48,6,20805174
53,7,4,20805612
29,29,5,20805688
47,14,7,20805699
25,8,0,20806510
57,29,4,20806863
19,47,6,20806978
57,23,5,20807038
55,29,6,20807165
57,29,6,20807174
40,30,5,20807200
61,29,4,20807680
59,29,6,20808292
43,12,3,20808645
27,38,5,20808804
3,17,5,20809041
47,14,4,20809089
20,43,3,20809222
15,43,5,20809347
20,45,5,20809529
29,26,3,20809813
20,47,5,20810143
62,5,5,20810171
53,27,1,20810189
28,20,3,20810335
28,21,5,20810475
15,44,5,20810560
56,5,0,20810695
27,19,6,20810967
20,46,5,20810973
60,29,6,20811265
29,27,5,20811292
20,46,3,20811452
56,28,7,20811474
13,13,6,20811898
58,29,6,20811975
13,44,6,20811990
13,47,5,20812335
28,35,7,20812520
27,8,0,20812544
3,35,4,20812568
21,30,5,20812888
19,15,3,20813105
44,15,3,20813243
45,16,0,20813244
20,44,3,20813253
26,9,5,20813344
28,20,5,20813630
4,28,3,20814162
5,29,0,20814163
23,32,5,20814282
59,29,4,20814286
4,23,5,20814388
29,28,5,20814881
56,19,6,20815355
60,29,4,20815363
18,14,6,20815367
5,34,5,20815495
27,38,6,20816276
20,47,6,20816544
15,43,6,20816832
20,45,3,20817086
20,58,5,20817091
27,12,3,20817751
28,19,3,20817993
29,20,0,20817995
18,13,6,20818602
15,44,6,20818781
39,23,5,20818837
24,7,5,20818961
21,42,3,20819597
14,43,5,20819615
27,32,4,20819719
20,45,6,20819794
45,18,6,20820116
23,53,0,20820359
5,25,5,20820631
10,9,5,20820724
14,47,3,20821049
46,17,3,20821071
46,17,0,20821073
4,20,3,20821483
4,22,5,20821869
39,20,5,20821882
21,44,5,20822336
20,46,6,20822482
46,18,5,20822763
52,7,6,20823078
7,17,6,20823352
28,32,4,20823993
21,59,6,20824076
18,34,4,20824346
21,46,5,20824384
28,37,5,20824399
31,34,7,20824442
12,9,6,20824482
27,13,5,20824494
19,14,3,20824592
20,15,0,20824593
20,20,3,20824614
26,8,5,20825222
20,37,6,20825252
16,42,5,20825295
21,43,3,20825297
42,12,6,20825319
8,16,5,20825352
29,25,3,20827081
4,34,5,20827329
21,45,5,20827426
27,32,6,20827475
21,44,3,20827687
3,16,5,20827738
16,43,5,20827822
21,27,3,20828183
22,28,0,20828185
16,40,5,20828809
44,38,0,20829342
4,21,5,20830054
9,36,7,20830155
20,21,5,20830319
19,13,3,20830629
20,14,0,20830630
3,18,6,20831354
21,46,6,20831385
18,12,6,20831949
23,28,0,20832630
40,19,0,20832785
27,11,3,20833097
16,42,6,20833579
22,32,6,20833755
56,16,6,20833886
29,30,6,20833972
1,34,5,20834218
4,19,3,20834302
5,20,0,20834304
39,21,3,20834366
33,38,5,20834832
16,43,6,20835027
28,22,6,20835337
28,17,3,20835795
29,18,0,20835797
5,34,7,20835942
15,46,3,20836005
22,44,3,20836314
32,38,6,20836547
22,36,6,20836571
16,40,6,20836649
19,12,3,20836771
20,13,0,20836772
19,12,0,20836773
4,20,5,20837009
29,29,6,20837306
46,19,5,20837508
22,42,3,20837568
6,34,6,20837647
16,46,0,20838388
19,13,5,20838614
41,30,6,20839001
4,34,6,20839019
26,9,6,20839021
46,20,6,20839219
46,17,5,20839422
22,45,5,20839617
53,7,5,20839701
53,6,5,20839763
4,18,3,20840207
43,12,5,20840232
15,47,6,20840430
17,39,5,20840463
17,42,5,20840924
22,42,5,20840928
8,17,5,20841069
21,36,5,20841174
27,8,3,20841455
28,9,0,20841456
57,18,5,20841570
3,17,6,20841949
8,17,6,20841970
43,10,3,20842562
56,28,5,20843103
28,16,3,20843198
18,40,7,20843293
22,46,6,20843427
23,40,3,20843436
33,37,5,20843632
57,23,6,20844208
16,41,5,20844339
27,11,5,20844343
62,4,6,20844641
28,20,6,20844661
20,19,5,20844741
3,34,7,20844835
23,32,6,20845527
24,8,6,20845531
22,45,6,20846107
4,17,3,20846238
28,21,6,20846246
46,19,6,20846743
5,34,4,20847385
44,13,3,20847513
29,28,6,20847697
22,58,5,20848076
17,42,6,20848289
4,23,6,20848318
19,12,5,20848537
59,28,7,20848949
23,43,3,20849423
21,30,6,20849514
47,19,3,20849563
48,20,0,20849564
10,9,6,20849590
58,28,7,20849786
52,6,6,20849866
22,58,6,20849907
29,22,3,20850589
27,9,3,20851199
28,10,0,20851200
23,45,5,20851396
61,28,7,20851400
53,8,6,20851886
45,16,3,20852214
46,17,0,20852215
4,22,6,20852295
17,39,6,20852355
30,36,6,20852558
23,35,5,20852579
21,51,6,20852721
13,8,5,20852836
56,5,3,20852844
57,6,0,20852845
21,24,3,20853100
22,25,0,20853101
59,28,5,20853257
4,34,7,20853365
33,37,6,20853489
46,15,3,20853693
21,36,6,20853903
5,34,6,20854306
62,28,7,20854491
18,41,5,20854496
27,32,0,20854744
4,18,5,20854746
27,13,6,20854806
4,16,3,20855181
5,17,0,20855183
53,9,6,20855291
1,26,0,20855410
16,46,5,20855509
26,8,6,20855799
23,41,3,20856011
29,27,6,20856037
16,45,5,20857379
43,11,5,20857470
23,45,6,20857709
21,23,3,20857742
22,24,0,20857743
4,17,5,20858610
4,21,6,20859127
61,28,5,20859291
17,45,0,20859420
24,33,5,20859946
30,29,5,20860039
39,32,6,20860106
60,28,5,20860604
16,44,5,20860855
43,9,3,20861165
13,8,6,20861414
18,39,5,20861531
18,41,6,20861626
24,40,3,20862263
7,15,6,20862289
19,11,5,20862295
60,28,7,20862352
30,26,3,20862430
31,27,0,20862432
24,44,5,20862584
29,20,5,20862606
21,47,3,20862982
25,44,0,20863006
30,27,3,20863120
29,20,3,20863509
16,46,6,20863514
53,5,5,20864054
20,21,6,20864182
4,20,6,20864680
16,45,6,20864779
20,50,5,20864898
10,35,5,20865323
17,45,5,20865536
27,34,6,20865727
53,7,6,20865837
17,41,5,20865888
47,19,5,20866098
39,20,6,20866135
23,31,5,20866402
5,21,3,20866429
1,25,0,20866485
30,26,5,20866659
20,50,6,20867024
16,44,6,20867156
4,16,5,20867451
24,44,6,20868261
23,57,5,20868481
19,40,5,20868531
3,34,4,20868618
24,41,6,20868672
28,12,3,20868841
29,13,0,20868842
57,18,6,20869048
22,35,5,20869058
4,19,6,20869261
20,15,3,20869388
58,28,5,20869647
14,30,3,20869657
18,39,6,20869772
19,38,5,20869780
12,8,0,20870186
54,8,5,20870208
17,44,5,20870421
53,6,6,20870738
5,22,5,20871265
54,12,6,20872462
25,40,5,20872510
30,28,5,20872909
19,13,6,20873170
26,37,6,20873257
17,43,5,20873309
17,41,6,20873801
42,29,6,20873997
42,29,5,20874000
17,45,6,20874025
30,27,5,20874295
22,52,6,20874832
19,38,6,20874966
5,21,5,20874990
5,20,3,20875155
6,21,0,20875156
9,16,5,20875378
43,10,5,20876127
19,40,6,20876184
28,33,5,20876676
55,7,0,20877108
46,18,6,20877227
18,40,5,20877258
20,14,3,20877933
20,37,5,20878282
4,18,6,20878726
26,39,0,20878775
43,12,6,20878930
54,7,5,20879130
56,28,6,20879221
17,43,6,20879540
27,11,6,20879664
47,14,0,20879716
54,6,5,20879731
46,17,6,20879861
5,19,3,20880321
6,20,0,20880322
9,15,3,20880707
23,51,5,20880894
20,19,6,20880926
38,40,3,20880941
27,36,5,20881810
25,40,3,20882389
26,41,0,20882391
25,40,6,20882411
28,12,5,20882637
9,39,5,20882719
34,35,6,20882738
25,5,5,20882976
19,12,6,20883262
22,49,5,20883466
21,20,3,20883470
22,21,0,20883471
22,29,5,20883500
18,44,5,20883519
40,19,3,20884122
20,13,3,20884284
21,14,0,20884285
1,22,0,20884384
20,40,5,20884573
5,20,5,20884973
27,10,6,20885031
18,40,6,20885142
18,44,6,20886020
21,49,5,20886047
25,42,6,20886107
17,33,7,20886155
30,25,3,20886364
31,26,0,20886365
26,31,5,20886513
14,17,6,20887255
25,39,3,20887311
26,40,0,20887312
10,35,6,20887422
20,37,6,20887516
26,38,3,20888819
5,18,3,20888822
1,34,6,20888839
58,17,3,20888864
32,20,3,20889004
54,7,3,20889570
55,8,0,20889572
28,33,6,20889735
19,39,5,20889911
4,17,6,20890282
21,19,3,20890415
21,49,6,20890535
11,35,6,20890984
22,48,3,20891405
57,4,3,20891748
30,33,6,20892059
27,36,6,20892125
35,34,5,20892141
20,12,3,20892639
21,13,0,20892640
58,17,5,20892931
33,37,5,20892984
47,17,5,20893150
17,37,7,20893230
43,11,6,20893421
45,14,3,20893828
46,15,0,20893829
26,41,3,20894266
27,33,6,20894320
20,40,6,20894370
21,36,5,20894397
10,15,0,20894534
26,40,3,20894560
5,19,5,20894645
1,28,5,20894730
26,41,5,20895106
58,22,5,20895269
19,43,5,20895332
31,33,6,20895992
6,22,3,20896059
27,9,6,20896077
28,9,3,20896425
29,10,0,20896427
28,12,6,20896539
29,16,3,20896800
58,10,3,20896934
59,11,0,20896935
5,23,6,20897331
40,19,5,20897650
28,6,0,20897812
1,26,5,20897896
59,28,4,20898780
12,8,3,20899193
32,33,6,20899703
30,23,3,20899768
31,24,0,20899769
57,6,3,20899793
5,17,3,20899999
6,18,0,20900001
27,8,5,20900373
44,10,3,20901068
26,39,3,20901249
1,27,3,20901602
22,49,6,20901783
4,16,6,20902099
28,35,5,20902620
20,16,3,20902681
21,17,0,20902682
5,16,3,20903531
5,18,5,20903598
26,41,6,20903669
30,29,6,20903970
21,39,5,20904153
20,42,0,20904731
32,32,7,20904874
20,12,5,20905261
35,34,6,20905606
47,19,6,20905705
36,36,5,20906249
27,37,3,20906777
21,24,6,20906802
22,25,3,20907036
23,26,0,20907038
1,26,3,20907640
2,27,0,20907643
5,22,6,20907811
54,8,6,20907890
25,31,5,20908222
13,18,5,20908402
1,25,5,20908735
27,41,3,20908894
36,33,4,20909452
54,6,6,20909547
43,10,6,20909587
47,16,3,20909770
48,17,0,20909772
21,19,5,20910911
5,17,5,20911018
32,32,5,20911082
28,35,6,20911465
27,39,3,20911976
23,31,6,20912120
54,5,5,20913148
28,10,5,20913228
52,8,4,20913437
20,11,5,20914411
25,46,0,20914769
44,11,5,20914993
27,8,6,20915152
28,36,5,20915399
47,18,5,20915442
27,40,5,20915605
47,14,3,20915629
21,18,5,20915881
31,29,3,20916269
5,21,6,20916483
14,7,5,20916684
21,39,6,20916943
28,8,3,20917633
29,9,0,20917634
33,32,5,20917730
1,21,0,20917834
36,36,6,20917986
30,28,6,20918378
21,22,6,20918664
29,20,6,20918757
54,7,6,20918926
6,16,0,20919112
32,32,4,20919268
25,5,6,20920055
1,25,3,20920922
2,26,0,20920923
46,13,0,20921267
35,32,7,20921605
20,39,5,20923091
5,20,6,20923636
30,27,6,20924312
5,16,5,20924594
41,17,0,20924603
11,15,4,20924798
60,17,2,20924841
24,44,3,20924985
1,24,3,20925420
2,25,0,20925421
36,33,5,20925469
5,19,6,20927149
44,9,3,20927851
6,21,3,20927995
48,17,3,20929379
49,18,0,20929380
22,29,6,20929674
7,33,5,20930716
8,14,5,20931733
1,20,0,20931867
23,24,0,20931901
21,21,6,20932496
31,30,5,20932747
54,5,6,20932755
24,31,5,20933105
48,18,5,20933115
1,23,5,20933122
29,34,5,20933224
39,41,3,20933439
12,34,5,20933713
22,38,5,20933774
32,32,6,20934003
8,33,7,20934585
6,22,5,20934874
28,36,6,20935076
13,8,0,20935220
55,6,5,20935703
28,8,5,20935885
9,16,6,20936634
20,39,6,20936669
20,13,6,20937029
32,31,7,20937897
53,5,6,20940539
6,21,5,20940637
1,18,0,20941042
28,36,3,20941106
29,37,0,20941107
7,40,6,20941712
33,32,6,20941948
5,18,6,20942765
39,39,5,20943053
45,9,4,20943114
30,26,6,20943912
28,7,5,20944644
22,36,6,20944813
29,35,5,20944887
44,10,5,20945164
16,20,6,20945585
17,19,5,20945588
58,6,5,20945938
22,23,5,20946454
28,38,3,20947769
40,19,6,20947802
5,17,6,20947872
10,15,5,20949050
6,33,5,20949155
27,40,6,20949223
55,7,5,20949486
23,35,5,20950966
6,20,5,20951311
16,21,3,20951398
1,24,5,20951430
36,33,6,20951697
28,37,3,20952093
58,28,4,20952712
28,39,5,20953074
20,12,6,20953216
2,33,5,20954016
55,5,3,20954096
23,35,6,20955033
7,25,3,20955755
8,39,5,20955834
28,10,6,20955863
6,18,3,20956041
1,28,6,20956784
22,38,6,20958194
51,9,7,20959037
21,13,3,20959235
22,14,0,20959236
37,35,5,20959468
28,40,3,20959474
31,28,5,20960109
37,32,7,20960488
31,19,0,20960530
21,19,6,20961896
22,20,3,20962890
6,19,5,20963419
26,4,5,20963599
14,7,6,20965093
5,16,6,20965439
59,17,3,20967533
10,35,4,20967940
34,32,6,20968918
6,18,5,20968936
7,26,3,20969034
1,22,3,20970513
2,23,0,20970514
47,18,6,20972106
31,26,3,20972817
6,17,3,20973280
1,21,3,20973814
2,22,0,20973815
1,26,6,20975662
37,32,4,20975955
21,12,3,20978115
22,13,0,20978116
22,21,5,20979524
1,20,3,20980365
2,21,0,20980367
28,38,6,20980539
24,35,0,20982780
28,41,6,20983651
55,5,5,20984282
21,18,6,20985126
23,38,5,20985843
31,27,5,20986468
22,19,3,20987572
2,27,5,20989115
6,22,6,20991467
31,25,3,20995269
21,11,3,20996928
46,14,3,20998426
47,15,0,20998427
6,16,3,20999599
7,17,0,20999600
22,20,5,20999611
31,26,5,21000932
2,25,3,21004923
3,26,0,21004924
48,17,5,21011696
2,25,5,21012896
2,26,3,21016209
6,21,6,21016971
45,10,3,21017470
7,16,0,21020248
6,17,5,21021261
55,7,3,21022814
58,6,6,21023714
36,32,0,21037027
47,16,3,21038770
48,17,0,21038771
29,40,5,21046203
60,28,6,21046343
61,28,4,21047599
62,28,4,21050387
61,28,6,21050737
58,28,6,21051686
59,28,6,21052668
58,27,7,21056041
55,7,6,21058536
10,15,6,21060621
22,20,6,21062830
53,12,7,21063458
48,31,5,21063835
58,15,6,21064583
29,38,3,21070210
12,20,4,21070372
62,27,5,21071341
31,20,0,21073329
26,4,3,21075423
27,5,0,21075424
59,27,5,21075451
22,17,5,21076349
55,28,3,21078221
54,4,5,21078377
60,27,5,21078723
39,39,6,21079438
29,37,5,21080351
61,27,5,21080928
22,21,6,21081458
1,28,3,21082054
44,8,6,21086859
37,35,6,21087007
29,37,3,21088428
48,16,3,21090684
49,17,0,21090686
31,31,7,21091138
33,31,5,21091258
30,17,3,21094475
31,18,0,21094477
62,27,6,21096607
31,30,6,21098808
60,27,6,21101679
34,31,5,21101844
61,27,6,21104844
37,32,5,21105698
24,33,6,21112162
46,31,5,21112717
35,31,5,21115166
21,38,2,21116742
22,36,1,21118617
36,31,5,21125587
34,31,6,21126503
48,19,6,21126661
31,29,6,21128040
21,37,2,21131731
48,31,6,21132607
37,32,6,21133472
36,30,7,21138641
21,42,1,21139337
36,30,4,21139438
31,25,5,21139541
42,26,3,21141233
58,3,5,21142286
21,38,1,21142691
21,36,2,21143783
21,37,1,21147276
17,37,4,21149062
32,29,5,21150193
46,31,6,21150388
14,6,0,21152256
41,18,5,21153701
20,41,2,21154481
20,43,7,21155575
19,11,6,21158364
49,18,3,21159310
20,39,2,21159741
20,11,6,21160647
20,38,2,21162101
24,31,6,21164667
45,9,3,21165482
21,36,1,21165629
12,38,7,21165655
11,14,5,21165785
59,14,5,21165820
8,33,3,21165934
20,43,2,21165977
20,45,7,21167174
12,39,4,21170011
59,6,0,21170345
10,39,4,21171861
1,22,5,21172571
19,16,3,21172737
19,32,7,21174317
21,38,4,21176524
49,17,3,21176683
1,25,6,21177562
38,31,5,21180375
17,17,0,21180727
2,16,5,21180835
20,39,7,21181420
31,28,6,21182113
30,12,3,21183904
31,13,0,21183905
21,12,5,21183961
48,14,3,21184170
20,44,4,21184185
32,41,5,21184205
1,21,5,21184242
20,40,1,21184964
20,43,4,21185492
6,16,5,21187279
47,15,3,21188557
48,16,0,21188558
6,20,6,21189863
29,8,3,21191046
30,9,0,21191048
28,7,6,21191128
21,11,5,21191429
17,32,7,21191586
38,31,6,21191658
22,23,6,21191681
23,24,3,21193226
24,25,0,21193229
2,24,3,21193766
31,15,0,21194855
1,24,6,21195978
46,11,3,21196263
47,12,0,21196264
45,8,3,21197671
46,9,0,21197673
1,23,6,21197938
11,14,6,21198490
1,20,5,21199895
60,16,3,21200558
13,19,3,21202169
14,20,0,21202172
1,21,6,21202212
2,16,6,21202515
59,5,3,21203043
60,6,0,21203045
2,24,5,21203127
31,27,6,21205321
6,19,6,21207411
1,18,3,21207654
2,19,0,21207655
21,10,5,21208098
6,15,5,21209334
49,18,5,21209930
48,13,3,21210567
37,31,6,21211768
26,4,6,21211868
1,18,5,21211892
48,18,6,21212397
41,18,6,21214194
23,24,5,21214816
1,19,5,21215896
2,21,3,21217235
3,22,0,21217237
31,20,3,21217539
32,21,0,21217540
7,21,5,21219346
2,23,3,21219449
3,24,0,21219450
1,22,6,21219786
7,20,5,21220554
7,19,3,21220604
11,38,7,21220851
41,31,5,21221870
45,41,3,21222248
46,42,0,21222249
31,26,6,21222623
6,27,5,21222917
21,12,6,21223087
60,10,3,21224045
31,12,0,21224833
2,23,5,21224956
6,17,6,21225362
21,11,6,21225724
6,16,6,21227232
22,13,3,21228936
7,18,3,21229026
8,19,0,21229027
2,22,3,21229199
31,24,6,21229254
20,10,5,21229337
31,19,3,21230391
32,20,0,21230393
31,25,6,21230792
2,22,5,21232044
21,48,0,21232082
35,29,7,21232282
20,44,0,21232861
5,27,5,21233996
7,19,5,21234136
58,3,0,21234481
20,43,0,21234731
2,27,6,21234962
32,26,3,21234965
19,32,4,21235421
23,22,5,21235733
9,38,7,21235955
29,6,5,21236257
7,17,3,21236626
22,12,3,21237488
20,46,3,21237893
20,39,3,21237977
21,40,0,21237980
36,29,7,21238341
30,15,6,21238399
42,20,5,21238516
32,29,6,21238670
27,3,5,21238747
6,27,6,21239204
15,36,7,21239328
4,15,6,21239435
1,20,6,21239956
6,15,6,21240071
30,9,3,21240313
31,10,0,21240315
2,19,5,21240509
2,24,6,21240512
16,36,7,21241137
9,25,0,21241624
7,18,5,21241680
9,32,6,21241858
46,9,3,21242451
21,48,3,21242554
2,23,6,21242775
4,27,5,21242929
9,38,6,21243119
59,10,2,21244046
57,26,3,21244069
20,45,3,21244123
21,46,0,21244126
30,34,3,21244583
20,40,5,21244823
24,20,0,21244971
22,12,5,21245140
38,33,5,21245856
21,47,3,21245920
22,48,0,21245922
21,36,5,21245978
13,13,6,21247019
1,19,6,21247390
3,27,5,21247561
2,19,3,21247701
3,20,0,21247702
55,19,0,21248114
57,3,5,21248306
14,17,0,21248384
20,38,6,21248412
2,17,3,21248659
3,18,0,21248660
50,22,3,21248836
5,27,6,21248918
38,30,5,21249013
22,11,5,21249484
42,16,3,21249787
21,10,6,21249865
60,17,6,21249867
20,41,3,21250038
21,42,0,21250039
20,43,3,21250368
21,44,0,21250370
6,14,5,21250608
61,22,3,21250995
32,27,5,21251457
7,15,3,21251569
8,16,0,21251570
20,42,3,21251909
21,43,0,21251911
7,16,5,21252074
36,20,4,21252802
9,32,4,21253056
24,19,0,21253288
21,46,3,21253524
2,25,6,21253779
23,37,5,21253875
17,16,3,21254114
18,17,0,21254115
49,17,5,21254293
14,37,4,21254758
36,29,4,21254793
20,39,6,21254853
7,21,6,21254978
8,32,4,21255511
20,40,6,21255553
22,10,5,21255567
48,9,3,21255701
21,39,3,21256042
22,48,3,21256180
31,15,3,21257142
42,25,6,21257149
21,44,5,21257807
21,37,5,21258311
23,49,3,21258996
21,44,3,21260002
22,45,0,21260003
21,38,3,21260265
33,26,0,21260334
57,5,3,21260915
58,6,0,21260916
39,33,6,21260962
46,8,3,21261184
21,36,6,21261355
38,33,6,21261369
7,15,5,21261430
21,37,3,21261464
30,11,6,21261901
4,27,6,21262109
5,14,5,21262196
21,38,5,21262779
56,26,1,21262861
12,38,4,21263117
24,18,0,21263131
31,14,5,21263669
1,18,6,21264585
39,30,5,21265013
21,39,5,21265051
2,20,5,21265482
21,44,6,21266073
23,37,6,21266166
7,20,6,21266371
38,30,6,21267129
21,45,5,21267437
11,31,5,21268234
32,26,5,21268758
49,18,6,21269200
9,38,4,21269366
22,35,5,21269643
23,36,6,21270438
35,41,6,21270612
50,19,3,21271332
3,23,3,21271340
4,24,0,21271341
49,14,3,21271739
2,18,3,21272721
3,19,0,21272723
3,24,5,21273763
42,37,6,21275771
58,29,0,21276090
30,37,3,21277775
25,47,5,21279396
20,10,6,21281140
30,38,5,21283357
61,21,3,21284933
24,36,5,21285279
58,5,5,21286915
30,36,3,21292099
24,37,6,21297936
9,37,5,21299008
24,35,5,21299570
33,28,5,21306618
35,28,7,21314757
7,14,5,21316195
43,32,4,21327537
21,40,3,21332801
22,41,0,21332802
30,38,6,21334764
56,27,0,21338442
21,38,6,21347938
42,36,5,21348979
21,39,6,21352123
43,26,5,21352705
21,42,3,21368420
22,43,0,21368421
19,10,5,21369806
18,31,7,21377593
16,36,4,21383730
43,32,3,21386869
10,31,5,21389309
22,48,6,21389741
22,35,2,21390111
23,33,1,21390886
15,36,4,21392816
6,27,4,21394028
6,14,6,21394799
25,30,5,21396343
11,31,7,21396794
23,47,5,21398278
3,27,6,21399126
6,26,5,21403037
9,31,5,21403483
22,45,7,21403620
16,35,7,21407109
20,34,6,21407925
22,35,1,21408106
12,12,7,21408484
22,34,2,21408559
19,10,6,21409394
5,14,6,21409805
21,38,2,21413133
12,31,6,21415434
8,31,7,21415836
25,30,6,21416662
22,45,4,21418976
21,38,7,21423061
22,34,4,21425267
21,36,2,21425413
22,34,1,21425930
21,9,5,21429072
50,19,5,21430307
11,31,6,21431099
21,40,4,21431872
5,26,5,21432959
21,44,7,21434217
21,41,4,21435046
21,43,4,21436649
21,40,1,21437606
21,39,4,21437893
48,31,4,21438234
42,23,6,21438283
21,35,2,21438355
21,38,1,21438442
4,14,6,21438635
10,31,6,21439028
6,26,7,21439083
21,45,7,21439099
32,27,6,21439132
43,36,3,21439150
20,20,0,21440531
18,31,4,21440748
7,31,7,21444002
21,36,1,21444017
47,8,0,21445778
23,49,3,21445972
20,9,5,21445990
50,14,0,21446018
20,41,7,21446197
9,31,6,21447265
21,44,2,21447948
4,14,7,21449316
4,26,5,21450353
21,44,4,21450402
21,45,4,21450644
46,44,3,21450792
16,12,4,21450861
13,12,4,21451961
22,45,1,21452894
20,39,2,21452916
20,40,2,21453899
21,38,4,21453973
20,41,2,21455766
20,42,7,21456386
6,13,5,21456644
20,40,7,21456743
34,5,6,21458444
20,39,7,21460634
25,49,1,21461085
22,47,2,21461427
6,26,6,21461468
49,30,5,21461841
20,44,7,21462642
20,42,2,21462659
47,47,0,21463826
20,43,7,21465333
20,37,2,21465384
46,48,5,21465837
22,46,1,21466671
21,19,0,21466769
46,48,6,21466798
56,27,3,21467057
57,28,0,21467058
21,44,1,21467580
33,26,5,21467654
8,26,4,21468124
20,38,7,21468739
39,37,2,21468971
21,46,2,21469112
48,42,3,21470235
47,38,6,21470924
20,45,7,21471698
23,49,2,21472002
21,47,4,21472317
20,40,1,21474208
20,39,1,21474514
39,37,1,21475757
20,43,4,21476157
20,40,4,21476342
21,47,2,21477560
24,50,2,21478080
20,42,4,21478082
20,44,4,21478924
20,46,7,21479112
22,47,1,21479273
20,41,1,21480188
46,49,3,21481069
47,50,0,21481071
45,49,3,21481238
46,50,0,21481240
20,44,2,21481666
20,37,1,21481818
20,39,4,21482508
20,42,1,21484158
48,11,0,21484671
20,45,4,21484815
15,35,7,21487072
26,43,5,21487418
21,46,1,21488071
23,50,2,21488496
20,45,2,21488807
48,42,6,21489031
24,30,7,21489516
19,43,7,21489938
48,37,5,21490174
20,43,1,21490722
19,40,2,21491017
19,42,7,21491265
39,41,1,21491820
19,41,2,21492334
20,46,4,21492452
20,47,7,21492884
19,39,2,21493089
42,22,3,21493856
43,23,0,21493857
22,48,1,21494869
19,41,7,21495485
19,38,2,21495658
19,43,2,21495752
37,38,2,21496509
19,39,7,21497034
19,44,7,21497302
19,42,2,21497458
20,47,4,21497810
25,48,3,21498105
26,49,0,21498106
24,37,2,21498261
21,48,2,21499365
52,11,5,21500153
19,38,1,21502285
41,41,1,21502563
20,44,1,21503013
20,15,4,21503657
21,33,7,21503755
8,21,5,21505326
19,43,4,21507343
19,42,4,21507359
20,47,2,21507381
21,47,1,21508527
16,11,7,21508586
19,45,7,21509662
19,44,2,21511085
20,45,1,21511389
19,46,7,21511480
19,39,1,21515702
19,41,1,21515810
19,40,1,21516118
23,34,2,21516990
19,41,4,21517319
23,21,6,21517393
32,30,1,21517806
13,26,7,21522751
31,18,3,21523878
49,30,6,21525797
60,4,5,21527791
59,24,6,21527833
42,17,5,21530017
45,37,0,21531123
61,23,0,21531987
20,38,4,21535781
19,38,7,21536135
59,3,2,21536844
18,38,5,21537853
23,32,1,21539297
47,40,3,21543005
21,32,5,21543831
3,26,5,21547129
46,35,0,21547920
18,38,6,21551182
59,14,6,21551590
19,41,0,21553616
19,42,0,21553825
48,38,4,21554752
36,26,3,21555432
37,27,0,21555433
59,3,1,21555541
23,35,0,21555849
59,3,7,21556059
19,45,3,21556862
20,46,0,21556863
20,38,0,21557550
19,37,5,21557865
43,43,0,21558528
20,46,3,21559892
21,47,0,21559893
20,37,0,21560014
38,27,3,21560730
48,42,0,21561155
19,39,5,21561625
21,33,5,21561854
19,38,5,21562074
19,40,5,21562130
46,39,3,21562563
47,40,0,21562565
19,38,3,21562901
20,39,0,21562902
35,26,3,21562955
36,27,0,21562957
19,39,3,21563720
32,26,3,21564235
47,37,7,21564382
19,41,3,21564719
20,42,0,21564720
21,33,6,21564995
19,40,6,21565166
19,37,6,21565263
19,38,6,21566555
46,47,7,21566825
23,32,0,21567718
21,47,3,21568166
22,48,0,21568168
46,40,1,21568526
19,40,3,21568581
20,41,0,21568582
22,49,3,21568657
19,42,6,21569454
19,39,6,21569528
44,35,7,21570242
56,4,7,21570335
23,50,3,21571004
46,47,4,21571023
30,38,0,21571074
47,37,4,21571084
20,38,3,21571922
21,39,0,21571924
28,27,2,21572026
22,32,3,21572247
19,44,6,21573139
45,50,6,21573433
31,26,2,21574489
20,36,5,21574975
20,35,3,21575147
21,36,0,21575148
20,37,5,21575859
20,47,6,21576173
21,48,6,21576273
39,37,3,21576276
21,15,3,21576339
21,37,0,21576486
20,45,5,21576599
60,22,6,21577056
37,27,3,21577160
38,28,0,21577161
20,37,3,21577493
21,38,0,21577495
20,45,6,21578062
28,27,1,21578180
21,46,5,21579678
20,39,5,21580127
17,31,0,21580290
29,19,3,21580358
59,27,5,21580575
25,30,0,21581048
23,34,3,21581299
22,48,5,21581819
20,40,3,21582061
21,41,0,21582063
60,3,4,21582307
20,38,5,21583032
22,48,6,21583107
20,36,6,21583414
20,43,5,21583798
31,26,1,21583946
23,47,5,21584472
33,26,3,21584542
40,41,3,21584836
42,35,4,21585714
21,39,3,21586662
20,38,6,21586889
23,46,3,21587453
24,47,0,21587454
20,43,6,21587864
29,27,2,21588860
41,1,3,21588877
20,37,6,21588959
23,33,3,21589200
24,34,0,21589202
59,2,7,21590291
21,46,6,21592425
20,39,6,21592591
21,41,3,21592809
22,40,3,21593705
23,41,0,21593706
27,29,0,21593891
22,45,5,21594850
31,40,5,21596039
22,45,6,21596463
48,8,4,21597124
52,11,6,21597787
37,39,0,21598296
21,42,5,21598803
21,37,3,21600688
21,36,5,21600886
23,32,3,21601075
21,38,5,21601195
46,8,4,21602944
13,16,0,21604373
22,40,5,21604881
21,36,3,21605357
22,37,0,21605358
6,26,2,21605547
41,36,1,21606269
22,20,0,21607421
25,29,3,21609114
26,30,0,21609115
23,35,6,21610294
50,11,5,21613561
22,38,3,21613675
57,27,3,21613896
29,27,1,21616869
6,27,0,21617806
47,27,5,21619753
5,26,1,21620582
21,38,6,21623897
24,31,3,21624338
24,31,0,21624339
24,33,3,21631003
59,3,4,21633102
30,33,3,21634482
31,34,0,21634483
24,30,3,21635272
25,31,0,21635273
35,30,3,21635896
29,28,0,21637822
57,3,1,21666058
37,26,1,21666100
24,34,5,21668958
58,2,7,21670147
56,4,2,21672000
39,28,2,21677575
59,5,0,21678517
36,41,6,21680100
26,29,3,21680715
39,28,1,21682152
38,29,2,21683404
37,40,5,21690373
34,37,0,21695449
24,32,3,21697666
30,27,2,21713472
38,28,2,21714704
58,4,3,21719761
30,27,1,21720087
27,28,3,21722759
28,29,0,21722761
36,27,2,21727949
29,41,3,21729068
43,35,7,21734442
38,27,1,21748910
24,34,6,21750606
27,29,3,21754935
28,30,0,21754937
32,31,0,21767733
38,29,3,21773117
56,4,2,21783291
14,20,0,21784571
25,33,3,21786309
14,27,3,21788312
48,9,0,21789057
46,8,0,21790026
50,29,6,21791614
50,29,5,21791617
51,28,5,21791618
59,10,0,21792044
23,22,6,21793509
12,21,3,21793924
58,26,0,21794478
12,18,0,21794817
56,6,3,21795076
47,7,3,21795318
48,8,0,21795321
11,15,3,21798069
12,16,0,21798070
8,17,0,21798386
9,24,3,21801965
22,9,3,21803703
56,5,3,21803827
7,14,3,21804785
60,17,3,21804813
18,19,2,21805242
2,32,6,21805289
57,10,3,21806016
32,17,0,21806176
60,4,5,21806200
52,11,3,21806246
58,10,3,21806674
59,11,0,21806675
60,7,0,21806739
15,30,3,21807190
16,31,0,21807193
2,22,6,21807370
60,4,3,21807508
61,5,0,21807511
54,18,3,21807862
46,8,3,21808065
39,29,3,21808075
5,26,5,21808128
48,9,3,21808265
5,31,5,21808404
57,5,3,21808688
58,6,0,21808690
26,30,2,21808712
53,11,3,21808713
49,14,3,21808774
3,21,5,21808939
54,26,2,21809077
58,26,3,21809187
30,3,3,21809758
1,32,6,21809983
54,11,3,21810265
55,12,0,21810266
6,26,6,21810474
5,26,4,21810686
3,22,3,21810692
18,19,1,21810822
60,6,3,21810967
61,7,0,21810969
46,7,3,21811054
47,8,0,21811055
5,26,6,21811203
23,39,3,21811220
24,40,0,21811221
6,31,6,21812216
31,11,3,21812656
5,31,6,21813729
56,26,3,21813793
57,27,0,21813795
4,26,6,21814050
14,35,7,21814080
42,31,0,21814222
22,40,6,21814457
56,11,2,21815078
8,25,5,21815172
61,23,3,21815856
62,24,0,21815858
56,11,1,21815906
31,7,3,21816239
13,13,0,21816243
42,20,6,21816340
12,30,5,21816506
53,20,0,21816679
53,12,3,21816693
54,13,0,21816694
24,20,6,21816719
25,19,5,21816721
23,12,3,21816760
11,30,5,21816771
52,12,2,21816777
8,16,3,21816952
58,5,3,21817055
59,6,0,21817057
8,17,3,21817262
9,18,0,21817264
59,11,2,21817310
23,10,3,21817313
24,11,0,21817314
12,30,7,21817350
7,25,5,21817553
32,23,3,21817679
10,30,5,21817792
31,6,3,21817885
23,11,3,21817954
24,12,0,21817956
6,25,5,21818017
58,27,3,21818069
58,11,3,21818216
59,12,0,21818217
8,25,7,21818357
29,3,3,21818433
61,18,3,21818611
62,19,0,21818612
8,18,3,21818784
49,17,6,21819051
5,25,5,21819127
32,23,5,21819180
51,12,3,21819364
52,13,0,21819365
23,10,5,21819418
41,27,1,21819740
32,24,5,21819750
7,25,7,21820147
5,13,5,21820303
7,30,5,21820327
12,35,6,21820428
61,15,3,21820446
5,25,7,21820521
42,31,3,21820681
43,32,0,21820682
6,30,5,21820806
61,5,3,21821084
58,7,6,21821295
6,25,7,21821522
23,9,5,21821622
7,13,6,21821770
6,13,6,21821827
8,15,3,21822340
47,9,3,21822896
18,20,6,21823063
19,19,5,21823066
13,31,6,21823335
62,5,0,21823549
52,12,3,21823558
58,6,3,21823611
14,35,4,21823682
11,30,6,21823809
5,13,6,21823971
22,14,3,21824274
23,15,0,21824277
24,33,1,21824278
7,25,6,21824441
25,43,4,21824621
59,11,3,21824729
57,27,3,21824781
8,25,4,21825824
60,6,0,21825848
15,11,5,21825948
23,35,2,21826361
44,39,0,21826607
6,25,6,21826677
23,34,2,21826701
10,30,6,21826923
59,11,1,21826976
12,30,4,21827588
12,30,6,21827828
7,25,4,21827968
31,6,5,21828164
7,12,5,21828553
61,6,6,21828798
5,25,6,21829100
47,8,3,21829304
48,9,0,21829305
23,35,1,21829437
23,39,4,21829465
23,44,5,21829681
35,26,7,21829785
23,44,6,21829786
23,32,1,21829883
34,26,7,21830025
6,30,6,21830330
23,36,1,21830449
6,25,4,21830658
23,34,1,21830775
33,26,5,21830851
56,4,1,21831197
19,33,7,21831212
9,30,4,21832003
23,33,1,21832227
19,33,6,21832526
23,35,4,21832990
32,26,7,21833054
22,38,7,21833165
8,36,4,21833578
36,27,6,21833584
22,35,2,21833587
22,36,2,21833747
22,36,7,21833851
24,43,5,21834103
22,37,2,21834162
33,26,6,21834163
23,42,7,21834224
22,34,2,21834244
24,32,4,21834345
22,33,2,21834408
22,38,2,21834503
37,26,7,21834578
35,26,4,21834595
42,43,3,21834748
22,39,2,21835229
22,34,7,21835646
22,35,7,21835684
43,31,3,21835823
58,7,3,21836067
23,42,4,21836173
16,35,4,21836544
22,37,1,21836647
24,31,4,21836665
6,12,5,21836795
22,41,7,21836807
24,42,1,21836830
35,26,6,21837054
22,33,1,21837170
34,25,7,21837171
45,36,0,21837177
15,11,6,21837204
43,34,6,21837269
22,37,4,21837302
22,36,4,21837473
22,35,1,21837543
23,41,1,21837572
22,35,4,21837664
22,38,4,21837669
22,39,4,21837680
59,6,5,21837790
25,32,7,21837967
22,40,2,21838057
34,25,5,21838311
23,31,7,21838332
37,27,6,21838608
21,36,2,21838802
21,38,7,21838833
21,39,7,21838904
31,33,7,21839143
21,37,7,21839224
21,36,7,21839393
40,34,3,21839675
41,35,0,21839677
7,24,5,21839706
22,38,1,21839708
21,35,7,21839899
24,29,7,21840008
36,40,3,21840071
8,24,5,21840132
21,34,2,21840229
44,33,5,21840325
31,4,3,21840404
32,5,0,21840405
22,41,4,21840674
21,40,7,21840687
20,9,6,21840802
44,32,3,21840987
45,33,0,21840988
21,38,2,21841014
59,6,3,21841015
5,12,5,21841203
14,24,3,21841211
23,43,2,21841435
44,40,3,21841612
45,41,0,21841613
21,38,4,21841684
21,36,1,21841698
24,30,4,21841716
23,43,1,21841781
21,39,2,21841933
44,34,3,21841935
45,35,0,21841936
22,39,1,21841957
21,40,2,21842014
22,40,1,21842030
23,31,4,21842051
43,44,6,21842125
21,35,4,21842237
8,24,7,21842298
21,37,4,21842432
43,29,3,21842456
21,40,4,21842527
21,34,1,21842559
39,39,3,21842588
21,39,4,21842602
12,29,5,21842709
36,25,5,21842769
34,25,6,21843022
43,32,6,21843130
22,42,2,21843270
21,38,1,21843318
44,31,3,21843389
20,37,2,21843547
34,24,5,21843768
7,24,7,21843888
19,9,6,21843918
16,10,5,21843961
21,39,1,21844161
20,35,2,21844256
24,29,4,21844307
20,38,7,21844318
20,36,7,21844364
43,44,3,21844478
44,45,0,21844479
21,41,2,21844583
22,42,1,21844625
11,35,4,21844637
23,29,7,21844670
12,29,6,21844696
25,28,4,21844823
45,34,3,21844999
46,35,0,21845001
6,12,6,21845025
32,24,6,21845070
44,33,6,21845262
45,35,5,21845345
20,39,2,21845447
44,30,3,21845544
20,39,7,21845570
44,31,5,21845694
11,29,5,21845843
22,31,4,21845851
20,36,4,21845917
20,38,4,21846074
5,12,6,21846198
45,32,3,21846266
22,30,7,21846325
21,40,1,21846373
23,45,2,21846376
44,43,5,21846731
20,35,1,21846866
45,36,3,21846902
35,24,5,21846932
20,40,2,21847002
20,39,4,21847040
36,25,6,21847083
45,35,6,21847249
21,41,1,21847305
20,40,4,21847468
44,30,5,21847478
44,43,6,21847523
45,38,6,21847638
20,34,1,21847655
20,41,2,21847678
44,29,3,21847740
43,29,5,21847797
23,28,7,21847840
19,38,7,21847849
5,12,7,21847860
20,39,1,21847884
43,29,6,21848003
11,29,7,21848013
6,24,7,21848262
20,42,2,21848446
19,36,2,21848503
21,30,7,21848572
13,34,7,21848606
22,30,4,21848649
24,27,7,21848656
19,39,7,21848685
25,23,0,21848695
23,29,4,21848702
23,45,1,21848790
45,42,5,21848871
33,23,5,21848960
21,43,2,21848993
19,39,2,21849060
5,24,7,21849105
45,34,6,21849334
19,33,4,21849345
19,40,2,21849435
46,37,5,21849544
10,29,7,21849601
20,40,1,21849639
45,32,5,21849745
21,29,7,21849763
19,37,1,21849786
9,29,5,21849804
45,41,3,21849809
46,42,0,21849811
8,29,7,21849940
20,41,1,21850050
44,31,6,21850109
46,37,3,21850247
34,24,6,21850333
42,41,1,21850356
14,26,3,21850447
13,34,4,21850616
7,29,5,21850699
35,24,6,21850705
21,43,1,21850775
37,24,5,21850869
45,34,0,21850961
23,28,4,21850968
19,42,2,21851001
19,41,2,21851076
20,42,1,21851123
34,23,7,21851133
44,28,5,21851141
46,40,3,21851241
47,41,0,21851242
28,38,0,21851290
46,33,3,21851326
47,34,0,21851327
18,38,2,21851407
22,28,7,21851500
46,34,5,21851532
19,43,2,21851562
24,27,4,21851583
19,39,1,21851586
35,23,5,21851701
19,32,7,21851787
23,8,5,21851857
22,46,2,21851942
24,26,7,21852012
16,33,7,21852089
20,43,1,21852199
19,41,1,21852232
21,8,5,21852294
19,40,1,21852434
18,38,1,21852597
18,40,2,21852617
30,33,1,21853032
34,26,4,21853141
20,44,2,21853213
32,23,6,21853234
18,40,1,21853274
19,31,7,21853291
21,29,4,21853331
8,13,6,21853439
8,13,5,21853442
22,46,1,21853457
36,23,5,21853496
33,23,6,21853597
15,34,7,21853794
20,44,1,21853837
19,42,1,21853843
19,43,1,21853866
5,36,7,21853921
46,35,6,21853973
25,40,6,21854024
22,27,7,21854125
15,34,4,21854270
31,9,6,21854323
17,41,2,21854389
18,41,2,21854440
19,44,2,21854490
47,38,3,21854504
23,27,4,21854540
31,7,6,21854566
26,39,5,21854577
22,28,4,21854667
46,47,0,21854759
19,32,4,21854822
35,23,6,21854905
17,39,2,21854951
30,43,0,21855012
47,42,3,21855015
8,24,4,21855117
18,43,2,21855193
18,42,2,21855231
19,45,2,21855244
62,5,5,21855290
23,26,7,21855299
17,41,1,21855341
18,41,1,21855350
7,35,7,21855444
18,42,1,21855515
28,36,0,21855547
62,4,5,21855595
19,44,1,21855609
24,26,4,21855658
17,7,6,21855732
18,32,7,21855784
51,21,3,21855820
17,42,2,21855848
18,45,2,21855891
45,49,0,21855905
29,34,2,21855975
18,44,2,21855999
17,39,1,21856159
18,32,4,21856285
19,45,1,21856358
48,36,0,21856376
47,30,7,21856404
16,40,2,21856413
18,31,7,21856529
47,41,3,21856560
23,26,4,21856602
48,39,3,21856693
7,35,4,21856731
22,27,4,21856742
62,6,3,21857050
63,7,0,21857053
31,2,5,21857133
45,48,3,21857144
46,49,0,21857146
19,31,4,21857151
22,26,7,21857218
28,36,3,21857267
29,37,0,21857269
47,38,6,21857277
34,22,5,21857342
21,27,7,21857371
18,43,1,21857397
17,42,1,21857448
47,44,5,21857456
14,33,7,21857499
23,25,7,21857538
21,12,7,21857558
22,50,2,21857653
20,28,7,21857704
17,31,7,21857793
5,24,6,21857835
46,46,3,21857882
47,47,0,21857885
18,46,2,21857898
34,22,6,21857981
30,33,3,21858001
60,7,5,21858011
48,43,3,21858041
17,43,2,21858051
36,23,6,21858131
39,23,6,21858145
14,6,3,21858323
15,7,0,21858325
17,44,2,21858348
18,31,4,21858392
17,31,4,21858401
30,38,6,21858520
32,27,7,21858637
17,43,1,21858650
17,45,7,21858655
51,17,0,21858669
7,11,5,21858804
18,30,7,21858868
46,47,3,21858928
47,48,0,21858931
47,47,3,21858933
48,48,0,21858938
18,44,1,21858954
10,34,7,21859046
22,26,4,21859073
21,27,4,21859221
16,43,2,21859249
16,42,2,21859317
16,33,4,21859336
17,45,2,21859395
18,30,4,21859428
16,40,1,21859449
20,28,4,21859509
16,44,2,21859531
15,47,3,21859573
16,48,0,21859576
21,26,7,21859673
19,49,1,21859702
36,22,5,21859778
11,7,6,21859791
20,27,7,21859814
46,48,3,21859842
47,49,0,21859844
17,32,4,21859876
22,50,1,21859938
42,20,4,21859979
36,22,6,21860295
31,42,3,21860426
32,43,0,21860428
22,25,7,21860501
33,25,7,21860507
50,34,3,21860625
22,8,6,21860628
47,48,3,21860679
48,49,0,21860682
23,24,7,21860730
10,34,4,21860743
21,51,2,21860920
16,43,1,21860948
32,6,5,21861045
23,25,4,21861053
34,25,4,21861071
17,45,1,21861080
50,45,1,21861085
17,30,7,21861156
16,44,1,21861272
4,24,6,21861374
7,24,4,21861388
16,46,2,21861446
18,50,2,21861535
62,5,3,21861611
21,51,1,21861631
20,27,4,21861639
5,23,5,21861758
21,25,7,21861816
15,45,2,21861834
22,24,7,21862151
20,26,7,21862200
32,26,7,21862205
19,27,7,21862412
38,43,1,21862440
15,32,7,21862516
12,6,5,21862611
21,25,4,21862632
22,25,4,21862640
41,44,1,21862888
62,4,6,21862945
16,31,7,21862983
24,24,4,21863037
6,24,4,21863047
32,27,4,21863315
42,27,6,21863317
49,47,3,21863368
50,48,0,21863371
6,23,5,21863490
23,23,7,21863503
20,52,2,21863705
27,49,0,21863838
22,18,4,21863843
23,57,0,21863882
16,31,4,21863888
19,26,7,21863999
18,50,1,21864052
17,51,2,21864177
18,27,7,21864231
18,53,2,21864420
23,23,4,21864428
20,52,1,21864628
17,15,5,21864813
6,34,7,21864857
48,24,3,21864907
49,25,0,21864909
20,26,4,21864920
19,26,4,21864931
6,12,4,21865197
61,16,6,21865315
14,33,4,21865363
46,52,3,21865528
21,8,6,21865592
33,24,7,21865739
37,21,5,21866260
10,8,7,21866278
32,26,4,21866456
23,20,3,21866538
24,21,0,21866540
31,28,4,21866726
5,12,4,21866737
31,26,7,21866801
9,29,6,21866955
12,33,7,21866979
43,27,4,21867240
61,7,5,21867750
14,10,7,21868104
15,30,7,21868138
50,37,5,21868495
7,29,6,21868968
25,18,0,21869054
47,34,5,21869199
5,11,5,21869305
11,29,4,21869339
4,12,4,21869391
33,25,4,21869543
31,24,2,21869645
14,10,4,21869761
46,34,6,21869793
49,30,3,21869840
50,31,0,21869841
50,37,3,21870196
51,38,0,21870199
47,42,2,21870294
50,37,6,21870544
42,26,7,21870575
14,48,3,21870764
13,44,0,21870876
21,24,7,21870910
59,5,3,21870919
14,30,6,21871008
49,50,4,21871116
48,34,4,21871479
47,52,4,21871557
13,45,3,21871668
14,46,0,21871670
15,29,5,21871740
14,33,0,21871941
13,46,5,21872267
49,46,2,21872294
16,37,1,21872302
5,11,7,21872312
48,32,3,21872387
49,33,0,21872388
49,46,1,21872424
15,50,6,21872720
13,46,6,21873022
12,40,3,21873174
13,47,6,21873183
45,30,3,21873213
23,24,4,21873533
48,47,2,21873587
13,43,3,21873661
15,49,5,21873784
48,43,4,21873795
13,41,3,21873881
13,41,0,21873883
19,45,0,21873993
46,31,3,21873997
47,33,7,21874023
16,39,2,21874123
22,49,3,21874128
13,34,6,21874324
13,33,3,21874555
20,24,2,21874743
15,30,5,21874790
13,10,6,21874831
12,41,6,21874913
50,35,4,21874984
14,31,3,21875068
15,32,0,21875069
28,36,0,21875104
24,51,5,21875172
21,47,0,21875182
14,46,5,21875265
49,34,7,21875316
14,33,3,21875436
15,34,0,21875438
4,13,4,21875500
14,34,3,21875780
14,34,0,21875781
13,40,5,21875800
47,42,7,21875858
14,45,5,21875865
15,47,5,21875911
14,33,5,21875968
13,38,3,21876080
14,32,6,21876179
22,44,3,21876203
44,26,3,21876217
15,31,5,21876228
14,32,3,21876295
13,39,5,21876466
19,26,0,21876558
17,26,3,21876588
18,27,0,21876590
14,45,6,21876605
34,20,3,21876759
16,49,5,21876861
24,45,0,21877004
23,23,0,21877023
45,50,2,21877091
37,38,3,21877409
15,30,3,21877413
14,46,6,21877421
15,45,5,21877641
15,47,6,21877727
30,26,7,21877816
32,21,0,21877825
14,33,6,21877880
16,47,5,21878034
36,21,3,21878301
37,22,0,21878304
20,37,0,21878326
15,45,6,21878372
15,31,6,21878395
14,42,5,21878411
14,34,6,21878551
16,38,3,21878647
42,27,4,21878650
14,39,3,21878881
15,32,5,21878895
45,27,2,21878943
13,40,6,21878990
21,23,3,21879013
22,24,0,21879016
13,48,4,21879073
19,51,6,21879142
14,42,3,21879355
47,36,7,21879361
16,49,6,21879474
21,25,0,21879612
30,20,3,21879640
15,43,3,21879880
15,43,0,21879882
17,48,5,21879982
49,36,4,21880056
16,30,5,21880092
16,32,0,21880160
15,32,6,21880545
31,34,3,21880582
47,42,4,21880869
15,33,5,21881129
34,21,3,21881428
15,33,6,21881460
48,34,1,21881952
31,26,4,21882017
17,41,5,21882160
16,32,5,21882465
36,36,7,21882783
39,30,7,21883062
15,34,6,21883428
27,35,2,21883971
47,36,4,21884029
40,41,3,21884047
46,35,7,21884067
17,41,6,21884128
38,26,7,21884148
24,22,3,21884546
38,39,2,21884561
22,40,0,21884719
27,35,1,21884985
33,21,2,21884992
28,22,0,21884994
16,35,5,21885169
33,1,0,21885242
21,24,3,21885254
22,25,0,21885255
29,32,3,21885364
30,33,0,21885365
41,26,7,21885370
32,20,1,21885525
35,21,1,21885834
20,25,3,21885977
18,27,3,21886309
32,21,3,21886365
23,24,0,21886385
35,32,5,21886457
30,33,3,21886473
31,34,0,21886474
32,35,3,21886493
33,36,0,21886494
33,21,3,21886767
18,36,7,21886806
38,38,2,21886887
31,21,3,21887137
32,22,0,21887138
17,37,6,21887244
30,21,2,21887556
30,25,7,21887570
24,24,0,21887626
38,38,1,21887983
26,35,3,21888111
16,33,5,21888120
36,21,1,21888261
15,10,4,21888426
56,27,2,21888563
42,44,0,21888573
33,35,2,21888712
3,13,7,21888799
37,39,2,21888808
4,11,7,21888917
13,9,7,21888949
51,46,3,21889011
38,22,1,21889069
26,22,3,21889089
27,23,0,21889091
37,29,7,21889116
35,29,4,21889470
37,34,6,21889479
26,22,2,21889561
16,35,6,21889736
16,33,6,21889911
41,27,1,21889974
38,33,5,21890003
40,28,2,21890057
17,35,6,21890083
40,28,1,21890462
30,30,3,21890701
31,31,0,21890702
25,4,5,21890975
43,38,0,21891207
34,22,2,21891236
20,28,5,21891492
37,34,7,21891811
18,36,5,21891918
38,33,6,21892007
26,22,1,21892293
17,32,5,21892415
26,32,7,21892601
13,19,3,21892642
29,21,3,21892676
21,25,3,21892813
22,26,0,21892815
26,23,0,21892877
24,34,0,21892918
30,21,3,21893317
37,34,4,21893439
23,12,0,21893775
31,21,2,21893997
37,23,2,21894006
18,36,6,21894007
34,40,1,21894399
24,29,0,21894725
34,22,3,21895073
30,25,4,21896083
25,23,2,21896182
31,37,7,21896400
25,23,1,21896492
24,23,3,21897263
25,24,0,21897264
24,24,2,21897268
37,29,4,21897552
39,32,5,21897590
36,28,7,21898321
59,9,0,21899313
25,23,3,21899364
26,24,0,21899365
21,29,0,21899695
19,35,5,21899889
38,42,2,21899902
31,37,4,21900888
26,26,3,21901546
30,27,0,21901656
35,42,0,21902295
44,22,0,21902532
27,23,3,21903197
28,24,0,21903201
29,42,3,21904299
28,24,3,21906936
29,25,0,21906937
33,14,1,21907763
30,27,6,21907849
22,29,3,21908290
3,21,4,21908419
53,39,3,21908985
62,5,0,21909671
39,42,1,21910732
61,49,0,21911309
23,7,5,21911499
10,28,5,21911993
54,45,6,21914123
8,28,5,21915762
55,44,5,21915996
50,31,3,21917595
12,10,1,21917873
42,46,0,21918097
50,7,0,21920708
52,31,3,21921579
30,26,3,21921888
31,27,0,21921889
54,40,3,21924807
30,17,3,21925535
31,18,0,21925537
3,35,0,21928891
17,16,5,21934963
30,27,3,21935433
31,28,0,21935435
53,1,3,21935530
54,2,0,21935531
11,28,7,21936973
11,28,2,21938342
11,28,4,21950613
47,23,3,21951139
48,24,0,21951140
31,26,3,21955006
42,42,3,21955575
43,43,0,21955576
20,14,0,21956143
12,28,2,21957210
24,27,3,21957936
1,52,5,21961150
43,2,0,21970384
26,7,0,21976783
22,12,0,21977530
37,4,4,21978244
50,9,0,21983924
25,29,3,21984687
31,28,3,21987500
3,13,4,21999595
33,37,6,22002570
8,25,6,22005978
34,36,5,22008045
31,36,5,22013340
33,36,6,22016894
34,36,6,22025282
31,41,3,22030565
34,35,5,22034775
9,3,6,22048305
33,35,6,22050132
35,35,4,22050764
33,35,4,22051287
14,31,0,22055614
60,8,0,22061617
34,34,7,22079060
34,34,5,22084788
61,7,1,22090337
60,11,3,22094215
55,31,0,22096546
35,34,4,22102823
32,27,3,22103541
34,34,4,22110916
43,28,3,22115376
34,33,5,22138362
34,33,7,22139118
31,6,6,22147911
12,11,3,22153481
13,12,0,22153482
33,33,7,22158337
33,33,6,22177084
49,18,0,22185367
58,20,0,22235198
3,11,5,22241046
24,15,6,22252135
23,13,5,22301349
8,18,3,22307917
42,31,0,22308065
13,12,3,22309960
50,15,0,22316851
62,4,3,22326452
9,21,3,22334320
10,22,0,22334321
30,29,2,22339103
4,29,3,22343272
3,23,3,22347070
60,4,5,22351004
4,34,1,22351871
30,29,1,22359775
7,34,2,22360715
5,10,3,22371681
6,11,0,22371683
29,30,2,22380339
7,29,1,22393446
7,34,1,22395971
30,30,2,22398826
59,28,4,22398964
59,4,1,22399755
22,13,2,22408975
21,13,4,22409982
11,29,3,22410157
2,31,0,22412515
22,13,1,22415751
50,11,4,22416979
8,34,3,22418826
9,35,0,22418827
21,14,2,22426816
31,28,1,22433026
30,29,2,22438535
7,46,3,22441622
8,47,0,22441624
30,30,2,22449663
30,29,1,22458437
21,8,0,22459373
11,12,7,22462613
6,30,2,22466944
41,32,4,22467440
3,21,1,22468493
29,30,2,22485229
24,29,2,22490239
6,37,2,22491833
28,30,2,22494115
24,29,1,22503115
59,5,1,22507637
60,4,7,22512593
23,29,2,22515639
23,30,2,22517072
23,30,7,22518926
23,29,1,22529739
23,31,2,22531844
27,29,1,22533883
23,30,1,22534881
22,30,2,22542880
26,30,2,22548846
42,14,2,22550511
22,31,2,22552144
22,29,1,22552920
22,30,1,22556173
23,31,1,22561990
21,30,2,22563883
22,31,1,22567888
26,30,1,22571959
21,31,2,22573158
25,31,0,22573305
21,31,4,22575252
21,30,1,22577208
25,30,1,22587019
21,31,1,22587550
20,31,2,22592064
19,31,7,22601953
56,31,3,22607637
20,31,1,22610427
19,31,2,22611678
61,27,1,22613283
19,31,4,22616987
19,30,1,22617780
24,31,2,22620378
18,31,7,22624415
19,31,1,22625180
19,32,2,22629306
18,31,2,22631451
18,31,4,22639482
18,32,2,22644422
18,31,1,22644889
23,31,2,22644912
17,31,7,22646857
17,29,2,22648472
17,31,2,22648756
19,17,3,22651702
17,32,4,22655764
22,30,1,22657630
17,29,1,22657763
23,31,1,22658800
17,32,2,22659033
17,31,1,22664625
16,30,2,22665810
16,31,7,22666363
16,31,2,22667266
16,32,4,22672196
17,32,1,22674841
16,32,2,22675223
21,31,7,22675666
20,7,1,22675681
16,30,1,22676322
16,33,4,22676771
16,31,1,22681204
15,32,7,22682097
15,31,2,22682646
15,31,7,22685243
20,29,1,22690198
15,32,2,22690718
21,31,2,22691535
16,32,1,22693120
15,31,1,22697794
19,30,2,22699773
16,31,4,22700328
20,30,1,22701115
21,31,1,22703935
14,31,2,22704458
14,32,2,22709776
15,32,1,22710167
14,31,1,22711746
56,12,3,22713309
57,13,0,22713310
13,32,7,22717654
14,32,1,22718692
19,31,2,22718743
13,31,7,22718926
19,31,1,22722235
13,32,2,22722876
13,32,4,22726107
18,32,2,22727580
13,31,1,22729004
14,33,2,22730640
54,12,3,22732733
55,13,0,22732735
12,32,7,22733989
12,31,7,22734138
13,32,1,22737130
12,32,2,22738776
12,32,4,22740624
12,31,1,22741629
13,33,2,22742217
17,31,2,22743251
11,31,2,22748440
17,31,1,22749259
11,32,2,22750912
12,32,1,22750948
12,33,2,22752138
18,8,2,22752274
11,33,4,22754153
11,31,1,22756157
16,32,2,22757494
12,33,1,22760222
10,32,7,22760598
10,32,2,22763515
11,32,1,22763991
11,33,2,22765031
10,33,4,22767331
10,31,1,22768237
10,32,4,22769225
11,33,1,22772666
10,33,2,22772978
9,32,7,22774855
9,32,2,22778168
10,32,1,22778181
10,33,1,22781796
9,32,4,22781829
9,31,1,22782030
9,33,2,22784168
9,32,1,22787332
8,32,7,22787531
54,20,3,22788960
55,21,0,22788962
8,32,2,22789587
16,32,1,22791493
8,32,4,22793317
12,30,3,22794891
13,31,0,22794893
9,33,1,22796768
8,33,2,22798447
8,32,1,22798455
9,34,2,22802020
7,33,2,22808226
8,33,1,22808804
8,34,2,22810736
6,31,1,22818361
7,33,1,22818710
6,32,4,22818795
6,30,1,22818837
6,33,2,22819531
5,33,7,22822504
5,31,2,22822741
16,8,3,22822961
17,9,0,22822962
5,32,7,22824079
5,32,2,22824945
6,33,1,22825682
7,34,2,22825951
5,33,4,22828987
5,33,2,22829644
5,31,1,22829666
5,32,1,22831257
4,32,2,22833911
6,34,2,22834231
4,32,7,22834245
4,31,2,22834456
4,34,7,22836138
5,34,2,22837481
5,33,1,22837574
6,34,1,22837730
4,33,2,22838591
4,33,4,22839784
4,30,1,22840378
4,31,1,22840565
4,34,4,22840922
4,32,1,22843627
3,31,2,22843734
3,33,7,22844292
3,32,7,22845391
3,32,2,22845916
5,34,1,22846953
4,33,1,22847187
3,33,2,22847386
10,32,2,22847432
4,34,2,22847692
9,32,0,22848776
3,31,1,22849912
8,31,1,22850142
3,33,4,22850268
3,32,1,22850706
2,32,2,22855092
2,32,7,22855151
3,34,2,22856595
2,33,2,22857226
3,33,1,22857876
58,12,1,22859162
2,32,1,22860747
40,31,7,22860828
2,33,4,22861129
19,8,2,22861734
3,34,1,22861754
48,9,0,22862540
4,34,1,22862664
1,32,2,22864195
2,33,1,22864502
1,32,7,22865388
2,34,2,22866331
1,33,2,22867570
8,30,4,22869732
1,33,4,22870070
1,34,4,22870442
1,32,1,22870743
1,34,2,22872579
2,35,2,22872939
10,32,1,22874115
6,30,3,22874371
2,34,1,22874705
3,35,2,22874707
1,33,1,22874973
13,15,3,22875790
22,7,1,22876374
1,35,2,22880558
9,33,2,22880728
1,34,1,22882822
7,31,1,22884967
9,33,1,22886339
8,34,2,22887419
18,18,2,22891314
2,35,1,22892101
1,35,1,22900364
4,31,2,22901561
7,33,2,22903845
7,33,1,22909400
6,34,2,22911041
4,30,4,22911373
2,32,4,22914707
6,34,1,22915574
21,31,4,22922057
17,32,1,22922193
11,16,3,22933972
11,14,3,22940259
12,15,0,22940260
3,34,7,22941997
17,8,3,22942702
18,9,0,22942703
2,35,1,22953000
3,35,1,22953856
14,18,0,22961348
1,35,1,22963038
18,8,3,22966898
19,9,0,22966899
60,12,1,22967424
44,29,2,22981503
31,30,0,22986631
22,13,3,22991956
60,6,3,22995602
30,30,0,23003353
45,29,2,23009701
54,30,0,23013082
17,14,3,23013739
43,14,1,23014221
49,14,0,23015457
44,29,1,23017257
12,11,0,23019095
53,14,0,23019712
57,13,2,23028548
11,29,5,23031936
53,13,3,23034996
54,14,0,23034998
16,15,0,23037129
23,12,3,23038137
46,29,3,23040068
46,19,3,23042170
57,33,3,23043115
18,18,1,23043880
59,13,2,23045537
52,2,3,23048149
18,16,0,23050836
54,13,2,23051260
62,18,3,23054157
31,16,6,23059931
59,14,0,23062287
59,29,3,23067824
31,10,6,23071239
8,22,3,23074348
60,13,3,23076329
17,10,0,23100858
23,7,1,23113118
60,13,1,23128661
46,29,1,23133841
61,7,3,23138026
59,13,1,23152976
60,7,3,23153077
56,30,2,23154272
54,2,3,23155178
55,3,0,23155179
10,32,4,23176330
19,8,3,23179796
20,9,0,23179798
56,33,3,23180191
56,21,1,23213459
58,31,0,23217284
34,32,3,23219661
46,30,3,23253382
47,31,0,23253383
19,8,1,23260867
16,31,0,23261207
49,15,0,23266329
45,30,2,23269306
61,33,2,23273530
30,30,2,23276523
21,8,2,23280950
20,8,1,23283231
55,13,1,23284238
25,30,2,23284750
56,30,1,23291223
29,30,3,23292796
24,30,2,23294270
43,31,0,23294391
20,8,3,23297158
21,9,0,23297160
21,31,0,23297772
8,31,3,23298270
45,30,1,23300628
58,30,3,23300987
32,30,3,23302204
31,30,3,23304424
57,13,1,23305126
58,14,2,23305474
44,31,2,23305552
54,14,3,23307615
53,14,3,23307835
54,15,0,23307838
5,30,0,23309232
21,8,3,23309965
22,9,0,23309966
30,30,3,23310556
62,8,3,23311837
59,14,2,23311995
1,30,0,23313270
60,33,0,23315936
1,33,0,23315981
3,12,0,23317296
1,32,3,23319422
4,32,2,23320059
21,8,1,23320762
37,30,3,23320857
38,31,0,23320859
2,32,3,23321032
58,15,0,23321796
18,9,2,23322998
61,8,3,23323507
56,31,1,23328068
55,31,2,23328501
7,32,2,23329289
38,30,1,23329829
2,32,1,23330121
34,33,3,23330648
15,10,3,23330807
11,31,0,23331871
24,30,1,23332323
55,31,1,23332336
25,30,1,23333521
33,33,3,23333956
34,34,0,23333957
33,33,2,23334035
3,32,3,23335138
4,33,0,23335139
41,31,3,23336610
53,32,3,23338395
4,11,3,23339148
5,12,0,23339149
4,12,0,23339644
7,32,3,23341895
19,31,3,23343729
9,32,2,23343917
39,33,3,23343960
40,34,0,23343961
4,32,1,23344497
55,32,2,23344907
45,31,2,23345545
19,9,2,23348614
1,33,2,23349989
10,32,3,23350561
11,33,0,23350562
9,39,4,23351035
52,30,2,23351644
17,9,3,23351846
59,31,3,23352040
20,9,2,23353573
21,31,3,23354288
60,8,3,23354790
9,32,1,23354816
58,14,1,23355042
34,33,1,23355898
37,31,2,23356063
45,31,1,23357115
3,33,3,23357870
4,34,0,23357871
1,33,3,23358564
30,31,3,23359199
46,31,1,23359769
1,46,1,23359920
24,31,2,23360216
33,33,1,23360340
32,31,3,23360578
60,14,3,23361379
61,15,0,23361380
40,31,3,23361870
7,32,1,23362815
29,31,3,23363093
13,33,0,23363475
6,33,3,23364515
51,15,3,23364559
2,33,3,23364723
3,34,0,23364724
5,11,3,23365322
6,12,0,23365323
61,27,3,23365449
62,28,0,23365451
1,33,1,23365457
4,33,3,23365471
5,34,0,23365473
62,36,3,23367136
63,37,0,23367137
53,16,0,23367823
5,33,3,23368188
6,33,2,23368683
5,33,2,23369483
61,35,0,23369647
35,34,3,23369696
16,14,3,23370001
17,15,0,23370003
30,31,2,23370597
58,36,0,23370978
24,31,1,23371209
30,31,1,23371662
17,21,0,23371673
34,34,3,23371816
8,33,2,23372928
1,39,3,23373224
7,33,3,23373761
8,34,0,23373762
15,4,3,23374144
19,9,3,23374581
20,10,0,23374582
5,33,1,23375197
1,34,3,23375787
32,34,2,23376610
39,33,0,23376816
6,33,1,23377400
9,33,2,23377402
45,32,3,23378687
46,33,0,23378688
8,33,1,23379301
19,9,1,23380415
9,33,3,23380516
58,34,3,23381977
59,35,0,23381978
10,33,3,23382237
61,9,3,23383259
41,32,2,23383408
45,32,2,23383459
20,9,3,23383848
21,10,0,23383849
54,15,3,23384620
55,16,0,23384621
62,32,3,23385590
63,33,0,23385591
14,11,2,23385899
9,33,1,23386087
2,34,3,23386411
44,6,0,23386901
4,34,3,23387931
5,35,0,23387934
12,33,3,23388651
13,34,0,23388652
11,33,3,23389037
12,34,0,23389038
11,33,1,23389420
3,34,3,23390893
5,34,2,23391263
23,32,2,23391549
4,34,2,23392526
29,32,2,23392941
2,34,1,23393071
32,34,1,23393154
58,15,3,23393257
45,32,1,23394529
5,34,3,23394565
37,32,2,23395092
28,32,3,23395574
7,34,3,23396080
3,34,1,23396749
30,32,2,23397030
2,30,2,23397234
46,32,1,23397435
6,34,3,23398859
4,34,1,23399116
21,9,3,23399491
22,10,0,23399493
4,30,2,23399598
7,34,2,23399763
13,33,3,23399814
14,34,0,23399816
60,9,2,23400112
20,9,1,23401960
59,15,3,23402042
60,16,0,23402043
41,33,0,23402093
2,35,2,23402122
29,32,3,23402203
30,33,0,23402204
34,34,1,23402452
31,32,3,23403047
32,33,0,23403048
10,34,2,23403103
8,34,2,23403143
5,34,1,23403221
30,32,3,23403676
1,35,2,23406114
40,34,2,23407028
54,33,3,23407258
8,34,1,23408666
37,32,1,23409929
33,35,3,23410512
34,36,0,23410513
26,8,0,23410517
33,35,2,23410958
35,35,3,23410960
1,35,1,23411589
10,34,3,23411608
3,35,2,23411653
59,15,1,23411962
60,9,1,23412507
16,10,3,23412528
31,35,2,23412643
15,11,3,23413595
40,34,1,23413903
2,35,1,23414152
62,9,1,23414519
11,34,3,23414543
12,35,0,23414545
24,32,1,23414737
41,32,3,23415231
59,33,3,23415299
60,34,0,23415300
59,33,2,23415472
45,33,2,23415513
11,34,1,23415670
17,10,3,23416445
18,11,0,23416447
36,33,2,23416703
30,11,3,23417374
31,12,0,23417376
39,32,3,23417704
9,34,1,23417751
16,17,3,23417767
18,10,2,23418272
12,34,3,23418379
57,35,2,23418944
61,9,1,23419944
62,9,3,23420396
53,17,0,23420721
58,33,2,23421414
10,34,1,23421608
49,12,0,23421621
7,2,0,23422879
3,35,1,23423291
56,33,3,23423373
1,37,0,23424010
55,32,0,23424329
3,35,3,23424628
54,17,0,23424896
1,30,1,23425227
4,35,3,23425741
55,17,0,23425864
63,35,0,23426379
26,35,0,23427509
56,35,2,23427538
14,11,1,23428331
55,16,3,23428538
56,17,0,23428539
7,35,2,23428579
45,33,1,23428734
20,20,1,23428908
34,35,1,23429598
55,4,2,23429696
59,36,3,23429993
60,37,0,23429996
6,35,3,23430205
23,9,1,23430853
3,12,3,23431344
4,13,0,23431346
60,10,3,23431574
16,4,3,23431913
17,5,0,23431914
5,35,3,23432366
40,33,3,23432441
2,30,1,23433276
7,35,1,23433380
1,36,2,23433395
30,33,3,23433425
18,10,3,23433764
19,11,0,23433766
7,35,3,23433771
29,33,3,23433784
8,35,2,23434494
34,36,3,23434743
58,33,1,23435056
19,10,2,23435376
45,34,3,23435764
35,36,3,23435805
2,36,3,23435868
3,37,0,23435870
23,33,2,23436187
3,13,0,23436923
1,36,1,23437393
60,10,2,23437479
58,16,3,23437533
59,17,0,23437534
2,36,2,23438317
18,10,1,23438919
37,34,3,23439183
61,10,2,23439689
9,35,3,23440223
59,16,3,23440727
60,17,0,23440728
4,12,3,23441295
5,13,0,23441296
34,36,2,23441923
57,34,3,23442644
58,35,0,23442645
15,35,0,23442785
38,35,3,23443369
39,36,0,23443371
44,34,2,23444127
11,35,3,23444528
63,36,0,23445146
33,36,2,23445203
60,16,3,23445899
61,17,0,23445901
56,34,3,23447640
57,35,0,23447641
2,36,1,23447965
23,33,1,23447978
58,37,4,23448035
56,35,1,23448132
19,10,1,23448252
62,23,4,23448254
6,36,2,23448981
57,34,2,23449616
62,24,4,23449912
30,33,1,23450470
6,36,3,23451301
35,1,0,23451307
4,36,2,23451541
1,37,2,23452553
6,12,2,23453301
7,36,3,23453358
37,35,0,23453740
4,25,2,23453849
60,16,1,23454334
34,36,1,23454669
60,31,0,23454803
60,10,1,23454983
4,36,1,23455388
21,16,2,23455855
59,34,1,23457000
20,10,3,23457098
21,11,0,23457099
23,14,3,23457251
22,10,2,23457539
59,10,2,23459108
61,11,3,23459363
62,12,0,23459364
27,34,3,23459509
44,34,1,23459958
8,36,3,23460110
20,10,1,23460628
61,10,1,23461461
22,34,2,23461486
55,24,3,23461703
56,25,0,23461704
56,32,2,23461809
51,17,2,23461847
3,37,3,23462511
52,17,2,23462603
29,34,3,23463311
30,35,0,23463312
12,12,3,23463318
13,13,0,23463319
55,32,3,23463416
56,33,0,23463417
30,34,3,23463441
3,37,2,23463495
10,36,2,23463609
9,36,3,23463773
31,34,3,23464041
32,35,0,23464042
29,34,2,23464349
51,17,3,23464356
6,36,1,23464823
57,34,1,23465158
1,31,2,23465660
1,37,1,23465886
52,17,3,23466073
21,10,3,23466514
22,11,0,23466516
4,37,2,23467043
1,37,3,23468071
2,38,0,23468072
13,12,2,23468375
33,37,2,23468602
57,35,3,23468629
20,21,3,23468790
44,35,2,23469441
3,37,1,23469703
58,35,2,23469879
16,11,3,23469881
17,12,0,23469882
11,36,3,23469888
12,37,0,23469889
53,17,3,23470040
54,18,0,23470041
10,36,1,23470171
5,37,2,23470440
34,37,2,23470657
4,37,3,23471396
34,38,0,23471960
56,37,2,23472003
34,37,1,23472428
23,26,2,23472743
31,37,3,23472879
59,11,2,23472921
40,35,0,23474966
6,12,1,23475520
35,34,1,23475624
14,12,3,23475755
22,10,1,23475765
13,27,1,23475978
56,17,3,23476992
29,34,1,23477696
60,35,1,23478359
42,20,0,23478643
12,36,1,23478694
51,17,1,23479333
38,1,1,23479461
13,36,3,23479992
1,38,2,23480167
9,37,2,23480566
1,38,1,23481240
18,11,2,23481310
13,28,1,23481314
43,19,0,23481338
60,11,2,23481638
58,38,3,23481670
52,17,1,23481813
13,28,4,23482166
23,10,1,23482189
59,17,3,23482682
44,35,1,23482883
56,37,1,23483101
17,11,3,23483268
7,12,1,23483618
57,35,1,23484008
12,36,3,23484189
1,48,0,23484449
13,25,1,23484723
5,12,3,23485025
54,17,1,23485124
48,36,3,23485325
62,37,3,23485507
9,37,3,23485554
56,32,1,23485714
35,35,2,23485727
57,32,3,23485889
58,33,0,23485890
61,24,2,23486065
4,38,3,23486549
36,38,3,23486662
30,35,3,23486680
31,36,0,23486681
37,2,2,23486794
60,37,0,23487011
61,22,7,23487060
5,37,1,23487122
29,35,3,23487193
7,37,3,23487278
1,39,0,23487326
58,35,1,23488026
31,35,3,23488230
28,35,2,23488300
46,36,3,23489264
47,37,0,23489265
54,41,5,23489266
4,38,2,23489640
13,27,4,23490113
11,37,2,23490782
57,36,3,23491013
9,37,1,23491036
4,38,1,23491054
13,26,4,23491744
60,12,3,23491857
39,35,3,23491927
28,35,3,23492781
43,36,3,23493735
26,35,3,23494034
29,35,2,23494215
60,11,1,23494353
13,23,1,23494357
18,11,3,23494847
19,12,0,23494849
10,37,3,23495913
11,38,0,23495915
55,38,2,23496279
59,11,1,23496355
15,36,1,23496861
43,36,2,23497000
11,37,1,23497098
61,17,3,23497364
62,18,0,23497365
57,36,2,23498682
44,7,3,23499292
45,8,0,23499293
1,44,3,23499401
2,45,0,23499402
54,41,6,23499603
20,11,2,23499813
7,38,2,23499905
6,13,3,23499906
7,14,0,23499908
6,13,0,23499909
35,35,1,23500082
5,38,1,23500162
45,33,0,23500583
56,36,2,23500957
48,20,3,23500966
3,39,2,23501046
33,36,3,23501760
44,36,1,23501879
19,11,3,23502232
20,12,0,23502233
34,1,3,23502305
42,18,1,23502638
51,18,3,23503131
30,30,4,23503561
18,11,1,23503851
1,39,3,23504001
2,40,0,23504002
51,18,2,23504139
5,38,3,23505099
6,39,0,23505100
54,6,3,23505199
55,7,0,23505200
29,35,1,23505495
52,18,3,23505953
12,29,2,23506079
29,14,2,23507138
50,38,0,23507373
59,12,2,23507635
2,39,3,23507651
3,40,0,23507653
57,36,1,23507672
23,26,1,23507764
28,35,1,23507786
13,24,4,23507813
8,38,3,23508258
9,39,0,23508259
53,18,3,23508369
59,10,1,23508480
60,13,0,23508839
55,38,1,23509882
31,36,3,23509967
12,32,0,23510582
53,33,2,23510726
23,28,4,23511269
9,38,2,23511586
21,11,2,23511637
60,12,2,23512879
36,39,6,23513676
3,39,1,23514199
2,44,3,23514391
3,45,0,23514392
55,33,2,23514543
47,37,3,23514545
57,18,3,23515667
29,36,3,23515690
22,11,3,23515787
23,12,0,23515788
57,37,2,23515812
7,38,1,23516001
34,36,2,23516033
13,23,4,23516619
10,38,2,23517463
6,39,2,23517822
55,39,2,23518301
51,18,1,23518603
28,36,2,23518860
61,18,2,23518966
9,38,3,23518987
10,39,0,23518989
4,39,2,23518997
22,11,2,23519646
59,12,1,23519924
39,36,1,23520123
13,20,1,23520228
13,22,4,23520533
11,24,1,23520766
56,37,2,23520877
28,36,3,23521111
2,13,3,23521154
30,36,3,23521359
31,37,0,23521360
59,37,1,23521651
4,39,1,23521732
10,38,1,23521900
10,43,0,23522014
12,28,2,23522380
12,30,1,23522945
61,23,7,23523158
60,38,3,23523223
61,39,0,23523225
21,11,1,23523305
5,39,3,23523821
9,38,1,23524430
20,11,1,23524684
4,13,3,23524829
10,38,3,23525338
11,38,3,23525358
12,39,0,23525359
61,38,2,23525767
1,40,3,23525950
1,41,0,23526073
8,43,2,23526078
50,7,3,23526091
4,13,2,23526295
27,36,2,23526560
34,36,1,23526862
3,13,3,23527568
4,14,0,23527570
47,38,3,23527619
48,39,0,23527620
57,34,0,23527886
2,40,2,23528861
45,8,2,23529582
60,12,1,23529725
3,40,3,23529767
2,40,1,23530660
26,36,3,23531304
27,37,0,23531305
7,39,3,23531656
8,39,2,23531715
37,36,3,23531978
38,37,0,23531980
12,28,7,23532046
27,36,3,23532264
12,27,7,23532435
3,40,2,23532458
56,37,1,23532479
34,37,3,23532591
5,13,2,23532653
6,39,1,23532987
2,40,3,23533920
46,18,3,23534466
47,19,0,23534469
29,31,2,23534642
54,41,3,23534656
12,26,2,23535120
6,13,2,23535623
27,36,1,23536030
33,37,3,23536214
46,39,0,23536622
58,11,2,23537298
60,14,0,23537428
7,33,0,23538572
56,38,3,23538593
57,39,0,23538595
3,40,1,23538849
29,30,2,23539624
48,13,1,23539887
58,13,2,23540628
29,36,1,23541332
9,39,2,23542071
61,24,1,23542221
34,37,2,23542462
22,11,1,23543059
3,45,3,23543346
4,46,0,23543347
9,39,1,23543856
14,13,3,23544003
15,14,0,23544004
44,38,1,23544398
58,12,2,23544474
28,36,1,23544712
1,41,2,23545044
51,19,2,23545336
29,17,2,23545398
60,13,3,23545658
32,37,3,23545899
33,38,0,23545900
13,12,1,23545946
12,25,2,23546078
1,41,3,23546770
14,13,2,23546808
45,8,1,23546916
50,19,3,23547448
51,20,0,23547450
27,37,3,23548002
28,38,0,23548003
12,26,7,23548063
23,11,1,23548113
29,37,3,23548150
30,38,0,23548152
5,40,3,23548410
5,40,2,23548498
1,41,1,23548594
46,8,3,23548782
47,9,0,23548784
29,17,1,23548829
15,12,3,23549031
16,13,0,23549032
16,12,3,23549049
17,13,0,23549051
25,37,3,23549289
26,38,0,23549290
2,41,2,23549325
59,13,2,23549452
2,37,0,23550570
12,24,2,23551058
59,14,0,23551183
53,34,2,23551426
20,40,0,23551445
23,39,0,23551581
6,40,1,23551617
17,12,3,23551653
31,37,3,23551796
32,38,0,23551797
59,45,0,23552262
26,37,2,23552303
5,40,1,23552524
30,37,3,23552666
42,38,2,23553498
4,40,3,23554236
5,41,0,23554237
51,40,0,23554253
12,23,2,23554997
45,18,3,23555001
46,19,0,23555003
32,37,1,23556382
2,41,3,23556723
28,37,2,23557698
12,25,7,23558612
58,19,3,23558614
10,25,2,23559183
46,40,0,23559535
58,39,2,23559798
51,8,3,23559939
52,9,0,23559941
49,35,0,23560426
42,38,1,23561651
12,24,7,23561769
13,18,4,23561872
4,41,2,23562086
27,37,2,23562096
26,37,1,23562993
4,41,1,23563029
18,12,3,23564716
19,13,0,23564717
56,40,0,23564847
14,13,1,23565711
61,40,1,23565901
20,12,2,23566509
6,45,1,23566785
5,41,2,23566797
9,44,3,23566829
59,13,1,23566837
11,15,4,23566865
19,12,3,23567090
20,13,0,23567091
2,41,1,23567122
14,26,2,23567128
41,22,0,23567143
8,40,2,23567589
10,41,0,23567743
57,34,3,23569226
58,35,0,23569227
1,37,1,23569343
4,46,3,23569397
5,47,0,23569399
47,14,2,23571855
3,41,3,23572559
22,41,0,23572638
12,31,4,23573174
7,46,0,23574000
55,41,3,23574093
56,42,0,23574095
44,9,2,23574116
6,41,3,23574809
6,13,1,23574827
10,14,7,23574862
53,19,3,23575763
54,20,0,23575764
13,13,1,23575831
7,25,0,23576256
10,40,3,23576353
5,41,1,23576363
7,13,1,23576371
4,41,3,23577428
12,22,7,23577526
47,19,3,23578029
48,20,0,23578031
30,38,3,23578627
5,41,3,23579002
12,23,7,23579650
5,13,1,23579750
9,40,1,23579993
20,12,3,23580223
21,13,0,23580224
22,12,2,23580532
59,14,3,23581230
31,38,2,23581564
8,40,1,23581706
21,12,2,23581836
28,38,2,23582278
7,41,2,23582654
28,37,1,23583033
21,12,3,23583136
22,13,0,23583137
6,37,1,23583609
27,38,3,23584067
28,39,0,23584069
12,30,4,23584225
3,42,3,23584387
4,43,0,23584388
58,14,2,23585326
5,46,2,23585707
49,28,0,23585778
2,42,3,23585870
3,43,0,23585871
31,38,1,23586038
4,42,2,23586117
60,41,2,23586162
55,39,1,23586298
5,46,1,23586943
58,19,2,23587110
27,38,2,23587382
58,40,2,23588014
11,40,3,23588325
6,46,2,23588544
4,26,1,23588719
22,30,4,23589220
25,38,3,23589357
8,41,2,23589524
25,38,2,23590114
50,40,1,23590299
9,41,2,23590726
27,38,1,23591043
7,41,1,23591222
28,38,3,23591584
12,21,2,23591898
62,42,2,23592171
29,31,1,23592704
48,14,1,23593100
12,29,4,23593314
10,30,1,23593897
20,12,1,23594125
16,23,3,23595506
12,13,2,23596258
8,41,1,23596260
58,12,1,23596390
4,42,3,23596962
12,40,3,23597836
13,41,0,23597837
59,14,2,23597889
5,39,0,23599540
51,21,0,23599696
6,46,1,23599703
29,32,1,23599762
28,38,1,23600233
54,40,2,23600495
38,38,1,23600616
53,40,3,23600692
54,41,0,23600693
1,44,0,23601256
58,40,1,23601659
54,20,3,23601789
55,21,0,23601790
7,42,2,23602047
4,38,2,23602170
47,9,3,23602800
48,10,0,23602801
16,17,1,23602948
9,41,1,23603010
12,28,4,23603259
49,41,2,23605255
4,42,1,23605300
53,34,1,23605673
58,19,1,23606510
21,12,1,23606607
44,9,1,23606958
54,35,2,23606993
6,42,3,23607136
6,38,2,23607285
46,19,3,23607305
53,35,3,23607378
12,21,7,23608679
62,42,1,23608824
28,39,3,23609156
1,19,7,23609385
15,13,3,23610337
16,14,0,23610338
29,39,2,23611758
2,40,0,23611939
26,39,2,23612036
30,39,2,23612223
14,40,1,23612388
13,14,2,23612741
7,42,1,23613074
60,43,0,23613419
22,12,1,23613946
20,33,0,23614074
59,15,3,23614239
60,16,0,23614240
59,14,1,23615534
58,14,1,23615864
5,38,2,23615876
23,12,1,23616135
8,42,2,23616167
52,35,2,23617619
54,46,0,23617629
4,14,2,23618659
12,25,1,23618968
24,39,3,23619387
27,39,2,23620721
4,38,1,23620865
59,20,3,23621136
10,41,3,23621327
16,13,3,23621657
17,14,0,23621658
38,1,3,23622004
52,9,3,23622486
53,10,0,23622487
5,42,3,23623067
8,42,1,23623100
2,48,3,23624154
29,31,4,23624183
4,14,3,23624580
5,15,0,23624581
9,41,3,23624776
39,39,2,23625092
5,47,3,23625480
6,43,2,23625850
29,30,1,23625853
53,9,3,23625884
54,10,0,23625886
55,35,1,23626397
58,13,1,23626938
4,43,3,23627044
42,42,0,23628228
61,21,0,23628429
47,15,2,23628676
30,39,1,23629512
17,13,3,23629843
4,27,3,23630598
5,28,0,23630599
12,13,1,23631436
3,14,3,23631591
4,15,0,23631592
3,48,3,23632977
9,42,1,23633049
14,14,3,23633314
15,15,0,23633315
27,39,1,23634147
5,43,3,23635037
6,44,0,23635038
12,41,3,23635362
13,42,0,23635364
18,33,3,23635840
6,38,1,23635923
5,14,2,23637097
11,41,3,23637189
19,39,0,23637449
49,43,0,23637615
29,39,1,23637735
34,13,0,23637742
1,28,0,23637753
6,43,1,23638314
42,40,3,23638538
43,41,0,23638539
6,14,2,23638570
1,22,4,23638613
54,35,1,23639124
19,13,2,23639970
48,32,2,23640435
6,43,3,23640572
16,32,3,23640748
13,41,2,23640754
55,9,3,23641247
13,41,1,23641495
5,38,1,23642087
59,16,0,23642269
18,13,3,23642827
35,34,1,23644376
47,37,3,23645779
48,38,0,23645780
3,44,3,23645907
4,45,0,23645908
21,13,2,23646556
13,39,2,23647061
12,40,0,23647420
20,13,2,23648590
58,15,2,23648963
22,13,2,23649586
30,37,2,23649797
5,44,2,23650127
13,41,3,23650735
14,42,0,23650736
13,14,1,23651184
12,42,2,23651457
35,36,0,23651764
12,26,4,23651941
19,13,3,23652854
20,14,0,23652855
20,13,3,23653850
8,22,6,23654873
55,41,1,23655407
58,35,0,23655486
26,39,1,23655656
11,42,3,23656492
12,43,0,23656493
1,40,2,23656633
28,40,2,23657465
17,13,1,23658125
57,13,2,23658419
3,39,2,23658661
11,40,0,23659105
54,9,1,23659430
55,13,7,23660186
29,40,2,23660319
4,14,1,23661156
27,40,2,23661826
15,41,1,23664243
18,19,3,23664373
19,20,0,23664374
3,40,0,23665580
1,50,1,23666127
52,43,0,23667211
1,41,0,23668647
12,14,2,23669121
25,40,2,23669671
5,44,1,23670924
6,39,2,23670972
3,49,3,23671029
4,50,0,23671030
47,15,1,23672287
58,15,1,23672375
28,40,1,23672525
11,30,7,23673393
29,40,1,23673820
17,41,2,23674501
5,14,1,23674553
26,40,2,23674635
25,40,3,23676237
26,41,0,23676239
12,42,3,23676428
13,43,0,23676429
19,13,1,23678095
20,13,1,23678228
54,42,2,23678245
1,46,0,23679220
6,14,1,23679779
47,23,3,23680249
25,40,1,23680437
53,42,3,23680657
5,39,2,23680844
13,39,1,23681666
4,39,2,23682606
58,43,3,23682931
59,44,0,23682933
1,47,0,23683383
7,14,1,23684222
4,45,2,23684432
7,50,0,23685196
1,40,1,23689505
37,11,3,23690065
9,31,2,23690158
12,42,1,23691023
4,40,0,23692467
50,10,3,23693392
51,11,0,23693393
13,42,3,23693456
48,36,0,23693706
17,41,1,23694168
27,40,1,23694480
2,27,1,23697273
53,36,2,23699062
48,37,0,23699152
31,37,1,23700903
59,15,1,23701014
44,40,0,23701273
4,45,1,23701610
54,42,1,23702136
26,40,1,23702292
25,41,2,23703219
19,24,3,23703919
20,25,0,23703921
1,46,3,23705698
2,47,0,23705700
22,13,1,23706666
21,13,1,23707427
44,20,3,23711111
45,21,0,23711112
60,21,3,23712062
61,22,0,23712063
8,44,3,23712515
9,45,0,23712517
27,41,2,23714239
32,37,1,23714826
24,41,2,23714947
5,45,3,23715779
4,39,1,23716640
15,42,3,23717608
4,45,3,23717865
4,15,2,23718336
58,16,2,23720746
23,43,0,23724262
47,16,2,23724687
28,8,5,23725884
28,41,2,23726549
14,40,2,23727846
16,42,2,23728008
15,14,3,23728754
26,41,2,23728863
44,21,0,23730097
57,16,2,23730190
51,44,2,23731104
24,41,3,23731780
2,41,0,23732089
21,42,3,23732649
22,43,0,23732651
3,45,0,23733853
3,15,3,23733994
16,42,1,23734326
13,15,3,23736877
20,44,0,23737047
28,41,1,23737115
11,40,3,23737921
12,41,0,23737922
17,14,3,23737934
18,15,0,23737935
17,42,2,23738053
47,16,1,23739305
18,24,3,23741059
19,25,0,23741060
16,14,3,23741239
15,40,2,23741370
6,39,1,23741706
29,39,3,23741748
17,42,1,23741994
31,32,4,23742641
5,39,1,23743406
54,43,2,23743726
18,14,2,23744031
14,15,3,23746079
47,16,3,23750874
5,46,3,23751584
59,33,3,23751771
60,34,0,23751772
2,15,3,23752103
58,16,1,23753407
6,15,2,23753890
12,40,3,23754064
13,41,0,23754065
15,43,2,23756147
31,38,2,23757943
13,40,2,23758233
31,30,1,23758405
5,15,2,23759507
4,15,3,23762460
5,16,0,23762462
29,30,4,23763011
12,14,1,23763654
31,31,1,23763943
19,14,2,23764754
57,15,2,23765421
1,42,0,23765507
10,45,2,23767684
54,43,1,23767690
24,42,0,23767932
20,14,2,23771281
15,21,3,23776476
15,43,1,23776734
4,51,3,23777387
57,13,1,23779314
27,41,1,23780736
57,17,2,23780999
26,41,1,23783760
10,23,0,23786512
9,21,5,23787078
5,15,3,23787684
6,16,0,23787686
13,45,0,23789549
16,43,2,23790281
15,18,1,23795192
2,40,3,23795245
3,41,0,23795246
60,22,3,23798158
61,23,0,23798160
9,21,6,23801941
9,24,3,23802322
60,18,3,23806067
61,19,0,23806068
53,44,2,23809820
38,2,3,23810733
39,3,0,23810734
14,44,2,23811030
20,19,3,23811199
16,42,3,23811217
27,42,2,23811609
16,43,1,23812209
18,14,3,23814225
57,18,3,23814228
58,19,0,23814229
3,52,3,23814980
4,53,0,23814981
1,41,3,23817648
2,42,0,23817649
20,20,3,23821061
14,44,1,23822291
11,15,2,23823385
1,48,3,23824593
4,40,2,23825653
57,16,1,23826551
22,44,3,23829251
23,45,0,23829252
57,14,2,23830308
12,30,0,23831940
4,15,1,23831959
12,45,2,23832495
1,22,1,23836130
9,40,1,23836686
30,22,3,23838694
11,15,1,23839150
58,18,3,23840989
59,19,0,23840991
47,24,3,23846062
48,25,0,23846064
16,43,3,23846173
17,44,0,23846176
60,26,3,23848716
61,27,0,23848717
1,24,0,23849602
29,24,0,23849836
10,28,0,23849847
60,27,3,23855020
3,40,3,23855946
4,41,0,23855947
12,45,1,23856913
6,16,3,23857560
7,17,0,23857561
6,5,3,23858314
31,27,0,23859640
33,26,3,23859931
9,46,3,23860235
11,33,3,23860673
12,34,0,23860675
10,18,6,23860886
49,20,0,23861701
33,27,3,23863225
11,32,3,23866271
12,33,0,23866272
24,42,3,23868317
59,17,0,23868834
48,17,3,23869428
49,18,0,23869429
12,46,0,23870719
11,30,3,23870778
12,31,0,23870779
31,29,0,23871130
37,4,1,23871468
22,28,3,23872343
31,30,0,23873428
1,54,3,23874283
2,55,0,23874284
29,31,0,23874534
29,32,0,23876064
11,31,3,23877397
12,20,3,23878129
7,19,0,23880061
6,47,3,23880354
7,48,0,23880355
31,32,0,23881890
11,27,6,23882489
11,34,3,23883758
12,35,0,23883759
29,30,0,23884700
29,29,0,23885324
15,15,3,23887287
56,17,2,23887370
1,23,0,23889624
46,19,6,23889737
31,34,0,23890037
2,41,3,23891205
3,42,0,23891206
22,39,0,23892030
31,33,0,23893486
29,33,0,23894589
29,34,0,23894855
30,34,3,23898014
31,35,0,23898015
30,36,3,23898465
31,37,0,23898467
8,44,3,23900965
9,45,0,23900967
32,11,0,23904288
58,36,1,23906605
61,18,3,23908899
5,40,2,23914866
30,37,3,23915586
31,38,0,23915587
30,17,0,23916409
30,21,0,23916652
11,46,2,23918328
61,22,3,23919074
62,23,0,23919076
5,15,1,23920036
8,44,0,23922460
31,19,5,23922819
59,48,5,23923015
61,11,0,23923491
23,25,3,23923581
31,19,3,23923850
22,44,3,23924217
29,18,3,23927741
48,18,6,23927991
62,17,5,23929181
32,19,0,23930017
32,21,0,23930843
61,17,6,23931256
31,21,5,23932877
61,28,5,23932941
18,41,3,23933631
19,42,0,23933633
11,46,1,23934068
21,20,3,23934524
1,28,0,23936210
42,32,3,23936480
62,19,3,23937766
21,19,5,23938497
50,24,0,23939916
31,23,3,23940511
32,24,0,23940513
31,22,3,23940626
30,20,0,23941053
31,24,3,23944208
31,21,3,23944606
32,22,0,23944607
1,23,5,23945946
1,18,3,23946375
2,19,0,23946376
57,19,0,23947552
59,17,3,23948242
60,18,0,23948243
30,35,6,23948347
29,26,3,23949296
30,27,0,23949297
1,22,5,23949368
62,17,6,23949418
29,22,3,23949857
30,23,0,23949858
62,18,3,23950559
2,49,3,23950904
29,24,5,23950959
30,22,0,23951190
29,23,3,23952013
30,36,6,23952961
29,19,6,23953215
29,24,3,23953481
30,25,0,23953482
27,42,1,23953927
1,20,3,23954091
2,21,0,23954093
31,28,5,23956080
31,26,5,23956516
30,37,6,23956915
62,16,5,23957591
36,5,2,23957609
12,25,2,23957868
31,25,3,23958825
32,26,0,23958826
31,27,5,23958964
19,19,5,23959575
49,18,3,23960763
50,19,0,23960764
58,43,0,23961188
31,26,3,23961348
32,27,0,23961349
7,17,5,23961362
1,23,3,23962113
2,24,0,23962115
49,19,3,23962850
50,20,0,23962851
31,29,5,23963922
1,20,5,23964049
49,18,5,23964610
31,29,3,23967371
32,30,0,23967373
29,20,6,23968253
31,28,3,23968920
30,10,5,23970589
31,30,5,23971087
60,49,3,23971776
61,50,0,23971777
31,31,5,23972292
49,17,5,23974837
31,32,5,23977782
32,14,5,23978061
31,13,0,23979217
31,31,3,23980284
31,30,3,23981295
32,31,0,23981296
57,41,6,23982123
21,20,6,23982325
18,14,1,23983552
22,42,5,23983611
62,16,6,23983838
49,40,5,23983844
31,21,6,23985363
6,26,6,23985573
48,23,5,23985927
31,19,6,23985987
2,18,0,23986524
61,45,7,23987235
22,37,3,23987269
23,38,0,23987270
60,49,5,23987994
31,23,6,23988285
31,32,3,23988504
1,24,5,23988554
31,20,6,23988717
1,21,3,23989453
2,22,0,23989454
31,34,5,23990753
60,17,3,23993325
61,18,0,23993327
31,24,6,23994039
31,33,5,23994890
1,27,5,23995439
1,25,5,23999062
31,38,3,23999331
31,25,6,23999397
6,27,6,23999859
1,24,3,24003447
2,25,0,24003448
22,39,3,24003995
23,40,0,24003996
31,34,3,24004424
22,20,3,24004942
23,21,0,24004943
49,40,6,24006308
1,20,6,24007534
9,1,3,24008358
22,19,5,24008803
31,35,3,24010057
23,44,3,24011343
31,36,5,24011797
1,22,6,24012476
32,16,5,24012826
1,26,5,24015855
48,20,3,24015963
49,21,0,24015964
59,17,6,24016183
31,27,6,24017090
31,26,6,24017719
32,17,5,24020090
32,14,3,24020184
33,15,0,24020185
62,26,3,24021324
16,10,3,24021890
17,11,0,24021891
32,15,3,24024337
49,19,6,24024354
48,18,3,24024357
49,19,0,24024358
63,26,0,24028542
32,19,3,24029642
31,37,3,24030253
32,38,0,24030255
31,39,5,24031981
31,28,6,24032073
42,38,5,24033069
30,10,6,24033890
49,18,6,24034732
31,31,6,24035846
44,26,0,24036050
32,22,5,24036778
31,29,6,24037587
31,30,6,24038170
49,17,6,24039882
12,43,7,24040515
12,17,3,24040784
13,18,0,24040785
32,20,5,24042573
31,32,6,24043172
49,18,0,24043202
18,10,6,24043420
32,18,3,24043628
33,19,0,24043629
7,25,5,24044817
41,41,2,24046062
32,21,3,24046525
60,16,5,24047908
22,13,3,24048778
23,14,0,24048779
24,27,0,24050901
2,16,3,24051710
32,23,5,24053188
32,20,3,24053807
48,18,5,24064330
31,34,6,24065143
32,22,3,24065705
32,14,6,24066945
31,33,6,24067186
1,24,6,24068670
32,23,3,24071000
33,24,0,24071002
61,49,6,24071781
50,18,5,24072522
58,43,3,24074327
22,19,3,24075112
32,24,5,24078697
46,16,2,24081235
22,42,6,24082588
50,37,6,24082760
31,36,6,24085972
32,25,5,24087901
2,22,3,24091399
3,23,0,24091400
32,24,3,24093391
50,17,5,24103318
1,25,6,24104480
2,18,3,24106137
32,26,3,24113217
33,27,0,24113218
62,28,6,24115730
32,25,3,24117311
33,26,0,24117312
31,38,6,24119917
51,17,0,24120463
50,17,3,24121202
51,18,0,24121204
32,27,3,24121495
32,27,5,24121709
1,26,6,24125709
50,18,3,24130622
32,29,5,24131322
31,39,6,24138994
32,28,5,24139237
32,17,6,24141003
10,48,0,24141489
62,49,6,24146373
57,14,1,24146460
2,25,5,24152953
10,47,2,24153241
60,16,6,24153574
32,30,5,24156367
32,29,3,24159526
15,46,0,24159762
46,44,6,24164618
10,47,1,24167519
16,44,3,24168246
1,27,6,24171552
32,31,3,24173478
1,52,0,24173750
2,19,3,24174416
15,45,3,24175118
16,46,0,24175119
17,44,3,24175487
18,45,0,24175488
32,32,5,24178748
32,20,6,24181942
32,32,3,24185173
33,33,0,24185175
2,25,3,24186071
61,15,5,24186997
8,48,3,24190166
9,49,0,24190167
25,34,0,24191374
20,23,1,24192196
32,21,6,24194210
22,41,3,24195387
1,51,3,24198509
32,22,6,24199675
7,47,5,24202767
16,15,3,24203394
42,43,0,24203659
48,10,3,24204544
48,43,2,24205448
19,24,2,24208858
32,33,5,24208881
61,15,6,24209819
19,24,1,24210460
16,44,0,24213094
16,45,3,24213400
32,33,3,24214494
13,16,3,24216120
7,49,3,24219288
32,23,6,24220230
41,19,2,24220846
4,41,3,24221953
5,42,0,24221955
7,15,1,24222146
2,20,3,24222510
3,48,0,24222606
11,47,3,24224143
20,14,3,24224789
6,15,1,24225579
48,19,6,24226007
32,35,3,24228568
33,36,0,24228569
32,35,5,24232167
17,19,5,24232206
19,14,3,24234188
12,47,3,24234708
32,24,6,24236504
19,45,2,24236676
21,14,2,24237738
3,46,1,24238385
24,37,5,24238725
32,25,6,24239089
32,37,5,24240365
3,52,0,24242108
60,22,0,24242148
43,26,3,24242686
44,27,0,24242688
15,46,3,24243027
5,51,0,24243633
15,40,1,24243793
62,11,0,24244051
17,15,3,24246962
23,45,3,24247795
51,30,0,24249131
62,22,0,24249140
57,46,3,24250745
12,48,1,24251242
2,21,3,24251521
3,22,0,24251522
39,3,3,24251796
40,4,0,24251797
16,46,3,24252885
17,47,0,24252887
11,49,2,24257690
33,14,3,24258210
33,16,5,24258300
33,16,3,24258391
34,17,0,24258392
3,52,3,24258420
32,27,6,24259112
58,38,0,24261237
12,48,3,24261263
2,25,6,24264829
23,14,3,24265402
42,38,6,24265668
32,28,6,24265954
8,50,3,24266191
9,51,0,24266193
2,24,5,24267956
50,20,1,24268851
50,17,0,24270514
2,20,6,24271646
19,45,1,24272720
32,36,3,24272841
33,37,0,24272842
32,38,5,24272976
55,37,3,24274106
56,38,0,24274107
58,40,0,24275829
38,5,2,24276780
17,9,5,24277468
33,19,5,24277995
18,45,3,24278695
19,46,0,24278696
18,46,2,24279628
33,21,5,24280058
47,14,1,24283357
1,51,2,24285654
62,14,5,24287261
50,21,3,24287674
2,26,5,24289343
18,26,0,24291269
33,20,5,24291885
17,46,3,24292617
21,14,1,24293873
44,35,0,24295497
33,19,3,24302019
34,20,0,24302020
9,35,3,24302965
39,13,0,24303845
44,48,3,24306333
62,46,1,24306796
12,41,3,24307251
13,42,0,24307253
10,2,3,24308343
11,3,0,24308344
10,35,3,24311430
11,36,0,24311431
25,38,0,24311843
32,30,6,24312578
22,22,0,24313368
22,14,1,24313764
2,54,3,24316913
3,55,0,24316914
33,20,3,24322358
34,21,0,24322359
14,41,2,24323348
47,45,0,24324222
10,27,3,24324532
5,8,0,24329762
16,47,3,24329850
17,48,0,24329851
4,16,3,24331084
5,17,0,24331085
1,52,3,24332419
32,29,6,24332528
19,46,3,24333014
61,22,2,24342060
33,23,5,24342095
3,16,3,24343211
4,17,0,24343212
62,47,2,24345875
61,47,2,24345995
9,49,3,24346141
10,50,0,24346143
15,48,3,24348561
16,49,0,24348562
15,41,3,24351639
16,42,0,24351640
21,45,3,24354651
46,48,0,24355806
49,18,3,24356559
50,19,0,24356560
49,46,3,24356698
50,47,0,24356700
33,24,5,24358241
33,22,5,24360156
42,3,1,24362322
10,45,1,24365786
62,47,1,24368816
39,12,3,24372198
49,17,3,24374063
50,18,0,24374064
1,56,0,24375059
8,41,3,24378084
62,37,0,24381927
48,46,2,24382037
15,41,2,24397757
32,32,6,24400548
61,48,0,24475664
50,22,0,24479801
46,50,0,24515863
57,17,1,24518691
10,16,2,24519236
13,49,3,24522594
40,12,3,24523788
48,21,2,24524993
62,22,1,24525375
19,42,1,24528799
57,39,0,24534942
17,44,0,24535495
33,21,3,24536614
34,22,0,24536615
57,40,3,24538145
58,41,0,24538146
9,46,2,24539370
61,47,1,24555190
21,49,0,24568523
18,22,3,24571436
19,23,0,24571437
12,29,2,24574251
32,30,3,24576392
45,49,0,24582332
9,41,1,24589704
25,20,0,24592864
56,41,2,24602021
10,16,1,24616506
24,36,1,24620728
50,11,1,24622256
1,51,4,24641542
33,15,3,24641959
37,38,0,24646960
50,21,4,24653131
11,32,2,24665406
19,24,3,24666554
24,44,1,24667631
50,17,1,24667690
9,46,0,24670774
23,45,2,24670845
9,17,2,24679880
18,46,5,24686613
15,44,6,24690121
14,42,0,24697282
18,46,6,24702678
4,52,4,24707497
13,42,0,24709939
23,37,2,24713406
33,8,2,24714921
1,42,5,24724766
13,48,7,24725010
23,45,1,24727932
7,52,4,24728639
4,45,7,24734593
7,42,5,24741626
13,48,4,24743936
19,45,7,24757884
7,35,4,24759662
6,51,7,24763744
18,46,4,24764163
1,42,6,24776885
12,47,7,24793209
4,45,4,24795306
30,36,2,24795685
17,46,4,24795909
1,43,4,24806603
60,47,5,24808840
48,12,3,24809553
17,45,6,24813415
11,35,4,24816821
10,35,4,24828168
6,51,4,24847817
4,45,6,24859744
19,45,4,24866750
12,47,4,24883147
18,22,0,24896193
61,16,1,24899583
60,17,2,24906700
11,29,2,24907065
22,20,2,24913924
30,35,7,24925777
61,50,5,24957446
49,20,7,24959593
32,32,2,24965005
10,47,7,24965006
30,37,1,24967565
31,12,5,24974491
23,37,1,24978339
9,17,1,24986454
23,42,5,24991970
32,31,2,24994451
30,36,1,24998490
30,32,7,24999146
30,39,4,25001392
8,23,1,25003064
22,42,5,25006090
9,47,7,25007817
16,45,7,25011090
31,20,2,25021187
62,35,7,25021663
24,19,0,25021838
32,30,2,25027138
2,24,7,25028394
56,46,5,25028531
10,45,4,25028562
62,29,2,25031733
49,19,4,25033271
32,27,2,25037733
32,28,2,25037975
14,22,4,25040147
33,24,1,25040591
30,35,1,25043039
31,19,2,25044091
62,29,7,25044512
2,24,1,25045257
62,30,7,25046736
6,57,3,25050469
49,20,4,25050544
30,16,5,25056930
62,28,7,25057388
11,44,7,25057749
62,18,7,25061721
9,45,4,25061903
33,22,1,25064534
62,18,4,25068220
6,45,6,25074854
15,51,1,25076300
8,18,2,25081254
16,15,5,25084979
10,34,7,25087100
10,47,4,25087524
33,21,1,25096920
56,46,6,25097629
30,35,4,25099091
30,34,1,25101217
8,44,5,25105446
11,46,7,25107038
30,36,4,25108528
50,19,2,25112521
30,33,1,25115848
30,27,2,25118240
58,43,7,25121337
2,22,7,25125638
62,27,7,25131596
30,16,6,25133153
59,17,7,25138133
33,19,1,25139453
48,18,7,25140213
14,21,4,25140901
8,21,1,25141706
9,44,7,25142686
31,20,1,25145352
33,20,4,25146359
30,32,1,25146392
62,35,4,25150868
62,27,4,25151694
62,30,4,25154725
62,28,1,25155521
30,26,2,25155954
2,20,2,25159074
30,27,7,25161992
54,47,4,25164919
11,44,4,25165313
27,40,7,25167801
59,18,4,25168760
62,28,4,25172885
29,37,2,25176175
7,44,5,25177375
9,46,6,25179847
8,44,6,25180461
46,44,7,25188988
46,44,4,25193319
30,34,4,25194444
31,16,7,25194524
30,31,1,25204551
14,44,5,25204982
61,18,7,25205303
9,46,7,25207172
51,46,0,25209499
30,25,2,25213416
62,23,0,25221910
24,16,2,25224389
11,46,4,25227217
54,38,4,25230017
43,43,0,25230843
31,18,1,25231423
53,45,4,25232425
50,44,7,25233142
9,43,5,25234212
44,43,7,25237161
10,45,5,25239214
31,19,1,25241344
45,43,7,25243975
9,43,6,25244116
28,40,4,25245435
52,44,7,25245443
10,43,7,25245713
3,42,6,25247487
9,47,4,25253921
10,45,6,25255274
8,46,7,25259755
49,21,7,25261401
9,46,4,25263302
44,43,4,25273695
55,38,4,25273795
55,30,4,25274082
3,45,7,25274147
17,41,6,25274815
50,44,4,25275220
3,45,4,25277369
57,22,5,25278302
1,40,0,25282128
38,40,3,25284468
39,41,0,25284469
57,22,7,25284841
10,45,7,25285127
16,41,4,25286237
57,46,2,25287880
11,44,5,25288181
42,37,7,25288412
23,36,4,25292126
18,40,5,25295453
9,45,7,25295958
4,41,5,25298299
16,19,6,25299213
11,44,6,25302085
15,41,6,25302760
6,40,4,25305486
22,40,5,25306863
16,15,6,25309302
18,40,6,25311009
13,44,4,25315086
61,34,7,25315580
61,18,4,25317112
45,44,6,25323001
28,39,7,25323699
57,22,6,25324026
55,44,6,25324739
61,17,7,25325681
53,40,7,25325758
59,15,6,25326009
33,15,1,25326669
54,22,4,25326852
10,45,4,25327919
13,43,7,25328169
45,42,5,25328310
58,22,4,25329328
55,22,4,25330034
60,15,4,25330998
52,22,4,25331502
42,37,4,25333271
1,42,4,25333552
54,39,7,25333875
50,21,0,25334097
25,40,4,25334198
22,14,5,25334624
51,43,6,25335675
19,39,5,25336183
27,39,7,25336947
59,15,4,25337427
12,43,7,25341252
5,28,7,25342584
18,21,3,25342833
16,40,5,25344384
55,39,7,25344852
30,26,7,25345325
9,34,7,25345801
5,16,6,25346334
49,16,7,25347862
17,24,7,25348242
5,39,5,25348247
4,28,7,25349795
9,45,4,25350652
29,39,4,25351104
55,37,4,25351341
11,44,4,25352932
26,39,6,25354004
10,44,4,25354524
50,42,6,25354644
9,44,7,25356372
9,44,4,25357135
16,40,6,25357561
60,17,7,25358046
21,14,7,25358730
28,39,4,25358775
22,39,5,25359909
52,42,5,25360863
20,14,7,25360871
11,47,0,25361617
12,43,4,25363164
50,20,4,25363178
54,37,6,25364354
15,40,6,25365087
8,43,7,25365534
15,42,4,25365688
18,39,6,25366172
19,39,7,25368352
47,38,7,25368579
27,39,4,25368720
4,16,4,25369774
37,6,5,25369961
52,21,7,25371280
7,34,4,25372132
17,39,5,25372346
57,21,7,25372475
19,14,7,25373226
17,14,5,25373703
60,14,5,25373716
16,15,7,25374307
3,41,5,25374996
55,39,4,25375268
22,14,6,25375589
3,45,4,25378100
18,14,7,25378535
60,17,4,25378579
10,34,4,25379396
61,17,4,25379560
5,39,6,25379694
16,39,5,25380132
24,17,7,25381297
28,38,7,25382188
19,38,5,25383047
3,41,6,25383307
15,15,7,25385178
8,45,7,25385233
27,38,5,25386634
11,42,7,25386979
18,24,0,25387022
52,41,7,25387031
31,11,7,25387374
29,38,7,25387541
17,39,6,25387562
31,20,4,25388406
62,14,7,25389109
17,14,7,25390490
53,36,7,25390946
30,24,7,25392698
33,15,4,25394104
58,29,0,25394817
31,19,4,25397276
3,28,6,25398001
49,16,4,25398661
62,14,4,25399178
47,38,4,25399251
5,28,4,25399342
51,30,4,25399684
59,14,7,25400699
4,28,4,25402498
40,12,4,25403551
27,38,7,25403768
2,40,6,25403800
14,41,7,25404703
37,6,6,25406133
20,14,4,25408088
38,5,5,25408239
6,15,5,25408308
19,14,6,25408713
50,41,5,25409934
11,42,4,25412583
48,19,5,25415585
30,24,2,25419903
1,41,4,25430310
48,11,0,25431479
24,16,7,25431698
13,41,6,25433304
16,39,6,25433315
39,12,4,25434656
60,16,6,25445658
14,41,6,25447572
61,27,7,25449528
15,41,4,25450678
1,33,5,25454051
5,33,7,25454960
15,39,6,25456516
4,15,7,25456580
2,33,7,25458258
38,39,3,25458963
27,38,6,25460497
4,40,5,25460964
18,38,5,25461254
5,33,5,25461314
6,33,7,25462252
15,45,3,25462937
16,46,0,25462939
21,14,4,25463553
12,41,6,25466608
15,40,5,25469881
5,15,7,25470324
7,33,7,25472279
19,38,7,25472489
26,38,7,25474882
30,33,4,25474930
5,38,5,25475611
14,39,6,25475761
14,40,5,25476322
13,41,4,25476676
18,38,6,25477108
4,40,6,25477817
29,38,4,25478939
6,33,5,25479270
7,33,5,25479340
9,41,7,25479343
25,38,4,25479411
30,25,7,25480624
17,14,6,25481981
9,33,7,25482027
17,38,5,25482061
30,30,1,25482211
44,40,4,25482908
10,41,7,25483182
6,15,6,25483221
14,41,4,25484129
17,15,4,25486563
30,29,1,25488622
24,38,4,25489645
38,39,0,25490102
3,27,7,25491616
28,38,4,25492415
1,40,7,25493671
16,38,5,25494270
4,27,7,25494581
30,32,4,25495001
29,37,7,25497113
15,40,6,25497379
30,31,4,25497767
17,8,7,25498004
30,23,7,25498339
54,38,7,25498798
3,27,5,25500637
16,15,4,25500646
27,38,4,25501502
5,15,6,25501818
19,37,5,25501863
1,33,6,25502623
4,27,5,25504093
19,14,4,25504183
18,14,4,25505284
6,33,4,25506243
30,28,1,25506677
17,38,6,25506815
2,33,6,25507754
15,15,4,25508251
14,40,6,25508458
30,30,4,25508624
30,22,2,25508642
5,38,6,25509057
5,33,4,25509174
57,15,2,25509580
29,36,7,25509640
15,38,5,25510156
38,12,4,25510201
14,40,7,25510327
3,33,6,25510553
2,33,4,25514006
30,22,7,25514361
19,38,4,25514374
3,40,6,25515103
52,21,4,25518853
29,35,7,25520196
49,20,0,25520307
16,39,5,25520647
61,28,4,25521036
10,41,4,25521159
16,38,6,25521344
7,33,4,25521604
29,34,2,25522784
2,40,5,25523867
13,40,7,25524401
26,38,4,25524615
54,36,7,25525027
30,21,2,25525177
13,40,5,25525282
18,21,0,25525811
29,33,2,25525879
30,27,1,25526178
23,13,7,25526765
5,33,6,25527172
1,40,4,25527189
4,39,5,25528232
41,39,5,25528754
18,37,5,25529512
61,27,4,25529928
57,35,7,25530373
6,33,6,25530433
30,29,4,25530750
15,38,6,25532388
5,15,4,25533157
7,33,6,25533682
20,13,5,25534121
4,15,4,25534414
43,39,7,25534971
54,36,4,25535249
23,35,4,25535534
2,40,6,25536071
9,33,4,25536322
10,33,4,25536736
29,34,7,25537194
26,37,7,25537258
16,45,0,25537278
18,37,6,25537442
11,40,6,25537809
31,9,7,25538944
4,27,4,25539962
53,43,4,25540155
5,27,4,25540168
3,27,4,25540464
28,37,7,25540660
4,39,6,25542146
20,13,7,25542589
13,38,6,25543280
2,27,6,25544157
27,37,7,25545135
17,37,5,25546069
3,27,6,25546384
13,47,7,25547018
4,27,6,25547786
8,44,7,25548534
18,13,5,25548776
12,39,5,25551457
43,39,4,25552499
35,7,7,25552873
3,39,5,25553517
19,13,7,25554169
16,37,5,25554463
8,40,5,25554685
6,14,5,25555271
4,32,7,25556210
16,14,7,25556422
18,13,7,25556668
3,32,7,25556721
1,39,7,25557341
1,32,5,25557557
7,14,7,25557640
3,32,5,25557654
15,14,7,25558403
14,40,4,25558572
26,37,4,25558580
54,38,4,25559164
2,32,5,25559309
6,32,7,25559801
3,39,6,25560136
32,35,1,25560708
41,22,7,25560823
16,42,0,25561374
14,37,5,25562114
6,32,5,25562172
54,41,6,25562827
13,39,7,25563452
23,13,4,25564601
17,13,7,25564641
12,39,6,25565131
27,37,4,25565346
11,39,5,25565876
10,39,5,25566200
4,14,5,25567188
39,11,7,25567405
4,14,7,25568749
29,37,4,25568854
28,37,4,25570549
7,32,5,25570811
9,32,7,25570850
8,32,7,25570910
20,13,6,25571103
3,26,7,25571480
11,39,6,25571728
8,32,5,25572987
18,22,0,25573438
53,36,4,25573592
19,36,7,25574051
35,37,5,25574201
37,38,0,25575279
34,37,5,25576965
4,38,5,25577113
42,38,7,25577127
1,39,4,25577311
3,14,7,25577584
43,33,4,25578588
5,26,5,25578748
14,37,6,25578987
10,39,6,25579016
53,35,7,25579330
4,26,5,25579415
2,39,4,25579788
61,13,7,25580145
5,26,7,25580237
9,32,5,25580515
29,14,1,25580530
3,32,4,25580533
1,32,6,25580946
2,32,6,25581148
18,13,6,25581939
55,20,5,25581993
6,14,6,25582255
17,14,4,25583267
2,26,7,25583534
26,36,7,25583751
3,32,6,25584045
42,35,4,25584082
14,14,6,25584827
20,13,4,25584895
13,38,5,25585045
48,23,6,25585894
4,32,4,25586101
4,38,6,25589010
25,36,7,25589221
11,38,5,25589226
1,36,5,25589752
16,14,4,25590095
38,4,5,25591523
5,14,6,25592088
19,13,4,25592339
54,35,5,25592383
1,38,7,25592392
27,36,7,25593200
60,41,7,25593572
36,37,3,25593828
37,38,0,25593829
21,36,6,25594455
56,40,7,25594711
26,36,5,25594737
18,13,4,25594835
62,42,7,25595137
28,36,7,25595275
8,32,4,25595331
43,38,5,25595497
54,37,7,25595595
15,36,5,25595984
7,14,4,25596008
15,14,4,25596742
21,12,5,25597164
4,14,6,25597703
56,10,4,25598888
6,32,6,25599693
39,11,4,25600057
12,38,5,25600224
24,36,6,25602044
53,35,4,25602223
60,41,4,25603184
56,40,4,25604021
9,32,4,25604409
25,36,4,25604756
62,42,4,25605244
10,32,4,25605808
22,12,5,25606014
1,38,4,25606036
53,37,7,25606311
41,39,6,25606360
13,38,6,25608087
34,6,5,25608970
59,40,7,25609010
55,39,7,25609074
5,37,5,25609212
27,36,4,25609429
4,37,5,25611558
54,37,4,25611994
61,41,7,25612027
53,35,6,25612144
34,6,6,25612346
47,15,7,25613707
26,36,4,25613751
28,36,4,25614037
2,38,4,25614255
7,32,6,25614271
30,20,2,25614553
30,20,7,25616345
30,21,7,25616469
50,29,7,25617093
26,36,6,25617744
23,35,5,25619247
29,36,4,25620005
6,14,4,25620639
14,37,5,25620812
19,12,5,25621716
8,32,6,25622576
62,41,7,25622756
37,10,5,25623317
53,34,7,25623851
61,41,4,25623954
60,19,5,25624007
19,12,7,25625214
35,5,5,25625505
26,35,7,25625633
22,35,5,25626140
62,41,4,25626299
40,37,6,25626656
49,38,7,25627012
59,41,6,25627214
24,35,7,25627233
14,37,6,25627528
42,37,5,25627866
53,19,7,25628425
53,39,5,25628621
52,19,5,25629021
53,39,6,25629154
20,45,5,25629353
53,36,7,25630596
54,36,7,25631193
62,42,6,25631573
22,17,0,25632019
33,6,5,25632051
49,38,4,25632431
54,34,5,25633108
25,35,5,25633308
4,37,6,25633621
18,12,5,25634727
27,35,7,25636120
3,26,4,25636541
1,37,7,25637113
4,26,6,25638920
61,40,7,25639477
60,19,6,25640305
2,26,6,25640408
22,12,6,25640456
21,12,6,25640992
41,37,6,25641221
20,45,6,25641344
5,26,6,25641725
62,41,5,25641861
53,19,5,25642033
27,35,5,25642229
60,40,5,25642870
16,13,7,25643591
24,47,1,25644119
5,26,4,25644370
61,40,4,25645234
30,39,4,25645240
15,13,7,25645628
58,39,5,25645787
28,35,7,25645997
53,34,4,25646837
23,35,6,25647024
14,13,5,25647447
6,13,5,25647456
55,38,4,25647791
54,38,5,25648914
61,41,6,25649532
48,14,4,25649929
27,35,4,25650081
20,22,6,25650765
3,31,5,25651466
4,14,4,25651759
41,36,5,25651778
52,19,6,25652565
53,19,6,25652570
55,36,5,25652663
53,34,6,25652710
6,31,5,25653202
53,19,4,25653774
1,37,4,25653927
7,31,7,25654352
25,35,6,25654653
1,43,5,25654767
54,38,6,25655248
37,5,4,25655531
28,35,4,25656099
5,36,5,25656380
55,46,3,25656556
55,36,4,25656674
29,35,4,25656876
8,31,7,25658580
7,31,5,25658708
19,12,6,25659358
62,41,6,25659612
60,39,7,25659665
41,36,7,25660592
54,36,4,25662458
26,35,4,25662839
9,31,7,25663462
8,31,5,25664240
42,36,5,25664598
48,15,6,25664845
60,40,6,25665069
24,16,4,25665084
22,34,4,25665212
7,13,5,25666511
23,15,7,25666598
6,13,7,25667489
58,39,6,25667667
18,12,6,25669461
34,35,6,25669536
62,40,5,25670547
5,13,7,25671183
54,19,5,25671312
25,34,7,25671909
26,34,7,25672089
5,13,5,25672272
17,13,4,25673390
32,27,1,25673702
14,13,6,25675876
7,31,4,25675896
2,25,7,25676177
27,34,7,25676641
32,19,7,25676848
60,18,5,25677779
26,34,5,25677844
55,36,6,25678040
41,36,6,25678111
19,12,4,25678216
4,13,5,25678256
53,33,7,25678784
28,34,7,25679470
35,5,7,25679566
32,31,4,25679631
32,28,1,25679664
7,15,5,25679962
59,14,4,25680023
42,36,6,25680485
16,32,7,25680841
5,25,7,25680885
13,13,6,25681458
1,47,0,25682068
13,30,0,25682225
5,25,5,25682504
4,30,0,25682545
19,48,7,25683015
22,11,5,25683696
16,13,4,25683890
4,25,7,25684085
53,36,4,25685636
61,39,5,25685929
3,25,5,25686194
26,34,4,25686625
41,35,4,25686700
6,31,6,25687295
8,31,4,25687394
57,38,6,25687596
41,35,5,25687659
27,41,3,25688879
22,11,7,25688904
54,33,5,25689284
4,13,7,25689392
20,11,5,25689553
15,13,4,25689718
27,34,4,25690159
9,31,4,25690395
62,40,6,25691100
52,18,7,25691460
53,18,7,25691735
19,11,5,25692258
51,18,5,25692726
59,38,5,25692754
7,31,6,25692830
51,18,7,25693624
6,13,6,25694030
23,11,5,25694095
8,31,6,25694563
59,13,7,25694839
23,12,5,25696498
28,34,4,25696717
61,38,7,25697068
53,35,7,25697824
58,14,6,25697887
26,34,6,25698135
34,34,7,25699386
14,12,7,25699541
32,32,4,25700467
40,34,7,25700794
32,23,7,25701952
53,36,0,25702821
32,22,7,25703608
42,35,5,25703914
34,35,4,25703934
29,34,4,25703948
60,18,6,25704445
32,20,2,25704614
61,17,5,25704813
32,22,2,25705258
18,11,5,25705368
25,33,7,25705874
5,13,6,25705910
56,48,7,25705977
22,11,6,25706041
56,48,4,25706255
24,39,6,25706510
45,35,6,25706976
21,15,3,25707016
61,39,6,25707545
59,38,6,25709668
5,25,4,25710229
58,37,5,25710553
33,5,5,25710686
60,38,5,25710760
2,25,6,25710762
59,14,6,25711153
14,12,4,25711263
6,13,4,25711303
61,29,7,25711337
4,25,4,25711406
36,4,7,25711970
17,12,7,25712068
25,33,4,25712833
33,14,4,25712861
32,24,7,25712991
58,33,4,25713076
27,33,7,25713444
61,38,4,25713456
41,35,6,25713946
49,14,5,25714281
19,33,7,25714283
48,14,0,25714865
15,12,5,25715017
4,50,7,25715490
58,15,4,25716009
2,24,5,25716153
14,12,5,25716167
5,25,6,25716384
59,13,5,25716540
51,18,4,25717002
18,11,7,25717054
33,34,5,25717228
26,33,7,25717313
3,25,6,25717632
6,30,7,25717769
42,34,7,25718067
20,11,6,25718098
51,18,6,25718385
7,30,7,25718472
54,18,4,25718616
4,13,6,25718855
33,5,6,25719315
53,18,4,25719442
16,12,7,25719482
28,33,7,25719881
52,18,4,25719996
8,30,7,25720341
3,24,7,25721116
32,25,7,25721143
60,37,7,25722634
60,38,6,25723292
27,33,5,25723573
12,29,6,25724028
27,33,4,25724318
7,30,5,25725102
29,33,7,25725219
57,36,4,25726608
5,13,4,25726632
59,37,5,25726853
60,37,4,25727075
32,26,7,25727622
9,30,5,25727788
9,30,7,25729089
26,33,4,25729607
62,38,5,25730093
22,11,4,25730941
15,12,7,25731808
33,34,6,25732963
8,30,5,25732986
21,16,0,25732991
60,17,5,25733546
60,42,3,25733787
61,43,0,25733789
7,12,5,25734225
53,35,0,25734394
58,37,6,25734406
10,30,7,25734808
19,11,6,25734844
37,33,5,25736042
34,33,5,25736324
28,33,4,25737160
46,34,5,25738087
59,13,4,25738132
36,32,2,25738444
61,37,4,25738519
35,5,4,25738588
20,33,4,25738813
7,30,4,25739061
59,36,7,25739384
60,37,5,25739718
60,10,6,25739762
6,12,5,25739818
18,11,6,25740739
19,33,4,25740926
50,38,7,25741898
42,32,7,25742191
62,38,6,25743041
59,13,6,25743077
29,33,4,25743403
62,37,4,25743829
9,38,7,25743979
59,37,6,25744599
61,37,5,25744884
23,10,5,25745007
53,17,5,25745029
32,25,4,25746880
60,36,7,25747841
26,32,7,25748352
53,17,7,25749115
58,13,7,25750026
52,17,7,25750155
59,36,4,25750454
12,39,7,25750604
6,30,4,25750641
1,62,7,25751138
4,62,5,25751140
19,36,6,25751169
24,32,7,25751303
2,62,5,25751355
2,62,7,25751379
54,17,5,25751709
15,12,4,25751763
5,62,5,25751791
25,32,7,25751893
62,37,5,25752058
5,62,7,25752079
1,62,4,25752231
2,62,6,25752364
5,62,4,25752497
2,62,4,25752590
7,62,7,25752694
7,62,4,25752802
8,62,7,25753056
6,62,5,25753062
8,62,4,25753305
22,10,5,25753401
5,62,6,25753580
7,62,5,25753672
55,17,5,25753682
4,62,6,25753690
4,61,7,25753842
6,61,7,25753855
15,12,6,25753893
6,62,6,25753974
5,61,5,25754080
10,62,7,25754108
1,61,7,25754305
7,62,6,25754347
39,1,6,25754427
7,61,7,25754517
7,61,5,25754543
60,37,6,25754628
6,61,5,25754774
10,62,4,25754833
3,61,4,25754846
2,61,6,25754947
1,61,4,25755266
9,62,5,25755292
5,61,4,25755339
9,30,4,25755393
11,62,7,25755527
10,62,5,25755606
60,36,4,25755743
11,62,4,25755923
7,61,4,25756046
5,61,6,25756222
6,61,6,25756359
3,60,5,25756441
9,61,7,25756514
1,60,5,25756699
37,33,6,25756899
10,61,7,25757032
9,62,6,25757049
27,32,7,25757094
60,17,6,25757103
8,61,5,25757349
6,60,7,25757372
11,62,5,25757575
9,61,4,25757577
10,61,4,25757770
3,60,6,25757777
26,32,5,25757830
19,15,0,25757989
7,61,6,25758130
1,60,6,25758202
8,60,5,25758225
8,60,7,25758264
8,61,6,25758376
6,60,5,25758528
10,62,6,25758707
6,60,6,25759082
12,62,5,25759182
61,36,7,25759237
4,59,5,25759266
10,61,5,25759354
9,61,6,25759492
7,60,5,25759518
11,62,6,25759592
6,12,7,25759612
11,61,5,25759650
1,59,5,25759834
58,36,6,25759877
8,60,4,25760402
9,60,5,25760493
10,60,4,25760505
10,61,6,25760558
13,62,5,25760647
31,35,5,25760678
8,30,4,25760962
61,37,6,25760964
4,59,6,25760969
7,60,6,25760970
8,60,6,25761273
9,59,7,25761300
24,32,4,25761321
12,61,5,25761452
13,62,6,25761568
7,59,5,25761660
14,11,7,25761667
14,62,5,25761750
11,61,6,25762025
18,33,0,25762068
10,60,5,25762288
8,59,5,25762426
17,12,4,25762582
7,59,6,25762691
11,60,5,25762716
12,61,6,25762801
9,59,4,25763354
5,58,5,25763378
8,58,7,25763401
10,60,6,25763529
14,62,6,25763620
10,59,7,25763632
28,32,7,25763681
9,59,5,25763802
60,36,5,25763964
34,33,6,25764154
51,34,4,25764192
9,59,6,25764231
10,59,4,25764248
1,58,7,25764518
57,32,7,25764549
2,20,6,25764555
8,58,4,25764561
14,61,5,25764573
5,58,6,25764592
15,62,5,25764688
12,60,5,25765341
14,12,6,25765373
11,60,6,25765418
17,62,4,25765564
16,61,7,25765599
12,60,6,25765706
6,57,5,25765709
16,62,5,25765721
16,61,4,25765800
15,62,6,25765803
14,61,6,25765897
11,59,5,25765989
27,32,5,25766034
5,12,5,25766208
1,58,4,25766273
8,30,6,25766286
11,58,7,25766336
15,61,5,25766348
15,60,7,25766381
15,60,4,25766407
61,36,4,25766517
12,59,5,25766579
20,35,5,25766727
21,16,5,25766804
21,10,5,25767273
10,58,5,25767332
29,32,7,25767402
43,28,0,25767427
11,59,6,25767550
16,62,6,25767714
3,24,5,25767718
28,8,6,25767853
55,47,7,25767886
10,30,4,25768033
17,62,5,25768145
10,58,6,25768149
27,32,4,25768223
16,61,5,25768257
15,61,6,25768279
14,59,7,25768472
13,59,5,25768598
15,60,5,25768824
4,24,5,25769041
2,22,6,25769059
12,59,6,25769277
62,36,7,25769362
62,37,6,25769705
11,57,5,25769778
18,62,5,25770159
17,61,5,25770188
16,12,4,25770363
16,61,6,25770494
17,62,6,25770502
9,30,6,25770671
19,62,3,25770852
20,63,0,25770853
14,58,4,25770926
16,60,5,25771079
15,60,6,25771364
15,59,5,25771541
13,58,5,25771602
42,33,5,25772181
6,24,7,25772322
11,57,6,25772487
17,61,6,25772507
44,37,4,25772649
3,56,6,25772655
18,61,5,25772719
16,59,5,25772768
12,57,5,25773068
18,62,6,25773095
16,60,6,25773137
52,34,3,25773943
53,35,0,25773944
13,58,6,25773996
5,12,7,25774440
15,59,6,25774583
2,24,6,25774950
19,61,5,25774984
12,57,6,25775176
49,37,5,25775189
61,36,5,25775204
20,10,5,25775259
12,48,7,25775484
18,61,6,25775547
21,16,6,25775608
20,62,5,25775837
18,60,5,25775907
16,58,5,25775939
12,56,5,25776009
14,57,5,25776010
58,12,6,25776151
17,59,5,25776425
53,17,6,25776437
26,32,4,25776571
15,58,6,25776573
16,59,6,25776590
30,29,0,25777415
17,59,6,25777431
22,14,3,25777573
17,58,5,25777682
18,60,6,25777780
16,58,6,25778110
23,10,6,25778184
14,57,6,25778572
19,61,6,25778784
15,56,4,25778859
18,58,5,25779595
20,62,6,25779705
16,57,5,25780069
21,62,3,25780294
17,58,6,25780416
15,56,5,25780577
16,28,0,25780608
22,15,5,25781088
23,31,7,25781234
20,60,5,25781276
17,57,5,25781317
28,32,4,25781742
21,61,5,25781773
14,56,6,25781802
32,27,0,25781841
16,56,5,25781926
20,58,7,25782133
17,57,6,25782328
16,57,6,25782443
15,55,5,25783076
26,32,6,25783175
15,56,6,25783187
44,33,7,25783482
4,53,5,25783527
60,35,7,25783556
49,37,6,25783662
57,32,4,25783767
20,60,6,25783807
18,57,5,25783813
18,58,6,25783827
4,16,0,25784029
21,61,6,25784046
17,56,5,25784664
53,17,4,25784690
16,56,6,25784811
3,16,3,25784817
19,56,3,25785448
22,31,5,25785563
16,55,5,25785609
15,16,0,25785834
19,58,6,25786255
18,56,5,25786260
22,59,3,25786379
21,32,4,25786748
22,62,5,25786758
35,21,7,25786906
21,59,5,25786966
21,60,6,25786971
19,57,5,25787277
17,56,6,25787444
18,57,6,25787448
15,27,5,25787533
5,29,7,25787705
17,55,5,25787709
22,60,5,25787805
16,55,6,25787818
22,15,6,25788230
20,57,5,25789129
32,30,0,25789153
18,56,6,25789180
22,58,0,25789302
29,32,4,25789537
5,12,6,25789730
18,55,5,25789795
19,57,6,25789918
19,56,5,25789921
60,36,6,25789938
22,58,3,25790270
17,55,6,25790493
21,59,6,25791016
27,32,6,25791061
4,29,7,25791140
17,54,5,25791333
20,56,5,25791476
22,59,5,25791510
59,35,5,25791859
32,29,0,25792028
44,33,4,25792129
21,58,6,25792162
6,61,6,25792283
20,57,6,25792360
19,56,6,25792477
19,55,5,25792695
6,12,6,25793036
18,54,5,25793094
19,10,5,25793133
18,55,6,25793202
8,19,6,25793486
60,35,4,25793831
17,35,5,25793968
17,54,6,25794048
30,30,0,25794099
45,18,5,25794290
30,8,5,25794453
21,10,6,25794612
62,36,5,25794708
20,56,6,25794774
7,60,5,25795208
22,57,5,25795369
19,55,6,25795404
23,14,5,25795502
20,55,5,25795526
22,60,6,25795532
22,59,6,25795541
20,10,7,25795554
50,20,3,25795758
7,60,6,25795853
61,21,5,25795907
18,54,6,25796769
19,54,5,25796792
7,29,7,25797087
22,10,6,25797259
18,53,5,25797494
4,38,0,25797952
23,57,3,25798032
20,55,6,25798314
21,55,5,25798353
9,37,7,25798383
6,29,7,25798532
1,51,4,25798542
3,21,3,25798901
20,54,5,25799041
1,29,5,25799329
22,57,6,25799334
18,53,6,25799497
19,54,6,25799612
24,31,5,25799648
23,59,5,25799822
43,32,7,25799854
12,14,6,25799924
15,11,7,25800319
23,58,5,25800678
61,16,5,25800862
9,29,7,25800976
61,36,6,25801124
25,31,7,25801439
27,31,7,25801514
21,54,5,25801551
3,23,5,25801691
36,4,4,25801759
3,14,3,25801834
4,15,0,25801835
21,55,6,25801925
20,53,5,25802658
23,56,5,25802673
19,52,5,25802755
20,54,6,25802883
54,17,6,25803279
3,21,5,25803417
3,19,5,25803736
32,31,0,25803812
7,24,4,25804056
14,26,3,25804161
15,27,0,25804162
33,13,0,25804211
5,24,6,25804886
21,54,6,25805252
26,31,7,25805598
9,29,5,25805694
20,53,6,25805754
21,53,5,25806070
4,62,7,25806217
15,11,4,25806312
23,56,6,25806344
3,20,3,25806547
9,57,5,25808019
60,16,5,25808072
60,12,5,25808287
21,53,6,25808330
23,58,6,25809331
3,61,5,25809343
18,10,5,25809439
58,35,6,25809600
42,33,6,25809622
21,52,5,25809930
24,55,5,25810192
62,35,7,25810687
4,62,4,25810722
3,62,7,25810963
1,52,0,25811626
22,52,5,25812669
31,18,0,25812770
21,52,6,25812784
22,31,6,25812828
31,35,6,25812832
62,36,6,25813329
1,29,6,25813403
4,24,6,25814568
3,24,6,25815350
22,52,6,25815756
15,11,5,25815934
16,35,5,25816134
22,51,5,25816171
59,34,7,25816382
59,35,6,25816422
28,31,7,25816789
16,35,6,25816912
6,59,7,25817019
21,51,6,25817204
6,58,6,25817239
61,22,3,25817264
10,29,5,25817525
27,31,5,25817546
3,18,3,25817618
4,14,0,25817675
3,60,6,25817713
61,35,5,25818104
59,12,6,25818735
3,22,5,25818755
3,19,3,25818920
4,20,0,25818922
4,18,0,25819064
4,37,0,25819319
23,51,5,25820083
22,51,6,25820318
22,50,5,25820349
3,63,0,25820753
55,25,5,25821208
6,59,4,25821345
62,35,4,25822015
33,14,0,25822633
42,32,5,25822790
9,37,4,25823121
11,54,6,25823186
6,58,7,25823540
24,55,6,25823984
24,52,6,25824088
23,50,5,25824220
25,51,5,25824387
31,19,0,25824491
23,51,6,25824579
3,62,6,25824772
22,50,6,25824833
7,58,4,25825190
25,51,6,25825430
20,35,6,25825745
60,9,6,25825943
23,59,6,25825976
25,53,5,25826224
55,31,5,25826478
20,10,6,25827204
48,13,5,25827801
7,57,7,25827823
24,50,5,25828123
43,21,3,25828491
24,51,6,25828535
23,50,6,25828657
4,61,5,25828936
23,49,5,25829273
25,38,5,25829453
50,36,5,25829464
13,13,5,25829510
28,31,5,25831321
8,57,4,25831556
31,20,0,25831800
24,49,5,25832588
26,50,5,25832593
23,49,6,25832764
8,56,7,25833247
6,58,6,25833438
33,15,0,25834010
59,11,5,25834346
25,13,0,25834841
61,35,6,25835810
21,34,5,25836218
59,34,5,25836494
24,48,5,25836675
25,31,4,25837974
24,49,6,25837975
60,16,6,25838131
7,57,5,25838348
28,31,4,25838474
24,31,6,25838486
50,36,6,25838555
14,50,5,25839522
25,47,0,25839690
8,18,6,25840880
27,31,4,25840915
61,34,7,25841331
33,16,0,25841540
3,19,6,25841667
24,48,6,25841765
14,50,6,25842272
7,57,6,25842595
24,56,3,25842892
25,57,0,25842893
6,58,5,25843002
24,9,5,25843080
25,48,5,25843688
14,49,3,25845416
8,54,6,25846046
15,49,5,25846151
30,21,3,25846317
31,22,0,25846318
8,56,5,25846647
6,58,6,25846687
25,47,5,25846765
58,16,6,25847391
3,18,6,25848767
9,53,5,25849046
46,32,7,25849152
21,44,5,25849374
7,57,5,25849512
60,34,5,25850077
60,11,5,25851185
17,35,6,25851196
55,16,5,25851288
61,34,4,25851899
9,53,6,25852047
3,29,6,25852622
58,34,6,25852917
54,16,5,25854127
62,34,7,25854235
16,11,7,25854749
12,53,5,25854879
10,52,5,25855461
30,24,3,25855504
31,25,0,25855505
25,18,0,25855514
59,34,6,25856290
53,16,5,25856387
42,32,6,25856459
18,48,4,25856592
55,31,6,25856730
32,19,3,25857003
33,20,0,25857004
18,34,5,25857508
3,23,6,25857766
24,30,7,25857790
32,34,5,25858361
12,52,4,25858641
10,52,6,25859446
27,31,6,25859637
7,29,4,25859825
59,33,7,25859859
11,51,5,25862334
3,22,6,25862715
62,34,4,25863371
1,48,5,25864259
52,16,5,25864601
21,31,4,25865908
62,34,5,25866261
1,51,0,25866501
13,50,7,25866961
3,16,6,25867240
22,57,6,25867440
32,18,3,25867631
33,19,0,25867632
61,8,5,25867857
53,16,7,25867946
3,21,6,25868370
19,10,6,25868813
4,29,4,25869006
23,56,5,25869159
1,54,0,25870091
17,47,7,25870406
32,20,3,25870554
33,21,0,25870557
26,53,0,25870564
1,48,6,25870742
26,45,6,25871724
59,11,6,25872243
4,16,3,25872341
16,11,4,25872355
53,33,3,25872362
59,33,4,25872529
32,21,3,25872549
33,22,0,25872550
32,23,5,25873701
5,29,4,25873733
32,25,5,25873988
12,35,5,25874017
9,61,0,25874187
33,25,0,25874276
18,45,5,25874478
4,17,5,25876032
58,32,7,25876045
59,10,6,25876224
10,29,4,25876458
4,29,6,25876595
8,59,5,25876601
4,21,5,25876627
18,45,6,25877332
9,18,5,25877495
52,35,4,25877505
9,59,3,25877690
10,60,0,25877692
48,14,6,25877749
10,60,3,25878384
11,61,0,25878385
9,17,5,25878601
9,17,3,25878990
4,19,3,25878997
5,20,0,25878998
4,22,5,25879103
32,26,5,25879116
32,23,3,25879898
33,24,0,25879900
32,22,3,25880130
33,23,0,25880131
27,30,7,25880712
60,34,6,25880810
32,24,5,25881219
40,31,4,25881224
4,21,3,25881856
5,22,0,25881857
20,10,4,25882465
9,29,6,25882780
17,34,5,25882934
8,59,6,25883196
19,44,5,25883358
4,16,5,25883573
4,15,3,25884164
46,32,4,25884762
32,26,3,25885202
33,27,0,25885204
23,9,5,25885499
60,9,5,25885541
28,44,0,25885561
2,54,3,25885602
15,17,3,25885765
32,17,6,25886067
25,30,5,25886601
32,27,5,25886714
27,44,5,25886895
15,59,5,25886967
4,46,5,25887216
4,46,6,25887620
15,55,4,25888553
4,23,5,25888562
18,10,6,25888681
4,20,3,25889079
5,21,0,25889080
33,26,0,25889171
4,18,3,25889479
5,19,0,25889480
60,33,7,25889489
10,29,6,25889559
24,26,3,25889602
48,13,6,25889653
32,28,5,25889969
4,18,5,25890286
5,45,5,25890363
23,14,3,25890395
4,14,5,25890834
16,14,0,25891337
13,13,6,25891410
27,44,6,25891861
4,20,5,25891957
4,15,5,25891975
28,30,7,25892623
32,27,3,25892933
33,28,0,25892934
5,45,6,25892986
32,34,6,25893065
12,35,6,25893323
6,44,5,25893346
52,12,0,25894185
24,16,6,25894207
14,31,5,25894246
61,33,7,25894675
6,44,6,25896662
17,34,6,25896689
4,13,5,25896788
44,31,7,25897388
17,47,4,25897626
20,58,7,25898274
59,33,5,25898592
32,29,3,25899130
33,30,0,25899132
24,54,6,25899798
12,57,2,25899807
12,48,1,25900179
4,13,3,25900393
13,52,6,25901161
7,43,5,25902211
43,31,5,25902328
7,43,6,25902834
60,33,5,25903554
62,34,6,25903573
62,18,3,25905165
63,19,0,25905167
28,30,5,25905180
4,14,3,25906786
5,15,0,25906787
11,49,2,25906871
55,16,6,25906922
17,47,0,25907340
14,51,5,25907349
60,33,4,25908220
29,41,6,25908249
30,34,4,25909012
20,17,1,25909070
24,14,5,25909132
43,22,6,25909480
5,28,5,25909657
28,43,5,25909661
25,38,6,25909948
8,53,6,25910102
60,11,6,25911067
30,30,7,25911155
14,35,4,25911618
62,33,7,25911721
26,37,5,25912108
32,18,6,25912709
30,40,5,25912745
27,30,4,25913080
7,52,7,25913326
45,31,7,25913776
61,33,5,25914326
21,62,5,25914771
32,20,6,25914843
11,42,6,25914895
36,31,4,25915319
14,51,6,25915358
59,33,6,25915417
4,19,6,25915564
30,40,6,25916195
59,15,5,25916321
14,55,3,25917366
15,56,0,25917368
4,20,6,25917880
54,34,5,25918025
61,27,6,25918325
21,62,6,25918673
4,22,6,25919007
57,30,1,25919247
62,20,3,25919533
54,16,6,25919642
15,49,3,25920102
16,50,0,25920104
32,19,6,25921467
53,16,6,25921630
15,34,7,25922863
33,9,5,25923142
46,29,7,25923392
22,40,5,25923548
12,42,5,25924052
12,19,3,25924377
16,49,3,25924414
33,33,5,25924444
9,17,6,25924878
51,20,5,25924889
17,47,5,25925118
4,18,6,25925769
62,33,5,25926215
52,16,6,25927333
13,34,5,25927918
49,27,7,25927965
9,46,3,25928208
22,40,6,25928247
12,42,6,25928435
32,23,6,25929243
17,47,6,25929565
33,10,3,25930100
18,46,5,25930247
56,15,5,25930391
61,15,5,25930910
13,41,5,25931122
23,39,5,25932229
12,20,3,25932234
9,18,6,25932289
22,41,7,25933098
32,22,6,25933501
19,46,0,25933831
54,16,4,25933844
28,43,6,25934780
61,33,6,25935189
60,10,5,25935360
61,15,6,25935999
11,40,6,25936687
13,41,6,25936944
18,46,6,25936977
20,44,0,25937168
14,31,6,25938284
14,40,5,25938652
15,11,0,25938733
32,25,6,25939029
19,45,5,25939426
32,28,6,25939687
23,56,6,25939690
32,24,6,25940218
18,34,4,25940384
10,44,3,25940472
49,13,5,25941164
48,31,7,25941179
6,28,7,25941289
19,44,3,25941771
32,26,6,25942055
11,45,3,25942487
12,46,0,25942488
19,45,3,25942499
4,13,6,25943052
33,11,3,25943220
20,43,5,25943467
14,40,6,25943682
19,45,6,25943892
59,15,6,25943996
4,15,6,25944119
4,23,6,25944349
33,33,6,25944808
4,21,6,25945198
4,14,6,25945751
10,45,6,25945872
49,11,3,25945890
50,12,0,25945891
24,29,6,25945895
11,46,5,25946290
5,28,6,25946548
20,18,0,25946773
11,44,5,25947161
33,14,5,25947453
12,41,5,25947822
32,27,6,25947973
43,28,6,25948381
25,15,5,25949186
11,44,6,25949257
20,43,3,25949390
27,30,6,25949500
20,43,6,25949613
59,32,5,25949624
11,46,6,25949657
20,44,5,25949987
4,17,6,25950601
29,42,5,25950803
18,49,3,25950883
12,45,5,25951338
5,19,5,25951402
21,52,6,25951850
12,41,6,25951946
14,12,5,25952235
21,42,5,25952360
26,13,0,25952742
33,16,5,25954246
20,44,6,25954308
33,15,5,25954671
26,17,0,25955088
44,22,5,25955517
49,10,3,25955629
12,43,5,25955770
49,12,5,25955774
44,21,5,25956015
62,33,6,25956259
11,34,5,25956536
19,46,3,25956685
24,55,5,25956708
12,43,6,25956950
47,47,0,25956988
33,14,3,25957167
21,43,5,25957177
33,15,3,25957771
33,17,5,25957784
5,17,3,25958041
6,18,0,25958045
22,51,5,25958400
20,46,3,25958509
21,47,0,25958511
5,22,5,25958597
33,16,3,25958847
30,30,4,25958867
5,21,5,25959069
10,16,5,25959176
25,17,3,25959414
26,18,0,25959416
5,21,3,25959593
6,22,0,25959594
5,16,5,25960154
10,17,5,25960959
36,38,3,25961229
12,45,6,25961266
15,20,5,25961324
29,42,6,25961332
5,15,3,25961368
6,16,0,25961369
4,16,6,25961374
15,20,6,25961662
44,21,3,25961816
5,15,5,25961849
5,14,3,25961954
21,42,3,25962215
13,42,5,25962813
33,18,5,25962933
21,43,6,25962966
5,18,5,25963083
21,43,3,25963452
5,23,5,25963494
33,38,3,25963734
34,39,0,25963736
10,17,3,25963936
6,28,5,25964391
30,41,5,25964534
44,19,5,25964548
20,33,7,25964558
2,36,6,25964569
13,44,5,25964636
22,51,6,25964645
62,26,5,25964683
33,38,6,25964831
21,49,3,25964911
21,47,3,25965264
1,28,7,25966062
10,19,5,25966785
33,19,5,25967214
5,19,3,25967342
4,28,5,25968029
22,42,5,25968116
23,50,5,25968970
13,42,6,25969014
13,34,6,25969081
14,13,6,25969477
37,39,3,25969507
8,35,7,25970120
8,28,5,25970190
44,20,3,25970563
17,38,5,25970855
18,33,5,25971009
22,30,4,25971691
34,37,5,25972392
33,20,3,25972593
6,23,5,25972768
18,11,4,25972898
22,41,3,25973010
29,41,3,25974595
5,20,3,25975103
6,21,0,25975104
3,28,7,25975232
5,14,5,25975490
33,23,3,25975749
10,28,7,25975936
22,42,6,25976217
5,16,3,25976253
6,17,0,25976255
33,21,5,25976503
22,39,6,25976859
33,22,3,25976950
37,33,4,25977000
48,31,4,25977020
33,21,3,25977149
25,21,3,25977251
26,22,0,25977252
33,25,5,25977312
5,20,5,25977345
34,34,5,25977350
36,37,5,25977857
17,38,6,25978004
33,24,5,25978993
60,10,6,25979330
23,41,5,25979476
41,30,4,25979698
44,19,3,25980044
45,20,0,25980045
15,39,5,25980720
21,9,5,25980757
16,19,5,25981004
32,32,5,25981451
59,32,6,25981503
34,34,6,25982146
33,23,5,25982292
15,41,3,25982328
33,24,3,25982468
51,21,6,25982977
15,34,4,25982995
58,32,6,25983214
5,17,5,25983286
30,30,6,25983407
23,40,6,25983594
38,40,3,25983669
51,20,6,25983681
22,33,4,25984448
22,42,3,25984923
18,37,5,25985142
20,33,6,25985288
14,34,7,25985560
30,41,3,25985922
31,42,0,25985925
17,33,7,25986210
36,37,6,25986320
23,41,3,25987044
24,42,0,25987045
24,39,5,25987771
23,40,3,25988070
24,41,0,25988071
30,32,5,25989079
23,41,6,25989276
27,29,5,25989300
14,30,5,25989450
33,25,3,25989545
34,26,0,25989547
38,38,5,25990056
33,27,5,25990101
23,43,3,25990891
5,13,5,25991400
18,33,7,25991412
15,12,5,25992273
25,53,5,25992872
33,26,5,25993535
33,26,3,25993744
24,40,5,25993859
61,10,5,25994191
23,42,3,25994596
5,12,3,25994740
6,13,0,25994743
33,27,3,25995485
26,31,5,25995638
33,41,5,25996104
5,12,5,25996214
46,17,6,25996357
37,37,6,25997819
36,36,6,25997964
60,15,4,25998226
24,39,3,25998536
25,40,0,25998537
24,39,6,25998708
34,32,5,25999208
24,40,3,26000078
30,32,6,26000740
10,28,5,26001031
33,28,3,26001649
55,15,5,26001893
19,37,5,26002255
37,32,7,26002371
56,15,6,26002499
18,33,6,26003293
29,29,7,26003547
18,37,6,26003729
24,40,6,26003787
20,33,4,26004082
54,15,5,26005064
25,38,5,26005211
30,31,5,26006161
38,36,5,26006223
26,38,0,26006547
35,32,5,26006615
62,27,6,26006808
21,3,5,26007118
55,15,6,26007353
62,11,6,26007459
49,13,6,26007529
55,15,7,26008293
26,31,6,26009040
31,31,5,26010147
24,14,3,26010184
36,32,7,26010403
25,31,5,26010798
29,31,6,26011007
25,39,5,26011619
19,37,6,26012042
25,38,6,26013743
59,31,5,26013854
29,31,4,26014005
25,38,3,26014637
26,39,0,26014639
30,29,7,26014704
20,9,5,26015056
25,15,6,26015234
58,30,0,26015464
33,16,6,26015532
25,39,3,26015672
18,36,6,26016711
5,23,6,26016714
5,22,6,26017181
54,15,7,26017217
20,36,5,26017266
5,20,6,26017637
5,19,6,26017681
26,37,5,26017933
36,32,4,26018643
24,41,5,26019338
25,39,6,26019365
17,33,6,26019994
54,33,6,26020883
21,32,5,26020967
25,31,6,26021803
19,35,5,26021872
61,10,6,26022356
25,16,6,26022641
30,30,7,26023123
35,31,7,26023209
11,28,5,26023225
53,16,0,26024086
34,32,6,26024227
10,17,6,26024278
19,35,6,26024691
26,38,5,26024819
33,17,6,26025136
30,30,5,26025190
44,21,6,26025334
47,30,5,26025485
37,32,4,26025809
5,21,6,26026256
14,33,5,26026538
49,12,6,26026710
20,36,6,26026783
10,16,6,26027133
32,30,7,26027411
24,55,6,26027470
14,33,7,26027703
20,34,5,26028470
13,34,7,26028985
43,30,6,26029388
13,19,3,26029633
62,31,7,26029701
26,37,6,26029791
4,27,5,26030361
24,31,6,26030638
62,26,6,26030714
21,29,7,26031081
22,29,7,26031086
26,38,3,26031121
35,32,6,26031124
36,31,7,26031612
10,19,6,26031613
33,18,6,26031645
19,36,5,26031979
26,37,3,26032584
27,38,0,26032585
21,35,5,26032893
19,39,3,26033070
26,21,5,26033599
33,19,6,26033874
27,20,0,26034169
26,38,6,26034297
10,18,6,26034378
20,34,6,26034383
14,34,4,26034522
19,33,4,26034611
28,30,7,26034716
35,31,5,26034778
21,33,5,26035833
26,22,3,26035900
27,23,0,26035901
27,36,5,26035990
32,30,4,26038427
33,21,6,26039256
27,37,5,26039734
21,33,6,26040866
21,35,6,26041601
26,30,5,26041707
28,30,6,26042341
44,22,6,26042433
39,41,3,26042469
19,36,6,26043101
28,36,0,26043289
11,19,5,26043362
29,29,5,26043493
27,36,3,26043638
36,31,5,26043708
30,30,4,26043859
27,36,6,26044783
61,9,5,26045129
20,35,5,26045604
4,28,6,26046553
44,23,3,26047204
6,19,3,26048463
28,38,0,26049350
17,10,7,26049464
33,23,6,26049585
20,35,6,26051877
27,37,6,26051993
27,38,3,26052139
28,39,0,26052140
3,28,4,26052399
22,35,5,26052622
33,27,6,26052844
33,24,6,26052867
28,35,5,26053240
59,31,6,26054083
29,35,0,26054180
5,18,6,26054693
26,21,3,26054884
27,22,0,26054885
62,31,4,26055096
44,19,6,26055332
49,11,6,26055589
33,25,6,26055764
5,17,6,26055804
31,29,7,26056122
16,11,0,26056269
28,36,5,26056400
36,31,6,26057085
47,16,5,26058328
27,39,6,26058415
27,38,6,26059439
33,26,6,26059556
26,30,6,26060624
28,35,3,26061622
29,36,0,26061623
28,37,5,26062601
22,35,6,26063391
58,12,7,26063523
39,32,5,26064203
5,27,5,26065066
55,32,5,26065242
28,38,5,26065376
30,32,5,26065608
28,35,6,26066165
6,21,5,26066349
5,14,6,26066733
26,48,3,26068316
27,49,0,26068318
54,15,6,26069271
38,30,4,26069383
5,15,6,26069699
28,36,6,26069823
50,30,4,26070347
62,14,5,26070674
52,20,5,26073587
29,29,7,26074219
37,29,7,26074381
30,34,0,26074821
23,34,5,26075189
17,33,4,26075625
28,38,6,26077313
29,34,5,26078797
29,35,5,26078872
47,30,6,26080058
56,14,5,26080483
23,59,6,26080581
55,15,4,26080795
5,16,6,26081413
30,32,6,26081849
38,31,6,26082441
28,37,6,26082676
29,36,5,26082889
28,30,4,26084048
29,34,3,26084501
30,35,0,26084502
62,9,5,26085196
6,18,5,26085524
35,29,6,26086500
62,9,6,26086594
23,34,6,26087367
62,27,3,26087905
13,33,7,26090544
14,33,6,26090691
7,34,6,26091018
29,36,3,26091229
30,37,0,26091231
31,31,5,26092328
29,35,3,26092698
30,36,0,26092699
21,32,6,26092859
4,27,6,26093153
29,37,5,26093299
16,27,3,26093402
17,28,0,26093404
29,35,6,26093577
22,34,5,26095918
39,30,5,26096907
36,28,5,26097178
44,29,5,26099055
29,36,6,26100926
57,14,5,26104095
24,33,5,26104285
45,29,5,26104316
62,14,6,26104603
35,28,6,26113412
30,34,5,26114166
50,12,6,26114299
50,12,5,26114303
29,37,6,26115093
6,20,3,26116590
7,21,0,26116591
22,34,6,26121131
30,33,3,26121537
34,27,5,26122262
30,35,5,26126426
55,14,5,26127428
61,9,6,26127751
62,8,5,26130384
62,8,6,26131503
23,33,5,26137644
30,36,5,26139344
56,14,6,26140603
23,33,6,26143659
61,8,4,26145772
31,31,6,26146466
7,22,3,26146951
60,29,4,26148590
61,13,5,26149829
6,27,3,26152175
52,16,3,26153800
53,17,0,26153802
33,15,6,26155428
31,29,4,26157981
22,32,5,26158488
38,28,3,26159704
57,14,6,26159798
10,22,3,26160425
16,12,3,26161748
24,9,6,26165238
35,3,7,26166157
29,29,4,26167641
39,29,3,26169123
42,29,4,26169125
37,28,3,26171450
26,36,0,26171755
26,16,5,26171804
11,22,3,26172759
40,30,5,26173947
52,21,3,26174618
30,35,6,26179265
30,34,6,26179993
34,27,1,26180143
30,36,3,26181824
31,37,0,26181826
23,42,0,26182618
26,15,5,26184991
31,32,3,26185232
32,33,0,26185233
38,29,3,26187859
23,9,6,26189618
35,28,3,26190000
30,34,3,26190204
31,35,0,26190206
44,22,3,26191471
32,32,0,26197763
55,14,6,26199845
56,13,6,26199846
56,13,5,26199847
62,13,6,26200706
23,36,4,26202969
22,43,4,26204879
21,42,7,26209509
23,33,1,26211200
45,21,5,26214512
31,36,0,26214711
38,29,2,26215374
12,21,3,26216184
13,22,0,26216185
52,10,1,26216241
22,34,2,26216317
44,16,4,26216680
24,47,2,26217024
23,48,0,26218134
21,41,4,26218234
22,35,1,26218599
36,29,3,26219402
36,28,1,26222331
25,35,1,26222438
21,36,2,26226888
22,45,2,26227024
44,37,1,26227215
39,30,2,26227422
21,40,1,26228232
52,9,4,26228523
62,7,7,26228706
21,42,4,26229453
37,29,2,26229877
22,34,1,26230044
22,35,7,26230276
36,30,0,26230608
42,34,2,26231590
21,37,1,26232569
23,47,2,26233875
51,10,7,26234320
49,9,7,26235102
37,30,3,26236186
31,29,0,26237003
35,30,0,26239459
20,41,7,26239634
4,30,2,26239843
20,40,7,26239856
1,30,3,26240661
2,31,0,26240663
24,34,2,26240838
38,30,2,26241000
45,29,0,26241499
38,29,1,26241656
21,36,1,26242400
10,29,1,26242419
42,33,1,26243105
20,40,2,26243283
54,14,6,26244474
21,35,2,26245026
57,14,4,26245367
22,45,1,26245992
32,28,2,26245993
20,38,2,26246197
20,41,2,26246276
20,39,2,26246473
32,29,0,26246572
31,28,2,26247304
21,43,1,26248143
20,42,2,26249018
21,45,2,26249801
38,31,3,26250043
32,28,1,26250470
56,14,4,26251625
24,50,3,26251944
25,51,0,26251945
27,42,0,26252891
35,29,2,26253789
20,39,7,26253870
21,44,1,26256753
61,6,2,26256872
51,11,7,26257466
39,30,1,26258650
62,6,7,26258913
24,36,2,26259057
20,37,2,26259596
21,35,1,26260260
22,46,1,26261392
24,49,1,26261632
20,40,1,26261953
24,49,3,26262137
25,50,0,26262139
22,47,2,26262692
31,28,1,26262966
20,42,4,26263113
62,7,4,26264037
20,44,2,26264497
20,43,4,26264568
20,39,1,26264893
20,41,1,26266236
24,34,1,26267040
21,45,1,26268574
36,29,1,26268820
21,47,2,26268822
20,38,1,26269163
21,46,2,26269238
38,30,1,26269500
37,29,1,26270464
23,35,7,26270924
20,38,7,26271792
61,6,7,26272273
20,42,1,26273840
20,45,4,26275280
30,28,1,26275947
20,45,2,26276271
20,43,1,26278196
20,36,2,26279088
20,40,4,26279990
19,41,7,26287245
20,37,1,26289751
61,6,1,26290225
19,42,7,26294087
20,44,1,26300301
19,43,7,26301660
48,29,6,26302025
48,29,5,26302028
49,28,5,26302029
19,41,2,26302177
19,40,2,26303234
60,7,2,26307664
23,50,2,26308273
19,39,2,26319811
60,9,3,26325643
61,10,0,26325644
49,27,4,26325797
26,28,1,26344271
24,36,1,26348745
23,35,2,26355010
20,41,4,26358985
26,30,0,26359937
50,13,3,26360065
20,45,0,26375915
19,39,6,26380816
19,42,3,26382578
20,43,0,26382579
19,43,3,26384964
19,40,6,26386535
20,38,3,26387726
20,46,3,26388440
21,47,0,26388441
20,39,5,26393161
19,41,3,26396602
20,42,0,26396603
20,44,3,26397794
21,45,0,26397795
43,38,2,26399914
20,38,5,26401028
21,37,0,26407115
20,43,3,26407425
21,44,0,26407426
20,45,6,26412686
20,42,5,26418394
36,30,7,26418882
20,43,5,26421133
20,44,5,26421302
20,44,6,26423107
20,43,6,26424485
23,47,6,26424824
21,44,5,26428206
21,42,5,26431193
22,47,6,26432029
21,47,6,26434553
20,39,6,26437064
20,38,6,26438550
21,36,5,26442010
24,46,5,26444101
21,42,6,26444224
24,46,6,26445811
21,37,3,26447667
25,45,5,26454278
21,37,5,26456181
21,38,5,26462350
21,44,6,26463221
23,35,6,26464351
21,39,3,26476981
22,40,0,26476982
22,43,5,26493310
36,30,4,26497134
22,14,3,26527723
24,31,6,26535328
63,8,0,26537735
10,11,3,26544803
22,34,1,26547110
21,41,4,26552117
21,35,2,26554410
41,36,3,26554646
42,37,0,26554647
21,37,1,26559381
49,10,3,26562535
50,11,0,26562536
7,24,6,26564563
21,36,1,26566958
52,11,0,26571408
22,33,1,26573524
41,33,3,26573992
42,34,0,26573994
15,18,3,26574238
49,9,3,26575303
50,10,0,26575304
36,29,7,26578023
21,35,1,26578736
20,38,2,26578965
61,7,6,26580353
23,31,6,26581501
21,34,2,26581739
20,37,2,26584475
20,42,2,26585202
17,27,5,26585760
21,37,4,26586770
42,34,3,26588378
24,50,0,26589584
20,42,4,26590496
36,29,4,26591696
20,36,2,26592891
24,30,5,26593072
20,43,2,26593270
21,34,1,26594421
20,40,1,26596663
51,13,0,26598146
52,15,3,26599472
20,43,4,26599774
24,30,6,26600141
20,38,1,26601224
24,14,3,26602085
20,37,1,26602208
20,35,2,26603837
20,41,1,26605421
36,29,5,26605718
32,28,5,26607094
20,45,4,26609511
19,39,2,26609730
37,37,1,26610050
20,36,1,26610834
20,42,1,26611716
43,35,3,26612206
52,9,0,26613129
20,36,7,26614196
19,38,2,26615202
21,46,2,26616630
19,40,2,26616660
35,28,7,26616756
20,38,4,26617337
19,42,7,26617901
22,31,6,26619362
19,41,2,26619402
20,43,1,26619939
20,35,1,26620993
25,29,5,26621819
20,45,2,26623550
20,44,1,26624024
19,42,2,26624272
19,44,7,26625763
19,37,2,26627495
20,37,4,26629581
19,43,2,26630805
23,30,5,26632893
38,29,5,26632952
19,38,7,26634357
44,35,0,26634746
19,42,4,26641625
19,41,1,26644314
19,39,1,26644465
19,40,1,26646730
23,30,6,26648626
17,12,5,26648978
19,44,2,26651244
19,36,2,26652508
38,29,6,26654698
51,12,0,26684002
19,41,0,26687433
26,13,0,26689234
20,37,0,26695532
19,45,3,26698450
62,30,6,26700872
19,43,3,26702919
20,44,0,26702920
20,45,3,26704679
23,35,3,26705211
20,43,0,26705389
19,38,6,26706351
19,37,6,26707532
19,41,5,26708942
19,38,3,26709664
19,39,3,26711781
20,40,0,26711784
20,36,5,26713088
19,40,3,26717781
20,41,0,26717782
20,39,3,26719067
20,35,3,26720354
21,36,0,26720356
20,37,5,26720867
23,34,3,26723199
24,35,0,26723200
20,37,3,26724364
21,38,0,26724365
20,43,3,26729171
20,36,3,26729670
21,37,0,26729672
21,44,3,26737053
20,45,6,26745515
20,37,6,26745567
21,46,6,26746282
47,29,5,26749494
43,35,1,26758251
49,29,7,26760965
39,31,6,26761166
61,6,4,26762070
51,32,4,26769365
62,22,3,26773208
33,20,5,26773448
35,3,4,26778106
60,6,4,26780037
16,17,7,26781881
62,12,7,26784057
26,29,5,26798157
35,2,7,26800192
36,29,6,26808374
21,35,1,26813583
22,32,1,26819284
35,28,5,26820952
32,28,6,26822613
50,29,4,26824642
20,36,2,26828762
37,28,7,26830139
60,28,7,26831358
21,33,2,26832022
60,28,4,26832023
41,33,6,26832706
47,29,6,26833419
42,33,5,26834322
20,35,2,26836972
20,38,1,26838915
37,28,4,26839481
44,37,0,26839723
43,33,3,26841891
20,40,4,26843673
35,28,6,26844114
35,27,7,26846367
21,33,1,26848285
37,28,5,26850625
20,39,4,26851618
42,32,5,26853397
43,42,0,26855115
36,27,7,26857599
20,36,1,26860031
36,27,5,26867265
34,1,6,26881727
20,41,4,26884466
20,37,3,26901942
30,36,0,26902474
20,40,0,26903105
20,39,0,26903108
20,41,0,26903979
24,14,7,26907003
20,37,5,26909407
55,13,4,26909424
20,36,5,26910795
42,33,6,26914809
20,42,6,26916776
21,44,5,26917922
20,36,6,26918143
22,45,3,26918397
21,37,3,26918812
20,38,3,26922219
21,39,0,26922220
21,44,6,26922890
22,43,5,26922912
22,46,6,26925278
44,38,3,26925900
45,39,0,26925902
21,35,3,26928445
22,36,0,26928447
62,12,4,26928623
24,33,3,26930034
51,15,0,26930066
26,29,0,26930752
56,13,6,26932588
22,38,3,26934202
33,27,5,26934724
24,29,3,26935315
43,32,3,26935739
44,33,0,26935740
22,43,6,26937318
23,42,5,26937464
26,44,5,26938971
24,35,6,26942996
24,33,6,26947913
24,34,6,26948064
60,5,6,26948543
44,42,1,26950302
24,30,3,26951473
38,28,0,26963077
41,41,2,26964887
39,36,6,26966141
29,28,0,26968145
25,34,5,26970053
40,35,5,26971938
25,30,3,26980051
22,14,3,26985696
43,43,2,26990450
62,6,1,26991060
61,7,2,27004009
55,13,6,27004057
49,31,4,27004370
54,13,4,27008169
25,32,5,27009307
26,33,3,27012028
27,34,0,27012029
26,16,0,27013051
54,13,6,27016154
56,28,0,27018961
56,27,7,27020310
41,28,4,27024146
38,35,4,27026620
42,28,4,27026831
53,31,4,27027577
56,12,5,27031965
55,12,5,27039243
62,25,7,27041395
19,13,1,27043955
52,30,7,27048586
33,35,0,27049139
62,27,0,27049844
60,11,7,27052289
29,41,3,27075543
30,42,0,27075544
17,28,3,27076388
55,12,6,27086055
55,12,7,27090035
26,32,5,27109113
48,28,5,27110245
25,39,0,27111557
39,33,6,27112719
27,29,6,27114467
52,12,3,27118314
53,13,0,27118316
40,32,5,27119235
18,33,4,27119536
61,11,3,27119564
57,27,3,27119777
62,7,3,27120536
56,27,3,27121344
15,11,6,27121372
33,2,3,27122258
25,32,1,27122726
25,40,3,27122860
26,41,0,27122862
12,33,6,27123897
54,12,3,27125167
55,13,0,27125168
24,37,7,27127840
55,12,3,27127863
17,32,7,27128293
28,28,5,27128926
25,31,1,27129542
51,10,3,27129701
60,11,3,27130219
49,8,3,27130223
24,33,2,27130467
41,30,0,27130535
26,40,3,27131169
27,41,0,27131171
51,9,3,27132065
24,32,2,27132403
26,41,3,27132431
28,39,6,27132455
40,32,6,27132690
41,34,7,27133425
24,34,1,27133615
24,36,4,27133770
24,33,1,27133808
24,33,7,27133919
28,28,6,27134207
38,33,3,27134669
24,37,4,27134892
24,32,1,27136562
8,28,6,27137077
24,40,4,27137114
16,10,5,27137118
23,35,2,27138231
23,37,2,27138676
29,27,5,27138726
23,34,2,27138730
56,12,3,27138796
5,34,4,27138810
41,30,3,27138968
36,34,1,27139066
7,11,6,27139335
23,36,7,27139353
23,37,7,27139393
62,8,3,27139787
23,35,7,27139921
24,33,4,27140272
23,38,2,27140371
23,33,2,27140555
23,34,7,27140632
23,39,7,27140847
1,28,4,27140991
23,32,2,27141340
26,39,7,27141629
23,34,1,27141667
42,33,5,27141905
23,37,4,27141930
23,35,1,27142274
23,38,4,27142431
25,41,1,27142511
41,31,5,27142596
38,40,0,27142678
23,37,1,27142869
38,27,4,27143076
23,39,4,27143091
23,40,4,27143176
22,37,7,27143990
24,41,2,27144016
23,35,4,27144074
22,35,2,27144342
61,7,3,27144404
62,8,0,27144405
41,34,4,27144424
23,39,2,27144428
23,33,1,27144504
22,36,2,27144644
42,31,3,27144659
43,32,0,27144660
23,34,4,27144946
23,32,1,27145117
42,35,6,27145290
22,36,7,27145561
24,41,1,27145937
22,38,7,27145955
40,35,7,27146034
22,34,2,27146197
23,38,1,27146257
26,42,1,27146291
22,38,2,27147058
22,39,7,27147145
23,33,4,27147412
22,34,7,27147471
22,33,2,27147788
37,26,7,27147927
34,26,6,27147931
22,38,4,27148109
21,8,5,27148177
22,35,1,27148290
22,33,7,27148309
54,28,2,27148311
23,42,2,27148498
42,41,3,27148522
43,42,0,27148524
22,37,4,27148526
22,36,4,27148541
23,39,1,27148680
24,44,0,27148727
16,10,6,27148730
40,33,7,27148779
22,39,2,27148883
24,42,2,27148891
22,32,2,27149168
43,32,3,27149189
22,39,4,27149353
42,40,3,27149367
43,41,0,27149369
22,37,1,27149512
25,43,2,27149671
22,39,1,27149788
22,33,1,27149810
23,41,2,27149979
17,32,4,27150101
22,34,1,27150104
22,32,1,27150173
42,33,6,27150219
21,37,7,27150250
43,39,3,27150390
21,35,2,27150635
21,36,2,27150637
21,38,7,27150753
22,38,1,27150853
22,40,2,27150883
21,35,7,27151052
20,31,5,27151207
37,26,4,27151221
21,34,2,27151398
21,36,7,27151576
21,39,2,27151624
23,41,1,27151816
22,34,4,27151922
21,38,2,27151977
43,34,5,27152455
22,40,1,27152462
21,33,2,27152465
35,26,6,27152514
21,33,7,27152529
35,35,2,27152700
28,34,3,27152714
29,35,0,27152715
21,34,1,27152723
26,44,1,27152729
21,37,4,27152863
21,38,4,27153135
21,40,2,27153265
43,40,3,27153621
35,25,5,27153708
21,36,1,27153728
42,43,3,27153853
23,42,1,27153886
12,32,5,27154037
16,9,7,27154049
21,35,1,27154110
21,38,1,27154186
20,37,2,27154209
28,38,7,27154215
44,35,3,27154407
54,27,2,27154410
21,39,1,27154503
21,33,1,27154790
36,26,6,27154905
36,25,7,27155088
22,43,2,27155119
20,35,2,27155167
44,36,5,27155248
20,36,7,27155315
20,37,7,27155417
20,34,2,27155421
21,35,4,27155426
5,33,7,27155620
38,27,6,27155763
45,35,0,27155847
21,41,2,27155853
16,18,3,27155920
20,36,2,27155947
8,10,5,27156102
12,32,7,27156233
20,36,1,27156754
20,39,2,27156756
16,25,0,27156837
36,25,5,27156931
43,44,3,27156986
20,40,2,27157257
20,39,4,27157438
24,8,4,27157465
25,45,2,27157602
44,30,0,27157747
20,35,1,27157816
20,36,4,27157825
20,37,1,27157828
21,41,1,27158050
36,25,4,27158131
25,27,7,27158162
21,40,1,27158207
25,45,1,27158229
19,38,2,27158315
20,37,4,27158339
20,40,1,27158500
22,43,1,27158542
43,42,3,27158646
19,37,2,27158682
20,41,2,27158768
33,38,0,27158786
20,34,1,27158860
19,36,2,27158901
26,27,4,27158964
19,35,2,27159277
20,42,2,27159347
11,33,4,27159366
20,39,1,27159415
19,38,7,27159423
21,8,6,27159459
29,34,7,27159530
19,38,4,27159620
19,36,7,27159795
21,44,2,27160069
34,34,0,27160167
20,41,1,27160363
44,43,3,27160382
19,40,2,27160412
19,36,1,27160594
19,39,2,27160647
37,25,5,27160725
39,26,5,27160806
24,27,7,27160993
54,27,1,27161029
19,37,1,27161182
19,35,1,27161289
18,36,2,27161792
20,42,1,27161900
20,8,7,27161912
17,9,5,27162010
19,38,1,27162105
35,24,7,27162106
18,37,2,27162234
18,39,2,27162236
25,27,4,27162240
38,26,6,27162309
29,34,4,27162330
19,40,1,27162351
18,38,2,27162482
20,43,1,27162585
36,25,6,27162662
19,42,2,27162910
25,26,7,27162918
18,37,7,27162934
62,8,3,27163006
19,41,2,27163060
18,39,1,27163337
18,38,1,27163483
18,38,4,27163488
18,36,1,27163616
41,26,4,27163662
19,44,2,27163716
18,37,1,27163802
37,25,6,27163853
19,42,1,27163896
23,8,4,27164016
24,49,2,27164035
13,19,3,27164055
18,37,4,27164067
18,43,2,27164432
23,27,7,27164800
24,27,4,27164862
17,39,2,27165050
17,37,2,27165082
17,37,7,27165096
17,40,2,27165148
17,38,7,27165199
24,26,7,27165326
17,38,2,27165478
38,24,7,27165570
38,24,4,27165704
17,36,2,27165764
18,46,7,27165786
19,44,1,27165795
18,43,1,27166002
8,22,7,27166175
18,45,2,27166188
17,39,1,27166321
25,26,4,27166343
37,24,5,27166460
17,38,4,27166477
17,31,5,27166486
17,38,1,27166563
17,31,6,27166610
39,25,5,27166834
49,9,3,27166877
18,30,5,27166893
14,32,6,27166968
17,36,1,27166990
16,39,2,27167192
24,51,2,27167203
17,44,2,27167292
25,25,7,27167361
23,27,4,27167555
16,37,2,27167681
16,39,1,27167742
16,40,2,27167847
16,42,4,27168016
19,31,4,27168059
25,7,5,27168151
36,23,7,27168425
23,26,7,27168528
18,45,1,27168623
21,49,2,27168630
37,24,6,27168866
24,26,4,27169025
46,49,0,27169036
16,39,4,27169081
16,44,2,27169255
62,7,6,27169366
15,40,2,27169395
17,47,0,27169470
17,46,2,27169556
21,26,6,27169598
16,40,1,27169715
19,29,7,27169732
17,44,1,27169796
15,41,7,27169812
39,25,6,27169831
25,25,4,27169931
38,24,5,27169938
51,14,3,27169967
27,35,4,27169985
16,42,1,27170001
18,47,2,27170074
22,26,7,27170092
18,47,1,27170233
17,47,2,27170374
24,25,7,27170407
24,24,5,27170412
15,41,2,27170613
15,39,4,27170666
17,47,1,27170718
23,26,4,27170750
16,45,2,27170755
36,23,4,27170781
15,41,4,27170806
39,43,0,27170849
24,24,6,27170853
16,44,1,27170862
25,31,3,27170945
17,31,7,27171023
22,25,5,27171089
15,31,5,27171154
15,44,7,27171198
17,48,2,27171214
2,28,6,27171234
15,41,1,27171247
22,25,6,27171267
44,29,6,27171385
15,40,1,27171410
62,4,7,27171488
44,50,3,27171492
5,28,6,27171510
15,44,2,27171649
16,48,2,27171718
14,41,2,27171871
16,45,1,27171886
46,50,1,27171981
14,40,7,27172005
28,16,0,27172024
9,27,5,27172118
19,29,4,27172269
45,51,3,27172302
46,52,0,27172304
15,42,4,27172348
24,25,4,27172366
8,28,4,27172427
14,41,7,27172485
33,25,0,27172498
15,43,2,27172596
15,45,2,27172676
15,46,2,27172866
15,43,1,27173001
14,42,2,27173212
42,28,6,27173236
15,44,1,27173287
23,56,3,27173404
22,26,4,27173476
36,22,6,27173543
14,41,1,27173655
46,51,0,27173683
6,27,5,27173705
17,31,4,27173820
22,25,7,27173976
14,45,2,27174043
17,30,7,27174108
44,51,4,27174231
25,24,4,27174341
14,41,4,27174512
16,48,1,27174562
35,22,7,27174676
13,40,7,27174826
22,22,0,27175033
46,52,3,27175177
16,31,7,27175188
20,4,5,27175380
14,45,1,27175606
17,30,4,27175687
33,42,3,27175800
34,43,0,27175803
13,42,2,27175808
5,28,4,27175926
48,28,6,27175955
6,10,7,27176051
10,10,5,27176066
24,24,7,27176119
46,51,3,27176231
45,51,2,27176239
9,15,0,27176374
21,26,4,27176576
62,26,4,27176583
15,46,1,27176746
16,29,7,27176838
14,40,4,27176869
13,43,7,27177012
48,50,3,27177111
26,50,3,27177142
43,27,5,27177191
61,43,3,27177366
39,43,3,27177377
16,31,4,27177515
20,3,0,27177760
14,47,2,27177791
20,25,7,27177851
21,25,7,27177857
37,21,5,27177995
61,5,4,27178103
16,30,7,27178155
24,24,4,27178569
60,5,1,27178699
61,5,1,27178707
13,32,4,27178777
32,26,7,27179127
41,11,5,27179205
16,29,4,27179412
44,13,5,27179510
44,1,0,27179666
6,27,6,27179745
32,27,4,27179768
25,52,3,27180037
27,53,0,27180045
33,24,0,27180351
43,11,0,27180423
46,53,3,27180594
16,30,4,27180607
12,44,4,27180773
35,42,3,27180800
36,43,0,27180802
42,1,4,27180836
11,22,4,27181445
39,21,0,27181447
58,5,0,27181503
8,5,0,27181529
36,11,3,27181624
37,12,0,27181627
42,11,3,27181641
43,12,0,27181646
24,23,7,27181872
34,43,3,27181901
35,44,0,27181903
60,6,2,27181944
61,25,7,27182168
53,30,7,27182378
37,1,5,27182528
30,28,7,27182578
15,28,7,27182583
15,32,4,27182766
50,42,0,27183182
43,27,6,27183252
19,8,7,27183384
45,52,2,27183417
13,35,0,27183892
17,5,3,27183959
27,51,3,27183993
28,52,0,27183996
32,26,4,27184173
12,38,3,27184345
39,43,2,27184549
45,52,1,27184596
48,32,2,27184781
12,37,3,27184959
13,38,0,27184961
10,12,1,27184992
12,44,5,27185038
37,44,2,27185213
13,35,3,27185281
58,19,6,27185345
31,26,7,27185441
39,43,1,27185815
10,12,4,27186036
13,47,5,27186107
12,39,5,27186177
60,60,3,27186210
61,61,0,27186215
12,44,6,27186245
8,32,7,27186482
4,56,6,27186767
20,56,6,27186776
19,8,4,27187036
19,54,5,27187054
18,54,5,27187078
15,61,2,27187137
13,34,6,27187216
10,21,7,27187270
12,39,6,27187373
22,49,3,27187508
43,34,1,27187538
46,45,0,27187627
8,32,4,27187679
13,62,3,27187730
10,50,7,27187786
12,43,6,27188060
22,41,3,27188065
44,41,3,27188073
45,42,0,27188078
13,41,3,27188086
14,33,3,27188162
14,45,5,27188202
19,54,6,27188265
57,42,6,27188353
40,23,3,27188413
16,28,3,27188543
45,26,1,27188660
23,24,7,27188720
37,44,1,27188747
10,19,7,27188873
24,48,3,27188934
25,49,0,27188939
13,43,5,27189116
20,44,0,27189222
21,54,5,27189241
47,25,5,27189394
20,53,5,27189678
14,35,3,27189705
41,16,7,27189710
15,46,3,27189844
22,42,0,27189945
23,41,0,27190085
20,53,6,27190310
24,51,3,27190326
25,52,0,27190331
18,28,3,27190432
16,47,3,27190583
46,46,0,27190619
47,38,0,27190643
20,41,3,27190774
21,42,0,27190776
15,38,6,27190844
23,48,3,27190875
42,43,7,27191036
21,52,5,27191141
46,39,3,27191161
48,38,1,27191178
45,28,2,27191274
21,54,6,27191297
21,11,3,27191439
27,45,0,27191678
21,32,1,27191852
42,43,4,27191993
15,34,3,27192104
25,50,3,27192187
15,33,3,27192277
26,37,4,27192283
25,36,7,27192287
25,36,4,27192305
37,38,3,27192362
20,34,7,27192520
36,31,0,27192623
15,32,3,27192660
20,33,7,27192695
35,22,4,27192758
44,43,0,27193211
24,35,7,27193284
29,35,1,27193321
22,41,4,27193399
46,32,1,27193415
16,37,5,27193613
24,35,4,27193692
24,52,3,27193892
26,52,0,27193979
18,30,6,27194073
34,21,7,27194149
33,15,5,27194209
16,35,3,27194360
20,33,4,27194492
15,34,6,27194558
38,35,7,27194598
41,33,4,27194737
15,31,3,27194809
19,32,7,27194869
5,18,2,27194952
45,33,2,27195111
23,34,7,27195175
27,30,7,27195319
16,37,6,27195346
44,50,4,27195384
16,33,5,27195704
41,25,2,27195716
41,38,6,27195873
19,32,4,27196243
38,35,4,27196523
43,49,7,27196592
19,26,3,27196759
20,27,0,27196762
14,10,2,27196915
14,11,4,27196937
19,29,5,27197001
16,32,3,27197015
16,32,0,27197016
37,34,7,27197136
17,36,5,27197268
14,10,1,27197420
57,27,7,27197656
24,22,3,27198050
61,5,6,27198293
24,23,2,27198336
32,24,4,27198563
10,14,2,27198685
14,9,7,27198889
38,22,1,27199108
27,45,3,27199329
28,46,0,27199330
41,16,4,27199978
14,11,1,27200767
25,52,3,27200828
26,53,0,27200831
24,24,0,27200854
37,39,1,27200941
39,41,3,27201060
37,34,4,27201440
28,43,0,27201721
13,11,2,27201945
41,32,4,27202050
54,43,3,27202389
17,9,7,27202497
43,49,4,27202499
24,29,0,27202738
21,25,3,27203143
30,26,7,27203344
22,53,5,27203623
53,1,3,27204023
54,2,0,27204024
36,40,2,27204141
30,40,3,27204348
31,41,0,27204349
22,26,3,27204727
23,27,0,27204730
14,15,4,27204792
16,20,4,27204874
27,30,4,27204878
31,26,4,27204978
54,9,4,27204982
41,26,0,27205007
20,27,3,27205021
61,49,5,27205034
36,14,3,27205093
24,23,3,27205354
25,24,0,27205357
30,26,4,27205563
13,9,7,27205584
52,47,0,27205828
40,31,7,27206113
30,25,7,27206120
23,24,3,27206207
31,25,7,27206271
19,29,3,27206908
16,17,1,27207043
24,24,3,27207735
26,22,3,27207970
28,23,0,27207999
26,32,4,27208307
5,16,2,27208349
23,12,0,27208748
25,23,3,27208819
32,22,2,27209060
5,18,1,27209470
23,28,0,27209786
33,38,1,27209885
58,41,5,27210016
32,22,1,27210160
42,48,7,27210333
16,21,4,27210682
34,42,3,27211333
35,43,0,27211335
5,19,1,27211343
27,45,2,27211364
28,22,3,27211546
29,23,0,27211547
38,27,6,27211624
32,39,2,27211689
22,31,0,27211976
5,20,4,27212768
32,39,1,27212944
31,40,2,27213072
14,14,4,27213349
13,14,7,27214655
20,30,3,27214812
5,22,2,27214975
42,48,4,27216067
30,22,1,27216131
34,21,4,27216685
13,9,4,27216907
34,25,3,27216916
13,12,2,27217127
29,22,3,27217646
14,25,2,27217655
48,27,2,27218663
13,13,7,27218687
51,14,0,27220230
61,49,6,27221050
45,52,1,27223171
11,20,3,27225083
12,21,0,27225084
2,26,4,27226127
29,23,2,27226558
1,21,0,27226911
9,25,3,27227772
20,38,5,27228001
31,24,3,27229307
32,25,0,27229308
41,47,7,27230170
53,8,7,27231951
4,41,0,27233500
58,41,6,27237262
49,6,0,27238117
54,41,5,27239031
46,20,0,27239839
21,16,1,27244551
57,27,4,27247096
32,26,0,27248382
31,41,3,27248577
2,34,0,27249373
7,26,5,27252837
51,38,6,27253500
31,27,5,27253851
30,28,3,27254063
31,27,6,27254929
16,28,0,27255268
11,22,0,27256564
31,34,5,27258062
9,27,1,27258698
4,13,4,27259905
31,34,6,27260485
31,26,3,27261364
32,27,0,27261365
1,7,4,27262487
41,16,0,27263179
13,20,2,27264398
58,1,6,27264872
53,31,3,27266163
32,33,5,27267576
59,11,0,27268547
14,16,0,27269387
50,6,3,27271239
51,7,0,27271240
5,21,0,27272581
60,26,3,27274284
13,17,3,27274740
5,18,0,27276107
33,31,5,27277516
5,22,0,27278267
59,26,3,27278447
39,38,7,27279649
12,9,1,27280307
11,10,2,27280992
4,41,3,27281465
59,25,6,27281696
35,43,3,27282477
36,44,0,27282479
37,38,4,27282804
54,11,2,27282878
13,10,6,27282891
36,38,4,27284527
62,3,6,27289506
51,16,2,27289729
35,37,7,27289897
16,16,0,27289924
39,38,4,27291415
38,38,4,27293562
37,37,7,27294184
33,23,3,27294378
32,26,3,27295141
32,27,3,27295308
16,13,0,27295952
34,37,6,27297574
5,20,0,27298325
32,33,5,27298516
33,31,6,27298745
15,14,3,27299389
16,15,0,27299390
34,30,5,27301998
37,37,4,27305564
19,23,4,27305794
49,6,3,27306031
50,7,0,27306032
33,37,6,27306872
55,12,0,27307826
35,36,5,27308793
34,36,5,27308975
36,36,7,27310243
5,22,3,27310408
6,23,0,27310410
55,11,2,27310974
31,36,6,27313907
32,36,5,27314126
34,21,0,27315991
52,30,6,27317924
32,36,6,27320379
36,36,4,27320612
42,49,2,27322420
57,28,3,27326512
58,29,0,27326513
57,1,0,27327940
33,35,5,27327956
35,35,7,27328093
62,5,0,27328652
32,35,5,27329258
1,47,0,27332909
2,37,3,27335721
24,12,3,27336022
56,12,0,27336938
32,35,6,27340975
15,13,3,27341310
4,12,3,27343248
36,35,4,27345878
35,35,4,27350732
34,16,0,27351537
33,35,6,27354324
41,16,3,27355346
42,30,0,27359088
12,8,1,27359866
32,19,0,27360230
56,11,3,27361230
57,12,0,27361231
10,20,3,27364952
50,11,3,27366753
35,34,7,27367131
34,34,5,27367321
33,34,5,27368376
42,26,1,27375773
34,34,7,27376268
35,34,4,27384895
34,34,4,27386970
55,11,1,27388988
59,12,0,27389336
33,34,6,27395743
50,30,4,27396100
19,8,0,27409246
62,54,3,27417652
63,55,0,27417653
59,11,3,27419306
34,33,5,27421068
44,27,3,27424518
42,49,1,27429068
33,33,5,27429983
34,33,7,27433733
62,5,3,27437117
34,33,4,27459966
19,15,5,27462458
11,10,1,27463907
24,12,7,27479271
33,32,7,27516248
53,27,3,27521606
61,7,1,27534600
61,11,2,27536414
59,27,3,27538321
57,19,3,27558842
48,12,0,27559725
31,3,2,27592299
53,12,3,27610789
6,24,4,27616967
49,27,3,27618186
54,12,2,27620918
63,25,0,27628183
55,27,1,27638194
61,11,1,27638979
54,12,3,27650637
60,27,3,27654383
10,11,2,27695271
23,13,1,27698166
30,28,3,27754466
55,12,3,27784474
46,27,1,27807835
56,12,3,27808636
54,12,1,27813026
58,12,3,27824902
60,12,2,27825954
26,28,1,27828484
55,12,1,27831981
29,29,4,27833697
28,28,7,27840905
12,19,6,27848867
25,29,2,27850735
25,31,7,27855991
25,31,4,27863034
24,30,7,27869713
28,28,1,27870933
24,29,2,27873828
25,29,1,27874460
24,30,4,27879826
51,16,0,27888279
23,29,7,27896330
24,29,1,27897027
42,28,3,27902371
43,29,0,27902372
27,29,2,27904017
23,29,4,27910396
26,28,4,27912427
23,29,1,27920299
24,27,5,27922789
60,28,2,27926622
26,28,1,27929486
22,30,4,27932888
61,6,3,27932918
62,7,0,27932920
22,28,7,27935719
62,6,2,27940709
21,29,7,27943302
22,29,1,27944997
25,29,2,27958647
42,29,1,27962591
21,29,1,27964015
21,30,2,27964099
20,29,7,27966509
25,29,1,27974007
24,28,1,27978725
20,30,2,27982380
20,29,4,27984289
20,29,1,27984747
23,29,2,27988907
60,8,2,27991051
23,28,1,28002654
19,28,7,28004564
19,29,4,28006671
19,30,2,28006821
19,29,1,28007768
22,29,2,28007880
22,28,2,28008799
60,28,3,28011336
45,28,2,28012560
41,30,2,28012972
56,20,3,28015946
62,6,1,28016872
23,29,1,28017536
18,30,2,28021727
54,13,2,28023314
18,28,7,28026519
18,29,1,28027451
18,29,4,28027702
55,13,2,28028213
17,30,7,28028581
60,8,1,28031093
54,13,3,28033265
19,28,4,28035743
59,28,3,28038614
61,7,2,28041525
17,30,4,28041645
17,30,2,28044284
22,29,1,28047054
17,28,7,28047222
18,28,4,28047633
17,29,1,28048388
16,29,7,28052714
18,30,1,28056178
22,30,2,28056323
21,30,2,28056781
61,7,1,28056791
55,13,3,28058419
16,30,4,28060585
17,30,1,28065356
15,30,7,28067547
16,30,2,28068434
15,29,7,28068574
56,13,3,28075240
20,28,1,28078114
19,29,2,28079162
16,30,1,28080394
15,30,4,28080511
15,29,1,28083783
14,30,7,28087737
14,29,7,28088299
20,7,3,28089390
21,8,0,28089391
15,29,4,28090286
14,30,4,28096794
14,30,2,28099173
13,29,7,28104388
14,29,4,28108167
14,30,1,28109188
41,28,2,28113427
18,29,3,28114606
59,14,0,28117681
13,29,1,28119137
61,12,3,28120446
12,30,7,28122428
14,31,2,28123842
13,29,4,28123871
17,29,1,28128805
12,30,4,28131170
12,30,2,28133838
40,28,3,28138670
41,29,0,28138672
11,31,7,28140831
13,31,2,28143811
12,30,1,28145483
11,30,2,28146253
11,31,4,28148369
15,28,2,28153333
10,30,7,28154195
10,31,7,28155121
16,30,2,28159257
11,30,1,28159439
11,31,2,28159515
10,30,2,28161544
10,31,4,28161640
10,30,4,28161688
15,29,1,28165946
15,28,1,28168566
16,30,1,28169463
14,29,2,28171211
10,30,1,28172660
10,31,2,28182343
48,13,3,28184168
49,14,0,28184169
9,31,2,28190088
50,13,3,28191188
10,31,1,28193684
9,30,1,28194122
8,31,4,28197565
13,29,1,28207437
14,30,2,28208070
14,29,1,28210606
8,31,2,28211743
7,30,2,28215102
14,30,1,28215700
12,30,2,28218396
30,28,3,28218883
13,31,2,28227521
8,31,1,28228272
7,30,1,28231366
6,30,2,28234781
28,28,3,28239580
54,13,1,28243691
6,31,2,28243763
8,30,2,28243913
12,29,1,28244666
6,30,1,28250184
41,28,1,28265637
5,34,0,28265897
5,31,2,28268003
55,13,1,28271586
4,29,7,28275429
12,30,1,28275699
5,31,1,28277734
3,31,7,28284545
11,31,2,28284702
4,30,1,28284733
11,30,2,28285550
11,31,1,28286093
3,30,2,28286558
4,32,2,28289426
3,31,4,28292898
4,29,4,28293327
45,28,1,28294159
3,30,4,28294613
11,30,1,28296490
3,30,1,28297917
2,31,7,28300558
2,30,7,28301425
2,30,2,28302669
10,31,2,28305783
2,31,2,28307220
2,29,7,28308289
3,28,7,28308932
2,31,4,28309321
57,31,0,28310363
62,13,2,28310502
2,30,4,28310851
2,30,1,28313401
3,32,2,28314506
10,31,1,28314769
1,30,2,28317350
1,31,2,28323095
1,31,4,28324171
2,31,1,28324864
2,29,4,28325742
1,30,1,28326221
3,32,1,28330595
1,35,0,28331617
1,34,3,28333268
1,32,2,28333611
5,34,3,28335730
3,28,4,28341585
22,7,3,28342357
23,8,0,28342358
1,32,1,28345095
31,28,3,28347702
22,7,1,28381690
5,32,2,28396282
5,32,1,28399920
4,32,2,28407952
4,32,1,28415713
53,29,2,28417388
3,32,2,28421964
3,32,1,28427812
2,32,1,28440735
45,28,3,28444827
23,7,3,28462319
32,28,1,28495315
26,30,0,28495811
44,29,2,28508174
57,21,3,28508971
53,14,2,28511486
54,14,2,28514320
53,29,1,28515736
62,7,1,28516354
57,29,2,28517534
62,13,1,28517660
54,14,3,28523321
56,14,3,28525256
56,14,2,28536933
57,14,3,28545124
58,15,0,28545125
23,7,1,28553413
47,7,4,28572164
59,14,2,28608796
59,14,3,28610066
19,8,3,28618237
20,9,0,28618239
59,30,2,28620699
50,15,0,28621474
54,14,1,28623656
24,7,1,28623722
58,30,3,28626956
31,3,1,28632197
45,29,1,28632533
55,14,1,28632796
26,30,3,28635201
17,9,3,28635367
56,14,1,28636100
28,31,0,28637411
45,31,0,28645129
29,29,3,28645312
31,29,3,28647298
59,14,1,28648252
52,30,2,28649723
61,29,0,28651599
61,14,3,28657132
21,8,2,28660271
31,29,2,28667841
25,29,2,28677744
44,29,1,28679031
22,8,3,28681477
56,30,3,28692448
57,31,0,28692449
20,30,0,28693550
20,29,3,28694933
43,30,3,28703154
10,21,3,28712794
23,8,2,28716966
53,15,2,28723550
35,6,2,28724658
9,29,3,28731958
44,30,2,28731993
24,29,2,28734934
57,14,1,28740351
23,8,1,28752432
15,10,2,28754750
14,10,3,28757561
10,29,1,28759021
17,10,2,28790286
3,30,3,28793579
18,14,0,28794272
10,11,1,28795269
16,10,3,28797345
31,29,1,28801918
9,30,2,28804336
1,30,3,28806510
36,33,0,28807853
25,29,1,28811376
18,9,3,28813655
33,32,3,28814160
12,30,2,28815712
8,11,3,28818245
1,30,1,28825353
17,10,1,28837157
5,30,1,28838534
29,31,0,28845975
6,11,2,28846656
15,10,1,28857843
24,8,1,28858090
7,11,2,28862192
31,12,2,28868598
6,11,3,28870349
22,19,1,28870919
20,9,3,28871503
21,10,0,28871505
19,30,2,28874818
7,11,1,28878640
12,30,1,28882733
21,30,3,28886504
22,31,0,28886506
37,30,2,28889148
3,31,3,28890212
21,21,7,28890227
8,11,2,28890432
1,31,2,28892473
20,30,3,28892588
30,30,3,28893350
31,30,3,28894053
38,30,3,28900317
62,11,0,28904209
6,11,1,28904638
22,9,2,28911861
52,37,5,28923543
30,30,2,28924796
55,30,1,28925231
29,30,3,28925535
30,31,0,28925537
24,30,2,28933256
19,30,1,28934250
55,15,2,28939860
21,15,3,28944614
52,31,2,28947569
52,31,3,28947729
61,11,1,28949639
53,31,2,28953572
57,5,5,28954096
55,15,3,28954377
30,30,1,28959284
57,15,3,28967976
58,16,0,28967978
58,15,2,28968506
39,30,1,28972537
37,30,1,28979511
7,31,3,28987078
15,27,4,28987158
11,31,2,28987200
15,19,1,29001087
15,16,4,29006767
12,31,3,29007151
54,5,0,29008732
13,25,1,29011067
22,16,2,29016151
22,14,2,29017999
54,15,2,29022161
10,23,1,29023058
22,14,1,29023975
25,9,1,29028566
14,11,2,29030318
14,22,2,29034026
14,21,2,29034171
14,25,2,29034216
14,26,2,29034983
21,15,2,29035459
14,26,7,29035660
14,24,7,29037323
14,21,7,29038536
14,20,7,29040785
14,18,7,29041085
14,23,2,29041176
14,20,2,29042661
14,22,7,29043037
14,19,7,29043223
8,11,1,29046323
9,17,1,29051481
9,16,1,29052795
9,13,1,29053308
3,24,7,29054556
3,14,2,29055034
9,11,1,29056692
9,14,4,29057113
1,33,0,29057347
51,22,2,29057971
24,9,2,29066297
24,10,2,29075445
9,24,2,29076494
57,4,0,29083155
35,31,0,29088432
14,18,4,29095674
14,20,4,29096119
50,11,1,29096199
14,16,4,29096675
14,17,4,29097254
24,23,4,29098175
14,26,1,29100090
14,24,4,29100218
14,26,4,29102028
14,23,1,29102484
14,23,4,29105044
14,25,4,29105713
14,27,1,29106377
14,22,4,29108170
14,27,4,29110498
14,25,1,29110659
8,18,2,29113132
8,17,2,29114161
14,20,1,29117551
14,21,1,29118118
14,15,1,29118136
51,21,0,29120172
8,16,2,29121685
14,21,4,29122294
14,18,1,29123923
16,23,1,29126337
14,16,1,29127773
8,16,7,29127989
3,14,1,29130195
22,15,2,29136230
8,12,2,29160550
61,10,0,29167211
21,15,2,29168420
22,15,1,29168911
13,28,2,29169130
50,14,4,29170058
11,29,2,29170643
13,27,7,29173317
13,26,7,29173969
13,27,2,29175002
13,24,2,29175812
13,26,2,29178580
13,24,7,29179029
13,22,2,29179726
56,32,3,29181881
13,21,7,29183678
13,20,7,29184546
13,25,7,29184915
13,23,7,29185124
13,19,2,29188472
8,18,1,29188671
13,22,7,29189074
13,21,2,29189391
34,33,3,29190051
21,15,1,29190421
8,17,1,29192022
24,10,1,29192099
13,16,7,29192370
13,17,2,29193080
13,17,7,29194099
2,18,2,29195904
24,9,1,29197198
13,16,2,29197294
2,16,2,29197839
8,15,4,29199114
2,14,7,29199954
15,24,2,29203515
8,16,4,29204212
8,12,1,29207150
61,27,2,29207445
37,33,2,29207693
32,30,4,29209058
49,13,7,29221476
13,27,1,29221910
62,15,1,29222310
7,18,2,29222616
13,26,4,29224538
49,12,2,29227567
15,24,4,29227583
13,29,4,29228510
13,22,1,29229212
13,25,1,29229277
7,19,2,29229413
13,24,4,29230319
13,19,1,29231731
7,16,7,29231837
13,28,4,29231964
13,23,1,29231987
13,24,1,29233959
13,25,4,29234036
23,10,2,29234804
13,23,4,29234920
23,11,7,29235599
13,17,1,29236259
23,11,2,29236679
7,15,7,29236729
13,22,4,29237144
13,20,4,29237534
49,13,2,29237918
23,9,2,29238200
13,21,1,29238398
2,14,4,29239076
7,13,2,29239103
13,18,1,29239840
60,9,1,29240740
7,12,2,29241627
33,4,4,29242197
7,14,7,29244939
13,18,4,29245961
36,11,1,29246235
11,25,1,29248090
2,18,1,29248433
54,34,3,29253250
55,35,0,29253252
61,21,7,29253609
61,20,7,29253868
11,29,4,29255603
61,21,4,29260300
1,21,2,29260378
61,21,1,29261543
11,22,4,29261548
12,25,2,29261558
1,19,2,29263075
12,22,2,29263163
12,27,7,29263206
29,29,2,29263836
12,24,2,29264387
12,29,7,29264407
7,19,1,29264545
12,25,7,29264672
12,23,2,29265179
12,23,7,29265993
7,18,1,29266087
12,20,2,29266239
12,28,7,29267557
12,26,2,29267608
12,28,2,29267660
7,14,4,29267982
7,16,4,29267989
49,13,4,29268042
7,12,1,29268265
12,21,7,29269128
23,14,4,29270015
61,20,4,29270052
12,17,7,29270101
12,24,7,29270144
49,12,1,29270454
12,22,7,29270883
61,22,4,29271522
7,15,4,29271800
23,10,1,29271941
7,14,1,29273277
48,20,2,29273364
12,19,7,29273762
7,13,1,29274056
23,9,1,29274588
23,12,4,29275095
49,14,4,29275967
10,29,7,29287247
50,22,7,29287976
57,37,7,29290496
20,33,2,29292506
10,21,7,29292792
6,20,2,29293261
21,15,1,29293495
6,15,2,29294336
60,20,7,29295225
6,17,2,29295242
56,32,1,29295811
6,14,7,29296423
6,14,2,29297483
6,15,7,29297513
6,13,2,29298116
22,10,2,29298227
22,12,7,29298390
6,18,7,29298662
1,19,1,29298826
48,12,7,29299764
60,20,2,29299912
22,11,2,29301340
12,21,1,29301397
38,31,5,29301424
12,19,4,29302109
22,11,7,29302113
51,5,4,29302516
22,13,7,29302531
60,27,7,29302703
12,26,4,29303999
6,13,7,29304382
12,22,4,29304809
12,24,1,29306755
12,20,1,29306884
12,27,4,29306990
12,24,4,29307577
48,13,7,29308177
12,28,4,29311122
12,29,4,29311175
12,23,4,29311357
12,23,1,29311848
12,26,1,29312318
12,28,1,29312957
48,12,2,29314175
55,33,2,29314481
29,29,4,29317366
29,29,1,29321577
29,30,4,29322701
48,14,7,29322702
20,15,7,29324265
6,18,4,29329098
6,20,1,29329525
6,14,4,29330138
36,33,3,29331166
6,15,1,29332416
6,15,4,29333558
6,13,1,29333808
19,15,7,29334133
6,17,1,29336932
22,11,1,29337255
20,15,4,29337382
6,14,1,29338081
10,29,4,29338533
18,15,3,29338879
11,21,2,29339545
10,21,4,29340688
22,13,4,29341122
22,12,4,29342587
11,26,7,29342743
11,23,7,29343814
11,18,7,29344464
22,11,4,29344577
11,24,2,29345335
11,22,7,29345518
22,10,1,29345680
11,25,7,29345776
60,21,7,29345953
58,12,4,29347462
11,21,7,29348891
11,25,2,29349824
11,28,7,29349828
11,22,2,29350045
21,15,0,29352334
11,27,2,29352790
11,27,7,29354657
60,21,4,29355576
36,32,1,29357863
11,29,2,29360448
48,13,4,29361197
9,28,7,29362526
6,35,3,29365480
5,14,2,29365605
5,15,7,29367214
5,16,7,29367444
5,16,2,29370832
5,14,7,29370917
9,14,7,29372376
5,21,2,29372609
5,13,7,29373115
58,21,3,29373800
5,17,7,29373942
48,14,4,29376069
5,15,2,29376355
5,18,2,29376704
28,29,7,29376975
30,1,7,29378394
9,16,2,29378624
9,19,7,29379152
48,12,1,29379307
9,29,7,29380032
21,11,7,29380707
9,20,7,29382199
60,27,4,29382374
21,11,2,29382931
21,12,7,29386079
19,15,4,29386702
28,29,2,29387744
9,14,2,29388347
11,17,4,29389269
9,29,2,29390298
11,19,4,29392915
11,22,4,29393868
19,15,1,29394774
21,10,7,29394850
47,21,7,29395059
22,21,0,29396057
11,21,4,29396394
9,12,7,29398016
11,22,1,29398783
11,18,4,29399372
11,21,1,29401741
11,20,1,29401768
45,12,7,29402976
11,24,4,29405365
4,32,3,29405501
11,23,1,29406632
11,28,4,29406710
11,23,4,29407048
11,25,4,29408276
61,15,4,29408952
47,12,7,29409439
32,1,0,29410926
33,33,1,29411574
9,12,1,29413482
10,12,0,29414007
11,25,1,29414823
11,27,4,29415695
9,16,4,29415717
11,26,1,29415967
5,14,4,29416160
9,14,4,29416459
17,15,7,29416869
49,22,7,29417514
5,15,4,29418249
11,27,1,29418431
47,13,7,29418562
60,14,7,29419096
5,16,4,29419450
19,15,7,29420877
9,15,4,29421111
9,13,4,29421344
5,15,1,29422125
9,13,1,29422157
5,18,1,29422228
5,19,1,29422646
11,29,1,29423992
9,14,1,29424862
19,15,4,29425464
58,11,4,29425922
5,14,1,29426225
9,17,1,29426309
5,17,4,29426351
5,18,4,29426359
9,15,1,29426978
5,16,1,29427422
9,16,1,29427752
4,13,7,29428249
10,16,7,29429390
5,17,1,29429413
18,15,2,29431875
9,19,4,29431967
21,11,4,29431976
60,15,7,29432238
21,10,1,29433371
45,12,4,29434148
57,11,7,29434181
21,11,1,29434349
9,22,1,29434896
3,25,3,29435163
4,26,0,29435164
57,10,7,29435666
9,20,4,29435823
10,18,7,29436770
10,17,7,29436858
10,20,7,29438878
47,12,4,29439493
9,29,4,29439718
8,18,7,29440473
12,12,0,29441320
10,22,7,29441482
1,34,0,29441611
10,23,7,29442636
10,21,2,29443518
3,33,3,29443906
10,21,7,29443952
8,14,7,29444123
4,15,7,29444160
10,24,7,29444893
8,13,2,29444950
8,15,7,29445542
4,16,7,29445552
47,13,4,29447222
3,34,0,29447235
9,28,4,29447238
8,14,2,29447278
47,21,4,29447723
20,10,7,29448411
4,14,2,29448452
10,22,2,29448539
10,26,7,29449751
4,13,2,29450034
4,16,2,29450081
47,11,1,29450095
54,9,2,29450295
59,26,7,29450646
4,18,2,29450755
10,23,2,29451309
4,15,2,29451402
4,17,2,29451603
8,17,2,29451790
8,15,2,29451916
12,17,2,29452174
28,29,4,29452258
4,17,7,29452287
4,19,7,29452323
20,12,7,29452478
58,9,4,29452517
20,11,2,29453192
20,12,2,29453514
10,24,2,29453866
15,32,2,29454171
4,19,2,29454347
8,16,2,29454538
8,21,7,29454703
4,20,2,29455349
4,20,7,29455615
8,13,7,29456995
5,34,0,29457089
28,30,4,29457719
49,22,4,29457879
10,27,7,29458185
5,33,1,29459224
46,11,7,29459228
8,18,2,29459349
14,33,0,29459654
59,19,4,29460040
10,17,4,29460046
10,26,2,29460067
60,15,4,29460090
2,27,0,29460259
14,15,2,29460776
4,33,1,29461167
1,34,3,29461332
2,35,0,29461333
10,28,7,29461665
1,34,2,29461777
10,15,1,29461807
10,18,4,29461900
9,29,1,29463112
10,27,2,29463464
8,14,4,29463565
7,33,2,29463640
46,6,7,29463654
10,19,4,29463932
57,11,4,29464558
57,10,4,29464608
7,33,1,29465121
9,12,2,29465232
4,13,1,29465377
46,12,7,29466470
10,17,1,29466736
10,21,4,29467472
4,34,2,29467907
10,28,2,29468228
2,14,0,29468550
8,14,1,29468614
56,10,7,29468636
10,20,4,29468662
32,34,3,29468895
9,12,3,29469338
8,15,4,29470380
28,31,1,29470588
21,27,4,29471096
8,16,4,29471475
3,34,2,29472450
30,1,4,29472587
8,24,2,29473611
8,17,4,29474235
3,34,3,29474280
4,14,1,29474400
4,17,4,29474759
10,21,1,29474843
4,15,1,29475996
4,18,4,29476160
46,18,4,29476182
20,10,1,29476187
8,16,1,29477102
4,34,3,29477124
3,13,2,29477127
8,18,4,29477377
4,16,1,29477924
4,19,4,29478031
20,11,1,29478454
4,20,4,29478464
10,23,4,29479017
46,12,2,29479656
8,21,4,29480566
4,17,1,29480832
9,17,7,29480909
27,32,2,29481037
6,34,2,29481106
8,18,1,29481478
46,11,4,29481707
10,30,2,29482164
52,15,5,29482227
12,33,3,29482592
4,18,1,29482807
8,17,1,29482881
57,9,4,29483087
12,34,0,29483636
44,14,2,29483989
6,34,3,29484272
56,10,4,29484418
57,8,7,29484575
60,14,4,29484785
9,18,7,29484867
12,17,1,29484989
10,22,1,29485608
18,17,2,29485672
46,12,4,29485884
59,14,7,29486118
14,15,1,29486417
8,20,4,29486543
58,28,7,29486720
9,16,2,29487016
59,13,7,29488069
58,18,7,29488380
44,12,2,29488823
6,34,1,29488961
9,19,7,29489310
7,16,7,29489352
45,15,2,29489469
4,20,1,29489506
10,23,1,29489671
56,9,7,29489723
46,20,7,29489805
2,35,3,29489838
45,17,7,29490111
9,18,2,29490157
10,25,4,29490507
6,26,0,29491152
25,32,3,29491375
7,15,2,29491519
3,13,1,29491820
39,31,3,29491977
6,23,1,29492782
9,20,7,29493069
7,15,7,29493185
3,14,2,29494243
7,17,2,29495101
46,13,4,29495141
14,33,3,29495484
15,34,0,29495485
10,25,1,29495918
9,13,2,29496051
3,18,7,29497043
9,19,2,29497267
3,17,2,29497414
3,17,7,29497462
26,32,3,29497506
27,33,0,29497507
10,24,1,29497940
13,11,1,29497990
10,28,4,29497998
10,27,4,29498258
53,15,6,29499365
20,34,3,29500409
21,35,0,29500411
45,11,7,29500438
17,10,1,29500556
3,19,7,29501071
3,16,2,29501094
56,8,7,29501596
7,17,7,29501812
19,12,4,29502147
27,32,3,29502502
4,35,3,29504508
3,18,2,29505488
7,19,7,29505873
46,20,4,29505956
2,14,2,29506045
9,22,7,29506562
7,20,7,29506719
9,22,2,29506903
23,34,0,29507363
1,14,1,29507437
27,32,1,29507638
9,13,1,29508135
52,15,6,29508760
10,26,1,29509305
44,12,1,29509522
57,8,4,29509581
3,19,2,29509697
45,12,7,29509762
18,10,1,29509777
3,27,3,29510426
4,28,0,29510427
59,14,4,29510516
11,18,2,29510570
25,32,1,29510808
13,16,2,29511413
5,35,3,29511534
6,36,0,29511536
3,14,1,29512266
27,29,7,29512848
7,16,4,29513147
12,34,3,29513192
13,35,0,29513194
56,9,4,29514892
9,24,7,29515028
10,29,4,29516137
45,11,2,29517532
28,32,3,29517729
29,33,0,29517730
12,12,2,29517732
7,17,4,29517782
9,23,2,29518620
2,14,1,29518666
3,21,2,29518681
8,30,2,29520082
10,27,1,29520671
3,18,4,29521134
1,36,1,29521619
1,15,2,29521931
54,14,5,29522969
52,22,4,29523928
1,15,3,29524176
2,16,0,29524177
45,11,4,29524527
9,20,4,29524609
61,31,7,29525544
56,14,4,29525723
9,24,2,29525734
3,36,1,29526000
13,12,2,29527243
43,13,2,29527968
15,11,3,29528451
62,31,7,29528699
2,15,2,29528815
56,8,4,29528998
8,26,1,29529378
24,33,2,29529433
8,14,2,29529713
10,28,1,29529717
3,17,1,29529921
2,37,2,29530602
24,6,7,29531981
9,25,2,29532288
61,31,5,29532593
3,16,1,29532622
16,11,2,29532623
45,12,4,29533137
7,17,1,29533273
3,19,4,29533613
27,29,2,29533640
45,19,7,29534160
9,22,4,29534438
9,19,1,29534898
7,19,4,29534968
27,30,7,29535352
9,20,1,29536132
1,15,1,29537470
58,13,7,29538278
55,8,7,29542176
6,16,7,29542782
12,12,3,29542827
7,20,4,29543168
1,29,2,29543432
9,14,2,29543893
11,35,3,29544351
12,36,0,29544352
52,8,1,29544840
56,7,7,29544899
18,13,7,29544901
1,30,0,29545503
54,14,6,29545547
3,18,1,29545651
19,12,2,29546026
9,23,4,29547136
13,34,3,29547948
14,35,0,29547950
8,29,4,29548351
8,19,7,29548788
23,33,3,29549646
18,13,4,29551142
9,21,1,29552368
16,11,1,29553121
17,17,1,29553321
25,11,1,29554165
45,13,4,29554301
9,27,7,29556238
12,6,0,29557931
24,33,1,29561324
3,19,1,29563768
1,29,3,29564553
2,30,0,29564554
14,34,3,29570864
13,12,1,29576523
19,29,3,29590605
20,30,0,29590606
46,18,0,29593204
61,31,4,29598902
55,13,7,29602080
58,13,4,29603321
42,11,3,29605604
60,31,4,29611741
19,12,1,29612322
59,30,7,29619216
54,33,7,29620322
60,31,6,29623566
18,13,0,29623957
9,23,1,29624411
59,13,4,29630827
8,24,2,29632502
27,28,7,29636239
62,31,4,29636275
59,30,4,29642115
61,31,6,29642955
18,34,2,29643874
10,30,0,29644448
10,13,3,29644532
43,13,3,29645050
46,18,3,29647721
29,29,0,29648123
58,13,0,29648552
45,11,0,29648877
60,30,7,29649209
28,21,0,29653055
20,32,3,29655771
21,33,0,29655772
43,12,3,29657249
7,25,3,29657493
8,26,0,29657495
17,11,2,29659547
7,19,0,29660543
53,21,6,29660971
60,30,4,29661854
59,30,5,29662945
21,32,0,29662985
3,21,0,29664478
27,19,3,29665755
28,20,0,29665756
9,27,3,29670302
10,28,0,29670304
13,24,0,29671886
60,30,5,29672637
9,26,3,29672680
10,27,0,29672681
7,24,3,29676649
61,30,5,29677823
7,23,3,29677908
47,19,3,29678139
62,30,5,29678630
62,30,7,29683064
59,30,6,29683226
14,11,3,29684025
55,13,5,29684027
43,11,3,29684227
7,22,3,29685597
8,23,0,29685598
52,14,6,29686825
28,19,0,29687632
25,11,0,29688103
29,26,0,29688339
25,18,3,29689665
46,16,3,29689695
47,17,0,29689696
10,33,6,29690955
9,24,3,29691358
27,23,6,29693819
26,24,3,29698671
62,30,4,29698793
28,25,5,29700965
55,13,6,29701282
61,30,6,29701943
28,24,3,29702082
29,25,0,29702083
61,29,7,29702634
27,17,3,29702739
28,18,0,29702740
27,30,3,29705184
28,31,0,29705186
62,30,6,29707304
18,14,3,29707577
54,20,5,29709261
29,30,3,29709919
25,17,3,29715562
2,29,3,29716488
3,30,0,29716489
61,29,4,29716703
3,24,3,29717618
22,36,0,29720584
59,19,0,29720606
1,29,1,29720870
28,23,3,29721224
29,24,0,29721225
8,28,3,29721451
9,29,0,29721452
26,23,3,29721748
29,29,3,29721913
30,30,0,29721914
7,20,3,29723702
8,21,0,29723703
58,17,5,29723977
2,15,1,29724610
57,30,3,29724984
58,31,0,29724985
21,33,3,29726375
22,34,0,29726376
53,13,5,29726788
1,16,2,29726912
62,29,7,29727557
27,29,3,29729637
28,30,0,29729640
62,29,4,29730428
58,16,5,29734393
1,16,1,29734514
27,16,3,29734552
28,17,0,29734553
29,28,3,29738017
30,29,0,29738018
10,9,0,29739026
28,22,3,29739111
26,22,3,29740585
39,32,3,29741310
42,11,6,29741577
14,13,0,29742138
45,12,3,29742218
5,29,3,29743241
45,11,3,29743316
25,16,3,29743427
29,29,5,29743556
27,28,3,29743590
28,29,0,29743591
44,13,3,29744143
59,23,5,29744962
27,15,3,29745261
7,18,5,29746241
27,27,3,29747513
28,28,0,29747514
2,16,3,29747728
3,17,0,29747730
44,11,0,29748615
28,21,3,29749256
29,22,0,29749257
27,26,3,29749708
28,27,0,29749709
26,21,3,29750527
27,22,0,29750528
53,6,6,29750849
29,25,3,29753127
30,26,0,29753129
26,9,3,29753513
28,22,5,29753822
28,20,3,29754558
29,21,0,29754559
27,14,3,29755518
29,26,3,29756552
27,21,0,29756950
25,14,3,29757230
58,18,6,29758682
11,13,3,29761300
28,25,6,29761506
27,17,6,29762589
21,37,0,29762670
15,12,2,29762762
28,19,3,29762777
29,20,0,29762778
26,7,3,29764074
27,8,0,29764076
24,7,3,29764257
25,8,0,29764258
44,10,0,29764782
26,19,3,29766150
27,20,0,29766151
48,20,5,29767135
26,14,0,29767195
43,8,3,29767873
46,13,3,29768357
47,14,0,29768358
30,31,3,29768547
31,32,0,29768549
54,5,5,29769494
29,24,3,29770792
30,25,0,29770793
4,25,3,29771049
5,26,0,29771051
24,6,3,29771347
25,7,0,29771348
7,18,6,29771817
56,12,5,29771960
27,12,3,29772653
62,29,5,29773099
40,19,3,29773938
43,10,5,29774823
28,17,3,29775157
29,18,0,29775158
28,18,3,29775318
29,19,0,29775319
3,17,3,29776837
4,18,0,29776838
46,9,0,29777294
40,32,3,29778044
30,30,3,29778245
54,5,6,29778309
25,12,3,29778753
29,29,6,29779358
27,11,3,29779711
25,10,3,29781298
3,19,5,29781499
59,17,5,29782052
44,11,3,29782920
45,12,0,29782921
29,23,3,29784009
30,24,0,29784010
29,25,5,29784042
3,18,5,29785439
46,12,3,29785572
29,24,5,29786104
16,17,3,29787729
28,18,5,29789872
30,27,3,29790157
31,28,0,29790159
28,22,6,29790161
25,9,3,29790470
29,28,6,29790744
28,16,3,29790779
44,10,3,29791500
45,11,0,29791502
30,29,3,29792445
31,30,0,29792446
12,25,3,29793020
13,26,0,29793021
1,30,3,29793768
27,10,3,29794313
28,11,0,29794314
28,15,3,29794920
29,16,0,29794921
48,20,6,29795348
28,17,5,29796313
46,11,3,29797530
47,12,0,29797531
27,9,3,29797810
30,30,5,29798604
3,17,5,29799267
28,21,6,29799339
41,18,0,29799759
29,27,6,29800182
29,22,3,29800823
59,11,3,29801307
27,10,5,29801951
58,5,3,29801959
19,13,5,29802126
19,12,3,29803018
58,6,3,29803667
27,14,6,29804294
40,24,6,29804941
8,17,5,29808390
29,26,6,29809621
19,11,3,29810873
46,10,3,29810907
47,11,0,29810908
28,20,6,29811335
30,29,5,29813401
29,21,3,29814099
5,21,0,29814160
29,20,3,29817650
30,21,0,29817652
28,14,3,29817826
29,15,0,29817827
29,19,3,29818157
61,26,7,29818288
49,20,3,29818478
28,16,5,29818847
41,27,6,29818868
41,17,0,29819435
62,29,6,29823806
29,22,5,29824362
30,26,3,29825163
31,27,0,29825164
3,18,6,29825478
44,9,3,29827510
45,10,0,29827511
27,8,3,29827668
28,9,0,29827669
27,13,6,29827936
30,28,5,29828418
28,19,6,29829232
55,7,6,29833263
10,14,3,29833409
27,9,5,29834685
9,37,0,29835006
12,13,3,29837290
48,19,5,29837687
29,25,6,29838135
28,15,5,29839829
30,27,5,29841089
5,25,3,29842315
30,31,6,29844450
41,20,3,29847095
42,28,5,29848931
28,13,3,29848993
29,20,5,29850550
56,12,6,29854572
27,12,6,29854826
28,18,6,29858411
30,25,3,29859600
31,26,0,29859602
2,44,3,29859666
15,31,2,29860164
48,19,6,29860410
28,12,3,29861271
47,17,3,29863572
9,27,0,29864385
41,20,5,29864467
29,18,3,29865920
41,33,3,29867019
42,34,0,29867020
21,21,6,29870432
29,24,6,29870561
43,26,0,29876830
1,29,0,29877121
28,13,5,29877575
31,31,3,29880776
1,28,0,29881830
12,35,6,29890321
30,30,6,29895937
57,8,0,29897557
62,26,4,29904670
61,26,4,29906527
53,13,6,29914086
56,28,3,29916903
14,12,3,29920633
15,13,0,29920634
4,4,3,29926331
5,5,0,29926332
47,31,4,29929549
11,14,3,29944303
61,25,7,29950596
54,12,5,29953375
24,6,6,29953975
1,31,3,29975502
2,32,0,29975503
44,53,2,29988294
58,25,5,29992114
42,26,5,29999359
33,36,4,30030340
30,26,5,30031208
59,15,6,30041274
30,29,6,30041489
30,24,3,30042092
31,25,0,30042093
44,30,7,30048970
41,32,3,30052270
49,19,5,30052653
48,18,5,30056866
1,18,0,30064928
8,28,0,30073054
31,29,3,30073890
30,28,6,30074881
4,38,2,30101391
13,7,1,30110567
31,30,5,30118552
7,37,3,30120826
8,38,0,30120827
30,25,5,30125141
13,20,3,30126700
15,12,3,30127748
1,40,0,30130637
4,38,1,30138021
18,34,3,30150151
19,35,0,30150152
12,14,3,30154273
13,15,0,30154274
41,18,3,30159920
13,13,3,30160834
23,34,0,30161028
3,18,0,30162177
10,15,3,30179358
3,40,0,30184727
39,33,3,30185849
30,23,3,30187327
31,24,0,30187328
