x,y,feature,timestamp
11,54,1,53024309
10,16,3,53025039
9,38,5,53026392
16,54,3,53027026
18,54,3,53027282
13,54,1,53027990
17,54,3,53029195
9,17,3,53029197
12,45,3,53029403
44,34,0,53030366
42,34,1,53030594
43,34,3,53030913
12,54,1,53031011
12,19,0,53031202
17,50,1,53031506
8,40,6,53031561
21,34,0,53032549
9,36,3,53035692
15,46,2,53038770
14,54,1,53039957
21,54,6,53042853
16,50,1,53043608
16,50,3,53045351
15,51,2,53052128
6,51,3,53053281
9,53,2,53053292
7,44,1,53054942
13,50,3,53056372
16,46,1,53058112
0,15,2,53058903
11,17,0,53059071
16,51,2,53060359
14,50,1,53060647
13,50,1,53061163
18,34,3,53061873
1,21,0,53062340
13,32,3,53062688
12,35,6,53075812
3,17,0,53077542
11,45,3,53084387
12,50,3,53084688
7,16,3,53085848
7,43,6,53086541
7,44,0,53088465
14,55,2,53088726
3,14,0,53090891
16,51,0,53093951
7,52,0,53121653
20,34,1,53135596
13,19,5,53179789
21,35,3,53201840
2,19,0,53202884
19,41,3,53207642
0,23,6,53209767
21,38,7,53210515
14,55,6,53210872
18,51,0,53216059
12,19,6,53216534
0,45,7,53216854
5,50,4,53217822
10,18,0,53218425
9,45,7,53218501
21,38,1,53223672
21,39,4,53227653
16,54,7,53230162
6,14,5,53231747
11,34,1,53234838
11,54,5,53235446
0,12,7,53235650
18,34,7,53237296
10,17,2,53237725
17,54,7,53238512
21,35,7,53239320
16,51,1,53239467
3,12,7,53239540
10,17,1,53240046
19,54,1,53240980
12,19,4,53241345
2,19,2,53242598
21,51,3,53245919
17,52,6,53246151
16,54,5,53246789
49,55,6,53246980
15,54,5,53247632
12,36,0,53249904
21,52,2,53249946
0,23,2,53250645
18,51,4,53251015
2,19,1,53260870
3,17,1,53261231
16,47,6,53261481
12,50,7,53261624
10,50,4,53263125
0,23,7,53263127
5,45,2,53263924
7,50,6,53264483
13,19,4,53266133
3,44,1,53266175
13,50,7,53266719
11,18,7,53268706
21,36,2,53269482
9,50,4,53270285
8,50,6,53270676
23,54,0,53271192
12,18,7,53272797
6,30,6,53273151
7,52,4,53273557
51,37,5,53274119
5,50,5,53275244
12,35,2,53275799
20,34,5,53276307
21,38,4,53276341
17,46,5,53276425
10,45,3,53276703
12,18,5,53276814
18,33,5,53277818
13,50,5,53277907
15,50,5,53278027
9,45,4,53278230
8,40,2,53278914
18,53,7,53280387
19,34,6,53280560
21,34,7,53282131
1,22,0,53282329
17,50,7,53282398
11,50,4,53287887
12,50,4,53288629
10,50,6,53289563
14,50,5,53289916
11,53,7,53291189
20,33,5,53291625
19,42,1,53291957
2,18,2,53292559
12,18,6,53293478
20,34,6,53293577
11,31,7,53293700
12,17,3,53293781
10,41,1,53293909
16,46,5,53293972
5,44,7,53294039
1,20,2,53294408
12,18,4,53295067
9,38,1,53295879
10,40,2,53296535
15,53,7,53297012
10,53,7,53297016
2,39,7,53297348
21,54,4,53297482
8,30,4,53297877
14,32,7,53297930
2,45,4,53298706
12,35,1,53298718
1,43,7,53299015
1,45,4,53299314
3,16,1,53299383
21,36,1,53299429
20,37,2,53300081
11,38,1,53301698
9,49,5,53301983
8,52,7,53302078
41,35,7,53302190
14,50,6,53302218
13,32,1,53302621
12,45,7,53302648
11,49,7,53302680
7,44,4,53302886
5,50,6,53302969
6,44,7,53303094
4,29,6,53303203
21,34,4,53303249
2,18,1,53303457
7,49,7,53303570
8,49,5,53304235
7,15,4,53304449
12,50,6,53304596
13,50,4,53304897
6,29,5,53304922
21,37,4,53304973
6,51,7,53305377
9,49,7,53305439
10,40,1,53305440
13,50,6,53305510
11,37,2,53305867
7,30,6,53306098
2,12,4,53306202
13,45,7,53306422
14,53,7,53306742
12,53,7,53306778
4,44,4,53307236
17,35,7,53307318
20,40,4,53307401
10,53,4,53307406
20,53,7,53307794
10,39,2,53307996
4,13,7,53308018
8,49,7,53308060
11,32,1,53308252
16,53,6,53308546
13,53,7,53309429
12,53,5,53309620
5,44,6,53309730
11,49,5,53309866
2,43,7,53310117
19,33,5,53310278
17,33,7,53310641
10,49,5,53310668
7,51,5,53311406
20,38,7,53311827
10,15,4,53312018
15,33,6,53312376
14,46,6,53312492
12,49,7,53312884
1,43,4,53313774
13,53,5,53314664
19,33,4,53319301
11,53,4,53319354
2,19,4,53319673
17,33,6,53319728
6,49,5,53320946
9,53,6,53321201
9,30,5,53321336
16,53,7,53322321
9,42,2,53322468
1,19,7,53322482
7,29,7,53322909
0,14,6,53323139
8,39,2,53323298
2,17,2,53323711
14,53,4,53324608
5,44,4,53325615
1,44,7,53325656
12,16,4,53325740
9,49,4,53326005
2,17,7,53326116
11,53,6,53326128
18,32,7,53326160
10,31,6,53326635
9,38,4,53326681
9,52,7,53326790
11,37,1,53326793
17,35,4,53326810
12,34,1,53327014
8,49,4,53327087
3,43,7,53327190
6,49,7,53327200
12,49,5,53328308
9,16,4,53328670
23,53,4,53328995
4,44,6,53329594
9,52,5,53329962
13,49,7,53330038
12,53,4,53330134
14,32,4,53330795
13,53,4,53330839
10,45,6,53331257
11,36,2,53331824
7,43,4,53332324
12,53,6,53332402
0,43,6,53332409
9,42,1,53332413
17,37,6,53332438
21,36,4,53332483
8,15,7,53333414
20,37,7,53333440
12,33,2,53333471
14,45,7,53333514
10,39,7,53333786
12,45,4,53333809
7,41,7,53333869
23,54,6,53334226
20,53,4,53334239
11,35,2,53334649
15,53,4,53334773
6,44,4,53335095
2,17,1,53335268
16,53,4,53335418
8,15,4,53335674
20,37,1,53335943
1,11,7,53336005
9,41,7,53336108
49,34,7,53336124
9,44,1,53336688
18,32,5,53336946
18,33,6,53336949
19,46,5,53337120
13,49,5,53337289
3,49,4,53337297
15,50,5,53337339
10,38,2,53337354
16,46,6,53337519
10,39,1,53337613
11,15,7,53338417
18,42,2,53338448
2,43,4,53338482
8,30,6,53338999
2,18,4,53339073
17,33,4,53339781
13,53,6,53340551
17,52,5,53340727
6,43,7,53340833
8,52,6,53340845
16,52,3,53340860
11,45,6,53341819
41,35,4,53342523
2,16,2,53342553
39,38,5,53342639
5,13,7,53343028
13,52,5,53343168
20,36,7,53343468
7,49,4,53343486
11,15,4,53344509
10,52,5,53347900
37,38,3,53350599
9,40,2,53352152
15,45,7,53352585
1,44,4,53352702
11,36,1,53353315
15,45,5,53353986
10,44,7,53354027
2,15,6,53354067
5,43,7,53354831
1,18,7,53354840
12,52,7,53354967
6,29,6,53354991
9,16,5,53355443
17,52,7,53356212
13,52,7,53356257
12,52,5,53356842
5,28,5,53357352
8,44,3,53357383
12,17,7,53358203
16,32,7,53358514
9,52,4,53359130
20,36,1,53359146
2,16,1,53359173
14,52,7,53359454
50,46,1,53359644
14,52,5,53359703
7,48,7,53360328
10,37,2,53360451
7,29,4,53360658
16,32,5,53360752
47,34,4,53360857
19,39,7,53360983
7,42,4,53360994
20,41,1,53361372
6,49,4,53361867
11,44,7,53362627
12,49,6,53362632
1,13,7,53363241
4,44,7,53363657
9,33,5,53363760
16,50,4,53364470
49,51,7,53365112
43,35,4,53365405
43,34,7,53365407
11,35,1,53365560
6,38,5,53365742
51,37,1,53365901
10,16,4,53366329
5,13,4,53366633
1,19,4,53366726
9,33,6,53368443
2,44,4,53368472
21,33,5,53368518
34,38,2,53368674
13,31,7,53368998
12,17,4,53369220
4,32,7,53369616
8,51,7,53369836
9,15,7,53370147
9,30,6,53370407
10,37,1,53370794
18,41,2,53370808
39,35,4,53371014
2,14,1,53371033
12,44,7,53371079
11,17,6,53371111
20,51,7,53371335
10,36,2,53371740
49,34,4,53371959
1,42,7,53372003
8,13,4,53372284
10,38,1,53372291
23,31,4,53373131
16,45,4,53373540
21,39,6,53373547
11,33,5,53373714
7,49,1,53373795
10,52,6,53374010
2,48,5,53374157
18,43,1,53374557
9,39,2,53374598
19,52,0,53374850
16,52,6,53374884
3,49,6,53375253
6,28,7,53375619
16,34,7,53375884
12,31,1,53380288
10,39,4,53381978
13,52,4,53384414
15,45,4,53384899
38,37,5,53385166
1,17,7,53385540
6,50,4,53385852
22,52,7,53386753
13,52,6,53387170
19,37,2,53387291
43,34,6,53387535
8,37,1,53387589
19,43,1,53387879
9,32,6,53388428
20,37,4,53388974
9,40,1,53389057
6,44,7,53389331
14,52,4,53389589
10,44,4,53389756
10,14,7,53389823
18,45,2,53390075
18,45,1,53390089
6,43,4,53390238
6,42,7,53390240
13,31,4,53390272
1,18,4,53390849
20,35,7,53391111
18,42,1,53391619
31,34,4,53391707
1,40,7,53393031
51,36,4,53393229
1,43,7,53393905
2,42,7,53394140
7,12,7,53394410
50,44,4,53394476
17,43,2,53395022
31,34,6,53395822
11,44,4,53397593
12,52,6,53397737
0,18,7,53397855
8,32,1,53398243
9,51,5,53398451
49,47,2,53398675
9,29,5,53398892
6,13,7,53399078
11,32,2,53399383
7,51,6,53399736
12,45,7,53399925
16,51,5,53400119
43,39,7,53400385
49,48,7,53400615
3,48,5,53401207
20,36,4,53401280
15,49,5,53401288
45,33,5,53401567
14,31,4,53401945
1,42,4,53401947
46,33,7,53402321
17,39,7,53402400
38,37,6,53402754
18,48,3,53402996
14,49,5,53403023
48,33,7,53403720
17,51,5,53403778
1,10,7,53403867
39,34,0,53404151
10,51,4,53404164
40,34,7,53404306
11,16,5,53404478
9,39,1,53404616
9,51,4,53404707
29,40,4,53404855
10,35,2,53404961
48,55,2,53405430
13,44,7,53405701
46,38,2,53405828
0,38,6,53405889
11,31,6,53406305
18,41,1,53406378
20,51,4,53406633
15,44,7,53406714
49,51,4,53407054
8,40,2,53407072
11,51,5,53410137
13,51,7,53412336
12,16,7,53412655
21,34,4,53415204
20,34,7,53415206
17,44,2,53416015
29,39,4,53416790
10,36,1,53416970
9,38,2,53417309
12,51,7,53417616
10,43,7,53418160
6,28,4,53418326
30,34,7,53418555
6,40,7,53418719
6,13,4,53419116
22,51,5,53419623
11,16,6,53420137
33,37,0,53420664
49,44,2,53420831
11,44,6,53421249
6,37,3,53421445
3,48,4,53421483
10,29,7,53421543
14,44,7,53421647
2,48,7,53421731
13,49,6,53421732
19,41,2,53421816
17,49,4,53422114
6,42,4,53422290
4,42,7,53422323
12,30,5,53422329
19,36,7,53422470
14,50,4,53422764
40,34,6,53422782
22,52,6,53422863
2,48,6,53423006
50,36,2,53423330
17,42,2,53423511
17,42,1,53424133
1,31,5,53424264
6,40,2,53424296
16,49,4,53424736
16,49,6,53424741
12,30,7,53425937
6,40,4,53426267
6,39,7,53426426
12,16,5,53426470
13,30,7,53426542
38,34,7,53426839
3,11,7,53427071
8,50,7,53427098
20,52,4,53427266
14,51,4,53427318
18,44,0,53427371
5,42,7,53427592
48,54,1,53427748
14,49,6,53427858
1,15,1,53428014
39,38,4,53428055
9,51,6,53428101
8,40,1,53428143
20,33,1,53428378
38,36,1,53428695
5,37,7,53428852
1,40,4,53429262
1,10,4,53429310
16,51,6,53429595
10,51,6,53429857
9,50,7,53429876
49,48,4,53430447
18,44,3,53430842
7,33,2,53430868
12,45,4,53431392
15,51,6,53431615
20,35,4,53431840
8,14,4,53431854
20,49,5,53431933
10,15,7,53432006
11,32,1,53432367
6,40,1,53432374
9,38,1,53432396
13,51,4,53432521
1,43,4,53432543
49,43,7,53432677
7,41,2,53433149
8,50,5,53433180
12,51,4,53433223
21,32,4,53433228
7,33,1,53433338
7,50,4,53433773
0,41,7,53433784
1,16,4,53433803
18,38,1,53433840
10,33,2,53434146
16,48,5,53434281
1,14,2,53434525
11,51,6,53434781
20,49,4,53435194
8,28,7,53435452
30,34,4,53436192
30,33,7,53436195
5,12,3,53436380
0,16,2,53436531
39,39,4,53436886
42,33,5,53437217
50,35,7,53437519
20,32,3,53437550
17,44,2,53437625
49,50,4,53438051
48,50,7,53438053
34,35,1,53438128
45,36,7,53438714
4,34,4,53439744
6,41,4,53441361
12,16,4,53442059
5,41,2,53443432
19,35,1,53444871
3,47,5,53446385
3,48,6,53446389
9,50,5,53446430
7,13,6,53446552
22,32,7,53446852
20,33,7,53447283
19,48,7,53447785
17,35,1,53448317
11,14,4,53448414
2,47,7,53448542
11,43,5,53449475
17,39,4,53449724
0,42,7,53449892
28,40,7,53449958
14,48,5,53449991
16,48,7,53450124
20,34,4,53450818
8,39,2,53450867
7,34,5,53450904
10,50,7,53451156
19,35,7,53451258
13,48,5,53451402
16,35,3,53451818
12,50,5,53451875
15,48,7,53452052
10,34,1,53452128
1,15,4,53452409
18,42,2,53452745
11,50,7,53452813
4,48,5,53452878
46,38,1,53452970
5,41,7,53453044
10,43,4,53453286
4,42,4,53453373
9,50,4,53453871
8,12,7,53453915
2,41,7,53453967
16,50,5,53453980
38,38,7,53454209
10,50,5,53454309
60,48,1,53454498
10,29,4,53454510
45,33,6,53454701
20,33,5,53454710
40,33,7,53455460
23,28,4,53455946
43,39,4,53456289
19,49,2,53456428
17,44,1,53456438
48,49,7,53456657
59,56,2,53456975
40,33,5,53457014
48,36,7,53457168
48,47,7,53457392
13,50,7,53457514
38,35,4,53457669
6,39,4,53458271
42,33,6,53458275
5,42,4,53458480
28,41,4,53458928
21,34,6,53459176
2,48,4,53459360
28,38,7,53459570
11,44,7,53459881
13,30,4,53459937
48,49,4,53460152
16,36,2,53460174
18,36,2,53460326
11,30,6,53460600
8,12,4,53460605
2,10,7,53460651
3,12,6,53460655
8,50,4,53460662
0,15,7,53460717
2,31,5,53460727
13,49,7,53461105
43,33,6,53461209
10,33,1,53461452
0,31,6,53461551
38,32,1,53461855
9,35,2,53461867
11,50,5,53461910
14,50,5,53461976
8,39,1,53462252
37,35,7,53462520
12,30,4,53462638
60,46,2,53462664
17,43,4,53462990
15,44,4,53463116
5,37,4,53463146
7,13,4,53463218
28,39,7,53463302
33,38,4,53463348
15,48,6,53463430
22,51,4,53463470
8,50,6,53463524
19,49,1,53463550
3,31,5,53464153
19,36,4,53464209
2,47,6,53464351
10,32,2,53464478
19,48,5,53464517
4,41,6,53464585
8,38,7,53464822
43,32,5,53464984
7,50,6,53464987
48,55,1,53465154
28,40,4,53465199
12,50,7,53465248
4,47,4,53465288
9,34,2,53465310
8,40,4,53465526
9,30,4,53465855
2,10,4,53465859
14,44,0,53465923
9,42,7,53465944
6,34,2,53466181
8,28,4,53466249
18,41,2,53466290
29,35,7,53466291
37,39,4,53466508
11,15,7,53466538
37,37,1,53466650
33,36,2,53466661
37,35,2,53466913
38,34,4,53466929
45,41,2,53466978
8,29,7,53467176
19,33,6,53467239
37,34,7,53467521
27,40,7,53467621
7,40,2,53467710
18,35,1,53467753
50,35,4,53467921
3,41,7,53468137
2,47,4,53468166
27,41,7,53468546
30,33,4,53468680
48,33,6,53468771
49,43,4,53469142
16,30,7,53470228
47,53,7,53470607
19,39,7,53472649
16,35,2,53473199
3,47,4,53473254
10,50,4,53474688
5,40,7,53476479
14,48,6,53476788
10,32,1,53476796
6,35,4,53476813
7,49,7,53477246
9,50,6,53477342
12,43,6,53477583
10,50,6,53477762
19,35,4,53477803
1,38,4,53477932
16,48,4,53478262
7,40,1,53478614
47,50,7,53478630
12,50,4,53478751
48,50,4,53478775
0,10,6,53478974
17,38,2,53479428
5,35,7,53480455
20,33,4,53480524
13,48,6,53480599
13,50,4,53480748
48,47,4,53480818
14,43,7,53481326
33,36,1,53481333
8,49,7,53482613
29,35,4,53483008
29,34,7,53483011
9,28,7,53483221
18,50,2,53483320
45,36,4,53483352
11,50,6,53483360
4,41,7,53483720
0,41,6,53484526
7,49,5,53484553
22,30,7,53484597
5,38,1,53485409
47,36,7,53485802
18,36,1,53485988
8,37,7,53486063
9,35,1,53486197
47,53,4,53486362
48,46,1,53486412
14,48,4,53486991
11,44,4,53487143
18,50,3,53487414
8,49,5,53487448
1,25,7,53487534
11,50,4,53487603
14,50,6,53487872
16,34,1,53488480
9,29,4,53488550
19,33,7,53488588
1,9,7,53488905
33,37,4,53488948
2,41,4,53488986
46,32,5,53489042
32,38,2,53489711
16,50,4,53489939
12,50,6,53489940
6,12,7,53490070
49,35,7,53490114
9,49,5,53490271
15,48,4,53490329
18,48,6,53490341
11,29,7,53490509
8,49,4,53490581
7,39,2,53490787
1,31,6,53491034
1,30,5,53491419
6,32,1,53491648
28,38,4,53491680
11,15,4,53491719
47,51,1,53491820
5,39,4,53491881
8,38,4,53491996
7,39,1,53491997
17,43,5,53492115
9,49,7,53492140
9,34,1,53492152
12,29,7,53492274
0,13,2,53492563
9,33,2,53492877
17,37,2,53493023
0,26,7,53493110
17,41,3,53493119
48,42,7,53493141
3,46,7,53493233
45,37,2,53493276
3,26,6,53493331
28,39,4,53493626
27,39,7,53493629
37,33,2,53493724
1,42,4,53493804
44,32,5,53493842
11,43,6,53494177
18,40,1,53494628
6,12,4,53494801
5,38,7,53494880
8,13,7,53494905
48,37,1,53495114
8,37,1,53495454
28,37,7,53495490
18,35,7,53495535
12,29,5,53495618
7,39,7,53495644
7,38,2,53495734
48,39,0,53495882
15,50,6,53496325
11,46,7,53496694
5,36,4,53497008
4,36,7,53497487
47,50,4,53497678
17,35,4,53497703
2,11,6,53497716
5,34,7,53497866
10,49,5,53498058
40,33,4,53498264
11,49,5,53498378
49,34,7,53498516
36,38,7,53498694
4,37,2,53498762
0,38,7,53499316
27,40,1,53499407
5,40,4,53499538
41,33,4,53499754
13,30,6,53499803
8,36,7,53500087
2,46,7,53500096
43,32,4,53500140
5,41,1,53500757
8,13,3,53500948
17,50,4,53500984
29,34,4,53503906
10,49,7,53504238
14,47,5,53505867
16,47,7,53506779
8,49,6,53506966
6,40,2,53507313
11,49,7,53507435
3,41,4,53507737
1,47,7,53508443
6,56,4,53508845
12,49,5,53509405
36,37,2,53509625
12,49,7,53510275
13,47,7,53510439
6,49,6,53510485
1,40,7,53510544
7,38,7,53510565
11,14,7,53510686
15,49,7,53510837
4,41,4,53511123
13,49,5,53511141
6,40,7,53511329
32,37,7,53511675
0,41,7,53511763
9,28,4,53511835
0,40,7,53511958
18,34,1,53512114
14,43,4,53512188
32,37,2,53512498
14,47,7,53512622
9,33,1,53512690
1,46,6,53512691
18,34,7,53513008
15,49,5,53513070
10,30,1,53513302
8,37,4,53513522
37,32,2,53513585
19,32,7,53513661
18,33,2,53513984
10,14,7,53514087
5,35,4,53514131
9,49,4,53514141
7,49,4,53514297
9,42,4,53514606
27,38,7,53514918
16,49,5,53515120
27,40,4,53515206
1,47,4,53515241
7,38,1,53515386
17,37,1,53515607
8,35,2,53515632
11,49,4,53516193
8,35,7,53516283
28,34,7,53516496
19,33,4,53516999
12,29,4,53517081
37,32,7,53517107
9,31,2,53517116
43,32,6,53517878
14,47,6,53517955
37,33,1,53518031
46,52,2,53518126
47,36,4,53518214
4,11,5,53518371
7,39,4,53518424
5,11,7,53518566
22,50,5,53518583
11,46,4,53518676
7,37,7,53519274
18,33,1,53519309
2,46,4,53519403
39,38,6,53519550
11,29,4,53519822
10,49,6,53519974
21,50,6,53520555
9,49,6,53520611
16,36,1,53520617
2,40,7,53521107
16,49,7,53521243
48,42,4,53521322
1,25,6,53521507
8,36,4,53521593
6,39,2,53521684
43,41,7,53521888
17,41,7,53522058
32,37,1,53522094
39,33,6,53522168
7,48,7,53522780
2,9,7,53522984
12,49,4,53523113
8,27,7,53523131
8,48,7,53523737
5,48,5,53523785
16,49,4,53523961
33,34,2,53523989
4,39,7,53524061
9,32,1,53524376
13,49,6,53524516
15,43,4,53524776
45,32,6,53524961
26,41,2,53525025
36,37,1,53525080
1,25,4,53525139
18,35,4,53525226
56,58,3,53525293
42,32,4,53525321
41,32,7,53525324
10,49,4,53525588
18,38,7,53525645
17,49,2,53525698
11,14,4,53525722
17,35,2,53525742
8,35,1,53526141
18,47,1,53526210
41,32,2,53526287
15,50,4,53526297
6,39,1,53526351
4,39,4,53526583
13,47,6,53526587
10,14,4,53526638
6,30,7,53526767
16,34,7,53526857
18,33,7,53527020
21,27,2,53527223
7,38,4,53527376
28,37,4,53527382
27,37,7,53527384
12,42,5,53527509
7,28,3,53527687
9,31,1,53527892
8,41,7,53528196
4,35,7,53528305
8,28,7,53528426
5,34,4,53528476
58,51,7,53528841
27,39,4,53529340
6,48,5,53530170
4,48,6,53530245
8,34,2,53530258
49,34,4,53530607
14,47,4,53530639
6,48,7,53530806
8,33,2,53530969
17,34,2,53531351
9,48,7,53531415
8,34,7,53531425
16,47,4,53531451
12,47,7,53531543
0,37,7,53532342
12,42,7,53532437
3,40,7,53533822
4,37,1,53534167
12,49,6,53535514
4,40,4,53536354
7,36,2,53537793
8,34,1,53538207
14,46,5,53539040
40,32,5,53539584
3,11,6,53539624
29,32,7,53539915
11,28,7,53540177
1,40,4,53540335
1,30,6,53540542
47,41,7,53540973
4,34,7,53541040
13,48,5,53541079
1,45,7,53541301
7,36,7,53541657
16,37,2,53542110
27,38,4,53542180
19,32,4,53542249
17,39,2,53542398
5,55,7,53542549
6,38,2,53543134
5,33,2,53543157
0,9,6,53543696
36,34,2,53543738
11,42,4,53544094
9,48,5,53544129
3,10,5,53544277
8,35,4,53544283
27,37,1,53544353
4,10,7,53544366
0,46,7,53544442
6,42,4,53545144
21,27,1,53545366
5,48,6,53545948
10,48,7,53546038
7,36,1,53546141
1,31,4,53546550
6,48,4,53546659
20,29,2,53546688
18,32,7,53546863
8,28,4,53546981
15,49,6,53547286
6,38,7,53547352
29,32,4,53547353
3,38,2,53547820
37,32,1,53548199
10,28,7,53548230
3,37,2,53548379
6,38,1,53548420
0,45,7,53548489
2,45,7,53548515
10,41,7,53548610
17,41,4,53548759
18,34,4,53549046
5,33,4,53549132
4,33,7,53549135
5,12,6,53549411
37,38,4,53549648
12,29,6,53549746
12,46,5,53549759
14,29,5,53549790
11,48,7,53549945
6,48,6,53549946
7,35,7,53549973
15,37,7,53550021
26,41,4,53550161
8,33,1,53550255
46,36,1,53550261
47,42,4,53550283
37,32,4,53550488
18,33,4,53550494
46,46,2,53550515
2,31,6,53550589
4,25,5,53550605
7,37,4,53550711
41,32,4,53550901
40,32,7,53550904
13,46,7,53550970
6,11,7,53551325
6,30,1,53551374
0,6,7,53551414
14,48,5,53551463
11,46,5,53551501
8,34,4,53551512
2,40,4,53551563
48,33,2,53551576
11,48,5,53551809
36,38,2,53552016
27,36,2,53552065
40,32,6,53552452
17,35,1,53552457
10,48,5,53552478
36,33,2,53552513
5,33,1,53553034
46,37,2,53553153
9,13,7,53553463
6,30,4,53553498
44,37,7,53553679
16,36,2,53553746
10,13,7,53553997
9,28,6,53554294
4,35,4,53554395
8,48,4,53554549
6,37,2,53554575
39,32,5,53554589
37,35,1,53555069
2,45,4,53555117
54,52,7,53555146
12,42,4,53555212
44,35,4,53555288
17,47,2,53555405
9,48,4,53555781
45,37,2,53555796
46,37,4,53555818
4,10,4,53555842
8,32,7,53556038
8,32,2,53556075
7,34,2,53556107
36,33,1,53556589
3,36,2,53556749
3,9,7,53556762
3,39,7,53556858
1,8,4,53557218
48,33,7,53557249
9,13,4,53557505
8,41,4,53557614
27,35,2,53557924
27,36,1,53558076
16,42,0,53558242
10,48,4,53558301
8,32,1,53558304
15,42,6,53558980
27,37,4,53559171
27,36,7,53559173
6,37,1,53559235
4,34,2,53559271
9,29,1,53559413
18,49,4,53559491
26,37,7,53559547
2,10,6,53559624
3,40,4,53559632
41,31,7,53559794
41,31,5,53560006
17,34,7,53560276
10,41,4,53560351
32,33,5,53560405
4,38,4,53561069
5,39,2,53561091
42,31,7,53561453
0,39,7,53561786
3,37,1,53561799
11,28,4,53561838
17,38,1,53561855
46,46,1,53562085
1,39,7,53562292
26,38,7,53562408
10,12,0,53562414
4,47,4,53562465
6,37,7,53562503
54,48,0,53562808
16,42,5,53563059
15,48,5,53563248
5,42,4,53563501
16,45,7,53563513
45,50,7,53563547
13,46,6,53566642
7,36,4,53568155
17,33,7,53569126
4,34,4,53569759
29,16,4,53570504
1,38,1,53571267
5,31,2,53571361
10,28,4,53571386
16,36,1,53571954
7,34,7,53571966
11,48,4,53572295
9,48,6,53572338
8,33,4,53572346
5,41,7,53572408
26,39,7,53572557
3,38,7,53572710
26,37,2,53572792
18,31,7,53573196
10,48,6,53573353
2,30,5,53573660
7,34,1,53574135
11,46,7,53574248
6,38,4,53574355
6,36,7,53574491
9,13,6,53574760
7,27,5,53575303
13,42,4,53575322
8,30,2,53575584
5,47,7,53575673
7,35,4,53575857
7,13,6,53575867
11,46,6,53576283
45,50,1,53576314
46,46,4,53576324
5,11,5,53576610
5,25,7,53577236
11,47,4,53577327
7,33,7,53577366
46,35,4,53577530
4,32,7,53577665
18,32,4,53577791
7,33,2,53577873
6,47,5,53578042
40,32,4,53578044
10,13,4,53578275
16,40,0,53578306
3,39,4,53578313
4,36,4,53578359
4,47,5,53578401
16,48,2,53578855
2,9,5,53578932
15,42,2,53579051
5,38,2,53579201
5,47,5,53579266
7,33,1,53579343
8,12,7,53580092
45,51,4,53580243
3,25,6,53580405
12,46,6,53580460
43,35,4,53580561
44,37,6,53580607
17,34,4,53581035
45,49,1,53581073
8,30,1,53581119
3,34,7,53581246
21,26,4,53581249
13,46,4,53581414
5,30,2,53581420
5,38,7,53581499
7,47,7,53581514
15,37,4,53581981
16,39,2,53582106
9,47,7,53582113
13,48,6,53582366
45,50,4,53582494
8,32,4,53582654
11,48,6,53582662
2,39,7,53582704
5,38,1,53582730
12,46,4,53583131
40,31,7,53583727
4,33,4,53583802
45,36,5,53583901
36,35,2,53583931
0,23,7,53584003
3,36,1,53584296
20,29,7,53584497
45,36,6,53584621
45,36,7,53584637
13,45,5,53584698
45,47,2,53584949
6,37,4,53585125
45,47,1,53585150
43,37,7,53585304
55,31,3,53585472
10,41,5,53585479
27,35,1,53585541
19,48,7,53585604
20,29,1,53585613
6,35,2,53585726
7,32,2,53585733
33,13,1,53586127
26,36,7,53586182
7,31,2,53586279
4,56,2,53586283
1,44,7,53586386
7,40,7,53586459
20,26,7,53586537
16,39,1,53586606
13,29,6,53586650
44,37,4,53586777
44,36,7,53586780
6,35,7,53587012
45,45,7,53587019
10,27,7,53587389
26,37,1,53587431
5,37,2,53587533
28,32,4,53587594
16,34,2,53587783
8,41,6,53587900
4,11,6,53588151
26,38,4,53588165
44,50,2,53588224
45,48,4,53588325
5,25,5,53588551
17,32,7,53588633
20,31,2,53588891
5,10,7,53588919
31,33,6,53588951
0,60,3,53589015
6,35,1,53589317
44,50,7,53589451
15,39,1,53589585
9,40,7,53589628
21,25,4,53589789
15,42,0,53589812
17,46,5,53589852
7,32,7,53589928
18,36,4,53590259
8,12,4,53590411
5,37,7,53590464
15,48,7,53590479
25,39,7,53590578
2,8,7,53590690
5,47,6,53590764
8,31,4,53591127
45,36,4,53591197
7,34,4,53591294
1,9,6,53591599
2,38,2,53591933
44,49,2,53592076
7,47,4,53592255
12,28,5,53592414
8,47,7,53592739
7,32,1,53592746
10,47,7,53593124
7,47,5,53593144
11,46,4,53593164
6,36,4,53593173
8,29,2,53593228
20,26,3,53593234
45,37,6,53593372
44,36,4,53593532
5,37,1,53593691
1,31,4,53593992
7,47,6,53594132
23,54,3,53594219
5,43,4,53594389
3,33,7,53597101
3,55,1,53598808
3,38,4,53599657
6,34,2,53600100
9,12,7,53600353
5,38,4,53600463
10,46,7,53600889
18,31,4,53601023
36,32,4,53601029
36,31,7,53601032
34,37,7,53601150
9,27,7,53601732
7,33,4,53601878
44,49,7,53603139
17,33,4,53603403
4,47,6,53603538
8,40,7,53603723
14,40,2,53604254
6,34,7,53604738
11,47,5,53604811
6,34,1,53605056
4,38,7,53605298
35,32,7,53605979
39,36,7,53606215
5,36,7,53606302
4,38,2,53606483
17,31,7,53606732
5,36,2,53606776
7,31,7,53607093
12,45,7,53607125
41,31,4,53607245
16,34,1,53607666
2,39,4,53607800
2,38,7,53607801
23,56,4,53607920
28,15,7,53607946
16,33,7,53608088
8,40,4,53608125
25,38,2,53608259
2,37,2,53608372
28,31,7,53608389
10,47,5,53608507
5,25,4,53608658
34,37,4,53608674
3,34,4,53608866
15,35,2,53609002
35,38,2,53609056
1,30,4,53609710
6,33,2,53609727
7,26,4,53609789
6,47,6,53609812
5,28,2,53609829
25,38,1,53610042
15,41,1,53610330
5,36,1,53610560
13,28,7,53610624
14,40,1,53610671
36,31,4,53610843
35,31,7,53610845
10,47,4,53611036
6,35,4,53611156
7,30,7,53611282
6,12,6,53611302
14,42,2,53611434
15,36,2,53611548
6,33,7,53611621
45,46,4,53611657
9,47,6,53611658
44,48,7,53611759
17,30,2,53611810
15,48,4,53611839
17,32,4,53611876
7,31,1,53611913
7,32,4,53612016
10,45,2,53612376
4,10,5,53612516
45,42,2,53612591
32,38,6,53612671
47,34,4,53612851
20,25,7,53612852
44,49,4,53613245
17,30,1,53613254
1,39,4,53613257
16,35,4,53613446
9,47,4,53613459
14,41,3,53613590
7,46,5,53613927
8,29,4,53614029
8,27,2,53614317
29,39,7,53614569
6,33,1,53614621
17,38,4,53614688
44,35,7,53614758
42,31,4,53614918
19,29,7,53615402
2,37,7,53615620
25,39,4,53615704
10,46,4,53616014
9,46,7,53616016
47,33,4,53616085
45,42,1,53616207
5,37,4,53616370
19,48,4,53616483
26,36,4,53616786
6,32,2,53617036
10,45,7,53617223
44,47,7,53617254
34,34,7,53617315
14,28,5,53617393
4,37,2,53617491
3,33,4,53617832
18,47,7,53618139
2,40,7,53618255
5,35,2,53618457
4,38,1,53618526
44,31,4,53618832
10,47,6,53618925
7,12,6,53618997
5,27,7,53619235
5,35,7,53619253
16,37,1,53619285
19,29,4,53619367
44,47,2,53619465
12,47,5,53619666
25,37,7,53619697
19,27,5,53619703
1,59,1,53619995
6,34,4,53620037
16,45,7,53620059
9,27,4,53620209
56,42,7,53620323
41,31,6,53620424
8,46,5,53620542
5,35,1,53620701
40,31,4,53621095
39,31,7,53621097
33,37,5,53621166
34,34,2,53621169
16,32,7,53621263
29,31,4,53621532
14,39,1,53621994
9,12,4,53622197
44,34,5,53622248
54,48,3,53622672
10,27,4,53622782
16,31,2,53622933
44,48,4,53622952
8,27,1,53623072
34,34,1,53623143
19,30,2,53623316
15,34,2,53623347
45,45,4,53623349
47,36,7,53623487
14,42,6,53623512
27,32,4,53623631
27,31,7,53623633
22,55,7,53623766
2,38,4,53624020
1,38,7,53624023
10,46,5,53624111
4,37,7,53624115
55,31,5,53624125
42,35,6,53624377
5,34,2,53624399
1,8,5,53624479
5,29,7,53624579
20,28,1,53624645
3,53,2,53624652
39,36,4,53624670
15,36,1,53625010
15,38,2,53625033
9,40,4,53625059
26,32,7,53625184
56,41,5,53625433
7,31,4,53625582
16,34,4,53628762
2,33,7,53629284
6,32,7,53630570
4,37,1,53630859
33,38,4,53631368
7,29,7,53631478
17,30,7,53631502
15,35,1,53631807
17,31,4,53631871
5,36,4,53631981
6,32,1,53632273
35,31,1,53632712
19,29,2,53632719
13,47,5,53632739
35,32,4,53633316
6,46,7,53633599
4,38,4,53634563
34,36,4,53634625
9,45,7,53634671
15,33,2,53635575
46,33,7,53635763
24,38,7,53635918
6,33,4,53636032
5,34,1,53636045
16,31,7,53636456
6,46,5,53636509
5,46,5,53636527
14,41,1,53636825
4,36,2,53637194
44,45,7,53637530
5,28,1,53637582
4,36,7,53637982
16,33,4,53638278
24,39,2,53639025
5,34,7,53639140
3,38,2,53639291
4,36,1,53639718
8,26,1,53639899
16,31,1,53640165
5,35,4,53640367
30,34,7,53640500
5,29,4,53640501
12,45,4,53640535
14,47,7,53640592
14,36,2,53640963
25,37,1,53641433
9,46,4,53641591
10,45,4,53641596
15,38,1,53641731
6,25,7,53642317
44,46,4,53642669
7,40,4,53643057
8,11,7,53643092
34,32,2,53643103
24,39,1,53643114
24,38,2,53643310
7,11,5,53643460
4,37,4,53643464
5,33,7,53644007
12,44,7,53644288
7,28,7,53644598
6,31,1,53644813
5,26,2,53645328
3,32,7,53645409
32,37,7,53645565
1,29,5,53645743
3,30,7,53645804
26,33,4,53645964
20,24,4,53646165
5,46,6,53646197
19,29,1,53646341
19,27,7,53646348
3,37,2,53646443
2,36,4,53646466
31,38,3,53646529
25,35,1,53646544
7,27,2,53646807
25,37,4,53646813
15,45,1,53647087
15,32,2,53647091
6,31,7,53647107
24,37,7,53647183
6,39,7,53647989
45,37,1,53648005
5,32,2,53648300
26,31,7,53648326
1,38,4,53648374
54,32,0,53648538
16,32,4,53648552
19,27,4,53648658
46,32,1,53648750
41,36,0,53648861
44,47,4,53648900
6,30,7,53649000
22,56,4,53649004
34,34,4,53649147
4,28,2,53649397
24,40,2,53649449
28,15,4,53649514
4,35,7,53650033
33,35,2,53650191
4,46,6,53650332
5,46,4,53650597
6,30,1,53650783
35,31,4,53650789
35,30,7,53650792
16,30,1,53650849
28,40,7,53650955
15,33,1,53650998
26,32,4,53651009
27,31,4,53651011
5,32,1,53651034
3,37,7,53651047
34,31,7,53651066
43,35,7,53651122
30,33,7,53651485
1,29,4,53651568
39,31,4,53651723
18,29,7,53651847
33,37,4,53651897
7,29,4,53652319
5,34,4,53652325
3,37,1,53652469
21,55,7,53652494
6,11,5,53652519
0,38,7,53652882
2,33,4,53653334
6,32,4,53653339
1,46,4,53653411
35,34,7,53653558
13,44,4,53653665
21,56,7,53653775
15,33,7,53653889
54,44,5,53654264
17,46,1,53654304
39,35,4,53654323
4,28,1,53654397
34,38,5,53654464
15,32,1,53654807
29,35,7,53654959
33,35,1,53655084
5,32,7,53655099
4,36,4,53655348
4,42,7,53655608
15,31,2,53655748
18,27,2,53655955
24,53,0,53656134
44,45,4,53656269
16,30,7,53656319
17,30,4,53656322
38,36,4,53656801
12,28,6,53656819
6,31,4,53656950
22,55,4,53658254
39,30,7,53658871
7,28,4,53661051
8,11,4,53661222
4,46,7,53661527
6,11,6,53661823
15,46,4,53662779
15,32,7,53663053
16,31,4,53663265
4,34,7,53663861
5,31,2,53663955
15,34,4,53664123
6,46,6,53664486
30,34,4,53664554
7,39,7,53665187
18,27,1,53665553
9,45,4,53665563
8,45,7,53665566
25,32,7,53665591
14,46,7,53665934
13,42,4,53665979
28,40,4,53666186
26,30,7,53666287
6,30,4,53666346
3,36,7,53666633
1,35,7,53666753
16,47,2,53667428
5,33,4,53667554
0,45,7,53667570
21,55,4,53667666
5,31,7,53667742
33,34,2,53667766
14,33,2,53667843
2,37,2,53667945
12,40,2,53668134
4,35,4,53668139
6,28,7,53668256
0,37,7,53668345
14,40,2,53668427
28,37,2,53668455
24,37,4,53668498
34,32,1,53669406
6,45,5,53669490
14,34,2,53669757
19,28,4,53669933
4,33,2,53670115
28,39,4,53670322
3,37,4,53670391
28,37,7,53670431
7,26,1,53670563
24,35,7,53670704
33,36,3,53671189
1,32,7,53671198
9,44,5,53671287
26,31,4,53671361
24,36,2,53671541
18,26,7,53671682
5,31,1,53671705
24,36,1,53671733
4,33,7,53671872
54,44,7,53671944
2,32,7,53672151
14,36,3,53672350
29,34,7,53672883
13,41,0,53672900
40,35,6,53673305
14,34,7,53673426
33,35,4,53673607
15,33,4,53673670
14,35,1,53673837
4,27,2,53673861
43,34,5,53673946
30,33,4,53674119
44,38,7,53674240
18,29,4,53674245
15,31,7,53674329
5,32,4,53674379
5,25,7,53674429
2,37,7,53674690
2,40,4,53674763
16,46,4,53674926
15,31,1,53675014
13,38,1,53675032
25,31,2,53675163
3,35,2,53675343
15,30,2,53675531
4,32,2,53675534
5,30,2,53675556
14,34,1,53675791
32,36,7,53676277
3,35,1,53676797
15,40,1,53676911
5,26,4,53677096
3,35,7,53677296
27,40,7,53677299
4,34,4,53677336
16,30,4,53677413
16,29,7,53677415
29,36,4,53677849
22,55,5,53677953
21,54,7,53677977
6,26,6,53678054
5,30,7,53678102
38,30,7,53678106
3,45,2,53678148
13,38,3,53678326
9,44,7,53678526
31,36,2,53678582
14,32,2,53678804
8,45,4,53678834
4,33,1,53678844
14,40,1,53679217
14,41,2,53679219
34,31,4,53679233
34,30,7,53679236
41,34,5,53679381
29,35,4,53679590
14,39,0,53679778
5,30,1,53679880
33,34,1,53679950
44,37,2,53679995
14,36,5,53680347
3,34,2,53680557
4,32,1,53680661
39,30,5,53680699
33,32,2,53680915
29,34,1,53681523
15,32,4,53681766
33,32,1,53681946
32,35,2,53682179
13,28,4,53682196
14,33,1,53682213
5,45,5,53682281
27,39,2,53682327
32,37,4,53682565
5,31,4,53682759
7,41,4,53682903
4,32,7,53682954
9,40,5,53682978
18,27,7,53683258
12,39,1,53683267
3,36,4,53683276
15,30,1,53683358
14,46,4,53683381
14,45,7,53683383
2,36,2,53683400
2,32,4,53683462
2,36,1,53683498
11,28,6,53683541
53,51,1,53684046
2,37,1,53684150
16,47,4,53684503
7,10,7,53684556
4,46,4,53684717
3,46,7,53684718
15,30,7,53684733
3,34,7,53685300
8,44,7,53685355
0,35,2,53685358
3,34,1,53685769
24,55,0,53685892
4,26,7,53685944
18,27,5,53686196
1,31,2,53686224
1,31,7,53686400
27,41,4,53686581
13,41,2,53686582
29,32,7,53686697
20,62,1,53686703
3,42,4,53686729
3,30,4,53686931
55,12,1,53686988
0,35,7,53687030
14,32,7,53687165
4,31,2,53687387
18,24,7,53687388
43,36,2,53687425
5,29,1,53687436
28,37,1,53687542
3,45,1,53687581
25,30,7,53687582
26,30,4,53687584
2,36,7,53687653
25,40,2,53687847
29,34,4,53688525
25,41,4,53688621
0,7,7,53688662
42,35,4,53688750
3,28,7,53692214
4,33,4,53692958
15,31,4,53693257
4,31,1,53693902
13,35,2,53694095
3,46,4,53694406
1,31,1,53694445
27,38,2,53694838
4,31,7,53694884
3,33,7,53695042
4,32,4,53695247
14,32,1,53695431
3,33,2,53695521
5,28,2,53695532
0,8,6,53695548
14,31,2,53695964
4,45,7,53696151
44,38,4,53696318
9,44,6,53696455
13,40,4,53696487
2,37,4,53696623
28,37,4,53696787
3,35,4,53696852
28,35,7,53696920
13,34,2,53697072
5,30,4,53697556
2,35,2,53697750
6,10,7,53697919
25,32,4,53698025
2,35,7,53698113
33,30,7,53698204
41,34,1,53698319
1,37,2,53698326
15,29,1,53698692
19,23,7,53698699
4,25,1,53699021
4,30,2,53699379
14,36,1,53699481
5,27,2,53699985
4,45,4,53700092
3,45,7,53700095
4,30,7,53700383
13,45,7,53700396
24,35,4,53700406
3,10,6,53700631
2,35,1,53700664
27,39,1,53700743
27,40,4,53701097
12,27,5,53701205
3,33,1,53701382
26,40,7,53701681
2,36,4,53701782
3,9,5,53701799
13,36,3,53701835
7,44,7,53701840
3,34,4,53701888
17,29,4,53701903
17,28,7,53701904
13,33,2,53701984
3,27,1,53702159
5,28,1,53702161
28,34,7,53702195
2,46,4,53702208
13,34,7,53702257
10,44,6,53702329
14,31,1,53702335
13,32,2,53702510
21,54,4,53702646
20,54,7,53702648
14,33,4,53702844
4,26,4,53702908
2,45,7,53703257
1,39,7,53703262
14,45,4,53703362
16,29,4,53703574
15,29,7,53703577
32,34,1,53703845
17,28,4,53704029
15,46,7,53704065
4,30,1,53704070
31,38,7,53704081
14,30,2,53704171
23,40,2,53704265
26,40,2,53704339
14,31,7,53704383
3,32,7,53704455
10,43,7,53704552
9,44,4,53704613
1,36,2,53704648
7,44,6,53704922
15,30,4,53704942
14,29,6,53705248
31,38,4,53705313
7,10,4,53705511
1,31,4,53705856
1,45,7,53706586
1,32,4,53706874
13,34,1,53706928
11,27,5,53706952
2,34,7,53707093
2,34,2,53707132
34,30,4,53707151
1,36,1,53707342
4,31,4,53707429
3,31,2,53707449
2,34,1,53707497
12,40,1,53707728
2,46,2,53707791
8,40,6,53707823
5,27,1,53708036
13,44,7,53708041
13,37,5,53708154
13,38,6,53708156
27,38,1,53708181
33,30,1,53708256
43,38,7,53708277
23,35,2,53708339
27,37,1,53708372
2,30,4,53708394
32,35,4,53708613
40,35,2,53708899
40,34,2,53708912
12,41,6,53708981
24,34,4,53709084
24,33,7,53709087
15,47,4,53709250
7,39,4,53709329
4,29,7,53709333
0,37,3,53709373
1,36,7,53709397
3,33,4,53709401
4,25,4,53709433
21,62,4,53709529
5,26,1,53709536
4,29,2,53709605
6,44,6,53710013
26,39,2,53710037
14,32,4,53710091
28,33,7,53710120
2,45,4,53710304
4,29,1,53710511
14,30,1,53710595
28,35,4,53710640
35,35,2,53710699
13,27,5,53710839
12,27,6,53710907
13,33,7,53710916
1,35,2,53710998
18,24,4,53711221
13,33,1,53711242
2,9,6,53711349
3,25,7,53711411
0,22,7,53711775
27,36,7,53711887
5,28,4,53711960
40,35,1,53712175
24,33,4,53712225
13,26,5,53712326
18,27,4,53712336
14,29,2,53712348
3,26,4,53712472
2,35,4,53712490
15,46,1,53712506
8,44,4,53712622
41,35,5,53712690
41,36,6,53712691
42,35,5,53712937
20,54,4,53712982
4,24,7,53713042
42,35,7,53713291
25,30,4,53713528
25,29,7,53713530
23,34,7,53713643
4,30,4,53713785
41,30,7,53713998
13,31,2,53714080
12,39,0,53714084
26,39,7,53714352
37,33,1,53714869
4,10,6,53714894
4,28,2,53714921
53,11,2,53714937
14,30,7,53715032
42,35,4,53715112
3,31,7,53715138
11,43,5,53715159
9,43,5,53715167
1,28,5,53715210
42,35,6,53715433
7,25,7,53715481
44,33,4,53715501
49,46,0,53715533
2,33,7,53715545
23,55,7,53716039
3,31,1,53716075
2,41,7,53716349
49,57,3,53716494
29,32,4,53716526
38,30,4,53716577
37,30,7,53716580
13,27,6,53716647
7,44,4,53716674
6,44,7,53716677
24,31,7,53716726
1,35,7,53716758
23,33,7,53716874
13,31,1,53716920
30,39,1,53716976
26,52,5,53717124
19,54,4,53717174
53,32,5,53717248
49,49,2,53717397
41,35,1,53717432
36,34,7,53717507
6,10,4,53717937
18,62,4,53718183
4,42,4,53718277
4,28,1,53718325
3,30,2,53718341
27,39,0,53718491
36,34,4,53718547
27,39,3,53718600
1,35,1,53718867
18,54,2,53718905
6,40,7,53719052
13,45,4,53719105
11,27,6,53719124
14,31,4,53719346
1,30,4,53719362
33,29,1,53719562
1,39,4,53720210
15,46,4,53723160
14,46,7,53723162
13,32,7,53723281
2,32,2,53724031
13,32,1,53724877
2,34,4,53725253
15,29,4,53725335
0,31,7,53725666
1,45,4,53726029
14,29,1,53726235
30,37,7,53726310
7,43,5,53726383
33,30,4,53726504
32,31,2,53726834
3,32,4,53726896
1,36,4,53727321
12,38,1,53727440
6,9,7,53727675
2,32,7,53728084
18,26,4,53728104
3,30,1,53728123
0,36,7,53728129
4,29,4,53728139
32,31,1,53728515
15,28,7,53728640
14,29,7,53728642
4,27,7,53728870
3,31,4,53728881
3,44,7,53728948
1,34,2,53729098
8,43,5,53729211
1,34,7,53729321
13,33,4,53729555
26,38,2,53729788
12,34,2,53730086
2,32,1,53730121
44,31,4,53730196
1,34,1,53730200
12,37,2,53730226
20,62,2,53730348
0,45,7,53731022
1,44,7,53731026
0,36,2,53731078
6,43,7,53731262
3,24,7,53731398
13,31,7,53731477
8,39,5,53731537
41,39,6,53731560
25,40,7,53731691
3,44,4,53731735
5,9,5,53732106
14,44,3,53732229
14,28,1,53732338
41,33,1,53732358
12,34,1,53732397
14,30,4,53732423
27,35,1,53732448
0,47,7,53732569
2,8,5,53732643
7,43,7,53732678
43,32,2,53732789
2,33,4,53732796
4,28,4,53732820
0,35,2,53732869
3,29,2,53733049
11,40,5,53733163
11,39,2,53733166
3,29,7,53733196
4,9,5,53733260
11,39,4,53733527
30,37,2,53733744
30,36,7,53733805
23,55,6,53734126
2,31,7,53734315
12,37,1,53734724
50,56,4,53734728
4,26,2,53734929
10,27,6,53735259
26,39,4,53735299
11,38,2,53735334
12,33,2,53735453
24,29,7,53735688
12,45,4,53735739
12,44,7,53735744
13,32,4,53735782
23,34,4,53736491
32,30,7,53736547
43,32,7,53736581
37,30,4,53736712
36,30,7,53736714
14,46,4,53736897
13,46,7,53736900
30,37,4,53737084
28,31,7,53737120
29,40,2,53737158
0,35,7,53737206
27,36,4,53737222
0,30,7,53737360
16,28,7,53737376
1,33,7,53737400
1,33,2,53737515
23,55,4,53737527
32,30,2,53737548
28,32,4,53737613
39,35,7,53737698
1,44,4,53738085
32,32,4,53738279
22,55,6,53738379
13,44,4,53738418
12,32,2,53738466
27,34,7,53738842
13,46,2,53739164
50,57,4,53739462
1,33,1,53739504
18,60,3,53739564
27,35,4,53739750
18,53,7,53740087
49,56,7,53740216
0,34,2,53740347
6,40,4,53740430
13,30,7,53740579
26,36,7,53740732
11,26,5,53740835
53,62,5,53741006
2,32,4,53741051
39,30,4,53741242
3,38,4,53741550
20,61,1,53741626
51,39,5,53741675
12,31,2,53741816
24,31,4,53741834
12,33,1,53741904
3,28,7,53742117
7,43,6,53742137
20,62,1,53742147
1,8,6,53742316
6,9,4,53742386
29,40,1,53742540
41,39,2,53742614
13,29,2,53742623
1,26,1,53742725
12,43,7,53742779
2,25,7,53742881
2,44,6,53743210
50,40,4,53743521
13,46,4,53743552
39,35,4,53743653
29,39,4,53743678
17,25,7,53743753
11,35,6,53743755
23,33,4,53743896
50,47,7,53743924
7,43,4,53743934
12,34,5,53744070
18,55,4,53744367
54,31,4,53744431
28,38,7,53744687
0,44,6,53744724
49,56,4,53744735
49,55,7,53744737
4,27,4,53744741
0,44,7,53745156
31,32,7,53745383
2,26,4,53745413
29,31,4,53745586
35,35,0,53745625
5,24,5,53745699
37,29,7,53745735
16,28,4,53745738
12,26,5,53745746
17,61,7,53745892
0,29,7,53746006
0,27,2,53746068
11,37,2,53746218
4,9,6,53746311
43,33,4,53746338
23,54,5,53746404
2,37,7,53746424
2,30,7,53746527
10,43,5,53746979
13,31,4,53747409
14,29,4,53747513
14,28,7,53747516
39,35,0,53747534
3,24,4,53747552
51,41,5,53747590
25,47,5,53747866
53,11,1,53747973
51,38,5,53748144
26,35,7,53748164
17,54,2,53748388
2,7,4,53748514
3,9,6,53748758
32,30,4,53748815
32,29,7,53748816
0,34,7,53748912
13,45,1,53748963
49,56,1,53749036
50,47,5,53749069
25,40,4,53749182
25,38,2,53749257
17,53,7,53749700
35,34,5,53749703
18,54,1,53749792
50,51,1,53749798
39,30,6,53749843
17,55,7,53749868
22,40,6,53749979
36,33,7,53750395
6,43,4,53750592
13,29,7,53750677
0,38,7,53750782
29,30,4,53750863
12,32,1,53752309
28,31,4,53754149
7,25,4,53755802
2,29,2,53756423
35,34,6,53756713
13,45,7,53756732
16,26,2,53756734
2,31,4,53756906
1,7,5,53757279
43,32,4,53757658
3,28,4,53757740
1,31,7,53758032
12,35,0,53758191
2,29,7,53758266
28,41,2,53758496
5,43,4,53758589
6,42,7,53758660
13,30,4,53758850
0,33,2,53759232
1,31,1,53759385
19,62,2,53759705
2,43,5,53759761
27,34,4,53759999
8,42,7,53760059
2,25,4,53760096
1,25,7,53760100
10,26,7,53760129
2,29,1,53760214
4,44,4,53760604
27,31,7,53761009
41,33,3,53761148
10,43,6,53761358
25,39,4,53761439
23,30,7,53761473
2,30,4,53761483
12,31,1,53761500
35,37,7,53761572
51,38,7,53762199
29,37,7,53762323
24,29,4,53762397
4,43,7,53762467
5,42,7,53762470
28,41,1,53762550
29,36,7,53762811
3,26,7,53762936
0,7,6,53762984
5,8,7,53763307
3,29,4,53763382
17,55,4,53763600
17,54,7,53763602
13,28,1,53763647
30,35,4,53763692
31,35,7,53763760
27,31,6,53763806
11,35,5,53763931
36,30,4,53764019
36,29,7,53764021
42,32,7,53764030
26,36,4,53764354
28,40,7,53764708
48,55,7,53764811
2,43,7,53765046
4,8,5,53765153
5,24,4,53765248
12,29,2,53765325
17,53,4,53765413
11,33,2,53765558
3,8,5,53765701
9,38,2,53765936
12,30,7,53765943
26,34,7,53766303
3,37,5,53766553
21,54,6,53766631
24,39,7,53766707
29,38,4,53766945
6,38,7,53766956
11,32,2,53766990
3,27,4,53767027
2,28,7,53767044
35,30,4,53767073
3,43,5,53767283
14,28,4,53767412
13,28,7,53767415
26,35,4,53767604
6,38,6,53767763
30,37,2,53767766
23,30,4,53767865
11,33,1,53768027
8,41,3,53768184
11,36,0,53768383
1,30,7,53768512
18,53,4,53768822
13,29,4,53769065
15,26,7,53769099
50,32,5,53769296
39,33,5,53769384
6,24,7,53769433
2,24,4,53769451
17,22,7,53769592
36,33,4,53769610
27,41,2,53769730
17,53,1,53769756
11,34,3,53770042
16,45,7,53770149
15,28,4,53770449
25,37,1,53770606
35,29,5,53770656
8,42,4,53770670
25,47,6,53770760
0,22,6,53771011
7,38,7,53771216
2,27,7,53771482
31,31,4,53771500
13,45,4,53771726
36,34,4,53771733
35,34,7,53771735
12,31,4,53771817
1,37,4,53771937
26,33,7,53771987
42,31,7,53772110
29,40,2,53772649
10,41,4,53772656
15,26,4,53772708
30,32,7,53773069
48,55,4,53773269
3,43,7,53773387
25,29,6,53773478
26,43,3,53773650
4,37,5,53773781
4,23,7,53773997
29,36,4,53774138
29,35,7,53774141
10,36,3,53774153
38,35,4,53774177
22,39,5,53774221
11,37,0,53774418
11,36,3,53774421
17,52,7,53774433
18,61,2,53774669
10,26,6,53774712
17,54,4,53774768
16,54,7,53774771
41,34,2,53774966
24,38,2,53775039
10,43,2,53775259
1,43,4,53775406
0,43,7,53775410
16,53,7,53775504
13,26,6,53775538
51,38,4,53775789
41,34,1,53775806
40,34,2,53775811
27,41,1,53775995
1,36,6,53776088
1,24,7,53776237
32,29,4,53776269
31,29,7,53776271
2,26,2,53776294
11,26,6,53776396
9,37,1,53776428
12,44,7,53776651
1,35,2,53776655
29,41,1,53776838
23,39,7,53777112
12,29,7,53777185
35,29,6,53777267
12,28,2,53777327
2,8,6,53777378
50,39,7,53777583
28,38,5,53777631
11,32,1,53777726
16,26,4,53777763
26,45,2,53777810
0,43,6,53777813
17,61,3,53778117
3,26,4,53778243
4,42,7,53778245
35,37,4,53778288
40,34,1,53778308
5,8,4,53778645
14,25,5,53778834
2,37,6,53779259
11,33,5,53779350
16,52,7,53779480
1,35,1,53779509
0,20,3,53779556
31,28,1,53779676
25,35,7,53780105
24,37,2,53780118
49,44,5,53780198
29,38,2,53780489
4,43,4,53780698
2,43,4,53780713
28,36,7,53781066
36,37,4,53781100
35,29,7,53781103
1,36,4,53781135
28,42,2,53781201
48,47,6,53781224
27,30,7,53781413
0,30,2,53781454
40,35,2,53781500
2,23,4,53782530
12,30,4,53783660
6,42,4,53785378
13,28,4,53786115
9,38,4,53786921
1,43,6,53787163
11,36,1,53787390
27,40,7,53787480
1,28,1,53787535
26,34,4,53787548
13,27,7,53787684
24,39,4,53788906
12,28,7,53789857
3,25,4,53789867
7,44,4,53790155
26,45,4,53790163
2,26,1,53790269
1,24,4,53790525
2,7,5,53790784
27,42,4,53790789
3,7,5,53791340
6,41,5,53791370
25,34,2,53791519
2,25,2,53791779
11,25,7,53792072
3,7,7,53792135
6,39,4,53792187
14,27,7,53792398
4,7,7,53792590
1,28,7,53792714
4,42,4,53792739
3,42,7,53792742
14,27,4,53793103
33,37,7,53793244
41,33,1,53793363
1,29,4,53793390
38,33,7,53793523
42,32,4,53793531
28,35,2,53793688
25,34,7,53793809
16,52,4,53793879
3,43,4,53794006
10,25,7,53794055
0,36,7,53794140
12,29,4,53794273
11,25,5,53794552
26,33,4,53794700
5,42,4,53794845
33,37,6,53794874
2,25,7,53794988
15,25,5,53795242
37,29,4,53795571
42,31,4,53795702
5,41,7,53795765
41,32,7,53795795
25,35,4,53795931
22,39,4,53795948
38,34,1,53796348
47,44,4,53796418
33,29,7,53796431
9,44,6,53796517
26,32,7,53796705
1,27,7,53796739
9,36,4,53796810
48,50,4,53796900
34,29,7,53796938
4,23,4,53797221
16,53,4,53797245
36,29,4,53797319
0,20,2,53797462
5,41,6,53797498
6,24,4,53797614
1,22,7,53797776
1,7,6,53798047
0,29,7,53798229
47,52,7,53798254
2,25,1,53798460
26,42,2,53798470
31,29,4,53798821
34,37,4,53799019
34,36,7,53799022
25,33,7,53799063
26,42,1,53799090
10,25,5,53799299
28,35,7,53799322
29,33,7,53799337
1,23,4,53799386
2,42,7,53799487
26,45,1,53799721
29,32,7,53799811
9,34,2,53799855
1,42,5,53799911
3,42,4,53800112
24,37,1,53800146
3,7,4,53800173
0,29,2,53800252
13,44,4,53800332
8,37,7,53800509
26,41,2,53800534
26,41,1,53800565
47,52,4,53800566
15,52,7,53800624
9,34,1,53801181
1,26,2,53801212
47,49,7,53801217
25,44,7,53801281
11,29,7,53801305
1,22,1,53801306
3,41,1,53801316
1,28,4,53801320
35,29,4,53801364
31,28,7,53801370
28,37,1,53801713
25,33,2,53801802
0,23,2,53801907
10,32,2,53801996
23,38,7,53802059
28,35,1,53802727
10,44,6,53802902
13,27,4,53803207
12,27,7,53803209
10,32,1,53803358
23,39,4,53803375
33,34,3,53803430
0,28,2,53803540
27,40,4,53803642
5,23,7,53803914
29,37,7,53803974
20,53,4,53804072
7,43,7,53804160
9,44,4,53804188
7,41,7,53804415
39,38,2,53804459
29,34,4,53804547
22,29,7,53804611
1,42,7,53804633
40,34,2,53804996
25,43,2,53805039
12,28,4,53805082
24,35,7,53805172
2,6,7,53805537
41,31,7,53805545
11,30,4,53805715
21,53,4,53805752
2,6,4,53805909
0,28,7,53806390
8,38,2,53806580
39,34,5,53806659
17,19,7,53806672
0,35,6,53806673
25,34,4,53806702
14,24,1,53806748
1,26,1,53806755
0,23,7,53806832
3,41,7,53806869
4,7,4,53806957
29,31,2,53806989
46,51,6,53807142
11,25,4,53807175
7,41,4,53807181
21,54,4,53807247
34,32,4,53807446
39,29,4,53807727
11,33,5,53807752
34,35,5,53807765
2,25,4,53807874
10,33,3,53808707
26,32,4,53808732
26,31,7,53808735
15,51,7,53808848
2,23,2,53809144
9,36,1,53809242
1,6,5,53809251
25,32,7,53809400
46,43,7,53809452
10,25,4,53809456
14,59,2,53809519
2,36,1,53809620
47,48,5,53809630
16,60,5,53809682
31,37,7,53810013
1,25,2,53810082
39,36,2,53810112
23,38,2,53810350
16,60,6,53810437
9,25,6,53810474
1,27,4,53810583
1,25,1,53810615
7,39,4,53810980
8,43,7,53811179
8,37,2,53811264
28,35,4,53811266
49,38,5,53811495
48,38,6,53811497
6,37,7,53811555
34,33,5,53811622
0,27,2,53811756
49,40,4,53811804
34,29,4,53811919
48,43,1,53812026
41,30,7,53812080
8,25,6,53812092
39,34,6,53812097
27,30,4,53812110
19,38,5,53812129
1,22,4,53812404
34,36,4,53812499
5,41,4,53812586
34,33,6,53812635
11,28,7,53812777
0,42,7,53812782
1,42,4,53812784
30,30,4,53812807
35,28,7,53812920
3,22,7,53812994
36,33,2,53813143
26,31,4,53813233
40,32,7,53813459
33,29,4,53814124
20,38,5,53815241
2,23,7,53817843
3,6,7,53817921
2,41,7,53818285
9,41,0,53818571
0,22,7,53818818
1,25,7,53819358
1,26,4,53819952
23,37,7,53820057
0,27,7,53820414
11,44,4,53820751
3,37,6,53820806
11,29,4,53820864
12,27,4,53821231
6,43,4,53821510
10,33,0,53821644
9,33,1,53821763
0,6,6,53822077
2,42,4,53822227
5,23,4,53822238
1,24,7,53822269
11,27,7,53822504
3,41,4,53822832
30,28,7,53823275
25,33,4,53823560
12,26,7,53823564
37,34,2,53823765
41,32,4,53823916
10,29,7,53824001
1,21,4,53824185
15,51,4,53824460
2,22,1,53824622
1,24,2,53824890
0,42,6,53824913
25,42,2,53824962
0,26,2,53825101
23,38,4,53825314
22,38,7,53825316
48,42,5,53825415
25,42,1,53825558
5,40,5,53826254
1,24,1,53826311
5,40,7,53826337
9,35,1,53826342
15,22,4,53826408
22,27,5,53826424
7,37,0,53826500
23,37,1,53826549
24,33,7,53827116
29,30,7,53827182
6,43,6,53827187
24,34,7,53827241
15,61,0,53827270
13,24,2,53827304
0,26,7,53827552
41,31,4,53827586
10,35,1,53827590
36,28,5,53827803
8,43,6,53828103
3,7,6,53828225
7,24,4,53828306
0,21,7,53828375
25,31,7,53828457
1,25,4,53828520
24,27,7,53828575
1,23,2,53828605
38,32,1,53828777
34,28,7,53829172
0,20,7,53829237
20,52,7,53829670
8,37,1,53829787
4,40,7,53829789
28,32,7,53830217
1,5,7,53830308
4,22,7,53830575
9,32,1,53830585
7,43,4,53830643
19,52,4,53830845
25,30,7,53831086
13,25,7,53831113
11,28,4,53831170
2,23,4,53831187
28,34,4,53831249
5,40,4,53831311
24,33,1,53831312
32,37,4,53831381
30,38,1,53831478
40,31,7,53831509
8,35,6,53831687
3,22,1,53831707
0,25,2,53831738
29,31,1,53831886
13,59,4,53832072
9,31,2,53832110
1,6,6,53832163
9,43,6,53832290
33,28,7,53832331
16,59,1,53832332
27,34,7,53832453
25,41,1,53832696
29,27,5,53832887
2,41,4,53833120
20,38,4,53833137
3,6,4,53833309
9,33,2,53833352
1,5,4,53833574
1,37,4,53833824
29,29,7,53834232
10,24,7,53834396
1,23,7,53834672
1,23,1,53834699
20,52,4,53834763
23,37,4,53835037
8,33,2,53835164
10,32,0,53835224
28,32,2,53835401
1,37,2,53835576
10,43,7,53835577
15,50,7,53835608
1,41,7,53835722
38,28,7,53835767
28,32,1,53835987
5,40,6,53836033
23,35,2,53836260
35,28,4,53836425
8,43,4,53836460
0,25,7,53836504
26,37,2,53836583
2,40,1,53836659
40,29,5,53836703
24,34,4,53836764
6,23,7,53836897
40,30,2,53837057
10,28,7,53837075
8,24,5,53837283
3,35,3,53837559
25,32,4,53837632
9,34,0,53837915
24,32,7,53837957
10,29,4,53837963
5,42,7,53838033
47,44,2,53838281
23,35,1,53838542
32,33,4,53838643
13,25,2,53838680
2,40,7,53838882
13,25,4,53838936
11,26,7,53838992
45,49,6,53839123
9,32,6,53839446
30,28,4,53839568
19,38,6,53839632
40,30,1,53839637
30,27,1,53839725
1,22,2,53839746
7,37,3,53839869
39,34,3,53840303
40,32,4,53840447
19,51,7,53840501
31,36,7,53840647
51,24,7,53840841
25,30,1,53841007
37,32,2,53841066
0,24,2,53841298
26,50,4,53841320
14,50,7,53841565
10,24,5,53841615
9,32,3,53841669
34,28,4,53841730
9,24,7,53841790
6,42,7,53841794
23,36,4,53841809
1,24,4,53841844
11,27,4,53841916
0,35,7,53842172
22,37,7,53842193
13,23,2,53842296
23,33,6,53842321
13,25,1,53842397
20,38,6,53842489
1,22,1,53842531
1,41,4,53842675
13,24,6,53842882
31,28,4,53842930
30,27,7,53842981
7,42,7,53843020
8,41,7,53843023
2,5,5,53843075
38,37,7,53843298
23,34,2,53843335
1,22,7,53843888
8,42,3,53844165
33,35,7,53844202
36,32,7,53844391
37,34,0,53844428
24,32,5,53844587
13,23,1,53844649
32,36,5,53844707
14,21,7,53845566
15,58,4,53846479
1,5,5,53847158
12,26,4,53847429
10,27,7,53848997
25,31,4,53849202
2,5,7,53849638
22,38,4,53850529
21,38,7,53850532
6,42,5,53850958
11,43,4,53851057
23,11,4,53851107
24,33,4,53851256
1,23,4,53851530
0,24,7,53851563
38,33,1,53851680
32,33,0,53851883
9,31,3,53852589
38,36,2,53852696
24,31,2,53853282
0,23,2,53853473
18,51,7,53853593
13,58,6,53853682
33,28,6,53853734
3,40,6,53854348
2,40,4,53854676
10,28,4,53854985
8,32,2,53855664
8,32,1,53855777
4,42,4,53855820
9,30,1,53855874
0,23,7,53856038
5,42,4,53856086
37,28,4,53856201
24,31,7,53856525
8,33,3,53856686
17,43,1,53856819
4,22,4,53856949
22,36,7,53857030
1,21,1,53857041
4,40,4,53857085
11,26,4,53857305
12,58,7,53857560
0,41,7,53857667
23,33,7,53857679
1,5,6,53857748
2,5,4,53858092
23,34,1,53858245
1,22,4,53858331
40,31,4,53858439
39,31,7,53858443
36,28,6,53858476
12,58,4,53858639
24,32,4,53858839
8,24,6,53858968
21,38,4,53859188
10,43,4,53859302
3,41,7,53859325
10,26,7,53859517
7,33,2,53859531
9,28,7,53859619
26,34,6,53859788
38,32,0,53859830
38,28,4,53860319
4,39,5,53860322
3,40,4,53860480
25,30,4,53860523
24,30,7,53860534
14,50,4,53860654
11,25,7,53860657
22,37,4,53860668
35,32,5,53860822
6,39,7,53860984
47,31,7,53861082
7,24,6,53861428
24,31,1,53861443
9,27,2,53861469
4,41,7,53861480
0,22,2,53861608
10,30,0,53861668
31,36,4,53862292
15,60,4,53862600
14,44,7,53862751
9,24,4,53862967
7,39,5,53863030
20,37,7,53863126
40,29,1,53863303
26,39,7,53863659
28,29,7,53863681
0,40,7,53863781
5,42,6,53863854
36,32,1,53863921
12,25,7,53863968
38,35,1,53864085
8,34,1,53864199
22,27,4,53864464
7,35,2,53864591
9,42,5,53864766
8,42,1,53865037
36,27,5,53865180
10,42,7,53865459
14,21,4,53865608
1,39,7,53865624
21,37,7,53865712
14,57,5,53866197
36,32,5,53866204
32,28,6,53866253
6,42,4,53866255
29,27,1,53866733
23,32,7,53866739
0,22,7,53866758
19,51,4,53866860
6,39,5,53866909
39,30,2,53866992
10,27,4,53867047
26,33,6,53867420
21,53,4,53867587
15,60,2,53867865
12,23,2,53867868
23,32,2,53867960
7,35,1,53868194
9,27,1,53868217
22,35,2,53868402
8,36,2,53868480
24,40,7,53868554
20,37,5,53868648
37,32,5,53868676
15,17,7,53868678
19,37,7,53868795
25,36,7,53868800
7,42,4,53868885
12,23,1,53868906
27,31,7,53869074
19,37,4,53869175
30,27,4,53869215
33,27,5,53869229
23,32,1,53869450
24,40,2,53869459
25,44,4,53869630
10,31,0,53869666
2,39,7,53869680
20,52,7,53869713
35,36,1,53869844
27,38,4,53870149
13,24,2,53870228
25,29,2,53870389
9,42,7,53870560
34,27,7,53870691
19,44,6,53870739
22,34,2,53870786
37,27,7,53871012
1,4,7,53871087
8,28,2,53871123
13,21,5,53871234
28,28,2,53871291
0,21,2,53871635
12,57,7,53872184
47,37,1,53872195
24,40,1,53872239
17,51,6,53872303
3,21,7,53872378
9,23,7,53872574
6,36,2,53872586
37,32,6,53872848
33,28,4,53872880
5,41,7,53872967
22,36,4,53873007
37,31,1,53873056
7,40,6,53873069
13,50,4,53873086
7,23,7,53873181
37,27,5,53873422
9,27,7,53873466
34,27,4,53873559
24,39,2,53873818
24,29,7,53873894
32,27,5,53873960
9,33,5,53873975
1,20,7,53874013
14,60,4,53874180
8,23,5,53874380
26,34,4,53874493
25,34,7,53874496
24,44,7,53874499
31,32,4,53874624
0,4,7,53874716
32,27,6,53874853
27,33,4,53874990
38,27,7,53875049
24,31,4,53875113
39,37,4,53875139
17,44,5,53875221
8,23,7,53875791
39,30,7,53877889
10,26,4,53879452
10,25,7,53879454
32,27,7,53881558
23,33,4,53881561
9,28,4,53881842
38,31,5,53882748
6,41,7,53883135
5,41,5,53883632
39,31,4,53883636
36,27,7,53885060
28,30,4,53885124
23,31,7,53885324
7,23,5,53885424
1,4,4,53885916
4,41,4,53885924
20,37,4,53886158
37,31,3,53886281
30,35,7,53886817
23,32,4,53887093
22,34,1,53887223
24,30,4,53887280
22,33,2,53887526
10,42,4,53887552
7,34,0,53887761
9,26,7,53887781
21,37,4,53887852
21,36,7,53887855
33,27,6,53888071
6,39,6,53888226
17,51,4,53888295
17,50,7,53888298
0,39,7,53888301
37,35,2,53888453
36,32,2,53888477
25,33,1,53888482
18,50,7,53888879
8,31,1,53888999
23,31,1,53889139
14,59,7,53889183
7,30,3,53889262
15,51,4,53889437
32,31,0,53889517
23,30,7,53889560
46,38,2,53889572
23,41,2,53889936
10,41,0,53889963
11,57,7,53890037
20,52,4,53890058
28,28,1,53890084
63,37,4,53890211
24,43,7,53890432
19,37,6,53890616
39,27,7,53890698
27,30,7,53890906
39,30,4,53891131
1,20,4,53891188
13,20,7,53891655
0,34,7,53891728
26,32,7,53891764
27,31,4,53891956
9,27,4,53892168
18,36,7,53892265
7,31,2,53892493
7,30,2,53892981
9,42,4,53893531
25,39,2,53893808
4,41,6,53894277
10,25,4,53894436
11,57,4,53894501
9,25,7,53894535
3,21,4,53894539
7,31,1,53894642
8,31,0,53894828
8,31,3,53894850
25,40,7,53894863
22,33,1,53894930
18,50,5,53895049
17,50,6,53895051
0,19,2,53895110
24,44,4,53895167
24,29,4,53895181
33,26,7,53895253
6,34,3,53895288
25,29,1,53895353
37,35,1,53895363
20,36,5,53895622
27,29,7,53895873
39,28,1,53895946
7,23,4,53896061
8,28,1,53896065
63,38,0,53896106
51,24,2,53896125
13,59,7,53896206
16,50,7,53896375
22,32,2,53896772
46,40,1,53896907
7,41,5,53896951
23,31,4,53896957
9,23,5,53897135
8,27,7,53897489
37,36,1,53897582
24,28,2,53897596
7,32,2,53897648
35,33,4,53897803
5,41,7,53897972
21,35,7,53897995
20,36,6,53898003
47,51,5,53898141
2,38,7,53898175
36,27,6,53898626
9,23,4,53898943
27,29,2,53899016
7,23,6,53899182
0,3,7,53899239
31,35,5,53899354
30,35,6,53899356
22,32,7,53899609
37,31,0,53899660
37,27,6,53899678
27,28,2,53899719
3,40,5,53899863
34,26,5,53899990
7,30,1,53900178
19,36,5,53900365
12,49,7,53900436
25,39,1,53900537
8,26,2,53900581
22,25,5,53900670
37,27,4,53900677
63,33,1,53900716
36,27,4,53900814
12,57,4,53901092
9,24,2,53901174
7,32,1,53901322
36,23,2,53901410
32,27,4,53901601
33,26,5,53901933
21,34,7,53902095
2,40,0,53902313
3,40,7,53902317
21,34,2,53902348
34,32,7,53902470
8,23,4,53902520
24,27,7,53902712
22,32,1,53902762
24,38,1,53902969
34,32,4,53903179
34,31,7,53903182
19,36,7,53903260
25,39,7,53903262
11,56,7,53903401
63,35,1,53903412
2,20,7,53903475
9,26,4,53903704
26,33,4,53903735
25,33,7,53903738
63,32,1,53903753
39,29,4,53903757
63,40,4,53903763
38,30,7,53903805
12,41,2,53903974
8,26,1,53904172
13,20,4,53904199
24,36,2,53904436
9,41,7,53904441
23,29,7,53904568
6,23,6,53904601
20,36,7,53904678
19,51,7,53904691
24,42,1,53904763
24,43,2,53904766
7,27,2,53904770
58,40,2,53904830
63,34,1,53905129
11,56,6,53905221
9,24,1,53905222
7,29,2,53905397
63,36,1,53905443
21,36,4,53905788
63,38,1,53905871
24,42,7,53906192
38,29,2,53906297
17,49,2,53906369
36,37,2,53906430
30,35,4,53906696
10,56,7,53906846
4,40,5,53907030
12,59,7,53907324
8,41,7,53909517
8,26,7,53912313
63,35,4,53912518
39,28,4,53913636
35,30,2,53914042
26,35,7,53914286
35,30,1,53914579
9,24,7,53914612
36,37,1,53914783
35,31,5,53914913
7,29,1,53915146
63,33,4,53915210
6,30,3,53915401
9,25,4,53915495
22,31,2,53916112
21,35,4,53916137
22,31,1,53916364
12,55,5,53916499
37,33,1,53916804
2,40,4,53916868
62,33,2,53916876
4,40,7,53916888
23,39,2,53917287
2,40,6,53917454
21,34,1,53917602
22,31,7,53918068
36,26,5,53918750
4,22,6,53919011
22,32,4,53919136
23,39,1,53919367
6,22,7,53919479
31,27,4,53919520
0,38,6,53919723
35,31,6,53919776
10,24,4,53919814
38,30,4,53920034
8,27,4,53920038
8,25,2,53920429
21,33,2,53920805
2,38,4,53920827
7,22,7,53920885
12,48,4,53920986
23,30,4,53920993
6,38,1,53921081
62,39,2,53921155
7,22,5,53921383
34,30,7,53921729
6,40,5,53921737
16,49,7,53921830
22,30,7,53921954
20,35,2,53922064
12,19,7,53922115
23,28,7,53922125
7,30,3,53922804
4,36,4,53923051
9,41,4,53923080
23,28,1,53923282
34,31,2,53923636
38,28,7,53923679
30,26,7,53923764
28,25,1,53923848
8,25,7,53923988
7,31,0,53924590
2,36,6,53924647
6,22,5,53924717
23,29,4,53924838
23,34,3,53925596
8,23,6,53925845
62,34,7,53925888
11,21,7,53926072
13,59,4,53926188
62,34,2,53926249
6,30,2,53926558
37,26,5,53926561
35,26,6,53926634
19,51,4,53926703
0,36,2,53926735
21,33,1,53926824
24,36,1,53926830
34,30,1,53927035
5,38,6,53927141
6,32,3,53927177
12,58,5,53927285
34,30,4,53927457
1,39,7,53927557
12,58,6,53927625
21,34,4,53927630
11,56,4,53927725
8,41,4,53927804
33,26,4,53927888
62,36,2,53928008
27,28,4,53928397
6,30,1,53928596
36,31,1,53928601
63,32,4,53928631
5,32,2,53928751
6,35,5,53928773
12,58,7,53928975
29,35,4,53929008
29,34,7,53929010
19,36,4,53929213
20,35,7,53929273
26,29,7,53929472
8,26,4,53929598
23,37,2,53929640
20,36,4,53929814
18,36,6,53930278
26,33,2,53930391
12,47,7,53930607
5,32,1,53930665
47,31,4,53930826
21,32,2,53930842
25,33,4,53930936
11,24,4,53931227
62,32,7,53931299
9,24,4,53931457
63,39,1,53931622
62,35,2,53931638
6,29,2,53931792
28,34,7,53932151
11,22,4,53932361
22,29,2,53932428
62,35,3,53932458
6,32,1,53932681
25,36,1,53932737
8,22,4,53932842
45,37,7,53932944
22,31,4,53932951
36,34,7,53932994
21,32,1,53933216
24,40,2,53933265
27,25,2,53933544
29,34,4,53933625
18,36,4,53933643
62,35,1,53933690
25,31,7,53933880
5,40,6,53933945
2,39,5,53934022
3,40,6,53934274
30,33,7,53934434
5,40,4,53934474
0,19,7,53934548
31,29,7,53934552
47,30,4,53934682
15,49,6,53934976
8,24,7,53934980
6,22,6,53935013
36,32,5,53935370
32,25,7,53935379
5,34,1,53935406
6,31,4,53935620
7,27,1,53935728
7,29,2,53935883
23,37,1,53935901
31,32,5,53936311
46,22,0,53936634
22,29,7,53936660
49,1,7,53936712
25,36,5,53936929
62,33,1,53936948
38,27,1,53936982
32,36,6,53937177
7,25,2,53937239
27,29,7,53937254
8,22,5,53937548
26,33,1,53937674
24,38,2,53938145
16,48,5,53938464
20,34,7,53938477
23,25,3,53938507
22,40,2,53939707
8,40,7,53940418
16,49,4,53942725
8,25,4,53943835
21,31,7,53943930
37,29,7,53944457
53,49,3,53944939
23,28,4,53945186
63,31,4,53945961
62,31,7,53945964
38,28,4,53946063
62,32,4,53946170
22,29,1,53946426
6,22,4,53947065
6,29,1,53947296
47,29,4,53947596
22,28,2,53947780
56,19,4,53948099
19,25,4,53949134
14,49,6,53949214
6,28,2,53949464
36,26,6,53949695
10,21,7,53950069
12,46,2,53950394
4,34,6,53950744
6,38,4,53950963
63,38,1,53950974
8,23,7,53951537
20,35,4,53951634
45,36,7,53952271
26,30,4,53952353
7,25,7,53952379
6,28,1,53952428
24,32,7,53952602
29,29,7,53952684
7,29,1,53952744
0,34,6,53952934
20,33,7,53953137
8,24,4,53953139
22,38,7,53953404
24,32,4,53953671
27,25,1,53953698
18,35,5,53953730
8,41,6,53954413
22,28,7,53954418
33,31,7,53954486
35,35,2,53954519
62,39,2,53954532
5,30,7,53955266
13,15,7,53955533
62,34,1,53955559
61,34,2,53955561
20,33,2,53955769
25,35,7,53955808
5,39,5,53955878
18,35,7,53955908
6,27,2,53956031
9,40,5,53956049
25,29,7,53956100
5,22,6,53956299
19,35,7,53956352
22,29,4,53956386
3,39,5,53956473
63,34,1,53956492
15,48,7,53956612
5,30,1,53956622
1,39,6,53957121
22,28,1,53957298
22,38,2,53957403
30,33,4,53957560
29,33,7,53957564
4,34,2,53957664
23,36,1,53957716
36,30,4,53958081
0,37,6,53958182
12,47,4,53958287
8,40,4,53958954
12,45,1,53959098
22,30,4,53959432
21,30,7,53959434
25,30,7,53959478
25,30,2,53959504
20,54,6,53959659
4,39,7,53959869
62,31,4,53959908
62,30,7,53959910
21,30,2,53959970
7,26,4,53960243
22,38,1,53960273
35,36,1,53960554
5,37,7,53960633
7,24,1,53961011
6,21,7,53961796
14,48,5,53961829
20,33,1,53962070
56,48,0,53962104
46,29,7,53962120
5,29,2,53962236
7,24,7,53962328
61,34,3,53962444
21,29,2,53962456
35,25,4,53962745
37,29,4,53962836
28,34,4,53963349
30,29,4,53963353
10,21,2,53963653
32,32,6,53963718
21,31,4,53963880
6,29,2,53963981
46,29,4,53963987
46,28,7,53963990
1,38,5,53964015
22,27,7,53964136
1,37,4,53964145
22,37,2,53964146
6,27,1,53964263
36,25,5,53964377
16,48,4,53964487
6,25,2,53964549
33,31,5,53964776
18,50,7,53964808
20,34,4,53964836
63,37,4,53965472
63,35,1,53965503
31,29,4,53965612
36,28,5,53965764
5,37,1,53965784
37,27,7,53965801
61,31,7,53965822
25,35,4,53966032
21,30,1,53966427
0,36,7,53966729
26,26,2,53966807
63,30,0,53966877
20,32,2,53967255
4,31,2,53967445
45,36,4,53967468
34,28,3,53967612
10,21,1,53967638
17,35,6,53968424
25,30,1,53968669
21,40,1,53968686
6,25,1,53968940
28,33,7,53968953
11,54,5,53968979
10,21,4,53969220
22,28,4,53969393
19,6,0,53973204
63,34,4,53974741
21,29,1,53975909
62,34,2,53976862
20,32,1,53977359
7,23,7,53978117
5,28,2,53978160
33,31,4,53978205
30,28,7,53978309
5,21,5,53978402
20,31,2,53978658
6,26,1,53978718
23,31,7,53978863
19,34,2,53979731
37,28,4,53979866
3,39,4,53979915
2,39,6,53980014
6,29,1,53980102
35,30,1,53980469
11,46,7,53980566
10,54,6,53980716
33,30,6,53981090
28,33,4,53981173
61,36,1,53981210
3,21,6,53981294
22,37,1,53981318
29,33,4,53981418
6,21,5,53981533
29,32,7,53981535
36,28,7,53981592
11,53,5,53981740
11,54,6,53981743
37,27,4,53981784
35,30,0,53982214
63,31,1,53982615
7,24,4,53982626
16,34,5,53982807
34,29,5,53982877
19,35,4,53983561
23,34,1,53983700
46,28,4,53983759
21,30,4,53983953
15,48,4,53984067
15,47,7,53984069
29,28,7,53984203
19,53,6,53984349
30,28,4,53984372
29,28,4,53984400
37,26,1,53984483
24,34,7,53984606
63,32,4,53984754
21,28,7,53984768
63,33,4,53984848
21,39,7,53985217
2,20,4,53985253
44,35,7,53985332
5,28,1,53985551
9,20,7,53985625
20,31,1,53986134
20,30,7,53986316
22,27,4,53986465
21,24,6,53987073
62,35,2,53987239
10,18,7,53987266
46,22,4,53987430
4,39,4,53987857
30,25,4,53988010
48,22,6,53988255
5,37,4,53988413
11,56,7,53988633
7,39,7,53988705
30,29,0,53988716
5,27,2,53988893
60,36,5,53989113
21,27,7,53989227
5,21,7,53989411
19,33,7,53989530
6,28,0,53989620
34,29,6,53989738
0,38,6,53990103
29,30,4,53990107
21,38,7,53990229
5,31,5,53990266
5,32,6,53990268
61,38,2,53990327
44,34,7,53990457
7,22,1,53990715
18,50,1,53991156
6,23,2,53991363
34,29,3,53991424
6,24,7,53991497
32,30,7,53991673
35,24,5,53992072
22,36,7,53992084
4,29,2,53992262
17,34,5,53992408
1,20,6,53992443
24,30,7,53992448
62,33,7,53992555
25,28,4,53992972
31,32,0,53993258
63,30,4,53993414
44,38,4,53993541
23,40,4,53993719
22,35,7,53993752
62,35,1,53994005
21,27,2,53994512
61,29,7,53994624
4,39,6,53994644
12,55,1,53994833
52,61,2,53994930
20,29,2,53995031
2,38,7,53995309
36,27,7,53995326
5,27,1,53995353
43,39,1,53995448
16,47,4,53995573
7,23,4,53995661
24,29,7,53995683
28,24,7,53995879
10,56,6,53995905
5,30,5,53995950
5,30,6,53996024
3,38,7,53996231
18,34,7,53996306
22,35,2,53996501
11,46,4,53996541
8,39,4,53996800
62,32,7,53996873
24,33,7,53997392
21,28,4,53997466
1,19,7,53997727
61,36,2,53997995
33,29,0,53998380
32,29,3,53998384
33,28,3,53998385
6,23,1,53998696
22,35,1,53998725
5,30,0,53998802
5,33,1,53999111
43,37,7,53999261
62,31,2,53999353
11,16,4,53999659
20,31,4,53999721
5,27,5,53999862
5,27,6,53999865
62,29,7,54000051
33,29,3,54000153
29,31,2,54005692
3,33,2,54006056
4,36,7,54006134
6,23,7,54007216
22,39,7,54007338
36,28,4,54007698
62,34,1,54007894
24,34,1,54008012
1,38,3,54008222
19,6,4,54008290
45,28,2,54008509
62,34,0,54008615
62,31,7,54008672
22,32,4,54008761
7,39,4,54009558
62,33,4,54009876
36,26,2,54009918
0,37,2,54010333
6,24,4,54010848
20,30,4,54011365
20,29,7,54011368
19,33,4,54011536
32,29,2,54011558
29,32,4,54011894
5,38,5,54012213
21,26,7,54012441
61,35,2,54012937
4,38,5,54013398
4,21,6,54014055
24,32,7,54014755
36,26,7,54014990
24,34,4,54015136
32,24,6,54015227
6,26,7,54015303
16,34,4,54015545
20,32,6,54015594
14,47,4,54016066
34,30,0,54016144
18,34,4,54016436
18,33,7,54016438
11,56,2,54016555
42,40,2,54016559
16,25,6,54016576
34,29,1,54016777
22,34,2,54017168
6,22,7,54017245
3,31,0,54017253
36,27,4,54017267
5,23,2,54017800
10,56,4,54017829
11,55,4,54017831
5,21,6,54017900
21,39,4,54018170
62,32,4,54018223
9,21,1,54018469
62,29,4,54018671
3,33,1,54018876
3,20,4,54019012
35,24,6,54019034
10,15,7,54019285
3,34,6,54019344
24,33,4,54019395
2,33,0,54019506
12,56,7,54019693
29,31,1,54019701
62,30,1,54020358
22,34,1,54020631
16,34,6,54020911
3,38,4,54020920
6,38,7,54020948
17,24,5,54020951
22,38,7,54020980
9,55,7,54021173
6,21,1,54021644
33,28,3,54021741
20,29,4,54021800
21,31,7,54022067
4,27,1,54022599
50,22,0,54023100
21,36,2,54023274
1,19,4,54023281
21,27,4,54023385
43,33,1,54023500
13,47,6,54023636
61,35,1,54023754
62,31,4,54023928
36,25,1,54024060
42,40,1,54024084
8,18,0,54024260
3,29,2,54024356
21,25,1,54024476
33,23,5,54024595
2,38,4,54024990
10,52,7,54025517
33,27,6,54025702
28,32,4,54025766
29,31,4,54025769
4,20,5,54025770
28,31,7,54025771
4,32,1,54026259
56,37,5,54026438
24,26,7,54027188
21,36,1,54027328
5,23,1,54027686
61,32,7,54027688
8,20,2,54027883
21,35,2,54028117
10,45,7,54028441
36,26,4,54028515
17,50,4,54028528
26,32,6,54029117
61,34,2,54029215
32,28,1,54029444
17,23,1,54029835
15,33,7,54029957
31,28,1,54030909
25,23,7,54031033
59,33,7,54031054
33,27,7,54031350
13,46,5,54031541
22,31,4,54031551
14,46,5,54031637
61,29,2,54031888
10,45,4,54032258
21,26,4,54034805
10,44,2,54036207
61,34,1,54037258
42,37,7,54038706
35,27,7,54039665
24,32,4,54039795
16,23,6,54040172
16,33,5,54040187
21,32,7,54040959
27,31,7,54041240
23,29,7,54041358
16,24,2,54041586
1,37,7,54041807
4,25,2,54042557
2,19,7,54042574
19,29,7,54042811
61,31,7,54043003
14,49,2,54043073
2,35,4,54043086
5,22,7,54043345
35,26,2,54043495
4,38,6,54043577
20,26,7,54043617
18,32,7,54044042
59,30,7,54044134
16,49,7,54044438
7,38,7,54044508
19,29,1,54044945
19,31,3,54044996
4,26,1,54045086
18,33,4,54045119
17,33,7,54045122
0,18,7,54045162
6,26,4,54045314
5,22,1,54045710
3,27,2,54045731
14,46,6,54045935
36,25,4,54046320
1,34,7,54046374
61,33,0,54046384
20,26,2,54046429
4,24,2,54046459
2,37,7,54046840
3,27,1,54047076
1,37,5,54047098
61,30,2,54047368
20,37,2,54048037
20,28,4,54048107
63,34,4,54048221
17,22,5,54048242
50,59,5,54048843
21,34,2,54049136
59,29,7,54049145
5,38,4,54049223
4,23,2,54049399
61,30,7,54049756
20,26,1,54049773
5,21,2,54049822
61,32,4,54049855
4,25,1,54050044
19,28,7,54050079
2,32,2,54050132
25,24,4,54050445
28,31,4,54050705
15,33,4,54050951
21,31,4,54051218
63,27,4,54051300
41,39,7,54051640
20,38,4,54051659
41,39,2,54051787
9,44,7,54051871
5,23,4,54051956
35,26,7,54052233
2,19,5,54052288
21,24,2,54052306
60,34,2,54052312
25,26,1,54052378
25,23,4,54052382
35,27,4,54052399
35,25,7,54053175
6,38,4,54053186
23,29,4,54053401
34,30,1,54053953
50,58,1,54054246
27,31,5,54054312
60,35,2,54054416
33,34,4,54054638
21,30,7,54054652
4,31,1,54054702
15,33,6,54054753
23,48,6,54054766
30,23,6,54054823
41,40,4,54055023
2,32,1,54055229
1,33,2,54055336
4,23,6,54055487
21,34,1,54055564
7,20,5,54055683
44,27,4,54055844
50,59,6,54055876
20,37,1,54055962
32,23,6,54056415
5,25,7,54056460
1,34,1,54056812
20,25,7,54056905
10,43,1,54057075
5,20,5,54057078
61,30,1,54057324
62,34,4,54057608
61,31,4,54058355
18,30,2,54058836
18,32,4,54058889
20,26,4,54059235
42,34,2,54059278
59,29,4,54059356
35,24,2,54059458
33,26,7,54059511
10,52,1,54059896
24,26,5,54059948
19,29,4,54060259
3,32,2,54060404
2,37,4,54060432
24,23,7,54060891
0,34,7,54061014
5,37,7,54061115
22,46,2,54061376
61,29,1,54061402
61,33,7,54061579
18,31,1,54061692
13,45,7,54061753
33,22,5,54061879
20,2,3,54061889
3,32,1,54062078
21,33,1,54062085
27,31,4,54062105
0,37,6,54062197
31,22,5,54062221
19,27,7,54062248
4,26,2,54062507
14,33,4,54062565
56,32,0,54062703
34,26,7,54062852
35,26,4,54062854
60,31,2,54062967
33,31,7,54063139
24,27,6,54063383
33,27,0,54063418
1,37,4,54063648
8,44,7,54063705
5,22,4,54065304
41,34,6,54067799
4,37,7,54068068
3,26,1,54068465
24,23,2,54068656
41,39,1,54069552
5,20,1,54069761
17,32,2,54069783
60,35,1,54070270
59,30,4,54070827
18,31,4,54072859
35,25,4,54072951
35,24,7,54072954
19,26,2,54073328
61,30,4,54073768
24,25,4,54073941
18,30,1,54074077
4,22,7,54074092
17,33,4,54074168
17,32,7,54074172
20,37,4,54075038
58,31,5,54075076
13,45,2,54075825
24,22,6,54075992
3,29,0,54076004
60,34,1,54076564
0,17,2,54076571
21,34,4,54076996
24,23,1,54077161
31,27,0,54077283
15,32,5,54077442
61,29,4,54077471
59,27,5,54077592
60,31,7,54077695
42,34,1,54078834
19,28,4,54079049
3,23,2,54079115
0,36,7,54079305
33,28,2,54079310
2,29,3,54079346
60,30,2,54079389
21,30,4,54079527
20,30,7,54079530
20,34,7,54079542
58,34,2,54079755
60,30,1,54080302
22,33,7,54080412
31,38,2,54080598
41,28,7,54080961
20,35,2,54081150
19,37,7,54081167
27,26,3,54081603
15,21,0,54081907
3,31,2,54081917
55,35,6,54082031
3,24,2,54082200
23,25,7,54082217
39,39,3,54082807
40,40,2,54083092
20,38,6,54083342
1,36,7,54083473
21,36,7,54083480
60,30,7,54083500
32,34,1,54083566
4,25,1,54083889
41,35,2,54084228
43,28,4,54085016
43,27,7,54085019
20,36,4,54085042
17,31,7,54085373
6,38,6,54085398
19,27,4,54085442
60,29,2,54085559
4,21,2,54085885
31,38,1,54085950
19,26,1,54085977
22,32,2,54086141
4,21,7,54086208
20,25,4,54086647
28,30,1,54087130
18,28,7,54087218
20,34,2,54087398
21,31,1,54087408
5,19,0,54087488
20,34,1,54087682
27,30,7,54087868
4,37,4,54087976
29,22,4,54088164
16,32,7,54088252
35,24,4,54088582
2,26,2,54088738
58,28,7,54088772
5,37,4,54088925
3,20,2,54089805
5,38,6,54089837
10,54,6,54090256
18,27,2,54090284
9,53,6,54090316
33,28,2,54090418
59,35,2,54090519
27,27,4,54090656
34,25,7,54090671
3,23,2,54090698
60,29,7,54090723
2,28,6,54090882
33,22,6,54090895
34,26,4,54090993
33,31,4,54091083
63,33,4,54091118
33,25,7,54091161
33,29,2,54091193
58,29,7,54091387
60,31,4,54091519
26,31,4,54091972
26,30,7,54091974
22,32,1,54092144
19,36,7,54092336
19,0,3,54092422
30,27,7,54093092
17,30,2,54093110
33,29,1,54093435
0,33,3,54093710
20,24,6,54094382
4,22,4,54099078
24,23,4,54100441
3,23,1,54100899
58,31,7,54102363
19,24,7,54102574
41,33,7,54102678
58,31,4,54103391
60,29,1,54103901
17,30,7,54103957
3,27,5,54103991
1,36,4,54103998
18,27,7,54104423
32,22,4,54104727
41,35,4,54104818
19,26,4,54104857
31,22,6,54105132
3,36,7,54105244
58,29,4,54105392
1,34,0,54105420
4,36,7,54105737
18,27,1,54106394
23,23,7,54106606
60,28,1,54107299
20,33,2,54107518
6,37,5,54107810
3,22,7,54107848
57,27,6,54108126
60,30,4,54108351
19,25,7,54108969
1,33,2,54109059
2,19,6,54109207
17,30,1,54109243
1,31,1,54109339
20,30,4,54109454
4,23,5,54109527
23,23,2,54110305
59,34,1,54110535
16,32,4,54110703
18,26,7,54110849
31,21,7,54111028
18,28,4,54111170
60,29,4,54111363
0,30,2,54111554
19,25,4,54111662
14,32,6,54111764
33,25,4,54112159
61,32,5,54112409
17,31,4,54112410
17,50,6,54112840
8,53,4,54112923
34,24,7,54112942
21,29,4,54114423
20,29,7,54114425
30,39,2,54114456
49,56,5,54114544
22,26,2,54114606
16,20,1,54114636
2,29,4,54115106
17,29,2,54115378
59,30,7,54115419
19,35,2,54115805
34,25,4,54116002
23,23,1,54116313
22,10,7,54116354
27,21,6,54116532
3,20,6,54116735
34,23,2,54116746
11,53,5,54116924
4,19,3,54117229
32,25,3,54117271
34,23,7,54117490
8,52,7,54117706
25,30,7,54117734
13,32,7,54118161
20,32,2,54118278
18,27,4,54118506
20,31,7,54118871
3,24,5,54118900
33,28,1,54118936
20,33,1,54119082
41,33,4,54119579
41,32,7,54119581
42,27,7,54119694
19,35,1,54119716
58,28,4,54119849
11,53,6,54120075
30,38,7,54120098
5,36,7,54120159
32,30,7,54120263
13,31,5,54120276
16,31,2,54120393
0,35,6,54120497
13,43,7,54120564
51,58,5,54120649
3,24,6,54120677
3,21,7,54121200
14,31,5,54121224
59,29,2,54121325
34,23,1,54121709
19,34,2,54121900
26,26,7,54121927
40,34,7,54122004
1,34,5,54122268
19,37,4,54122405
31,34,2,54122666
58,35,7,54122698
26,26,4,54122918
30,27,4,54123059
20,11,6,54123118
21,45,5,54123446
0,18,6,54123916
27,21,7,54123937
30,26,2,54124543
20,32,1,54124665
19,34,1,54124782
25,30,4,54124889
32,30,2,54124906
17,30,4,54125073
20,37,5,54125110
1,29,6,54125336
32,29,2,54125477
20,35,7,54125687
22,26,1,54131166
20,35,2,54132774
2,31,1,54133629
18,36,7,54133777
0,35,7,54135416
3,20,7,54135475
58,26,5,54135582
4,36,4,54136603
41,32,4,54137172
34,24,4,54137256
3,19,6,54137266
1,33,1,54137379
31,25,4,54137497
24,21,4,54137499
59,28,2,54137992
18,25,7,54139164
17,27,7,54139481
16,30,7,54139488
15,31,7,54139525
10,44,6,54139781
21,27,2,54140476
19,24,4,54140747
2,18,5,54140961
32,24,7,54142167
22,23,2,54142411
34,23,4,54142544
0,34,2,54142960
18,37,4,54143006
59,30,4,54143065
59,29,7,54143067
21,28,4,54143430
21,27,7,54143432
51,58,6,54143444
34,22,1,54143688
16,31,4,54143691
19,33,2,54144465
1,28,1,54144522
22,30,4,54144525
0,17,7,54144877
6,36,3,54144944
20,34,7,54144947
33,24,7,54145036
11,43,7,54145217
23,46,6,54145353
30,38,4,54145504
2,22,1,54145976
18,26,4,54146356
30,37,1,54146367
39,40,4,54146393
58,32,6,54146683
20,35,1,54146779
1,25,1,54146864
59,31,5,54147636
39,38,1,54147882
57,32,2,54148305
47,54,0,54148449
30,39,1,54148550
47,54,5,54148682
13,31,6,54148930
4,20,0,54149115
1,27,1,54149723
3,22,5,54150023
30,20,5,54150077
59,28,7,54150154
29,40,2,54151121
3,35,7,54151130
22,27,7,54151265
57,27,7,54151544
13,43,4,54151721
12,43,7,54151723
3,19,1,54151952
32,28,1,54152051
10,43,5,54152317
17,27,1,54153054
32,21,4,54153182
16,29,7,54153242
18,35,7,54153343
17,26,7,54153349
18,24,7,54153803
5,36,4,54153858
18,25,4,54154002
31,20,7,54154162
22,24,1,54154202
19,33,1,54154787
22,29,4,54155024
0,29,3,54155074
63,32,4,54155156
21,25,2,54155186
0,29,2,54155296
29,26,2,54155306
18,35,2,54155979
1,24,1,54156466
24,26,6,54156537
17,28,5,54156656
2,49,7,54159102
18,23,7,54166426
18,34,2,54166486
38,39,2,54166945
27,25,1,54167677
26,28,3,54167790
31,25,6,54167974
0,30,6,54168025
59,29,4,54168028
0,27,6,54169555
2,27,1,54169950
59,27,1,54170551
18,35,1,54170738
16,28,2,54170772
19,36,7,54170835
20,35,4,54171021
31,32,4,54171903
12,43,4,54171919
16,30,4,54171978
22,22,2,54172470
42,25,4,54172919
33,23,7,54172979
12,30,7,54173826
58,33,4,54174829
25,29,4,54175068
17,25,7,54175205
33,24,4,54176005
58,29,7,54176389
2,23,1,54176491
17,27,4,54176958
59,28,4,54177218
2,26,1,54177560
33,22,2,54178147
1,24,4,54178337
18,24,4,54178344
15,30,7,54178444
7,41,7,54178665
19,29,2,54178854
24,28,5,54179597
18,23,1,54179744
60,31,5,54179944
7,51,4,54180352
11,42,7,54181136
15,31,4,54181138
29,40,4,54181141
19,35,7,54181784
39,36,4,54181816
57,27,4,54182097
14,30,5,54182270
33,22,7,54182501
17,25,1,54183007
18,22,7,54183189
29,26,7,54183734
33,22,1,54184693
17,24,2,54184824
21,24,2,54185519
30,26,5,54185591
6,50,7,54185810
1,28,2,54185868
6,41,1,54186272
37,38,0,54186525
17,24,7,54186674
17,26,4,54187100
1,22,1,54187129
5,16,7,54187164
34,21,4,54187273
40,30,2,54187342
12,42,7,54188505
58,33,1,54193171
1,21,2,54199997
58,28,7,54203230
40,31,1,54203496
30,26,6,54203833
56,30,7,54204940
28,40,7,54205314
29,26,4,54205944
63,32,5,54206180
9,43,6,54207500
58,27,2,54208183
10,42,5,54209143
58,28,2,54210030
18,33,2,54210356
21,24,7,54210622
38,37,1,54211228
2,18,1,54212005
17,23,2,54212348
18,23,4,54212541
33,23,4,54212596
1,19,2,54213510
21,24,1,54214039
16,26,2,54214090
15,29,7,54214366
19,27,7,54215538
21,25,4,54216781
28,40,2,54217646
31,24,7,54217673
62,32,6,54217770
2,19,2,54218209
58,27,7,54226123
56,26,7,54230837
58,30,0,54230857
59,26,4,54233709
58,28,1,54235309
17,23,7,54238576
38,38,4,54238707
28,41,4,54238948
17,23,1,54239202
33,22,4,54239254
19,34,1,54239388
4,11,3,54240459
58,29,4,54240953
16,26,1,54241251
30,31,7,54242229
0,22,2,54243945
16,26,7,54244304
31,27,2,54245421
39,32,2,54245770
57,29,2,54246327
20,25,2,54246510
17,25,4,54247329
28,25,2,54248158
2,20,1,54248230
33,21,4,54248274
21,22,2,54248893
3,35,4,54249231
17,22,7,54249351
32,23,7,54249456
63,31,5,54249539
54,20,2,54249683
37,38,2,54249984
18,32,1,54250067
4,16,4,54256897
15,30,4,54260021
57,29,3,54262495
56,29,7,54264271
58,30,5,54265543
56,31,0,54265708
0,34,2,54266752
20,31,4,54268748
56,29,4,54268785
14,30,7,54271451
56,25,7,54271804
11,42,4,54273016
12,30,4,54273255
0,25,2,54273413
1,19,1,54273554
16,24,2,54273710
13,30,5,54276507
32,22,7,54276634
60,30,5,54276988
25,46,2,54277494
28,38,7,54277847
16,25,7,54277969
12,42,4,54279640
48,55,6,54281361
17,24,4,54282123
32,24,4,54287865
57,32,1,54288615
62,31,5,54289594
58,28,4,54289649
57,28,7,54289652
12,30,6,54292240
14,30,4,54298127
10,42,4,54298903
48,54,5,54299044
58,30,6,54301205
16,26,4,54301654
10,41,7,54301807
13,30,6,54301820
10,42,6,54302673
49,54,5,54304673
11,41,5,54304809
28,25,7,54304847
11,41,7,54304929
30,19,6,54306950
26,18,0,54307181
32,22,4,54307607
32,21,7,54307609
14,29,7,54307669
1,17,4,54307891
3,15,7,54308957
63,53,0,54309150
16,24,7,54309189
27,29,5,54311079
12,29,5,54311167
18,35,2,54311209
48,54,6,54311610
11,29,7,54311851
1,18,1,54312005
17,33,2,54312337
25,46,4,54312452
2,34,7,54312637
20,43,5,54313044
58,29,5,54319964
0,32,3,54321757
58,24,4,54322365
13,29,7,54323559
46,51,7,54324682
25,45,7,54325588
11,41,4,54326021
13,29,5,54326139
15,29,4,54326789
57,29,6,54327246
57,24,4,54327561
0,16,7,54329703
58,30,4,54330459
1,17,5,54330627
11,29,4,54331137
23,27,6,54331455
31,18,5,54332028
49,53,5,54332822
29,18,5,54333221
28,18,5,54333283
45,51,6,54333666
0,20,2,54333960
11,41,6,54334652
62,30,4,54334733
57,24,6,54334746
61,29,7,54335396
16,46,5,54336872
16,47,6,54336874
56,32,7,54337755
12,29,4,54337924
24,19,6,54338115
41,41,2,54338158
3,34,5,54338162
22,18,5,54338604
14,29,5,54339283
23,43,7,54339524
12,29,6,54340747
24,27,7,54341132
6,39,5,54341253
57,23,7,54341401
10,41,4,54341520
11,29,6,54341987
8,41,7,54342142
28,25,4,54342229
6,46,0,54342237
14,29,4,54344053
28,23,4,54344095
20,43,6,54344230
13,29,4,54345367
50,31,6,54351228
62,56,1,54354446
10,40,7,54354978
11,28,7,54355667
25,44,7,54355930
13,29,6,54356353
58,27,4,54358364
16,35,5,54359191
46,50,5,54360278
22,43,4,54361178
63,30,4,54361212
1,33,6,54361494
0,16,6,54361590
0,33,6,54361815
57,30,4,54362196
23,43,4,54362611
60,29,6,54362877
25,45,4,54363540
24,27,4,54363710
12,28,7,54365804
57,29,7,54365985
32,20,7,54365997
24,44,7,54366094
10,40,5,54366342
30,18,6,54366376
27,26,7,54366637
52,30,7,54367024
56,27,6,54367427
11,28,5,54368374
0,15,7,54368571
33,18,4,54368658
1,32,5,54368910
22,18,6,54369202
12,28,5,54369364
13,28,5,54369787
16,23,7,54369802
56,32,6,54370429
10,28,6,54370547
2,33,4,54370839
12,40,5,54371185
15,26,7,54371214
4,11,1,54371232
21,42,5,54371372
0,19,2,54371494
14,28,5,54371637
11,40,4,54371738
57,27,4,54371991
25,44,4,54372085
59,29,4,54372133
16,35,4,54372617
57,23,4,54373041
56,23,7,54373044
21,42,7,54373305
22,18,7,54373309
30,22,4,54373716
24,26,5,54373884
26,23,1,54374528
10,40,6,54374814
13,28,7,54375019
14,28,7,54375048
15,28,4,54375051
32,17,7,54375432
23,26,7,54375444
6,39,4,54375699
9,40,7,54376155
59,48,6,54377581
56,26,5,54382361
61,28,5,54383369
32,21,4,54384209
57,22,7,54385091
56,30,3,54387191
57,26,5,54389180
11,39,5,54389350
1,32,7,54389814
16,34,7,54390498
48,12,4,54390711
3,15,4,54390782
51,30,4,54391501
60,46,1,54391699
0,32,7,54392861
17,26,4,54393487
59,28,6,54394006
56,22,6,54394171
18,1,5,54395358
1,19,2,54395754
30,21,6,54396661
12,28,4,54396705
22,42,7,54396767
46,50,0,54396924
29,21,7,54396987
8,40,5,54397038
7,40,6,54397040
11,39,7,54397855
21,42,4,54398055
61,28,7,54398351
10,40,4,54398357
20,42,4,54398763
16,34,5,54399071
56,26,7,54399078
30,23,3,54399460
56,22,7,54400741
62,28,7,54401013
11,28,6,54401071
27,17,4,54401139
49,50,5,54401312
25,42,3,54401834
22,42,4,54401890
19,27,4,54402067
51,29,5,54402544
56,26,6,54402926
38,32,7,54403137
16,24,4,54403387
57,29,4,54403411
1,32,4,54404685
56,31,6,54404701
56,29,7,54405026
27,21,3,54405156
21,42,6,54405311
17,34,4,54405542
15,27,4,54406248
12,28,6,54406327
57,25,5,54406390
6,39,6,54406394
53,29,4,54407052
10,39,7,54412226
46,48,5,54415398
23,17,5,54418934
62,28,4,54420675
0,31,2,54421423
32,20,4,54422039
59,27,4,54422516
16,23,4,54422730
62,28,6,54422879
14,27,7,54423502
1,19,1,54423592
58,27,6,54424437
60,27,7,54424511
11,39,4,54424573
23,25,7,54424632
38,32,4,54425222
49,49,5,54425263
56,28,7,54425757
11,39,6,54426900
60,27,4,54427756
61,27,7,54428113
13,28,4,54428118
61,27,4,54428478
59,27,6,54428877
61,27,6,54428992
58,26,5,54429517
46,48,6,54430062
58,20,7,54430308
48,49,6,54430767
59,26,7,54431024
56,23,4,54431025
46,47,5,54431591
24,17,6,54431848
24,17,7,54431975
25,16,5,54432162
16,25,5,54433238
22,41,5,54433715
31,20,7,54433886
28,16,5,54434077
30,21,4,54434090
59,26,5,54434138
14,28,4,54434404
60,26,7,54435141
19,26,4,54435200
58,26,0,54435478
23,41,5,54435636
31,18,6,54436231
26,16,7,54436895
62,27,5,54436972
27,24,7,54437687
0,22,3,54442316
57,24,7,54449506
56,25,4,54451742
26,16,4,54454715
15,26,4,54454862
19,29,7,54455039
31,20,4,54455080
60,26,6,54455409
20,19,3,54455534
1,18,2,54455912
31,19,7,54456293
58,26,6,54456306
62,27,6,54457766
31,19,2,54458508
59,26,6,54458863
0,31,7,54458951
57,23,2,54459187
61,26,4,54459222
45,45,2,54459278
19,25,4,54459334
57,23,1,54459593
0,21,2,54460958
31,17,5,54460983
51,26,7,54461514
1,18,1,54462094
62,26,5,54462189
61,26,6,54462191
15,23,7,54462227
0,20,2,54462335
16,20,1,54462864
59,25,5,54464565
54,24,1,54464591
15,24,1,54464674
19,24,4,54465552
26,11,4,54465664
41,16,4,54466302
56,48,3,54466337
31,18,7,54466620
19,24,1,54466993
63,26,5,54467403
62,26,6,54467405
60,25,5,54467574
43,44,2,54467932
57,23,7,54468818
15,21,7,54468823
24,23,0,54469359
60,26,4,54475984
60,46,5,54479764
51,26,4,54480635
24,41,6,54480877
15,22,7,54482998
57,25,6,54485803
60,25,5,54485883
60,25,6,54485928
55,24,4,54486128
51,26,2,54486504
57,21,7,54486625
60,25,7,54487043
56,26,5,54487143
58,25,6,54487188
61,25,5,54488723
59,25,6,54488864
60,25,4,54488881
57,23,4,54490004
61,25,4,54490435
60,44,2,54490538
22,17,6,54491807
63,25,4,54492132
25,41,6,54492169
56,23,1,54493052
17,32,2,54493076
30,25,4,54493124
22,41,6,54494801
46,45,5,54495067
62,25,5,54495153
51,27,4,54495415
20,16,7,54497454
41,9,7,54497977
31,19,4,54498369
30,19,7,54498371
60,45,5,54498591
50,26,5,54499219
59,24,5,54499339
14,26,7,54500106
27,40,7,54500154
41,11,7,54500373
61,24,7,54500748
30,24,4,54500994
56,23,4,54506873
57,22,4,54508891
55,23,4,54509233
56,26,4,54510197
20,17,1,54511740
48,46,0,54511991
31,18,4,54513146
18,24,7,54513221
25,40,5,54514053
0,17,2,54514413
55,18,5,54515220
55,20,4,54515242
15,22,1,54515899
56,22,7,54516269
58,24,5,54516516
15,23,4,54517019
27,21,7,54517155
60,24,7,54517291
0,18,6,54517446
55,19,4,54517825
57,24,6,54518181
48,46,6,54518745
15,20,7,54519630
59,24,4,54519855
27,16,6,54521931
60,24,4,54522564
28,15,5,54523122
30,18,7,54524009
57,21,4,54524108
46,45,6,54524683
47,45,6,54524971
45,44,5,54525269
54,18,6,54526310
54,20,7,54526509
47,46,5,54526537
55,18,6,54527132
20,20,7,54527250
61,24,6,54527829
57,23,5,54528203
58,23,5,54529192
46,45,2,54529456
50,24,7,54529848
60,46,3,54530149
1,32,1,54530545
15,22,4,54530789
57,23,7,54530881
58,23,3,54530951
28,21,4,54530968
60,45,6,54531966
51,23,6,54541520
56,21,7,54542179
56,20,2,54544421
1,33,2,54545053
47,45,5,54545569
54,19,7,54546479
30,17,7,54546962
30,17,2,54547267
30,19,4,54547284
61,42,4,54547728
1,33,1,54548126
0,33,2,54548127
18,26,4,54548842
19,17,7,54549198
57,23,6,54549344
15,21,4,54549375
57,46,1,54550168
58,23,6,54550553
30,16,7,54551834
56,23,6,54551920
61,23,4,54552385
62,23,5,54552499
60,23,6,54552812
56,20,7,54554043
54,21,7,54555292
47,44,6,54556869
29,19,7,54558259
49,25,6,54559653
38,13,6,54560378
18,23,7,54560505
48,44,4,54560622
18,25,2,54561165
60,12,3,54561284
60,47,2,54561431
57,22,5,54562157
20,21,4,54562390
23,25,6,54562520
55,21,7,54562627
26,21,7,54562717
29,19,4,54563220
1,15,4,54571497
56,17,4,54573636
59,22,3,54576991
25,40,6,54580008
30,18,4,54580828
14,23,2,54581394
19,21,2,54584806
14,26,4,54585426
14,25,7,54585429
27,40,4,54585563
30,16,1,54587327
18,24,4,54588517
30,17,4,54589107
15,19,4,54589132
56,20,4,54589952
25,15,7,54590901
55,16,7,54591474
60,22,5,54592643
59,22,5,54592783
29,18,7,54594749
58,22,5,54603233
61,22,4,54603808
57,22,4,54605195
48,43,4,54606584
60,40,7,54607483
55,23,1,54608576
18,23,4,54609511
60,41,5,54610659
56,18,1,54610949
22,15,0,54611001
56,19,4,54611169
60,21,7,54616297
57,21,5,54616626
14,21,7,54616756
58,22,6,54618463
50,24,7,54618713
55,19,2,54619263
55,19,1,54619354
54,21,4,54619558
30,16,4,54619563
59,21,5,54619844
19,16,1,54620509
25,22,1,54621218
61,39,3,54622503
60,39,3,54622713
14,25,4,54626122
0,33,2,54632063
61,42,5,54632427
55,19,7,54633575
59,21,6,54635374
41,41,6,54635868
55,23,4,54636192
49,23,6,54636634
1,34,2,54636957
58,21,5,54637389
59,21,4,54637806
59,43,7,54638159
0,34,3,54638330
60,21,4,54638568
29,17,7,54638659
14,18,7,54639343
18,17,2,54640691
29,16,7,54641000
55,18,7,54641110
47,42,7,54641344
57,21,4,54642931
29,17,4,54643355
55,17,7,54644631
49,22,5,54644977
10,33,3,54646477
18,22,4,54646678
28,20,0,54646759
26,21,4,54646875
53,17,4,54646891
14,22,1,54647258
29,18,4,54647601
57,44,5,54647633
48,42,5,54648545
28,18,5,54648779
57,21,6,54648882
12,28,0,54648995
7,33,3,54649145
56,14,4,54649270
54,22,2,54649602
1,34,1,54649885
41,40,5,54650538
53,19,2,54650877
9,34,2,54651479
11,34,0,54652264
47,42,2,54652426
2,34,1,54652584
55,19,4,54652820
21,20,6,54652877
17,25,7,54653806
18,20,4,54653943
28,18,6,54654031
10,34,2,54654116
55,13,7,54654369
15,34,0,54654413
11,34,2,54654563
49,15,6,54654609
29,16,4,54654932
6,42,6,54655223
59,43,4,54655489
55,18,4,54656304
13,34,2,54656349
29,15,1,54656693
13,34,0,54661594
59,20,7,54662150
8,34,0,54663911
37,13,7,54664814
1,35,2,54665042
42,40,5,54665576
60,20,4,54666204
57,20,6,54666715
55,17,1,54667118
11,28,2,54667573
55,17,4,54667609
58,20,7,54668015
58,20,4,54668131
56,20,6,54668219
28,18,7,54668443
53,19,4,54668858
11,39,0,54669113
17,23,7,54669357
39,5,7,54669377
59,42,4,54669605
6,39,0,54669914
62,19,3,54670058
1,26,6,54670935
54,18,2,54671136
53,18,1,54671338
59,20,4,54672150
57,19,7,54672207
42,4,4,54672362
41,4,7,54672364
13,27,7,54672416
41,40,7,54672524
57,19,5,54672800
7,34,2,54673032
10,39,3,54673224
40,40,7,54673573
13,24,7,54673663
56,19,5,54674147
1,35,1,54675207
59,19,5,54675469
26,19,5,54675608
2,34,3,54675890
10,34,1,54675969
13,23,2,54676514
14,21,4,54676630
4,35,7,54676671
17,22,7,54676901
28,16,2,54676949
47,41,7,54677319
61,20,4,54677666
54,16,7,54678389
60,44,4,54678441
26,19,6,54678457
18,27,2,54678619
17,17,7,54679089
11,28,3,54679230
28,17,7,54679563
41,4,4,54679826
41,3,7,54679828
12,28,1,54680023
45,42,6,54680166
17,22,2,54680255
41,40,4,54680266
2,35,1,54680383
7,34,3,54680482
36,16,2,54680741
28,15,7,54681113
17,25,4,54681136
9,34,3,54681510
6,34,1,54681597
14,26,2,54681697
59,19,7,54681709
8,34,3,54681817
54,16,2,54681830
28,16,7,54682005
44,40,3,54682151
12,34,1,54682457
14,34,1,54682491
47,41,6,54682500
41,2,0,54682541
54,15,7,54683577
4,34,1,54683794
13,17,2,54684060
6,34,3,54684208
58,41,7,54684349
25,21,4,54684796
25,20,7,54684799
59,19,4,54685084
13,34,1,54685866
63,12,0,54685868
13,25,7,54686069
11,34,1,54686106
54,17,7,54686189
52,18,7,54686741
53,18,7,54687053
28,18,4,54687316
17,24,6,54687540
55,19,4,54687733
54,18,7,54687910
28,17,4,54688012
11,34,3,54688144
28,25,7,54688217
61,37,5,54693941
56,19,6,54695484
57,19,4,54695868
28,16,4,54695886
17,18,4,54696475
55,19,6,54696955
25,20,3,54698699
41,39,5,54699557
28,16,1,54699805
28,15,1,54700095
56,19,4,54700243
9,34,1,54700594
54,19,6,54701022
58,19,4,54702074
60,37,6,54704234
40,3,7,54704318
7,35,0,54704324
53,20,0,54704677
7,34,1,54704920
59,19,6,54705214
60,40,5,54705887
61,37,4,54705912
56,18,7,54706118
55,18,5,54707493
57,18,5,54707683
17,17,4,54707706
8,34,1,54707875
3,35,0,54708317
57,19,6,54708429
27,17,7,54708709
2,35,3,54709542
1,36,2,54710027
54,22,7,54710188
58,18,5,54710577
54,16,4,54710760
54,17,4,54712085
63,14,5,54712154
40,39,7,54712237
4,34,3,54712411
10,35,2,54712505
58,18,7,54712692
41,39,6,54712986
13,27,4,54713254
57,18,6,54713736
1,36,1,54714346
13,25,4,54714433
26,20,2,54714639
58,18,4,54714651
13,23,1,54714776
55,18,7,54715068
13,24,4,54715082
27,16,2,54715223
27,16,7,54715467
16,17,2,54715472
57,18,7,54715744
27,17,2,54715958
42,39,4,54716147
9,35,2,54716824
11,29,0,54717026
2,36,0,54717033
36,13,4,54717214
60,36,7,54717251
26,20,1,54717490
21,19,7,54717625
17,22,3,54717632
11,35,0,54718564
16,27,7,54718679
27,18,7,54718738
27,18,1,54718845
8,35,0,54718902
13,17,1,54718996
25,20,7,54719557
6,35,3,54724561
56,18,4,54724850
54,18,6,54725791
7,35,2,54726351
55,18,4,54726416
16,17,7,54726799
8,35,2,54727456
53,15,7,54728284
27,18,4,54728300
10,35,0,54728505
16,20,2,54728998
10,40,3,54729161
58,18,6,54729957
62,17,7,54730435
63,9,5,54730518
55,17,5,54730544
40,39,4,54730711
16,23,7,54730762
2,36,1,54730839
53,15,2,54730934
16,34,1,54731086
13,22,4,54731457
12,35,0,54731723
55,17,7,54731832
9,35,0,54732312
59,18,4,54732692
13,35,2,54732876
3,35,3,54733386
61,36,2,54733479
53,19,7,54733493
63,12,1,54733787
60,36,4,54733844
60,35,7,54733847
25,19,7,54734153
57,18,4,54734161
57,17,7,54734474
11,40,0,54734983
12,35,2,54735071
16,19,2,54735126
13,35,0,54735174
13,34,3,54735176
58,17,7,54735187
15,34,1,54735265
15,35,2,54735267
15,34,3,54735788
4,35,3,54735790
58,17,5,54736073
53,14,4,54736267
0,37,2,54736997
63,17,5,54737005
53,16,4,54737517
27,17,4,54737679
27,16,4,54737737
14,35,2,54737972
16,24,2,54738026
61,37,5,54738037
10,35,1,54738144
63,11,1,54738159
62,17,4,54738211
56,17,7,54738655
5,36,0,54738789
53,15,4,54738835
8,35,1,54739164
27,15,1,54739224
16,24,7,54739240
26,19,7,54739364
14,35,0,54739513
1,37,2,54739582
3,36,0,54739624
63,17,4,54739627
58,17,6,54739688
47,40,4,54739697
52,16,7,54739905
53,14,1,54739927
25,19,4,54740209
16,18,4,54740299
52,16,1,54740703
16,22,1,54741250
16,24,4,54741336
63,13,4,54741360
12,22,7,54741614
63,12,4,54741845
16,26,2,54741950
26,18,1,54742576
62,34,5,54742958
12,24,7,54743050
9,35,3,54743347
34,10,5,54743648
34,9,2,54743651
56,17,6,54743683
44,38,2,54743701
56,17,4,54743822
12,26,7,54743936
8,35,3,54743939
62,16,7,54744037
11,35,3,54744291
58,17,4,54744482
7,35,3,54744517
15,35,0,54744599
26,20,2,54744764
12,24,2,54744858
42,38,5,54744989
27,16,1,54745019
12,25,7,54745128
11,35,2,54745146
12,18,2,54745288
56,33,7,54745314
7,35,1,54745497
16,20,4,54745918
16,30,7,54746313
59,35,6,54746427
61,17,4,54746463
60,35,4,54746520
16,25,1,54746616
60,40,6,54746779
1,37,1,54746814
27,28,7,54746882
26,19,4,54747004
4,36,0,54747128
13,35,1,54747177
12,26,2,54747223
13,21,4,54747446
7,36,0,54747691
12,23,2,54747735
12,35,1,54747763
9,35,1,54747764
26,16,7,54747920
16,17,1,54748032
15,19,5,54748109
51,16,6,54748152
25,18,7,54748214
57,17,4,54748280
15,19,7,54748406
46,19,3,54748479
15,18,7,54748480
6,42,7,54748578
0,37,6,54748619
55,17,4,54748729
2,36,3,54748875
47,20,2,54748989
62,12,7,54749402
8,36,2,54749485
25,20,2,54749529
60,37,7,54749843
16,23,4,54749957
26,16,2,54749993
11,29,3,54750136
10,35,3,54750297
11,35,1,54750301
52,17,6,54750369
39,7,3,54750438
9,36,2,54750580
12,23,7,54750606
4,36,3,54750656
12,21,7,54750861
16,20,1,54755003
55,16,7,54756146
62,16,4,54757015
4,36,1,54757025
26,20,1,54757246
63,11,4,54759917
62,10,6,54759927
54,16,7,54760331
50,16,7,54760363
63,8,4,54760509
62,39,5,54760523
6,36,2,54760695
12,23,4,54760795
57,16,7,54761034
26,17,7,54761076
63,13,1,54761311
13,28,0,54761347
63,10,4,54761820
62,10,7,54761840
62,11,7,54762249
12,22,4,54762477
52,14,2,54762557
63,9,5,54762724
17,30,3,54762916
53,16,5,54763352
56,16,7,54763401
25,20,1,54763418
15,18,2,54763495
11,41,0,54763736
5,36,3,54764049
55,16,4,54764234
42,38,6,54764764
52,18,7,54765073
15,21,2,54765298
12,27,2,54765755
57,16,4,54765831
42,38,7,54766155
61,7,5,54766445
51,16,4,54766458
49,11,5,54766467
26,16,4,54767342
7,36,2,54767613
35,28,2,54767659
34,23,3,54767669
56,38,7,54767700
12,40,1,54767757
1,38,2,54767940
62,11,4,54768077
12,35,3,54768223
46,20,7,54768661
12,24,4,54768663
35,26,2,54768705
15,23,2,54768923
55,16,6,54768971
35,24,1,54769178
57,16,5,54769498
53,16,7,54769544
12,25,4,54769627
61,8,4,54769776
31,38,5,54769868
15,35,1,54770040
12,26,4,54770181
35,23,4,54770257
12,36,0,54770383
52,13,1,54770394
26,22,2,54771081
10,41,3,54771219
53,16,6,54771438
13,35,3,54771439
8,36,0,54772238
7,36,3,54772240
16,30,4,54772311
26,17,4,54772621
11,22,7,54772740
34,12,4,54772801
35,29,2,54772865
33,11,7,54773201
56,16,4,54773715
15,20,7,54773858
9,36,1,54774070
57,15,7,54774678
11,23,7,54774974
12,26,1,54775239
54,16,4,54775317
26,16,1,54775373
25,19,4,54776246
50,7,5,54776533
23,20,7,54777799
33,14,2,54777885
10,36,2,54777910
15,21,1,54777927
50,7,6,54778017
9,36,0,54778208
16,33,7,54778223
54,15,5,54778361
43,37,5,54778547
42,37,6,54778549
23,19,7,54778652
49,11,6,54779362
3,37,0,54779621
3,36,3,54779627
54,15,7,54780059
11,36,0,54780158
56,15,5,54780181
61,13,0,54780186
1,38,1,54780452
52,19,2,54780894
60,7,6,54781173
11,36,2,54781519
51,12,7,54781701
20,20,0,54782792
61,13,3,54786663
35,22,1,54787720
56,15,7,54787745
24,18,7,54787869
58,36,6,54788596
58,15,4,54789774
61,10,7,54789947
8,41,5,54790360
55,15,5,54790576
61,14,4,54790729
55,15,6,54790891
61,11,4,54791155
51,13,2,54792160
62,8,7,54792223
51,12,4,54792236
15,23,7,54792240
15,26,7,54792290
53,15,7,54792404
6,36,3,54793404
15,17,1,54793763
25,16,7,54793772
60,14,5,54794455
55,15,7,54794492
10,36,0,54795650
25,17,2,54795870
60,15,4,54796102
6,41,3,54796241
11,24,7,54796682
57,15,4,54797565
60,14,6,54797670
52,15,5,54798019
61,8,2,54798767
12,27,1,54798964
61,10,4,54799030
63,8,4,54799406
54,15,4,54799855
61,5,3,54800134
56,15,4,54801323
41,36,5,54801778
36,2,4,54802070
35,2,7,54802073
61,13,5,54802202
12,36,2,54802215
53,15,6,54802790
55,14,7,54802991
25,16,1,54803307
15,23,1,54803388
50,9,7,54803504
25,17,4,54803508
16,32,1,54803650
50,14,5,54803831
58,34,1,54804119
62,8,4,54804313
26,26,7,54804426
14,18,7,54804427
16,33,4,54804643
5,37,0,54804787
57,14,7,54805362
30,10,5,54805398
61,8,7,54805413
59,15,4,54805433
59,14,7,54805435
35,26,1,54805550
46,36,3,54805762
34,24,7,54805918
15,23,4,54805984
52,15,6,54806636
59,32,7,54807219
4,37,0,54807283
16,31,1,54807439
8,36,1,54807463
6,37,0,54807670
48,41,6,54807688
54,14,5,54807712
61,13,6,54808089
7,36,1,54808365
34,23,2,54808432
60,10,7,54808628
14,18,2,54808815
31,38,4,54808980
55,15,4,54809095
53,15,4,54809389
25,16,4,54809751
50,12,7,54810091
3,37,3,54810147
32,7,7,54811024
31,38,6,54811146
14,22,2,54811363
60,8,5,54811493
51,12,1,54811858
24,20,0,54811952
34,25,7,54811994
33,16,7,54812116
60,8,6,54812210
61,7,5,54812476
60,9,7,54812751
62,12,5,54812854
54,14,7,54812919
62,7,7,54814823
49,15,4,54817170
59,35,4,54818675
60,10,4,54820223
55,14,5,54820780
60,13,7,54821698
60,13,4,54821728
41,36,6,54821795
51,15,6,54822029
56,14,7,54822262
30,38,6,54823979
45,19,5,54824103
59,14,4,54824105
60,8,7,54824461
60,33,1,54824554
61,8,4,54824607
62,12,6,54824963
33,37,7,54825591
58,34,7,54825806
32,13,2,54826436
17,30,2,54826445
43,18,7,54827711
54,14,4,54827799
53,14,7,54827801
43,37,6,54829454
50,11,7,54829891
15,24,1,54830547
11,24,4,54830831
61,35,7,54831416
61,31,4,54832128
49,14,7,54832242
15,24,4,54832409
24,20,3,54832714
52,14,5,54832793
62,7,4,54832908
50,12,2,54832980
16,26,2,54833086
16,30,1,54833203
30,37,7,54835060
59,33,2,54835139
56,14,4,54836384
31,37,5,54836507
34,25,2,54836793
51,14,5,54837521
50,11,4,54837850
63,12,0,54840319
62,11,5,54841146
24,23,3,54841461
60,9,4,54842645
53,14,6,54843141
41,35,7,54843182
60,31,4,54843363
59,31,7,54843365
22,15,4,54843482
61,35,4,54843696
34,23,1,54843866
40,36,4,54850103
14,18,1,54851114
63,18,5,54853351
58,8,4,54853663
60,7,7,54853890
58,34,4,54854134
59,8,7,54854240
59,9,7,54854274
54,13,5,54856216
55,14,4,54857328
29,38,7,54857562
53,14,4,54858272
31,37,6,54858416
32,36,5,54859252
24,21,2,54861526
61,6,7,54861793
49,13,5,54862848
60,12,7,54862974
59,31,4,54864292
51,14,6,54865507
61,12,4,54865680
59,30,7,54865997
57,33,7,54867486
55,13,5,54867545
53,13,7,54867919
55,13,7,54869278
25,37,7,54869638
57,35,2,54869702
31,37,4,54869980
30,37,4,54870194
41,35,6,54870256
61,7,6,54870498
33,37,4,54870782
49,14,4,54871055
59,12,7,54872316
24,17,2,54873313
11,28,2,54873563
59,9,4,54874139
41,35,4,54874787
47,9,6,54875910
32,36,7,54879902
31,36,5,54882808
21,14,7,54888403
12,41,6,54888444
29,37,7,54888626
50,11,1,54888850
60,7,4,54889427
26,37,6,54890701
52,13,5,54890928
57,33,4,54890935
56,33,4,54891208
57,33,6,54891916
8,42,6,54892594
61,11,6,54892709
55,13,4,54893885
42,34,5,54894053
46,34,1,54896740
54,13,7,54897077
58,30,7,54897920
31,36,7,54898961
41,34,5,54899622
48,13,7,54899811
23,24,7,54900834
24,38,4,54901195
45,35,2,54901812
52,2,0,54902078
32,36,4,54902257
52,13,7,54902634
58,32,5,54903461
40,35,4,54903731
53,13,5,54905598
57,32,7,54905633
29,36,6,54905725
22,38,7,54905952
56,32,7,54907519
51,13,5,54919065
32,36,6,54919111
61,11,4,54919717
59,12,4,54920390
42,34,6,54920460
50,15,7,54920516
59,7,4,54920772
61,10,5,54922207
61,6,4,54922401
49,13,4,54924275
53,13,4,54924888
61,10,7,54925605
25,37,4,54926345
57,32,4,54927307
49,12,7,54927342
59,6,7,54928062
40,34,7,54928798
30,36,6,54929187
41,34,6,54929807
54,13,4,54930791
62,14,5,54931134
48,14,4,54931759
58,30,4,54932009
60,6,4,54933652
58,6,2,54933720
61,10,5,54933958
49,13,6,54934134
39,34,7,54934779
45,34,4,54934976
52,13,4,54935270
49,10,7,54937061
52,13,6,54937680
48,13,4,54938066
60,5,7,54945318
58,6,7,54947274
31,36,4,54947448
41,34,4,54948143
50,13,6,54948325
60,10,6,54949608
54,12,7,54950738
50,15,4,54952196
56,31,7,54953206
58,11,7,54953418
40,34,4,54953661
61,10,4,54954704
60,10,7,54954707
52,12,7,54955011
60,5,5,54955256
59,6,4,54956216
41,33,7,54956994
24,15,1,54957456
45,17,5,54958070
44,17,6,54958072
59,5,7,54959382
51,13,4,54959955
58,7,4,54961671
53,12,7,54961971
45,17,4,54962228
61,9,7,54962524
31,35,7,54962944
40,33,7,54964616
60,5,4,54964779
51,12,7,54965475
21,38,7,54966185
61,10,6,54966641
59,29,4,54966893
60,29,4,54968349
1,39,2,54968495
56,31,4,54968655
58,6,4,54976482
60,10,4,54978012
60,9,7,54978015
59,28,7,54979259
58,11,4,54979883
62,15,5,54982997
52,12,4,54983002
61,9,7,54983103
58,5,7,54983433
55,11,7,54984493
40,33,6,54985003
59,5,4,54985039
63,20,0,54986544
49,10,4,54986662
60,9,6,54986981
31,35,5,54987218
59,4,7,54987724
61,9,4,54988253
41,33,4,54988932
55,11,4,54990148
39,33,7,54990438
54,11,7,54990444
57,6,7,54990664
50,12,7,54990713
53,12,4,54991444
54,30,2,54992304
48,12,6,54992498
30,35,7,54994459
54,11,5,54995771
59,28,4,54996504
52,12,6,54997440
53,11,5,54997529
51,12,4,54997930
33,35,5,54998625
59,30,5,54998839
50,12,4,54998975
31,35,6,54999011
22,38,4,54999158
24,17,1,54999610
57,30,4,54999745
59,9,6,54999850
51,12,6,55000264
44,16,7,55000289
30,35,6,55004438
47,12,6,55005309
45,33,4,55005802
40,33,4,55006905
54,11,6,55007662
60,8,5,55010871
32,35,4,55011056
57,5,7,55011815
29,35,6,55012378
33,35,6,55012711
60,9,4,55013250
58,5,4,55013470
58,10,4,55014851
21,14,4,55015797
31,35,4,55015902
51,11,7,55016070
24,36,7,55016686
32,34,5,55017614
49,12,6,55017942
40,32,7,55017993
57,10,7,55018748
33,34,0,55019111
21,37,5,55019940
45,16,4,55019991
25,35,7,55021319
29,36,7,55021685
16,16,7,55021693
54,10,7,55021990
17,30,1,55022031
41,32,5,55022768
30,34,5,55022811
39,33,4,55023246
57,6,2,55023316
58,4,7,55024201
57,6,4,55024391
45,32,4,55024856
31,34,5,55028166
30,35,4,55029105
52,11,7,55029654
33,34,5,55029661
55,30,7,55030689
30,34,7,55031008
34,34,5,55031216
48,7,4,55031788
31,34,7,55041444
48,11,5,55043644
34,34,4,55044646
39,32,7,55045412
57,5,4,55045449
56,5,7,55045452
57,4,7,55046773
57,4,4,55048099
41,32,4,55048265
31,34,6,55048339
56,4,7,55050262
13,35,7,55050431
10,43,4,55050675
11,36,4,55052451
0,38,7,55053161
15,35,4,55053791
13,28,2,55054364
40,32,4,55055011
1,38,5,55055347
59,4,1,55055683
24,36,4,55056399
12,35,7,55056406
32,34,6,55057519
31,34,4,55057596
33,33,7,55058828
21,13,6,55059163
34,34,6,55059313
32,33,5,55059333
30,34,6,55059446
48,12,0,55059778
7,36,5,55060149
14,35,4,55060262
54,11,4,55060415
1,38,4,55060453
49,14,0,55060583
8,42,6,55061285
31,33,5,55061355
21,19,4,55061421
15,18,1,55061532
24,35,7,55061563
15,35,5,55061773
14,35,6,55061775
61,9,6,55062267
5,37,5,55062317
60,3,4,55063055
40,31,7,55063379
9,30,7,55063716
5,37,6,55068814
29,34,6,55069250
20,13,7,55070584
8,31,4,55071009
1,38,6,55071140
25,35,4,55071479
50,14,3,55071880
15,34,7,55072572
50,15,6,55073219
1,37,7,55073597
8,30,7,55074058
58,3,5,55074483
57,3,6,55074486
18,37,7,55074557
8,40,6,55074721
11,27,2,55074789
9,36,4,55075135
13,35,4,55075654
11,30,4,55075901
9,41,5,55076157
16,16,4,55076210
48,11,0,55076635
20,62,5,55076970
0,38,6,55077225
13,19,2,55077239
13,34,7,55077247
21,61,7,55077268
59,4,3,55077341
25,34,7,55077369
10,35,7,55077404
31,33,7,55077712
30,33,5,55077837
60,4,0,55077874
49,10,5,55077948
9,41,6,55078500
19,62,7,55078602
11,29,7,55078613
9,40,1,55079043
9,30,4,55079116
14,34,7,55079717
7,36,6,55079889
49,14,3,55080031
50,15,0,55080322
19,62,1,55080371
8,36,4,55080784
7,36,7,55080787
17,28,4,55080843
22,60,5,55081104
20,63,6,55081331
21,61,4,55081627
10,30,4,55081940
14,18,3,55082017
22,12,7,55082032
17,14,7,55082340
14,23,7,55082362
6,36,7,55082569
12,35,4,55082905
15,34,5,55083115
14,34,6,55083119
50,11,7,55083410
33,33,4,55083593
19,62,4,55083996
19,61,7,55084054
58,9,7,55084165
50,16,6,55084244
12,34,7,55084314
26,34,4,55084329
6,37,4,55084528
1,37,4,55084790
0,37,7,55084792
4,37,4,55084879
20,61,4,55084972
32,33,4,55085136
21,60,6,55085157
10,35,6,55085577
22,60,6,55085583
8,35,5,55085845
59,9,7,55085936
20,60,7,55085985
52,11,2,55086026
10,35,4,55086661
14,20,6,55086865
10,29,7,55086868
21,60,4,55086983
48,11,3,55087053
50,11,4,55087074
22,59,5,55087170
62,9,5,55087362
30,33,7,55087374
29,34,7,55087424
7,30,6,55087449
5,36,7,55087967
22,59,6,55088016
21,59,7,55088198
19,41,7,55088227
14,42,3,55088287
15,21,0,55088338
7,36,4,55089062
13,34,6,55089228
19,61,4,55089351
11,34,5,55089384
33,33,5,55089564
18,61,7,55089665
31,33,4,55089800
7,30,7,55090109
1,36,7,55090183
17,63,4,55090319
49,12,0,55090403
24,35,4,55090449
22,59,4,55090476
60,5,5,55091112
62,15,6,55091237
46,8,6,55091302
7,35,7,55091591
20,13,6,55091653
8,35,6,55091908
33,33,6,55091917
11,34,7,55092002
8,35,7,55092100
22,58,7,55092165
21,59,4,55092514
20,59,7,55092518
14,34,4,55092597
60,8,3,55093011
17,61,1,55093112
53,11,4,55093389
23,16,2,55093525
16,62,2,55093577
10,40,5,55093698
15,42,6,55093885
24,34,7,55093887
16,43,4,55093988
9,29,7,55094137
61,8,5,55094598
18,14,4,55094645
20,59,4,55097362
31,33,6,55097657
20,58,7,55097864
17,61,7,55097992
22,57,7,55098608
30,33,6,55098630
22,58,4,55099470
39,32,4,55099480
39,31,7,55099483
16,62,7,55099997
13,18,7,55101436
17,61,4,55101690
8,30,4,55101696
9,35,4,55102102
10,29,6,55102249
19,58,7,55102408
20,58,4,55103011
6,36,4,55103126
17,60,6,55103153
18,59,6,55103580
7,30,4,55104187
10,34,7,55104474
13,34,4,55104609
16,62,4,55104717
16,60,2,55104770
51,15,5,55104920
32,33,6,55104921
19,58,5,55105063
8,29,7,55105155
11,29,4,55105362
8,35,4,55105508
19,58,6,55105947
0,36,6,55106511
5,36,4,55106837
14,33,5,55106841
10,40,6,55106975
6,35,7,55107137
19,58,4,55107429
8,34,7,55107922
23,55,7,55108034
60,5,0,55108452
19,57,7,55108780
9,34,5,55109455
11,34,6,55109489
1,36,4,55109789
62,14,6,55109937
11,34,4,55110251
58,2,5,55110285
58,3,6,55110286
9,34,7,55110317
11,28,7,55111003
23,55,6,55111036
2,36,4,55111333
15,61,7,55111958
24,55,5,55112163
49,11,2,55112365
18,57,1,55112515
12,34,4,55112590
14,15,7,55112735
23,55,4,55113024
9,29,4,55113064
8,29,5,55113090
9,34,6,55113227
15,60,2,55113435
32,32,5,55113608
21,55,7,55113644
60,4,3,55113758
15,62,4,55113943
47,8,0,55114026
15,33,7,55114152
50,12,3,55114227
24,54,5,55114371
15,60,1,55114382
24,14,2,55114439
47,8,5,55114442
30,33,4,55114525
17,58,2,55114804
10,34,4,55114926
32,32,7,55114995
22,55,4,55115063
19,57,4,55115114
62,8,3,55115135
33,32,7,55115393
17,59,4,55115788
16,59,7,55115791
38,31,7,55116239
31,32,5,55116977
15,60,7,55117612
28,33,6,55117613
44,31,6,55117616
22,54,7,55117631
22,54,5,55117660
14,61,2,55117903
8,29,6,55117970
5,35,7,55118018
15,33,4,55118278
22,54,6,55118349
7,35,4,55118500
23,12,5,55118575
4,36,4,55118887
4,35,7,55118890
7,34,7,55118932
1,36,6,55119063
9,28,5,55119381
15,61,4,55119435
27,33,7,55119631
48,10,0,55119758
10,29,4,55119894
10,28,7,55119897
16,14,7,55119930
14,61,1,55120829
16,58,7,55120983
8,34,6,55121124
14,63,4,55121201
22,12,4,55121721
24,34,4,55121928
5,35,4,55122084
3,35,7,55122388
31,32,7,55122650
23,53,5,55122752
22,54,4,55122753
16,59,4,55123286
30,32,7,55123464
14,62,1,55123577
14,61,7,55123737
24,53,6,55123830
20,12,7,55124661
9,28,7,55124674
14,15,4,55124923
14,62,4,55125476
24,52,7,55126305
14,33,6,55129615
21,53,7,55130262
23,53,4,55130343
16,57,7,55131196
24,53,4,55131314
14,60,7,55131414
14,60,1,55131769
58,3,3,55132238
5,35,6,55132482
16,58,4,55132726
1,35,7,55133437
24,52,4,55133465
15,58,7,55133828
13,62,2,55133829
19,54,6,55133884
13,62,7,55134023
15,60,4,55134049
22,52,7,55134054
23,52,6,55135353
11,33,7,55136457
21,52,6,55137342
25,51,7,55137936
1,35,4,55138512
14,61,4,55138524
40,31,4,55138753
21,53,4,55138866
13,61,7,55138930
15,59,4,55139847
23,17,0,55139938
14,59,7,55140085
16,56,7,55140951
33,32,4,55141011
25,51,4,55141521
23,51,7,55141548
16,55,6,55141598
13,61,2,55141628
16,57,4,55143246
2,35,5,55143269
23,58,5,55143820
21,12,4,55143890
20,53,4,55143950
22,51,5,55144354
47,8,3,55144394
13,63,4,55144631
19,52,2,55144658
10,33,7,55144666
23,58,6,55144933
13,62,1,55145213
13,63,2,55145214
54,10,3,55145279
23,33,7,55145657
20,52,7,55145849
8,34,4,55145890
32,32,6,55146159
2,35,4,55146462
31,32,6,55146595
22,51,6,55146756
8,28,7,55146761
13,62,4,55147785
14,60,4,55147948
15,58,4,55148006
11,28,4,55148465
23,50,5,55148584
21,52,4,55149115
58,9,3,55149150
14,32,7,55149501
48,10,3,55149776
61,9,2,55150028
60,9,0,55150364
1,34,7,55151052
15,32,7,55151084
53,11,0,55151144
3,35,4,55151466
23,51,4,55151690
18,54,4,55151707
18,53,7,55151709
18,52,0,55152625
15,56,1,55153699
7,28,5,55154363
6,34,5,55154572
15,14,7,55154885
22,51,4,55155159
61,9,0,55155295
14,58,7,55155442
47,7,5,55156071
10,28,4,55156348
19,52,7,55156563
49,11,0,55162067
0,35,6,55175975
48,11,3,55185216
50,9,4,55185634
15,57,7,55186415
61,4,1,55187103
60,6,6,55192687
18,52,3,55194097
60,4,4,55195717
60,4,1,55195791
60,5,2,55195793
58,3,2,55196478
60,5,1,55200374
62,9,7,55200595
6,34,6,55201069
48,11,7,55201405
9,33,5,55202092
23,16,4,55202512
59,3,7,55203151
14,58,3,55204554
9,33,7,55204571
59,6,2,55204670
0,35,7,55204775
50,15,4,55204996
58,3,1,55205005
59,5,2,55206023
15,58,0,55206432
21,51,2,55206486
51,14,0,55207292
24,50,7,55207511
13,61,3,55208357
23,50,7,55208446
13,63,6,55209146
47,8,7,55209430
14,60,0,55209468
49,8,7,55209636
10,33,5,55210352
59,5,1,55210830
21,51,1,55210928
11,33,4,55211583
17,55,0,55211832
15,57,3,55211891
59,3,4,55212021
60,6,2,55212084
25,24,0,55212631
17,54,3,55212667
14,59,3,55212879
11,33,5,55213256
15,59,5,55213801
15,59,6,55214257
58,2,1,55214271
57,4,2,55214559
14,62,5,55214595
1,35,2,55214831
16,58,5,55215050
1,35,0,55216002
18,54,0,55216205
18,53,3,55216208
8,33,5,55216283
0,35,2,55216300
11,33,6,55216447
48,10,1,55216607
14,60,3,55216786
16,57,0,55216851
0,36,7,55217109
59,6,4,55217164
19,53,0,55217605
19,52,3,55217610
57,3,2,55217970
17,56,5,55218209
17,56,6,55218437
53,11,6,55218824
9,33,1,55219105
12,26,7,55220292
15,59,0,55225033
15,58,3,55225036
14,62,0,55225298
16,58,0,55225374
16,56,3,55225402
48,11,4,55226130
57,5,4,55227584
15,61,0,55228266
17,56,0,55228347
17,55,3,55228350
14,62,6,55228649
15,60,0,55229510
15,59,3,55229512
16,57,3,55229885
49,9,7,55229900
14,62,3,55230026
57,3,1,55230126
61,9,4,55230210
14,32,1,55230786
58,9,7,55231124
15,62,0,55231295
16,59,0,55231987
52,11,6,55232374
23,11,7,55232426
15,61,5,55232672
18,55,5,55232833
15,60,3,55232994
59,2,3,55233688
56,27,1,55234406
18,55,0,55235407
18,54,3,55235409
17,57,0,55235699
57,2,1,55236103
17,56,3,55236962
7,15,3,55237155
16,60,0,55238048
18,55,6,55238166
12,33,2,55238672
3,35,0,55238716
19,54,5,55238879
15,61,3,55238966
8,34,0,55239087
16,58,3,55239249
53,11,4,55239252
54,10,7,55239441
19,54,6,55239569
57,2,7,55240884
57,4,1,55241824
16,61,0,55241859
16,60,3,55242392
15,63,6,55243446
58,27,7,55244250
20,53,5,55244972
58,4,2,55245245
60,8,7,55246297
15,63,0,55246744
15,62,3,55246745
16,59,3,55247186
17,58,0,55247811
16,62,5,55249543
47,7,4,55250469
16,61,3,55254264
25,49,7,55263680
22,51,6,55264786
20,53,1,55265689
17,61,0,55266203
17,60,5,55266944
19,54,2,55267787
59,5,5,55268443
58,4,2,55268691
59,5,6,55269925
57,3,1,55270070
46,7,7,55272578
50,15,4,55272898
1,35,5,55274285
20,52,1,55274472
57,2,5,55274777
50,15,6,55275711
58,4,1,55275917
16,62,6,55276248
23,50,4,55276369
22,50,7,55276755
16,62,0,55277371
19,53,2,55278392
19,54,1,55279797
46,7,6,55280152
50,11,5,55280178
19,53,1,55280472
49,13,0,55281196
59,4,3,55281575
60,4,5,55281590
57,5,0,55282132
60,3,0,55282254
18,55,2,55286807
22,50,4,55286821
61,8,5,55286904
25,48,4,55287940
22,49,7,55288346
23,48,7,55289794
20,52,4,55290720
48,11,7,55290768
32,32,4,55292961
32,31,7,55292964
60,4,0,55293457
24,47,7,55293556
25,46,1,55293785
31,32,4,55294142
60,3,3,55294676
20,51,7,55294863
16,62,3,55295512
25,47,4,55295513
0,35,6,55296656
25,47,6,55297344
23,48,4,55297676
21,49,7,55298007
27,32,6,55299330
20,51,4,55299458
58,4,5,55299691
24,46,5,55299739
18,54,7,55300057
31,31,7,55300155
58,4,6,55300380
8,34,4,55300508
24,47,4,55300849
31,31,5,55301153
30,31,7,55301213
24,46,6,55301625
18,54,2,55301703
23,16,6,55302014
27,31,2,55302697
18,55,4,55303106
25,21,2,55303144
19,51,7,55304135
8,33,7,55304531
24,17,4,55305187
18,56,4,55305194
17,61,5,55305673
6,34,7,55305704
23,47,4,55306022
30,32,4,55306071
4,35,4,55306541
4,34,7,55306543
11,33,6,55307422
14,32,5,55307694
26,46,5,55307972
38,31,4,55308338
11,33,4,55308477
1,35,6,55308562
21,49,4,55309087
20,49,7,55309090
16,63,0,55309924
23,46,7,55310039
17,63,6,55310049
21,11,7,55310080
32,31,5,55310310
17,61,6,55310503
11,23,1,55310685
33,31,5,55311017
17,63,0,55311181
1,34,5,55311310
24,15,7,55311339
49,8,0,55312238
24,45,7,55313015
60,4,6,55315918
23,46,4,55316617
26,44,6,55317804
24,45,4,55319973
26,44,4,55320896
19,50,7,55321883
20,48,7,55323410
5,34,5,55324186
32,31,4,55324970
19,51,4,55325370
27,43,5,55325763
9,28,4,55325900
14,32,6,55326757
19,49,2,55327122
23,45,4,55327263
22,45,7,55327266
62,9,6,55327597
31,31,4,55328448
3,35,4,55328449
20,49,4,55328456
44,29,6,55328678
30,31,6,55329194
26,43,4,55329237
23,44,7,55329478
18,60,5,55329563
28,31,5,55330158
49,13,3,55330469
27,43,6,55330798
15,32,4,55330974
8,28,6,55331036
19,56,6,55331050
9,27,7,55331053
15,19,5,55331078
10,27,7,55331200
3,34,7,55331237
8,33,5,55331298
19,49,1,55331630
10,33,6,55331686
20,47,7,55331926
19,49,7,55332025
7,28,6,55332127
48,10,0,55332214
20,48,4,55332546
19,50,4,55333449
22,11,4,55333812
9,27,5,55334139
50,12,3,55334176
15,14,4,55334791
28,42,5,55334899
23,14,6,55335004
15,21,3,55335200
7,33,7,55335390
2,34,7,55335821
22,45,4,55335857
22,44,7,55335859
25,42,7,55335955
49,8,3,55336009
23,44,4,55336035
48,10,3,55336484
22,57,1,55336979
20,57,3,55337075
20,46,1,55337147
31,31,6,55337175
13,32,6,55337259
25,22,0,55337688
47,7,0,55337834
19,48,7,55338013
33,31,6,55338446
26,42,4,55338757
22,43,2,55338845
18,50,2,55338881
14,32,4,55339073
22,56,6,55339189
31,30,7,55339295
0,34,6,55339449
24,19,3,55339489
59,27,4,55339622
32,31,6,55340205
22,43,1,55340640
30,30,5,55340908
8,27,5,55341031
8,27,7,55341147
62,14,6,55341383
1,34,6,55342400
47,7,3,55342559
22,44,4,55342587
2,34,4,55342878
50,14,0,55342969
20,55,0,55342989
18,50,7,55343210
22,55,7,55343399
19,47,2,55344712
24,42,4,55346963
47,7,5,55349878
20,47,4,55350424
21,45,4,55350515
20,59,6,55351555
1,33,7,55351937
27,39,2,55352212
30,30,7,55353268
21,43,7,55355074
23,41,7,55355117
19,49,4,55355686
31,38,5,55355719
18,49,7,55355776
45,29,5,55356532
27,39,7,55356646
20,54,6,55356913
20,44,7,55357181
10,27,4,55357222
19,46,7,55357426
19,47,7,55357489
32,38,5,55357844
29,38,7,55358349
49,6,5,55358409
14,31,5,55358507
27,39,4,55358737
32,30,5,55359131
32,39,2,55359444
42,28,7,55359694
25,39,5,55359874
20,50,1,55360077
32,38,6,55360561
25,39,6,55360730
13,31,7,55361075
51,13,0,55361200
18,54,7,55361359
25,36,5,55361487
23,41,4,55361922
20,45,4,55362019
1,33,5,55362581
31,38,6,55362672
31,30,5,55362795
56,27,4,55363353
20,52,6,55363360
22,55,2,55363385
30,38,6,55363674
31,38,4,55363724
19,47,1,55363810
30,37,5,55363899
57,27,4,55364073
32,38,4,55364148
26,38,7,55364296
31,37,5,55364411
28,37,5,55364597
22,55,1,55364662
23,12,6,55364697
19,47,4,55365357
10,26,7,55365505
15,38,6,55365530
32,37,5,55365650
30,37,7,55365726
19,48,4,55365867
25,39,4,55365946
25,38,7,55365949
32,30,6,55366082
18,12,4,55366183
8,27,6,55366541
31,30,6,55366908
31,37,6,55366934
33,37,5,55366949
18,54,6,55366952
21,56,2,55367518
20,49,5,55367534
59,4,5,55367557
8,27,4,55368004
28,37,6,55368768
29,37,7,55368878
32,37,7,55369082
27,37,2,55369094
29,37,6,55369128
21,53,5,55369344
24,51,5,55369860
24,50,2,55369866
12,23,6,55370056
0,33,6,55370114
32,30,4,55370132
30,37,4,55370187
23,40,4,55370205
58,27,4,55370594
9,27,4,55370725
32,37,4,55370916
22,40,7,55371068
30,36,5,55371077
30,37,6,55371079
14,31,7,55371300
20,44,4,55371443
27,30,6,55371573
32,36,5,55371836
32,37,6,55371838
31,36,7,55371853
30,30,6,55371972
34,37,5,55371974
33,37,6,55371976
22,52,7,55371982
31,36,5,55372068
30,36,6,55372072
20,40,3,55372073
24,52,3,55372136
29,36,5,55372360
22,52,4,55372413
19,53,5,55372596
20,53,2,55372599
29,36,7,55373079
21,51,7,55373117
25,52,0,55373679
18,47,7,55374064
39,40,4,55374147
24,49,7,55374318
59,4,0,55374583
31,36,4,55374652
24,55,1,55374661
23,56,2,55374836
19,44,7,55375002
1,33,4,55375124
33,30,4,55375205
59,3,3,55375397
9,26,5,55375511
30,36,4,55375820
29,36,6,55376290
20,43,4,55377543
22,40,4,55377729
31,36,6,55378033
27,36,7,55378412
32,36,4,55378514
33,36,5,55378523
13,23,4,55379277
38,38,4,55379603
31,35,7,55380027
30,35,7,55380151
30,35,5,55380188
34,36,5,55380258
19,43,7,55381288
28,36,6,55381298
59,5,0,55381303
59,4,3,55381305
31,30,4,55381381
29,35,5,55381586
38,39,6,55381853
22,38,5,55382440
32,35,5,55382951
32,36,6,55382953
22,53,1,55383077
29,35,7,55383675
33,36,6,55383693
37,37,7,55383798
27,36,4,55383834
6,27,6,55383928
30,35,4,55384554
33,35,5,55385246
32,35,6,55385249
31,35,4,55385293
30,30,4,55385401
19,45,4,55385413
23,38,4,55386044
29,35,4,55386183
19,44,4,55386251
21,39,7,55386257
27,35,7,55386258
1,32,5,55386446
32,29,7,55386632
59,5,6,55386646
13,31,6,55387508
33,29,7,55387782
29,35,6,55388133
30,34,5,55388288
33,29,5,55388319
25,35,2,55388356
19,42,7,55388495
55,26,7,55388611
53,10,7,55388621
21,40,4,55388666
29,39,7,55388741
39,38,5,55388861
34,37,6,55389167
26,35,7,55389280
30,34,7,55389534
29,34,7,55390147
27,35,4,55390777
9,26,7,55391134
21,48,7,55391203
19,51,1,55391541
56,26,7,55391743
20,47,2,55391999
30,34,4,55392060
30,34,6,55392621
14,31,4,55392645
33,35,6,55392712
1,33,6,55392864
22,37,7,55392896
40,39,5,55392961
29,40,4,55392975
21,37,6,55393158
28,34,7,55393172
20,39,7,55393310
19,52,4,55393669
54,10,5,55393916
21,48,4,55393919
31,29,5,55393929
27,34,7,55394000
19,41,1,55394554
24,49,4,55394593
62,13,6,55394984
22,36,5,55395083
33,34,4,55395171
1,32,7,55395192
20,47,7,55395236
39,37,0,55395238
58,9,6,55395494
29,38,7,55395503
33,34,5,55395760
26,35,4,55395864
59,4,6,55395865
26,34,7,55395867
20,38,6,55395891
28,34,4,55396032
26,34,4,55396041
15,12,7,55396142
38,37,6,55396224
60,4,5,55396488
54,26,7,55396554
31,29,7,55396773
30,29,7,55396902
29,39,4,55396997
25,35,4,55397299
29,34,4,55397358
30,33,7,55397616
29,33,7,55397699
17,12,4,55397862
23,57,6,55398000
32,33,7,55398047
39,37,5,55398167
42,28,4,55398321
25,46,5,55398492
28,29,5,55398539
32,33,4,55398752
34,34,5,55398819
14,30,5,55398847
40,38,5,55399077
33,33,7,55399219
27,34,4,55399313
27,33,7,55399316
25,34,7,55399322
15,30,7,55399402
18,52,7,55399441
31,29,6,55399498
19,42,4,55399527
18,44,7,55399547
29,38,1,55399912
52,11,4,55400272
27,29,5,55400601
31,33,5,55400708
27,33,5,55400731
27,42,6,55400848
13,31,4,55400922
20,36,3,55401001
18,51,7,55401033
10,26,6,55401052
28,33,7,55401206
31,33,4,55401459
56,26,4,55401478
53,10,5,55401487
63,19,0,55401605
34,34,6,55401674
14,13,6,55401701
8,26,7,55401719
29,29,5,55401830
21,44,2,55402030
30,33,4,55402057
25,47,0,55402092
24,47,3,55402095
21,38,4,55402196
24,54,6,55402218
55,10,4,55402375
29,33,4,55402872
26,33,5,55403076
26,33,7,55403092
20,39,4,55403122
60,3,5,55403150
60,4,6,55403152
31,33,6,55403322
30,32,7,55403341
33,33,5,55403936
32,32,5,55403940
32,33,6,55403941
39,36,3,55403956
33,33,4,55404169
33,29,4,55404209
30,29,6,55404254
29,38,4,55404305
24,34,7,55404669
32,29,4,55404790
29,29,7,55405097
19,39,1,55405163
30,32,5,55405231
29,32,7,55405400
32,32,7,55405431
54,10,4,55405543
18,42,2,55405577
31,32,7,55405703
23,48,6,55405876
18,35,7,55405880
21,44,4,55406021
14,30,7,55406098
31,32,6,55406337
27,33,4,55406520
33,33,6,55406572
10,26,4,55406717
32,32,6,55406839
31,29,4,55406915
25,33,6,55408730
21,35,0,55409136
31,32,4,55409728
30,32,4,55409774
32,32,4,55410064
28,42,4,55410498
30,32,6,55410558
28,32,7,55411295
20,37,7,55412515
27,42,7,55412673
38,35,5,55412697
24,53,6,55412746
29,32,4,55413804
7,27,4,55414212
7,26,7,55414214
54,10,6,55414388
26,32,7,55414926
30,31,7,55414978
22,46,0,55415402
23,34,4,55416169
14,12,5,55416303
38,34,5,55416735
38,35,6,55416737
59,3,5,55417144
35,32,5,55417306
31,31,5,55417454
33,31,5,55417717
31,31,6,55418445
26,32,4,55418706
23,50,4,55419761
28,31,7,55419836
29,31,7,55419898
29,39,5,55420046
30,31,4,55420144
20,44,4,55420306
20,43,7,55420308
20,34,2,55420620
52,10,7,55421403
33,31,6,55421517
19,39,4,55421580
22,33,5,55421636
22,33,6,55421833
27,42,4,55421839
21,43,4,55421992
23,32,5,55422136
45,10,0,55422257
22,33,7,55422410
40,38,6,55422575
20,37,4,55422972
20,43,4,55423033
20,42,7,55423036
61,3,4,55423371
28,31,4,55423515
21,9,7,55423781
29,31,4,55423815
26,31,7,55424171
39,34,5,55424747
38,33,5,55424750
32,30,5,55424839
19,43,6,55425122
20,42,5,55425273
9,26,4,55425528
23,32,6,55425709
20,43,2,55425801
21,42,4,55425873
28,30,7,55426232
10,25,7,55426273
31,28,7,55426290
27,41,7,55426330
17,10,5,55426409
23,32,7,55426569
31,30,7,55426674
28,37,7,55426717
45,27,5,55426818
23,42,6,55427067
1,32,4,55427213
27,31,6,55427357
20,42,6,55427650
29,30,7,55427856
28,39,2,55427860
55,25,7,55427879
28,39,1,55428182
25,48,5,55428301
29,34,2,55428706
32,30,4,55428803
26,31,4,55428951
16,12,4,55428956
31,30,4,55428987
34,30,5,55429183
20,35,7,55429413
29,34,1,55429703
29,30,6,55429801
13,30,5,55429847
28,30,5,55429933
27,29,6,55430093
24,32,4,55430363
29,39,6,55430635
1,32,6,55430876
18,39,2,55430932
27,30,7,55430944
27,40,2,55431281
20,47,4,55431449
55,24,1,55431530
29,30,4,55432202
18,44,3,55432236
9,26,6,55432369
16,11,7,55432576
22,33,4,55432791
30,29,5,55432871
47,7,6,55432919
24,31,7,55433168
28,30,4,55433242
12,30,7,55433654
58,3,6,55433815
10,25,5,55433816
23,31,5,55433971
28,30,6,55433992
2,32,4,55434002
29,34,4,55434021
28,36,5,55434156
29,29,5,55434313
25,44,6,55434486
33,30,4,55434591
54,27,3,55434594
22,32,7,55434694
25,43,6,55434875
19,45,0,55435090
23,31,6,55435158
30,29,7,55435202
7,26,5,55435282
32,29,7,55435283
32,30,6,55435595
31,29,5,55435771
23,42,7,55435811
15,12,5,55436062
59,25,5,55436130
38,33,6,55436577
55,25,5,55436658
23,32,4,55437039
7,26,6,55437130
34,30,6,55437464
26,42,4,55437566
8,26,4,55437596
59,2,7,55438102
21,32,5,55438131
28,29,7,55438328
24,30,5,55438366
21,51,4,55438843
20,35,4,55439596
15,30,4,55442120
24,31,4,55443101
23,31,7,55443104
33,29,5,55443117
31,29,7,55443752
28,29,4,55443898
27,29,7,55443901
35,30,4,55444244
27,30,4,55445259
13,22,4,55445324
20,42,4,55445354
21,32,7,55445396
22,32,4,55445659
32,29,4,55445765
31,29,6,55445904
23,39,1,55445951
1,31,7,55446098
31,29,4,55446234
31,28,7,55446236
33,29,7,55446551
22,31,7,55446632
13,30,6,55446759
23,31,4,55446927
8,25,5,55446948
29,29,6,55447217
27,29,6,55447408
21,33,4,55447604
35,30,6,55447650
18,38,7,55447897
29,33,4,55448065
33,29,4,55448399
9,25,7,55449378
14,30,4,55450039
35,29,5,55450168
23,30,7,55450786
15,12,4,55451102
9,30,5,55451921
25,30,7,55451936
8,31,4,55452041
24,30,4,55452267
29,33,1,55452584
49,6,6,55452647
28,33,7,55453177
28,28,3,55453416
12,30,6,55453764
48,7,0,55453869
9,30,7,55454460
28,35,2,55454621
14,30,6,55455695
33,28,5,55456335
7,26,4,55457269
7,25,7,55457271
25,48,0,55457377
19,42,7,55457409
28,35,1,55457637
24,15,4,55457754
8,25,7,55458047
21,9,4,55459447
23,30,4,55459616
10,25,4,55459807
21,32,4,55459871
20,32,7,55459944
1,31,5,55460358
22,31,4,55460368
22,30,7,55460370
51,14,6,55460981
19,9,7,55461023
18,34,2,55462213
23,29,7,55462441
35,29,6,55463022
18,37,1,55463112
14,29,7,55463443
8,30,7,55464097
19,32,1,55465108
18,33,2,55465201
12,30,4,55465455
11,30,6,55465542
14,29,5,55465871
14,11,7,55466334
59,8,7,55466416
9,25,4,55468338
48,8,6,55469068
0,31,6,55469156
13,29,5,55480233
59,2,5,55483575
21,30,7,55483648
13,29,7,55484520
28,31,7,55484847
14,11,5,55484981
58,2,6,55486043
10,30,4,55486343
48,5,7,55487147
59,1,5,55488286
59,2,6,55488288
63,12,5,55488329
63,13,0,55488374
61,3,0,55488732
63,8,5,55488962
7,30,7,55489257
7,25,6,55489329
1,30,7,55489570
16,29,6,55490864
48,6,5,55491114
48,7,3,55491387
59,3,6,55491917
60,1,5,55492109
63,15,5,55492316
63,14,5,55492994
60,1,0,55493053
63,13,5,55493122
22,30,4,55494357
16,11,4,55494408
8,25,6,55494628
11,29,7,55494860
23,28,5,55495171
10,29,7,55495301
8,25,4,55495539
60,2,5,55496202
35,28,6,55496359
10,24,7,55496828
9,30,6,55497169
1,30,5,55497414
1,31,4,55497562
9,24,5,55497579
60,2,6,55498771
14,29,6,55499108
10,29,5,55499313
25,19,0,55499353
14,29,4,55500117
8,24,7,55500560
7,25,4,55500742
8,30,4,55504936
59,1,6,55506047
61,3,3,55506195
61,4,0,55506358
48,5,3,55507292
61,1,0,55508829
48,5,5,55509852
9,24,7,55509882
13,16,6,55509896
50,12,3,55510959
48,7,6,55511492
7,24,5,55511561
63,1,0,55511907
52,12,0,55512040
24,14,6,55512193
61,1,5,55512199
60,1,6,55512200
15,29,4,55512959
48,6,6,55513115
50,6,6,55513542
1,29,5,55513618
25,17,0,55513937
9,29,7,55514359
48,5,6,55515101
12,29,4,55515232
8,24,5,55515341
8,24,6,55517226
49,7,5,55517706
13,29,6,55518036
15,19,3,55518233
7,24,7,55518386
10,29,6,55518598
10,24,4,55518618
52,10,5,55518859
60,4,3,55519071
49,4,5,55519083
28,31,4,55519227
29,30,4,55519229
13,28,7,55519687
11,29,4,55519940
62,4,0,55520236
15,23,0,55520390
12,28,5,55520408
49,6,0,55521416
9,24,4,55521605
9,29,6,55521696
62,1,4,55521736
12,28,7,55521815
7,24,4,55521871
6,24,7,55521874
8,34,1,55521905
11,28,5,55522007
14,12,1,55522128
25,23,6,55522297
61,4,3,55522479
49,7,0,55522573
15,10,7,55522861
14,13,5,55523139
16,26,6,55523246
7,24,6,55523275
10,29,4,55523541
14,15,5,55523845
1,29,7,55524191
10,23,7,55524249
20,33,4,55524525
23,12,7,55524553
22,13,5,55524619
14,16,3,55524796
25,13,5,55524851
11,28,7,55525186
14,28,5,55525200
10,28,5,55525202
16,20,0,55525605
25,17,3,55526951
25,19,5,55527172
25,20,6,55527175
9,23,7,55527677
8,24,4,55527969
10,28,7,55528182
50,8,1,55528253
61,2,0,55528300
60,2,3,55528658
20,8,7,55528834
23,12,3,55529171
1,29,4,55529456
25,20,0,55530891
25,19,3,55530894
9,29,4,55531671
24,11,7,55531880
49,5,0,55536735
60,0,5,55542732
29,30,0,55544083
62,4,3,55545915
28,30,3,55547312
29,28,3,55547326
18,37,5,55551213
26,27,0,55552871
25,28,2,55553821
36,28,5,55553943
35,27,0,55555964
18,34,3,55556045
23,29,1,55556668
36,36,1,55557046
22,30,2,55557882
24,28,3,55570772
63,3,1,55571080
22,30,0,55571361
21,30,3,55571363
39,30,2,55572305
21,31,0,55572641
26,27,3,55573689
61,2,5,55573732
1,28,1,55574114
26,28,2,55574353
34,27,1,55574596
34,27,3,55575308
26,28,0,55575813
24,29,0,55577610
31,28,4,55578395
35,28,2,55579240
35,28,0,55579846
27,27,3,55580476
30,27,7,55580477
34,28,2,55581191
38,29,7,55582104
29,28,2,55582928
29,27,3,55584589
30,29,0,55585926
29,29,3,55585929
36,28,1,55586896
27,28,0,55587848
32,27,1,55588461
33,28,2,55588850
36,29,2,55589770
30,28,2,55589822
28,27,3,55590453
62,2,7,55590838
39,30,1,55590908
25,28,3,55592130
34,28,1,55593432
41,32,1,55593469
40,32,2,55594195
62,5,0,55604412
37,29,1,55605422
52,12,1,55605992
39,31,1,55606088
18,42,1,55607306
41,33,1,55607315
40,32,1,55607318
40,33,2,55607320
35,29,2,55607352
8,23,5,55607807
38,30,1,55609146
38,31,2,55609149
37,30,2,55609151
50,9,7,55609225
0,29,2,55609472
18,39,1,55610393
17,42,2,55610487
35,29,3,55611250
49,6,3,55612153
17,43,2,55612252
50,5,1,55612438
59,9,3,55612921
55,10,0,55613117
15,28,4,55614022
41,37,5,55614065
49,7,6,55614083
52,11,4,55614610
50,5,0,55614730
49,5,3,55614732
8,28,7,55614902
12,28,4,55615417
41,34,1,55615585
51,7,3,55615637
10,23,4,55616165
13,28,4,55616219
18,45,1,55616227
31,28,2,55616947
7,28,5,55617195
7,23,7,55618039
25,16,3,55618111
36,29,1,55618119
8,23,7,55618544
55,9,3,55618687
9,28,7,55618698
50,10,0,55618738
8,22,2,55618771
11,28,4,55618964
17,40,4,55619204
1,28,7,55619257
61,3,3,55619726
25,13,6,55620538
9,11,4,55620802
13,28,6,55621186
17,44,2,55621344
10,28,4,55621387
24,13,2,55621550
11,28,6,55622218
10,28,6,55622229
18,35,2,55622307
25,15,6,55622362
9,28,4,55622695
61,6,3,55623419
52,10,7,55623511
7,28,6,55623773
22,12,5,55623781
11,23,4,55624008
62,4,2,55624069
48,11,4,55624734
60,4,3,55624998
55,26,2,55625262
63,6,5,55625329
9,23,4,55625857
8,23,4,55629678
25,29,6,55634056
25,8,5,55634259
28,31,7,55640610
26,28,5,55641825
52,12,3,55643645
29,28,0,55644159
28,32,7,55644383
35,28,1,55645234
17,42,1,55645700
25,28,7,55647332
63,7,4,55647455
19,32,7,55647557
20,32,4,55647900
38,31,1,55648098
20,31,7,55648561
56,10,0,55648614
30,28,6,55649875
26,28,6,55650000
21,31,4,55650107
19,33,4,55650882
62,3,5,55651533
18,32,5,55652213
51,10,0,55652276
50,10,3,55652279
21,30,7,55652441
51,9,1,55653370
62,6,6,55653491
63,5,5,55654329
62,5,6,55654331
22,30,4,55654769
16,37,7,55655011
31,28,6,55655066
63,4,5,55655846
50,10,2,55656060
24,28,7,55656180
28,30,7,55656710
51,10,2,55659501
22,29,7,55660142
26,28,4,55660527
23,29,4,55660684
19,32,4,55662368
19,31,7,55662370
16,38,2,55664202
21,30,4,55665481
24,28,6,55667011
34,28,5,55667179
62,3,6,55667430
25,27,7,55667840
29,30,2,55667928
27,27,7,55668261
21,29,7,55668279
33,28,6,55668539
36,29,5,55668580
29,28,2,55668638
32,27,5,55669531
27,35,4,55669942
16,38,1,55670256
35,29,6,55670491
22,29,4,55670763
18,31,5,55670794
26,27,5,55671264
18,31,6,55671715
19,30,5,55672096
22,28,7,55672168
23,28,4,55673009
26,27,4,55673167
16,40,1,55673647
58,26,7,55673662
18,31,7,55673682
26,35,7,55674310
63,3,5,55674523
21,28,5,55674995
30,27,7,55675398
35,28,5,55676192
16,36,1,55676475
20,16,1,55676507
25,27,4,55676614
20,29,7,55676680
16,37,4,55677340
21,28,6,55677638
16,34,7,55678149
29,28,1,55678168
22,27,5,55678322
36,28,3,55678879
1,28,4,55679274
37,29,0,55679507
21,29,4,55679630
34,28,6,55679834
10,22,7,55680208
61,5,7,55680220
9,27,5,55680360
11,27,5,55680390
26,34,7,55680524
61,3,2,55680778
11,27,7,55680782
22,28,4,55681206
21,28,7,55681207
28,27,5,55681253
29,27,5,55681674
62,4,1,55681739
12,27,5,55681798
26,35,4,55682585
37,29,5,55682800
37,30,6,55682803
50,8,5,55683266
36,29,6,55683285
37,30,0,55683323
37,29,3,55683324
33,27,7,55683503
22,27,7,55683577
8,22,7,55683625
22,27,6,55683739
16,33,2,55683936
61,6,7,55683967
52,9,0,55684146
15,37,2,55684162
8,27,5,55684394
63,5,1,55684911
31,27,4,55685231
9,22,7,55685534
8,22,6,55685926
12,27,6,55685977
10,27,7,55686090
14,27,7,55686613
13,27,4,55686656
34,27,5,55686716
50,7,0,55687418
28,30,2,55687490
18,31,4,55687543
16,43,2,55687772
50,6,0,55687774
38,30,5,55687804
16,33,7,55687934
11,27,6,55688037
36,28,5,55688174
9,22,4,55688694
34,27,6,55690784
20,29,4,55692929
62,3,6,55694407
10,22,4,55695065
63,6,0,55695517
20,28,7,55695712
50,7,3,55695731
50,7,6,55696471
50,5,3,55696485
0,28,6,55697240
17,18,5,55698045
25,25,2,55698170
62,6,3,55698192
39,31,5,55698467
51,9,7,55699651
50,6,3,55699774
35,28,6,55699817
35,27,4,55699931
51,5,5,55699932
14,13,6,55700021
50,8,6,55700157
23,12,7,55700711
33,15,1,55701892
12,26,7,55702025
53,15,0,55702125
51,8,0,55702197
13,20,4,55702272
63,7,5,55702505
34,26,7,55702553
26,22,5,55702720
26,16,5,55703013
51,8,5,55703381
8,21,7,55703578
11,27,4,55703948
12,26,5,55704015
63,4,0,55704438
47,12,3,55704507
24,11,3,55704656
38,30,0,55704705
9,21,7,55704834
10,27,4,55704840
9,27,7,55704843
15,12,5,55704849
51,7,0,55705287
28,38,0,55705365
13,18,6,55705396
26,18,0,55705463
33,9,1,55705936
9,21,5,55706019
10,26,7,55706072
7,28,4,55706445
8,21,4,55706989
26,16,6,55707015
26,23,5,55707134
26,17,0,55707305
14,31,6,55708087
26,12,5,55708170
20,27,6,55708448
16,21,6,55708556
51,7,5,55708590
12,19,7,55708739
35,26,5,55708791
63,5,5,55708830
51,6,0,55708867
25,10,0,55708912
27,15,7,55709168
11,26,4,55709192
34,15,5,55709357
52,10,0,55709466
51,8,3,55709611
26,17,3,55709651
11,26,6,55709659
52,13,3,55709874
9,21,4,55709974
12,26,4,55710040
9,26,7,55710288
13,26,5,55710479
25,9,3,55710791
15,26,4,55710982
56,10,3,55711412
63,5,0,55711638
33,10,0,55711783
8,9,7,55712135
15,24,0,55712295
6,19,6,55712336
56,29,6,55712340
23,11,4,55712378
12,19,4,55712577
51,7,3,55713223
17,25,5,55713509
22,27,4,55713730
40,32,5,55713863
7,21,6,55714038
26,22,3,55714379
52,10,3,55714402
34,16,4,55714552
34,15,7,55714554
16,16,3,55714621
27,15,4,55714623
34,9,3,55714753
51,8,6,55714783
26,23,6,55715021
26,18,3,55715067
8,20,5,55715124
54,13,5,55715152
7,12,4,55715271
54,15,5,55715447
32,11,3,55715663
33,10,3,55715664
26,22,6,55715937
21,16,7,55715943
33,3,6,55716241
54,11,5,55716287
0,27,7,55716365
62,11,6,55716410
24,11,0,55717133
7,15,7,55717160
7,26,4,55717215
7,20,7,55717246
35,8,7,55717303
24,11,2,55717316
6,18,6,55717373
35,19,4,55717473
34,10,4,55717795
51,6,3,55717811
26,13,6,55717963
52,11,4,55717973
10,26,4,55718027
17,14,3,55718030
34,2,5,55718046
8,26,6,55718180
63,6,0,55718182
62,6,3,55718184
17,16,6,55718206
26,6,3,55718553
17,11,3,55718559
9,26,4,55718680
8,9,4,55718811
7,15,4,55718945
15,24,3,55719838
55,11,3,55720215
52,6,0,55721601
33,1,6,55723938
52,8,0,55724471
21,28,4,55724815
52,9,0,55725353
54,13,0,55725434
7,19,5,55725790
14,16,7,55726895
27,7,0,55727589
54,15,6,55727759
33,13,0,55728002
25,11,7,55728119
10,25,7,55728378
53,11,5,55728453
25,12,6,55728539
52,10,6,55728705
52,8,5,55729037
52,7,0,55729062
54,16,6,55729465
27,38,3,55729542
58,26,3,55729968
0,26,7,55729980
6,16,6,55730313
18,6,2,55730320
26,11,5,55730539
16,33,2,55730581
12,25,7,55730828
54,14,6,55730857
11,25,7,55731449
29,27,0,55731726
28,27,3,55731729
52,9,6,55731965
13,25,7,55732141
55,12,5,55732317
7,18,5,55732526
35,8,4,55732593
34,3,0,55732730
12,25,5,55732749
12,26,6,55732752
54,11,6,55733636
7,11,5,55733777
34,2,6,55733798
52,8,6,55733825
27,14,5,55733872
26,11,6,55733916
18,20,0,55734019
34,25,7,55734056
8,25,7,55734107
52,7,3,55734317
53,6,0,55734415
59,27,0,55734721
53,13,0,55734914
34,11,0,55735304
33,11,3,55735387
25,11,5,55735431
24,11,6,55735434
33,19,0,55735794
35,26,6,55736071
11,25,4,55736554
7,17,5,55736665
16,33,3,55736839
8,19,5,55736850
7,19,6,55736853
9,25,5,55737127
35,19,5,55737151
18,17,0,55737154
12,25,4,55737180
17,33,0,55737420
17,35,5,55737434
16,34,3,55737580
11,24,7,55737866
14,16,5,55737961
33,13,3,55738076
12,25,6,55738079
16,40,5,55738360
13,16,6,55738402
27,14,6,55738456
34,0,5,55738651
13,25,4,55738673
53,8,0,55738821
35,18,0,55739243
21,16,4,55739429
16,36,0,55739541
27,18,0,55739577
12,24,7,55739854
36,5,5,55740336
11,25,6,55740551
8,25,5,55740713
18,18,5,55740808
14,25,7,55740859
23,11,1,55740920
8,25,4,55741065
16,37,0,55741083
27,23,0,55741189
17,34,0,55741223
18,15,0,55741297
18,18,6,55741618
55,15,5,55741714
15,25,5,55741728
12,24,5,55741772
17,24,3,55741799
7,17,6,55741965
7,25,4,55742006
35,3,5,55742044
34,3,6,55742046
18,25,0,55742245
35,16,2,55742380
35,2,5,55742415
35,3,6,55742417
26,11,2,55742492
27,12,5,55742752
43,35,5,55742964
17,33,3,55743352
53,14,6,55743571
34,16,0,55743624
53,13,3,55743629
27,10,0,55743781
9,25,6,55743928
2,31,5,55743997
35,18,3,55744244
53,8,5,55744310
27,12,6,55744344
27,19,0,55744453
43,38,4,55744599
10,24,5,55744850
13,24,5,55744973
55,12,6,55745095
18,16,3,55745400
6,24,7,55745599
16,38,0,55745809
17,31,3,55746079
19,30,1,55746201
18,17,6,55746440
28,13,5,55746695
27,18,3,55746712
20,28,1,55746806
27,30,5,55747256
16,35,3,55747397
7,24,7,55747699
35,23,0,55747747
36,5,3,55747975
16,40,3,55748069
23,6,6,55748276
2,11,0,55748375
8,25,6,55748393
27,22,0,55748973
55,15,6,55748993
60,20,5,55749484
16,41,6,55749632
27,10,2,55749921
27,11,2,55749983
27,9,1,55749995
16,36,3,55750038
1,23,0,55750145
18,19,6,55750208
8,18,5,55750280
8,19,6,55750284
55,13,4,55750598
35,22,3,55751234
17,35,0,55754855
17,32,3,55756038
16,39,3,55756143
39,28,6,55756237
17,44,6,55756727
16,37,3,55757777
17,37,0,55757926
18,30,3,55758822
16,40,6,55759348
17,35,6,55760096
18,33,5,55760498
53,9,6,55760651
43,33,5,55761454
40,29,6,55761615
28,30,3,55761776
29,30,0,55761841
18,32,0,55763663
19,30,0,55764281
17,40,0,55764301
42,32,6,55764592
17,34,3,55764684
55,14,3,55764705
24,26,7,55765146
17,22,3,55765329
18,32,5,55765486
18,43,5,55765622
18,32,6,55765728
18,33,0,55766270
18,34,0,55766531
18,34,5,55766638
17,40,5,55766694
29,27,3,55767488
16,39,6,55768378
17,36,0,55768416
17,36,3,55769188
17,37,3,55770180
18,35,0,55770253
17,35,3,55770256
18,34,6,55770662
22,27,1,55770671
30,28,0,55771245
18,44,5,55771661
20,28,3,55772887
22,27,0,55773726
43,36,6,55774590
27,10,6,55774968
18,33,3,55776012
55,28,0,55776018
18,34,3,55776091
21,28,0,55776247
18,38,0,55776772
17,40,6,55777032
26,10,3,55777571
18,32,3,55777679
54,12,7,55777880
20,30,4,55778298
19,30,3,55778331
18,40,3,55778585
25,24,3,55778693
18,39,5,55779389
23,27,2,55779850
18,43,6,55780301
58,29,6,55780461
18,39,6,55780558
18,37,0,55780882
54,12,4,55780941
54,11,7,55780943
18,41,6,55781070
18,36,0,55785197
18,35,3,55785271
27,24,0,55786852
26,24,3,55786855
18,36,6,55787282
54,11,4,55788064
53,11,7,55788067
18,38,3,55789445
55,12,2,55790170
11,24,3,55790707
21,28,3,55791206
23,27,0,55791594
23,26,3,55791597
26,11,0,55791974
55,8,7,55793041
22,28,0,55793123
22,27,3,55793126
14,24,1,55793890
9,24,3,55793972
19,33,0,55794100
54,12,6,55794279
18,37,3,55794308
10,24,1,55794678
18,40,6,55794997
27,10,2,55795204
8,24,1,55795749
20,31,0,55795781
13,24,1,55795826
53,6,5,55796235
22,29,5,55796283
18,36,3,55797080
5,24,2,55797130
7,24,3,55797160
53,9,2,55797182
19,34,0,55797446
12,19,2,55797484
19,35,0,55797784
5,24,1,55797887
6,24,1,55798032
26,25,0,55798066
2,24,7,55798146
13,24,3,55798912
4,25,2,55799511
27,24,3,55799691
19,35,5,55799967
6,24,3,55800064
55,8,4,55800067
53,8,4,55800953
55,10,4,55801001
26,11,4,55801140
25,25,3,55801394
18,13,6,55801578
23,44,6,55801699
19,39,5,55801757
19,36,0,55802225
14,24,3,55802536
12,24,3,55802814
19,33,3,55804033
11,25,0,55804097
30,29,0,55804165
29,29,3,55804167
19,35,3,55804375
12,24,1,55804414
13,25,2,55804526
19,38,5,55804768
17,7,6,55805049
13,25,0,55805293
5,25,2,55805778
10,25,0,55805942
5,25,1,55806170
11,25,2,55806639
10,19,0,55806683
11,19,2,55806746
8,24,3,55806872
25,26,0,55806908
12,25,0,55807145
18,12,5,55807334
19,37,0,55807372
41,29,5,55807423
14,17,3,55807538
14,25,0,55807580
9,25,0,55807685
7,16,6,55807905
20,33,0,55808031
27,10,6,55808193
1,25,2,55808320
29,24,1,55808324
23,28,0,55808408
27,25,1,55808501
19,39,6,55808724
60,28,2,55808980
23,43,1,55809313
27,25,0,55809512
22,28,3,55809850
3,25,2,55809874
7,25,0,55809876
6,25,2,55809880
36,25,5,55809891
26,26,2,55810019
53,11,4,55810049
24,27,0,55810439
23,27,3,55810442
24,26,3,55810445
1,25,0,55810573
8,25,0,55811139
10,19,1,55812176
20,31,3,55812667
19,36,3,55812742
3,25,1,55812747
40,28,5,55817014
20,34,0,55817308
24,44,5,55823177
19,37,3,55825084
28,25,0,55825969
26,25,3,55826372
21,31,6,55827144
26,26,0,55827426
20,32,3,55827586
31,27,0,55827735
30,27,3,55827737
43,35,6,55828860
40,27,3,55829658
20,33,3,55829803
20,34,3,55832249
41,28,0,55832255
20,36,0,55832635
36,25,3,55834187
28,25,2,55834635
25,26,3,55836019
20,37,0,55836477
53,10,1,55836835
20,37,3,55837395
21,32,0,55837433
27,25,3,55838858
18,6,3,55838897
43,35,2,55839171
21,35,0,55839294
37,26,0,55840649
27,12,2,55841965
54,6,7,55842016
21,34,5,55843707
21,33,0,55843727
23,29,0,55848272
24,28,0,55849444
23,28,3,55849446
25,27,0,55854423
24,27,3,55854426
37,26,3,55859613
21,34,0,55860739
53,11,0,55860978
20,36,3,55864439
21,31,3,55865042
53,11,4,55890283
24,28,5,55892780
24,28,6,55899167
25,27,5,55899816
32,27,0,55903347
33,27,4,55905022
25,27,6,55906052
11,19,3,55907623
38,26,3,55914778
21,32,2,55915035
39,27,0,55915456
26,26,5,55915663
21,34,4,55919588
24,27,5,55922252
53,14,3,55922837
53,11,2,55922986
21,32,1,55925149
21,31,7,55928252
23,29,4,55928309
54,15,0,55931373
32,27,2,55932724
22,29,1,55932921
22,29,7,55933381
21,30,2,55933476
24,27,7,55933493
22,30,4,55933807
21,33,1,55934623
21,32,4,55935160
20,37,7,55935686
25,27,4,55936214
20,33,7,55937103
27,25,7,55937356
20,36,7,55937530
20,38,2,55937884
25,26,7,55938696
21,30,7,55942888
20,38,7,55945512
42,31,0,55945544
21,30,1,55945667
37,26,6,55946092
53,11,6,55946334
53,10,7,55946949
26,26,4,55946963
20,33,2,55947949
21,31,4,55948787
37,25,5,55949066
54,13,5,55950333
20,38,4,55950357
28,25,4,55951138
20,33,4,55952724
20,36,4,55953616
22,29,4,55954149
22,28,7,55954151
43,32,5,55954171
21,28,2,55954633
20,33,1,55954959
57,27,4,55955286
26,25,7,55956331
20,39,4,55956606
53,10,3,55956651
20,31,2,55956833
20,31,1,55957297
53,9,1,55957899
39,26,5,55958185
20,31,7,55958792
19,35,7,55959424
21,29,7,55959642
45,27,6,55960843
36,25,6,55962080
53,6,4,55962248
38,26,6,55962390
19,39,0,55962407
24,27,4,55962751
41,28,5,55962907
43,33,5,55963430
54,10,7,55963541
21,30,4,55963796
19,32,2,55964301
54,10,5,55964538
24,26,7,55964823
54,10,6,55965061
19,36,2,55965719
38,25,5,55966678
20,32,4,55966732
19,33,7,55966763
56,26,5,55966917
41,29,6,55967666
20,38,1,55967709
19,39,2,55968174
27,25,4,55969331
19,34,2,55973182
25,26,4,55975422
54,14,0,55975798
20,30,7,55979343
27,24,7,55980333
19,32,7,55981952
37,25,6,55982832
54,5,4,55982877
28,14,4,55982930
44,33,0,55983184
19,34,4,55983851
52,6,7,55984248
11,19,1,55984554
17,25,6,55984988
54,8,1,55985952
20,31,4,55986233
25,25,7,55986326
53,9,2,55986581
0,25,3,55986616
2,25,3,55986672
19,38,4,55986689
39,26,6,55986818
17,13,0,55986829
22,28,4,55987190
21,28,7,55987193
16,20,6,55987636
41,28,6,55988522
53,9,1,55988679
54,5,0,55989164
52,7,7,55989324
1,25,1,55989444
54,12,3,55989627
19,32,1,55989665
28,13,4,55989715
1,25,3,55989739
52,9,7,55989783
7,18,6,55989867
10,20,2,55990571
27,7,3,55990586
26,25,4,55990680
60,26,4,55991460
13,16,2,55991654
19,35,4,55992105
56,26,6,55992212
11,20,2,55992545
7,25,3,55993315
12,25,2,55993594
8,20,0,55993755
9,25,3,55994114
7,25,1,55994197
10,19,3,55994539
8,19,2,55994548
13,16,4,55994852
16,7,2,55994930
52,6,4,55995380
13,16,1,55995561
37,24,7,55995989
19,33,4,55996197
6,25,1,55996286
2,26,0,55996354
8,25,3,55996510
34,1,2,55996785
17,9,4,55997478
1,26,0,55997498
22,27,7,55997635
11,20,0,55997686
12,20,2,55997695
9,20,2,55998135
2,26,2,55998453
57,25,5,55998646
27,17,7,55998670
23,27,4,55998846
58,10,7,55999231
27,8,7,55999307
11,25,1,55999388
13,25,3,55999400
26,10,1,55999611
54,6,4,55999805
17,20,4,56001021
12,25,3,56001231
54,12,7,56004795
52,5,1,56005947
59,25,7,56008620
16,8,2,56008876
16,11,2,56009318
53,12,6,56009682
51,5,7,56009843
63,4,4,56010242
52,7,4,56010381
54,6,1,56010434
63,3,4,56010720
52,6,1,56010963
51,6,7,56011111
54,12,4,56011380
16,15,7,56011442
1,26,2,56012367
12,25,1,56013035
4,25,1,56013443
1,26,3,56013524
2,26,1,56013931
16,19,7,56014464
10,26,0,56014608
61,25,5,56015306
8,20,3,56015560
14,25,3,56015648
17,23,4,56015994
53,8,7,56016550
3,26,2,56016666
63,3,1,56017424
3,26,1,56017555
62,3,7,56017886
27,13,2,56017952
27,13,7,56018354
11,20,1,56018571
27,14,7,56018632
27,8,4,56019441
16,16,7,56019675
3,26,3,56019706
7,20,3,56019760
11,26,0,56019868
14,26,0,56019904
52,9,4,56020228
9,26,0,56020489
2,26,3,56020511
32,26,7,56020868
27,15,2,56020973
8,21,0,56021077
5,26,2,56021345
13,26,0,56021510
16,7,1,56022217
54,13,1,56022371
57,25,6,56022430
16,20,7,56022481
16,10,4,56022647
63,2,4,56022712
12,26,0,56023026
52,7,1,56023160
7,26,0,56023792
53,6,2,56023811
53,5,7,56024392
15,26,0,56024687
11,26,2,56024914
51,6,2,56025138
53,7,7,56025327
18,17,0,56026471
11,20,3,56027032
8,26,0,56027741
3,27,0,56027773
16,8,1,56027831
26,10,7,56028247
51,7,4,56028705
12,20,1,56028944
47,12,7,56028996
15,26,2,56029250
8,18,4,56029546
9,21,0,56029568
40,28,6,56029718
1,27,2,56029721
10,26,2,56029959
31,26,7,56030019
37,24,3,56030818
13,18,3,56030839
2,27,0,56031045
7,26,1,56031197
8,26,3,56031379
2,27,2,56031403
40,27,5,56036717
36,24,4,56037434
19,32,5,56038332
39,27,6,56039776
26,25,2,56044105
26,25,0,56045514
42,29,5,56046444
38,25,0,56046839
31,26,2,56047418
21,28,3,56047720
41,28,4,56048398
38,25,3,56048416
23,27,0,56049646
22,28,0,56049990
22,27,3,56049992
13,20,6,56050229
20,31,0,56050381
19,34,0,56050921
19,33,0,56051562
19,32,3,56051891
9,26,3,56052793
43,31,5,56054170
43,33,6,56054357
37,25,2,56054452
25,25,3,56054581
39,26,2,56054777
38,26,4,56056084
19,33,3,56056102
10,20,1,56056271
10,21,2,56056273
19,35,6,56056359
39,26,0,56056543
31,27,0,56056606
31,26,3,56056609
20,30,3,56056721
13,26,1,56058222
19,37,5,56058590
14,19,0,56058712
20,32,0,56059242
19,35,0,56059974
19,36,6,56060214
36,24,1,56060532
62,4,4,56060793
25,26,0,56061290
19,34,3,56061489
19,35,3,56061781
21,30,0,56061842
11,21,2,56061899
39,26,3,56062127
35,24,3,56062283
34,25,4,56062358
11,26,3,56062549
20,36,0,56066717
24,27,0,56068607
24,26,3,56068609
22,29,0,56069443
23,28,0,56069446
22,28,3,56069449
20,35,5,56070625
20,31,3,56071140
23,27,3,56071975
19,38,0,56073882
20,33,0,56074296
20,32,3,56074298
20,35,0,56074422
20,34,0,56074859
41,28,2,56075511
21,31,0,56075662
51,5,4,56076284
21,31,6,56076624
20,38,7,56077505
20,39,5,56077571
20,40,5,56078898
13,26,3,56079131
39,27,2,56079351
5,26,1,56079362
21,30,3,56079710
20,33,3,56079828
20,35,6,56079889
26,25,3,56080001
62,2,1,56080032
26,26,0,56080248
27,25,0,56080250
62,4,2,56081208
38,25,1,56081248
19,38,6,56081538
53,5,1,56082174
21,32,0,56082530
20,37,5,56082761
20,41,6,56083890
36,25,0,56084129
20,37,6,56084871
53,5,4,56085213
8,21,3,56085345
23,29,0,56085395
9,21,2,56085459
35,24,1,56086597
53,4,1,56086910
15,26,1,56087661
0,27,3,56088537
20,39,6,56088580
21,40,0,56088621
20,34,3,56088854
36,25,2,56089092
21,31,3,56089235
25,26,3,56089395
21,41,5,56090504
9,21,1,56090527
25,27,0,56091329
10,26,3,56091364
62,2,7,56091645
21,40,5,56091745
53,6,1,56091890
24,28,0,56091995
23,28,3,56091997
24,27,3,56092000
21,34,5,56092049
4,27,2,56092631
27,25,3,56092814
51,6,4,56093182
34,24,3,56093216
53,7,4,56093512
21,33,0,56093938
16,8,0,56094546
62,3,4,56098383
22,31,0,56101380
22,43,6,56102510
51,5,1,56104132
21,33,3,56106381
61,2,2,56107604
4,27,0,56107797
12,26,3,56108167
35,25,0,56108266
27,26,0,56108319
12,26,1,56108776
21,40,6,56108992
26,26,3,56109269
36,25,3,56110003
21,32,3,56110768
22,32,0,56112092
21,41,6,56112239
38,26,2,56112304
23,42,5,56113471
26,27,0,56114631
23,29,3,56114975
32,27,0,56115400
24,29,0,56116980
51,9,2,56117127
42,38,2,56117346
11,21,1,56117996
14,27,2,56118149
25,28,0,56118170
24,28,3,56118173
25,27,3,56118176
30,28,3,56118280
22,38,0,56118626
51,6,1,56118682
37,25,1,56119247
2,27,1,56119737
9,21,3,56119981
50,5,7,56120148
22,31,3,56120504
22,39,5,56121108
1,30,6,56121577
22,36,5,56121806
12,27,0,56121835
10,22,0,56122003
53,8,4,56122075
22,33,0,56122086
39,26,1,56122259
61,3,2,56122373
25,29,6,56122482
22,37,0,56122666
10,26,1,56123056
22,34,0,56123287
51,9,6,56123934
22,38,3,56124215
28,26,0,56124364
8,22,0,56124532
8,22,2,56124577
10,21,1,56124674
50,6,7,56124711
3,27,3,56125086
37,26,2,56125238
27,13,1,56125406
27,26,3,56134867
61,2,7,56136096
22,32,3,56136427
27,27,0,56140351
22,38,6,56141005
24,30,0,56141161
11,27,2,56141291
40,27,1,56141377
35,25,3,56141763
28,27,6,56142085
52,8,5,56142293
22,39,6,56142610
22,35,3,56142611
36,25,1,56142967
36,26,2,56142970
26,27,3,56143299
23,32,0,56143562
22,36,6,56143683
22,37,3,56144211
11,27,0,56144790
52,5,2,56145533
22,37,6,56145548
10,27,0,56145791
12,27,2,56145850
42,29,1,56146134
22,34,6,56146408
11,22,2,56147833
22,35,6,56148627
24,29,3,56148755
23,35,5,56149040
23,33,5,56149045
25,29,0,56149280
26,28,0,56149282
23,41,6,56149466
40,28,2,56151119
23,31,3,56151139
29,26,0,56151304
61,3,4,56151906
22,33,3,56151969
28,26,3,56152113
23,40,5,56154023
15,26,3,56154517
41,29,2,56155717
23,34,0,56156176
13,20,0,56156182
33,25,3,56161514
23,36,5,56164192
24,31,0,56165573
23,33,0,56166250
23,38,5,56167647
23,34,5,56172080
23,37,5,56174978
38,26,1,56174988
23,38,0,56178595
61,1,1,56179186
14,27,0,56179310
8,22,3,56180863
25,29,3,56182334
51,9,4,56182405
23,35,6,56182656
23,36,0,56182891
13,20,3,56182982
23,38,6,56183180
23,32,3,56184044
37,26,1,56184390
52,6,7,56185673
23,34,6,56185711
50,6,2,56187588
13,27,0,56188167
61,2,1,56188181
61,4,4,56188295
24,30,3,56190538
25,30,0,56201174
10,27,3,56202037
23,33,3,56203150
51,7,1,56206185
24,32,0,56214734
11,22,1,56215779
52,4,1,56217534
63,2,4,56226612
61,1,5,56230261
61,4,0,56231259
63,2,5,56235780
62,2,2,56237125
32,27,3,56238820
52,12,6,56239233
51,9,0,56239845
62,2,1,56240428
61,1,6,56240830
63,1,4,56241002
61,4,3,56241577
50,4,5,56242048
12,22,0,56242672
11,22,3,56242675
52,12,2,56243139
52,9,5,56244342
61,2,1,56245608
12,21,0,56246444
51,9,3,56246608
61,3,0,56246713
61,2,3,56246715
41,28,1,56247328
26,11,2,56247339
53,14,2,56247724
62,5,0,56249828
62,3,0,56253777
62,2,3,56253779
61,3,3,56254931
53,10,3,56256747
50,6,3,56256768
52,10,2,56257141
50,5,3,56257274
62,3,1,56257549
50,6,6,56257939
54,14,2,56258174
17,16,6,56258499
61,4,0,56258903
62,4,0,56260579
62,3,3,56260581
51,7,5,56261384
63,3,0,56261776
53,8,0,56262053
26,11,1,56262148
53,7,5,56262206
26,28,3,56262273
63,4,5,56262321
63,5,1,56262409
14,18,3,56262576
53,9,0,56262653
53,10,1,56262986
27,28,0,56262991
51,6,5,56263116
51,6,6,56263155
27,12,1,56263788
61,4,3,56263908
54,15,2,56264004
17,13,6,56264025
17,22,1,56264037
16,11,4,56264237
2,29,2,56264282
51,6,0,56264510
12,20,0,56264595
16,16,5,56264667
16,10,0,56264676
51,7,0,56265244
58,10,2,56265368
18,16,0,56265803
27,20,0,56266549
59,10,0,56266814
16,15,2,56267039
53,8,3,56267305
16,14,5,56267317
27,27,3,56267783
63,4,0,56267844
59,25,3,56267969
51,7,3,56268063
50,29,7,56268327
16,19,3,56268417
51,10,2,56268443
25,31,1,56268557
12,20,3,56268730
16,15,3,56269274
17,17,7,56269684
28,27,0,56269812
53,8,6,56270064
51,6,3,56270078
34,4,4,56271053
2,34,5,56271200
25,12,7,56271357
58,25,3,56271453
42,30,5,56271503
16,11,6,56271651
38,27,0,56271919
39,27,7,56271921
48,10,3,56271958
16,27,0,56272355
12,11,0,56272611
59,26,0,56273372
18,12,7,56273412
17,15,5,56273842
6,34,4,56273863
16,27,6,56274152
52,8,0,56274428
16,14,3,56274521
27,20,5,56274848
23,34,2,56274871
43,32,1,56274897
26,13,2,56274979
27,21,3,56275077
16,25,0,56275193
23,35,2,56275242
60,26,0,56275421
27,20,3,56275440
27,19,3,56275616
27,9,5,56275705
17,15,6,56276081
27,22,5,56276307
53,14,6,56276595
27,8,5,56276637
27,8,0,56276816
53,7,6,56276841
18,20,3,56276845
45,27,0,56277353
24,40,5,56277658
54,11,6,56277665
25,42,2,56277724
54,9,0,56277754
23,42,6,56278137
54,8,3,56278245
12,27,1,56278259
24,42,0,56278294
43,41,3,56278365
62,10,2,56278370
54,16,0,56278371
27,20,6,56278426
27,21,5,56278443
27,13,5,56278454
36,15,4,56278646
14,18,7,56278709
16,10,6,56278753
17,15,0,56278766
23,38,2,56278832
39,27,4,56279091
41,28,4,56279204
58,10,1,56279218
35,6,5,56279394
23,36,1,56279485
7,14,2,56279536
23,33,7,56279722
27,14,3,56279793
24,13,4,56280095
43,31,5,56280150
56,26,7,56280305
11,22,7,56280613
62,10,1,56280839
43,41,7,56280930
44,36,0,56281105
27,15,6,56281155
23,35,4,56281353
24,42,3,56281465
8,33,7,56281610
41,34,1,56281616
52,7,0,56281775
57,11,0,56281960
5,33,7,56282092
4,33,7,56282261
8,27,7,56282349
41,28,5,56282411
29,26,3,56282463
42,29,5,56282520
41,29,6,56282524
34,25,2,56283594
24,32,4,56284668
23,32,7,56286042
23,42,2,56286350
23,33,4,56286503
23,34,1,56286702
23,34,4,56286769
23,36,4,56286888
23,32,2,56286932
22,35,7,56287007
25,29,7,56287142
25,30,4,56287289
24,30,7,56287292
40,28,6,56287465
45,36,3,56287487
22,40,3,56287568
26,29,4,56287599
45,34,6,56287710
24,31,4,56288000
26,28,5,56288157
46,41,5,56288188
25,43,0,56288556
37,26,5,56288749
22,35,2,56288756
23,42,1,56288768
26,28,7,56288857
40,27,5,56288947
45,41,3,56289124
38,26,5,56289308
22,34,2,56289399
22,34,1,56289411
46,37,0,56289433
46,36,3,56289436
22,34,7,56289450
22,33,7,56289611
44,39,6,56289613
23,32,1,56289661
46,41,6,56289690
43,29,5,56289779
42,29,6,56289781
46,35,6,56290051
44,31,5,56290125
22,35,1,56290264
38,26,7,56290508
39,27,6,56290593
21,42,0,56290677
46,37,3,56290736
26,28,6,56290892
28,40,7,56290995
23,31,7,56291192
23,30,6,56291346
47,37,0,56291519
46,41,3,56291589
23,32,4,56291627
22,35,4,56291723
46,33,0,56291746
44,31,6,56291761
46,42,3,56291909
45,43,6,56291949
27,28,4,56292117
36,26,6,56292149
47,40,0,56292238
46,40,3,56292240
42,28,5,56292358
46,40,6,56292374
39,26,5,56292407
21,35,2,56292532
21,36,2,56292584
42,37,7,56292617
22,33,2,56292642
22,32,7,56292811
22,34,4,56292853
21,39,1,56292872
21,41,7,56292875
47,40,5,56292882
47,43,0,56292890
36,25,5,56293189
25,45,1,56293270
47,38,0,56293272
28,39,0,56293347
27,27,7,56293358
46,43,6,56293441
24,29,5,56293452
23,31,4,56293525
23,30,7,56293528
40,26,7,56293544
22,33,1,56293640
47,42,0,56293863
46,33,3,56293887
21,37,1,56293919
24,30,4,56294175
21,36,1,56294181
24,46,2,56294202
21,34,7,56294226
25,29,4,56294306
24,29,7,56294308
47,39,5,56294329
37,26,6,56294335
47,38,3,56294390
28,39,4,56294445
47,43,3,56294471
38,26,6,56294588
45,46,0,56294634
44,46,3,56294636
47,42,5,56294679
24,29,6,56294865
47,42,6,56294879
21,36,4,56294934
47,42,3,56294990
25,28,7,56295045
45,34,2,56295055
44,38,6,56295075
26,28,4,56295180
21,41,4,56295198
25,44,2,56295205
27,38,5,56295253
48,41,0,56295326
29,38,3,56295465
21,35,1,56295474
22,33,4,56295540
20,40,2,56295577
20,37,2,56295656
40,26,4,56295803
47,45,0,56295825
48,41,5,56295845
48,37,0,56295905
39,41,3,56295916
21,35,4,56296092
45,47,0,56296145
46,46,0,56296150
45,46,3,56296151
22,31,7,56296293
21,34,4,56296368
21,33,7,56296370
23,49,4,56296401
22,31,1,56296428
48,42,1,56296496
47,44,6,56296498
46,47,0,56296645
46,46,3,56296654
47,44,3,56296655
20,36,7,56296660
45,30,5,56296754
28,40,3,56296820
48,41,3,56296835
20,36,2,56296905
20,40,1,56296926
48,43,5,56297043
29,40,5,56297096
22,32,4,56297139
23,46,7,56297247
48,39,0,56297314
23,48,0,56297368
22,31,4,56297464
40,42,0,56297478
21,33,2,56297483
25,50,2,56297589
20,37,1,56297624
20,38,4,56297656
26,27,7,56297765
48,37,3,56297783
22,30,1,56297793
20,36,4,56297947
20,35,7,56297950
27,38,7,56298017
47,33,3,56298143
20,34,7,56298171
21,31,2,56298186
45,47,3,56298341
21,33,1,56298361
21,32,2,56298404
20,39,1,56298486
21,32,7,56298511
49,42,0,56298550
20,37,4,56298762
23,30,4,56298781
22,30,7,56298784
38,25,5,56298791
40,26,5,56298864
19,37,7,56298893
47,47,0,56298901
28,41,0,56298955
20,36,1,56298990
21,46,2,56298994
48,39,3,56299035
29,41,0,56299040
19,36,7,56299053
45,41,5,56299083
21,32,1,56299153
27,27,4,56299161
48,44,1,56299186
20,35,4,56299322
54,7,5,56299339
49,40,0,56299390
48,40,3,56299393
46,48,2,56299419
24,29,4,56299434
23,29,7,56299436
25,50,4,56299469
19,38,2,56299527
49,38,0,56299531
21,46,1,56299610
19,40,2,56299643
21,31,7,56299673
19,41,2,56299730
19,40,7,56299732
24,49,7,56299746
28,27,4,56299753
49,39,0,56299825
21,33,4,56299908
20,33,7,56299909
19,39,1,56300008
21,31,1,56300091
37,25,5,56300094
49,40,3,56300111
48,45,0,56300187
20,44,1,56300197
24,28,7,56300199
61,28,6,56300200
28,41,5,56300224
25,50,1,56300281
49,39,3,56300316
23,50,2,56300321
50,38,4,56300326
21,32,4,56300351
19,38,1,56300373
49,38,3,56300420
48,34,0,56300425
49,39,6,56300442
47,46,3,56300459
19,43,0,56300461
48,47,0,56300470
47,47,3,56300476
46,30,7,56300477
28,41,6,56300494
19,42,1,56300495
58,27,2,56300547
19,45,2,56300617
19,37,2,56300626
46,30,5,56300633
45,29,5,56300636
49,42,3,56300638
45,30,6,56300640
28,35,5,56300665
21,48,2,56300678
19,44,1,56300760
48,46,2,56300781
19,40,1,56300817
36,25,6,56300838
25,28,4,56300850
48,34,3,56300890
48,48,0,56300898
20,34,4,56300930
50,43,0,56300959
28,26,7,56300961
19,36,2,56301060
48,33,3,56301104
34,25,6,56301110
19,35,7,56301130
50,40,0,56301153
34,25,4,56301179
33,25,7,56301182
31,26,0,56301330
22,50,1,56301399
20,33,2,56301489
19,41,1,56301497
18,41,2,56301499
29,26,7,56301506
19,41,4,56301521
25,27,7,56301542
18,41,7,56301553
18,40,7,56301559
18,40,2,56301566
18,38,7,56301813
29,40,3,56301825
20,32,2,56301984
18,42,2,56302058
20,47,2,56302070
19,37,1,56302083
20,32,7,56302141
29,35,4,56302189
28,35,6,56302246
19,34,7,56302318
18,43,2,56302352
50,41,0,56302370
19,36,4,56302378
28,26,4,56302399
27,26,7,56302402
50,41,3,56302456
8,22,6,56302494
18,39,2,56302515
21,31,4,56302518
20,31,7,56302520
50,39,0,56302527
18,39,1,56302598
18,41,4,56302657
48,48,3,56302674
19,36,1,56302734
20,33,1,56302748
26,27,4,56302750
18,41,1,56302830
19,35,4,56302883
18,43,1,56302885
19,46,0,56302889
19,47,0,56302893
19,46,3,56302901
50,43,3,56302921
23,29,4,56302934
50,44,3,56302941
13,27,6,56302954
22,30,4,56302956
22,29,7,56302962
21,30,7,56302963
18,38,2,56302992
36,24,5,56303200
51,42,0,56303303
45,28,5,56303314
31,26,6,56303422
12,27,4,56303426
21,49,1,56303432
21,50,2,56303435
49,47,0,56303538
48,47,3,56303540
32,26,5,56303582
32,27,6,56303585
18,38,1,56303593
20,33,4,56303595
19,33,7,56303602
18,36,2,56303662
45,29,6,56303668
26,34,3,56303701
20,30,2,56303723
20,47,0,56303761
17,42,2,56303834
14,27,6,56303841
29,34,4,56303846
18,38,4,56303852
20,47,1,56303990
10,22,4,56304004
18,40,4,56304095
17,40,7,56304098
20,32,1,56304108
35,24,5,56304145
19,45,1,56304156
18,35,7,56304268
18,45,2,56304280
46,29,5,56304341
49,47,3,56304393
19,33,2,56304443
29,34,5,56304451
51,39,6,56304463
24,28,4,56304473
46,30,6,56304475
23,28,7,56304476
24,27,7,56304480
20,32,4,56304489
51,45,0,56304512
50,39,3,56304622
17,40,2,56304633
50,35,3,56304660
17,39,7,56304667
50,48,0,56304684
54,8,6,56304804
29,26,4,56304824
17,44,2,56304892
49,50,5,56304917
48,31,0,56304971
23,51,7,56305024
17,40,4,56305083
17,39,2,56305214
26,26,7,56305246
19,32,7,56305333
21,7,0,56305376
18,34,7,56305422
18,36,1,56305473
25,48,6,56305536
25,27,4,56305539
51,36,0,56305546
17,40,1,56305636
52,38,5,56305700
51,45,3,56305754
20,31,4,56305790
48,31,3,56305796
17,42,1,56305826
17,48,2,56305851
18,35,4,56305897
52,46,0,56305970
16,27,4,56305979
21,30,4,56306009
20,30,7,56306013
38,25,6,56306014
46,29,3,56306020
17,48,1,56306067
23,53,1,56306112
17,37,7,56306114
17,48,4,56306152
51,46,0,56306324
27,26,4,56306382
17,39,4,56306388
17,38,7,56306391
21,29,7,56306448
17,37,2,56306449
16,45,7,56306520
16,39,7,56306524
49,51,6,56306552
16,47,7,56306554
52,40,5,56306557
16,41,2,56306576
25,26,7,56306619
47,52,6,56306647
52,41,3,56306709
17,36,2,56306720
19,32,4,56306738
17,36,7,56306764
50,49,3,56306867
17,36,4,56306894
17,35,7,56306896
18,33,2,56306920
16,45,4,56306957
47,29,5,56307024
22,29,4,56307198
23,28,4,56307201
22,28,7,56307204
38,24,4,56307221
46,52,3,56307239
17,38,4,56307249
16,38,7,56307252
17,36,1,56307257
18,34,4,56307277
3,27,5,56307280
22,53,1,56307348
22,54,2,56307351
26,26,4,56307411
28,41,3,56307457
15,46,2,56307527
17,38,1,56307575
53,6,1,56307577
16,42,1,56307585
50,50,3,56307613
54,9,6,56307646
23,27,7,56307661
15,44,7,56307665
16,47,4,56307672
23,6,0,56307688
16,49,3,56307693
41,42,1,56307702
15,43,2,56307712
16,48,1,56307727
16,49,2,56307733
17,37,4,56307744
35,24,6,56307810
52,46,3,56307853
47,53,0,56307858
20,54,4,56307903
15,46,7,56307958
46,27,3,56307990
22,53,0,56308019
17,34,7,56308027
15,41,1,56308106
17,34,5,56308157
27,25,7,56308253
24,27,4,56308264
17,50,0,56308267
19,50,4,56308270
40,43,2,56308404
16,37,7,56308465
29,33,4,56308488
47,53,3,56308561
19,30,7,56308631
15,44,4,56308664
15,47,7,56308670
17,35,4,56308676
16,51,7,56308692
16,51,4,56308760
22,54,1,56308772
21,54,2,56308778
17,50,1,56308781
22,55,2,56308890
17,35,1,56309040
16,38,4,56309123
16,36,7,56309150
30,41,0,56309160
30,40,3,56309164
15,47,4,56309174
15,50,7,56309220
23,56,6,56309233
21,55,2,56309322
53,40,3,56309361
15,44,1,56309417
16,15,1,56309425
15,46,1,56309585
15,39,2,56309721
16,49,1,56309917
15,49,2,56309918
47,54,3,56310135
63,6,0,56311426
46,28,5,56311490
45,27,5,56311493
45,28,6,56311495
46,27,5,56311729
46,29,6,56312036
22,55,1,56312527
22,56,2,56312529
15,47,0,56315134
16,51,5,56315347
12,22,4,56315457
15,49,3,56315472
33,28,0,56315721
26,25,7,56315995
52,38,6,56316094
15,42,5,56316171
15,47,1,56316225
15,48,2,56316227
54,45,4,56316247
18,53,6,56316369
21,55,4,56316518
15,48,3,56316685
49,54,7,56316784
15,44,5,56316850
15,49,6,56316885
16,49,0,56316933
18,52,7,56316938
50,53,4,56317041
50,52,7,56317043
48,54,2,56317115
24,26,7,56317274
16,49,5,56317308
49,54,4,56317310
19,53,5,56317397
19,54,6,56317400
17,51,5,56317403
16,51,6,56317406
50,53,5,56317450
16,50,2,56317506
48,54,7,56317529
15,48,6,56317652
54,40,1,56317868
47,54,2,56317896
51,50,7,56317927
18,52,4,56318069
51,50,2,56318129
15,46,3,56318168
15,43,0,56318182
53,40,7,56318285
15,41,5,56318304
15,45,6,56318430
50,52,4,56318589
51,51,4,56318592
50,51,7,56318596
15,41,0,56318598
16,47,5,56318657
53,40,1,56318666
16,48,5,56318688
52,35,1,56318715
51,35,2,56318719
51,33,1,56318748
51,34,2,56318751
16,39,4,56318772
16,49,3,56318792
15,43,3,56318963
48,46,7,56319039
17,50,0,56319044
19,53,6,56319083
50,53,6,56319126
17,51,6,56319263
18,50,5,56319267
15,42,3,56319312
32,29,0,56319380
50,33,7,56319413
50,40,7,56319431
51,39,7,56319447
18,50,0,56319471
17,50,3,56319474
15,44,6,56319475
18,51,0,56319485
22,54,7,56319516
16,44,0,56319709
16,45,0,56319738
16,45,5,56319753
50,32,1,56319761
49,32,2,56319766
45,37,5,56319768
50,40,4,56319775
48,53,4,56319831
18,51,3,56319886
50,36,7,56319910
15,39,3,56319956
47,48,1,56319978
45,49,6,56319983
50,38,2,56320090
50,51,4,56320113
50,50,7,56320116
16,44,5,56320169
17,36,0,56320259
50,39,2,56320264
49,52,4,56320348
48,52,7,56320351
49,51,7,56320353
50,43,7,56320459
17,48,5,56320470
16,48,6,56320474
20,53,5,56320550
16,45,6,56320555
16,47,6,56320643
46,48,5,56320666
45,48,6,56320668
53,42,0,56320697
21,55,7,56320709
15,43,6,56320711
51,50,1,56320717
46,49,2,56320897
20,52,5,56320956
20,53,6,56320958
47,53,7,56320988
15,41,3,56321069
43,38,7,56321078
17,35,5,56321127
49,33,2,56321140
17,47,5,56321253
17,47,0,56321254
17,47,3,56321266
46,50,4,56321497
50,40,1,56321621
50,41,2,56321623
22,50,6,56321698
15,42,6,56321806
18,50,6,56321837
17,44,5,56321864
16,43,5,56321867
16,44,6,56321869
50,41,1,56321873
19,45,5,56321903
48,51,7,56321920
16,45,3,56321959
23,50,5,56322023
50,37,1,56322049
43,38,4,56322134
45,49,7,56322226
16,41,0,56322245
18,38,0,56322309
20,51,5,56322344
19,51,6,56322347
18,48,5,56322568
16,42,5,56322573
50,33,1,56322580
50,43,4,56322592
48,46,4,56322607
47,46,7,56322610
17,46,0,56322614
20,50,5,56322650
19,44,5,56322693
45,38,3,56322695
19,45,6,56322696
49,42,2,56322936
16,41,5,56322939
47,53,4,56322969
48,52,4,56322973
47,52,7,56322976
48,51,2,56322980
44,40,1,56322991
22,43,4,56323012
43,38,1,56323080
40,39,3,56323116
49,32,1,56323175
43,37,0,56323221
21,52,5,56323227
20,52,6,56323231
19,49,5,56323249
47,47,2,56323270
49,41,2,56323281
16,43,6,56323285
22,53,0,56323331
49,42,7,56323333
49,48,3,56323395
38,41,6,56323421
23,49,5,56323426
17,46,3,56323471
16,41,6,56323526
19,48,5,56323655
18,48,6,56323659
49,34,2,56323679
16,44,3,56323691
18,48,0,56323794
49,51,4,56323879
49,49,0,56323882
49,50,7,56323884
50,49,0,56323907
22,40,0,56323921
17,34,3,56323925
22,53,3,56323942
50,37,4,56323977
41,40,0,56324015
18,38,3,56324060
47,52,4,56324102
21,49,7,56324111
45,35,1,56324185
17,43,5,56324294
17,44,6,56324296
21,42,7,56324317
17,42,5,56324368
17,43,6,56324371
16,42,6,56324372
21,46,5,56324379
20,45,5,56324382
20,46,6,56324384
25,44,6,56324404
36,23,5,56324438
47,38,3,56324447
27,25,4,56324452
19,39,0,56324470
18,34,5,56324496
49,42,4,56324550
23,49,7,56324643
23,49,4,56324691
20,50,6,56324699
19,49,6,56324702
22,52,3,56324811
49,41,4,56324827
48,41,7,56324829
25,26,4,56324837
43,37,3,56324910
23,53,0,56324914
49,42,1,56324964
48,44,6,56324966
49,39,7,56325056
20,51,6,56325062
20,48,5,56325088
18,42,5,56325113
17,41,5,56325117
17,42,6,56325118
48,40,7,56325122
46,51,7,56325197
21,51,5,56325283
45,49,4,56325293
24,53,0,56325321
47,29,1,56325322
23,53,3,56325325
22,43,2,56325332
48,43,2,56325393
18,35,0,56325424
48,42,0,56325439
50,38,1,56325477
49,38,2,56325533
49,39,4,56325535
26,25,6,56325588
49,39,2,56325705
25,25,7,56325715
50,36,4,56325797
49,36,7,56325800
49,39,1,56325886
28,38,0,56325965
46,51,4,56325981
25,43,5,56326006
24,43,6,56326011
23,53,6,56326079
38,40,5,56326084
19,37,5,56326154
18,35,5,56326184
46,44,5,56326262
46,45,6,56326264
45,44,6,56326267
44,38,0,56326273
21,41,2,56326303
18,33,0,56326306
19,39,3,56326404
49,38,1,56326439
48,41,4,56326549
44,47,2,56326555
32,28,6,56326591
24,52,5,56326695
48,38,7,56326767
49,37,1,56326770
29,37,1,56326857
28,37,3,56326896
42,40,0,56326960
41,40,3,56326963
49,36,4,56327034
44,48,7,56327068
29,38,0,56327083
21,45,5,56327088
21,46,6,56327091
49,37,4,56327105
48,38,4,56327106
48,37,7,56327109
19,36,5,56327159
18,36,6,56327162
36,23,6,56327234
21,42,4,56327287
48,37,2,56327290
22,46,6,56327340
20,37,5,56327590
19,37,6,56327593
48,40,4,56327617
18,35,6,56327620
22,45,5,56327642
21,45,6,56327646
40,40,5,56327651
29,38,1,56327654
28,38,2,56327659
21,41,1,56327706
21,42,2,56327710
46,41,4,56327733
20,40,0,56327810
20,41,7,56327813
43,36,5,56327815
20,39,3,56327816
18,34,6,56327906
21,40,0,56327971
20,40,3,56327974
25,48,4,56328023
34,26,7,56328180
48,37,4,56328191
47,37,7,56328196
48,36,7,56328198
25,42,4,56328205
24,52,6,56328248
46,43,5,56328370
46,44,6,56328373
21,40,6,56328391
38,22,3,56328438
19,31,7,56328523
48,36,4,56328826
47,36,7,56328829
48,35,7,56328832
41,35,6,56328926
23,44,4,56328957
22,44,7,56328960
43,41,1,56329045
18,33,3,56329187
26,43,5,56329351
19,35,5,56329485
42,40,5,56329507
42,41,6,56329511
21,36,0,56329550
11,26,7,56329553
29,37,0,56329666
29,36,3,56329672
28,39,2,56330002
19,30,3,56330022
22,43,7,56330137
43,42,7,56330168
48,33,2,56330237
12,21,5,56330264
21,39,5,56330307
20,39,6,56330310
20,38,0,56330323
30,35,6,56330388
24,41,5,56330432
19,33,5,56330507
46,30,2,56330547
41,36,1,56330565
16,21,3,56330600
31,33,1,56330651
19,34,5,56330704
19,35,6,56330708
28,39,1,56330757
19,34,0,56330767
43,36,6,56330900
39,35,3,56330972
43,41,7,56330978
43,42,4,56331018
21,38,5,56331039
21,39,6,56331041
20,36,5,56331072
19,32,5,56331169
48,30,7,56331174
41,35,3,56331179
10,26,5,56331186
40,36,0,56331289
42,34,5,56331298
27,40,2,56331354
25,41,5,56331395
21,37,0,56331402
20,37,3,56331405
21,36,3,56331408
46,28,4,56331576
25,41,6,56331587
29,33,1,56331706
28,40,4,56331849
27,40,7,56331851
22,38,5,56331934
31,34,5,56331985
48,33,1,56332119
47,33,2,56332121
39,38,1,56332170
19,32,6,56332307
44,48,4,56332460
42,42,2,56332463
47,32,1,56332498
25,33,2,56332580
26,43,6,56332692
44,47,1,56332744
30,37,0,56332793
29,37,3,56332795
25,49,5,56332799
27,42,5,56332914
38,38,7,56332983
45,28,4,56333202
19,34,3,56333378
31,31,5,56333433
22,35,3,56333671
42,34,6,56333817
20,33,4,56333838
42,36,6,56333874
29,40,0,56333989
23,35,7,56334273
42,31,0,56334504
19,34,6,56334708
40,35,6,56334869
42,42,1,56334988
37,36,4,56335053
44,49,1,56335096
23,35,4,56335140
20,34,5,56335258
41,34,4,56335329
20,33,5,56335362
34,28,6,56335381
20,32,7,56335534
34,36,6,56335548
42,36,0,56335564
25,46,3,56335716
20,31,5,56335973
22,34,7,56336040
31,36,5,56336113
16,19,3,56336649
26,25,4,56336779
34,37,6,56336899
43,32,7,56337102
20,31,6,56337121
16,52,7,56337170
30,38,0,56337297
31,37,1,56337334
36,36,4,56337481
43,47,2,56337594
53,11,6,56337605
39,41,2,56337642
43,47,7,56337675
36,38,7,56337731
42,33,2,56337771
35,36,5,56338018
27,35,1,56338131
44,30,7,56338246
26,36,2,56338368
20,33,6,56338403
39,41,7,56338418
40,41,2,56338451
25,48,6,56338510
25,49,6,56338609
28,42,6,56338645
39,23,0,56338646
31,34,6,56338914
37,34,5,56339147
37,35,6,56339149
58,11,0,56339217
21,30,5,56339247
40,41,1,56339265
40,42,2,56339268
27,33,1,56339585
28,32,7,56339761
63,27,5,56339765
22,34,4,56339893
31,31,6,56339987
17,18,4,56339998
21,30,6,56340098
0,26,3,56340124
22,35,6,56340201
31,37,0,56340221
30,37,3,56340224
41,31,2,56340240
28,35,5,56340486
35,36,6,56340589
22,34,5,56340683
32,35,4,56340778
31,37,3,56340826
21,30,0,56340850
28,33,4,56340880
27,33,7,56340882
43,30,7,56340921
39,23,3,56341192
21,34,6,56341338
23,34,5,56341358
34,34,3,56341693
54,9,3,56341948
42,25,1,56342053
41,25,2,56342056
34,33,2,56342222
32,38,0,56342747
32,32,2,56343153
35,34,3,56343230
40,36,3,56343264
32,37,3,56343277
34,37,7,56343279
32,33,3,56343523
32,34,7,56343596
43,30,4,56343692
23,28,0,56343823
39,24,2,56343846
21,37,5,56344303
41,31,1,56344343
22,30,5,56346590
29,33,6,56348407
41,30,7,56348474
22,32,5,56348948
37,32,4,56349516
36,31,7,56350044
22,33,5,56350824
27,32,7,56351180
22,34,6,56351462
40,32,2,56351795
53,10,5,56352900
25,26,0,56353116
26,25,0,56353119
25,25,3,56353121
22,32,6,56353242
41,30,4,56353551
36,31,4,56353644
24,27,0,56353681
24,26,3,56353684
22,33,6,56354127
42,30,4,56355382
42,29,7,56355384
27,6,4,56355430
23,32,5,56355600
30,39,0,56356261
42,27,0,56356747
29,29,1,56357105
26,32,1,56357167
23,31,5,56358159
40,24,1,56358824
27,32,4,56358973
25,28,5,56359055
38,23,1,56359345
23,28,3,56359537
35,27,5,56359859
24,28,0,56360590
41,43,4,56361057
30,30,6,56361215
35,22,1,56361400
37,25,0,56361646
23,32,6,56362019
37,23,1,56362536
36,23,2,56362540
24,27,3,56362579
36,23,1,56362624
36,24,2,56362626
23,31,6,56362802
25,27,0,56363463
27,25,0,56363471
27,24,3,56363474
25,27,3,56363535
37,25,3,56363682
24,30,5,56363731
26,25,3,56364155
35,23,0,56364288
26,26,0,56364346
25,26,3,56364349
24,29,0,56364902
33,38,0,56365667
28,28,6,56365940
24,31,5,56366108
24,32,6,56366110
24,28,3,56366217
30,39,3,56366597
38,26,0,56367568
34,24,3,56367843
34,23,2,56368287
25,28,0,56368801
24,31,6,56370163
38,26,3,56370257
36,24,1,56370913
35,24,2,56370915
34,23,1,56371337
31,29,5,56371792
26,27,0,56371850
26,26,3,56371854
27,26,0,56373139
28,25,0,56373141
27,25,3,56373144
24,29,3,56373232
25,31,5,56374160
25,32,6,56374163
25,30,0,56374694
25,29,0,56375858
25,30,5,56378121
26,28,0,56380510
25,28,3,56380980
25,31,6,56381484
25,29,3,56381697
26,29,0,56382411
36,38,1,56382631
27,27,0,56382960
26,27,3,56382963
27,26,3,56385243
26,30,5,56385566
28,26,0,56386015
30,26,4,56386017
28,25,3,56386020
26,30,6,56387362
26,28,3,56389007
27,28,0,56389924
27,27,3,56389926
16,26,1,56391192
54,11,5,56392181
12,26,3,56392565
11,26,1,56392571
28,27,0,56392585
29,26,0,56393596
28,26,3,56393599
13,26,3,56394034
1,26,1,56396924
0,26,2,56398826
1,26,3,56398966
8,26,1,56399133
35,25,2,56399139
2,27,2,56401353
1,27,0,56402304
2,27,0,56406155
23,6,2,56406487
11,27,2,56410477
30,26,0,56410946
33,27,0,56415701
21,6,3,56421844
33,36,3,56421990
35,38,6,56422231
35,37,5,56423491
59,26,3,56425297
54,14,0,56426166
13,27,0,56426222
33,37,6,56427063
34,36,0,56427157
36,37,5,56427958
14,19,7,56428123
54,14,2,56428128
35,37,6,56432525
9,27,0,56436368
13,27,2,56437386
34,35,7,56460924
54,16,2,56558494
54,11,3,56589083
54,11,6,56623779
53,6,1,56682980
53,11,1,56684812
52,6,3,56708211
53,11,3,56733458
30,28,2,56742391
28,28,0,56764333
29,28,4,56771685
28,29,6,56772503
27,28,3,56774410
28,28,4,56793341
27,28,7,56793344
28,27,7,56795607
27,28,2,56801947
30,28,2,56802099
27,28,1,56806761
27,28,4,56808809
26,29,2,56824838
26,27,7,56829227
25,29,2,56831277
25,28,4,56841714
25,27,7,56851173
24,27,1,56851541
27,28,2,56854367
24,28,4,56858017
27,28,7,56858753
27,28,4,56859884
24,26,1,56863738
23,29,2,56864180
26,27,7,56864400
24,27,7,56864629
23,27,2,56865218
23,27,1,56865457
26,28,7,56867328
26,28,4,56869274
26,27,1,56870389
26,28,2,56870392
23,28,1,56871324
53,7,0,56871520
23,29,1,56875131
22,28,2,56879547
23,27,7,56881634
25,28,2,56882166
26,28,1,56882235
25,27,7,56888253
22,27,7,56890041
25,29,2,56893241
21,28,7,56893306
21,27,2,56895420
22,28,1,56896253
25,27,1,56896912
21,29,2,56897332
21,27,1,56897940
24,28,2,56898178
24,28,4,56902853
24,27,1,56903236
21,28,4,56904350
20,28,7,56905528
20,29,4,56917202
24,28,1,56918028
20,28,4,56918200
20,27,7,56918203
23,27,7,56919113
19,28,7,56922414
23,28,2,56929542
23,27,1,56932274
20,29,2,56932998
19,28,1,56951704
19,28,4,56961380
19,27,7,56961382
23,28,1,56962763
22,27,7,56964934
18,29,4,56979611
23,29,2,56992252
22,28,2,56992254
22,27,1,56996589
18,30,2,57000029
17,28,7,57007579
18,27,7,57014580
21,28,7,57016696
22,28,1,57017859
21,27,1,57022049
21,28,2,57022051
17,28,4,57031520
16,29,4,57039819
16,30,2,57040339
16,27,1,57046468
15,28,2,57051703
15,29,2,57057687
16,30,1,57059972
15,28,7,57062794
21,28,1,57069330
20,28,2,57069332
15,29,1,57071848
15,29,4,57072279
15,28,1,57073417
14,29,2,57076186
18,27,3,57076304
20,27,1,57077610
19,28,2,57082625
14,30,3,57085378
20,28,1,57086929
20,29,2,57086931
14,28,7,57088605
15,28,4,57090138
14,30,2,57091309
14,29,1,57092149
19,27,1,57102964
13,28,2,57106791
13,28,7,57110103
13,29,2,57110370
13,30,4,57111947
13,27,1,57112554
13,30,2,57113086
53,12,2,57113119
13,28,1,57113160
13,29,4,57116384
12,28,2,57117867
53,12,1,57117947
52,12,2,57117950
18,8,1,57120145
13,29,1,57121188
19,29,2,57122599
12,29,7,57123553
12,30,7,57123743
12,27,2,57123986
18,18,2,57125415
13,30,1,57125428
12,29,2,57125722
18,27,1,57133168
14,30,1,57134793
19,29,1,57135052
12,28,1,57137018
17,16,1,57137846
12,28,7,57138544
12,29,4,57138641
12,30,4,57139908
17,28,4,57142837
12,29,1,57143193
11,29,7,57143633
11,29,2,57144135
16,27,7,57145170
18,30,2,57148036
11,30,2,57152298
17,28,2,57155589
11,28,7,57156374
11,29,4,57163210
10,29,2,57167960
17,29,7,57168429
10,30,4,57168923
16,27,1,57171027
10,29,1,57175035
10,29,4,57179578
10,28,7,57179581
11,28,4,57179787
9,30,2,57183634
9,29,7,57185261
52,7,3,57185508
9,28,7,57192784
9,29,4,57196326
53,7,3,57196424
54,8,0,57200829
53,8,1,57200839
8,29,7,57202270
8,29,2,57203230
27,7,3,57203822
17,19,0,57204468
8,28,7,57207288
27,9,6,57207438
27,8,3,57208390
17,20,0,57208660
8,29,1,57209424
14,29,7,57210196
27,13,6,57210447
15,27,7,57210531
8,27,2,57210576
8,29,4,57210801
54,8,2,57212356
17,22,0,57212959
54,18,0,57214027
7,29,2,57215457
8,32,4,57215623
27,14,6,57216051
1,27,4,57217233
14,30,7,57225535
54,16,1,57225875
14,27,7,57228363
7,27,2,57228582
53,12,5,57229538
7,27,1,57231379
2,27,4,57232660
7,29,4,57232823
14,30,4,57232898
6,28,7,57233051
50,15,0,57233301
6,27,2,57234717
55,13,5,57235264
54,8,1,57235880
55,12,0,57237026
17,10,5,57237935
15,19,4,57238072
54,14,5,57240573
28,9,0,57241273
27,9,3,57241276
53,10,5,57241372
28,8,5,57241945
6,28,4,57243066
6,31,1,57243087
14,27,4,57243518
53,11,0,57243796
13,27,4,57243855
12,29,7,57243902
5,30,4,57244513
17,18,4,57244575
5,28,7,57245162
53,10,0,57245320
12,29,2,57245669
51,13,2,57245864
6,27,1,57246374
6,33,4,57247018
5,32,7,57247685
28,11,0,57247790
5,28,2,57249175
11,27,2,57249283
9,21,5,57250565
5,30,1,57250614
13,29,1,57250677
13,30,2,57250679
5,29,4,57250687
5,28,4,57253099
4,28,6,57255359
47,30,0,57257076
4,28,7,57257493
4,31,2,57258177
9,30,6,57261778
0,26,6,57262841
11,27,4,57263257
4,28,4,57263456
13,30,1,57263795
11,21,7,57264263
54,8,3,57265041
2,31,6,57265528
28,10,0,57266204
10,27,2,57266892
4,31,1,57267263
14,27,6,57268096
3,28,2,57269024
28,10,6,57269106
3,27,6,57270595
53,10,3,57270915
53,14,7,57271190
53,12,6,57271951
3,28,1,57273540
3,31,1,57273829
10,26,7,57275096
27,15,3,57276144
3,32,2,57276246
2,31,7,57276469
53,13,6,57277018
2,29,2,57277274
60,34,7,57277758
27,21,6,57278116
9,27,4,57278577
8,26,7,57279882
2,29,1,57280274
36,12,3,57280725
2,30,4,57281110
2,31,4,57282209
8,27,4,57287280
8,26,1,57293999
7,26,7,57298131
50,16,0,57299488
55,17,1,57299654
7,26,1,57299932
45,30,0,57300320
7,27,2,57300524
31,28,1,57300754
2,32,2,57300992
54,14,3,57301993
32,29,0,57302370
54,14,5,57303552
1,29,1,57304533
6,26,1,57305368
33,29,0,57305610
9,30,4,57307089
1,32,2,57308181
25,28,1,57308513
54,10,2,57308995
4,27,7,57309071
6,27,2,57309279
5,26,1,57309306
5,27,2,57309309
33,29,3,57309633
55,15,0,57310303
54,10,1,57311512
7,27,1,57311656
54,18,2,57312068
54,15,6,57312426
0,32,7,57312848
32,29,3,57313220
6,27,1,57315571
7,29,2,57319413
5,28,2,57322284
4,27,3,57323251
7,30,2,57324340
54,15,2,57324397
7,29,1,57325295
32,29,1,57326766
55,10,0,57327123
54,15,1,57327255
5,28,0,57327611
54,18,0,57327708
30,29,2,57328940
7,31,7,57330556
7,30,1,57330599
8,27,6,57330872
54,19,7,57331067
3,32,1,57331817
5,29,0,57332365
28,29,2,57332791
17,23,0,57332874
31,29,1,57333167
57,35,1,57335067
5,29,1,57335260
32,30,2,57335356
30,29,1,57335525
15,19,1,57335565
61,32,4,57335792
6,31,2,57336394
11,27,6,57337009
29,30,2,57337032
2,32,1,57337696
2,33,2,57337699
3,29,2,57338206
2,33,0,57338460
1,33,2,57338480
28,7,7,57338489
55,12,7,57338516
5,30,0,57338678
14,27,2,57339126
12,27,7,57339566
6,31,1,57339590
5,30,1,57339971
8,29,0,57340117
27,7,3,57340224
32,30,0,57340467
53,16,7,57340480
27,29,2,57340672
4,30,2,57340857
25,29,2,57340923
31,30,2,57341115
13,29,0,57341208
24,29,2,57341272
15,29,0,57341466
49,17,2,57341765
12,27,4,57341772
10,26,3,57341775
27,29,1,57341834
17,22,3,57341873
54,19,4,57341925
23,8,2,57342107
54,33,5,57342491
14,27,0,57342722
11,29,0,57342884
9,29,3,57343209
20,9,0,57343458
22,29,2,57343495
5,32,2,57344449
13,27,0,57344651
16,24,7,57344760
33,30,0,57345139
4,30,1,57345367
3,29,1,57345700
3,30,2,57345703
5,32,1,57348729
2,30,2,57349407
3,30,1,57350044
3,31,2,57350095
33,30,1,57350573
1,26,1,57350846
12,29,1,57351464
4,33,2,57352084
12,27,2,57352836
2,30,1,57353290
54,17,1,57353571
29,30,1,57353595
8,26,3,57353635
8,26,1,57354046
0,30,2,57354422
1,30,1,57354828
10,27,2,57354908
28,31,2,57354999
3,31,1,57355094
2,31,2,57355099
31,30,3,57355329
55,13,7,57355422
55,12,4,57355487
30,30,3,57356146
2,31,1,57357098
1,31,2,57357100
31,30,1,57357331
32,31,0,57358086
7,26,1,57358087
32,30,3,57358088
0,30,3,57358231
3,32,1,57358688
3,33,2,57358690
2,32,2,57358693
8,27,2,57358922
11,27,0,57359104
9,27,0,57359264
1,31,0,57359671
25,30,2,57360491
31,31,0,57360668
32,31,2,57360942
63,16,1,57361090
15,27,1,57361093
14,27,1,57361125
1,31,1,57361659
1,32,2,57361780
11,21,3,57362109
11,21,1,57362130
12,27,1,57362133
10,27,0,57362136
6,26,1,57362343
2,32,1,57362415
2,33,2,57362417
20,29,1,57363105
55,16,1,57363165
28,9,6,57363630
9,27,2,57364192
30,31,2,57364306
10,21,3,57364705
7,27,2,57364839
4,34,1,57365347
3,33,1,57365349
14,27,3,57365666
24,15,0,57365744
46,33,2,57365745
31,31,3,57365809
28,30,1,57366112
62,34,1,57366245
28,29,1,57366375
11,27,3,57366571
61,35,2,57366854
8,21,3,57366949
9,21,1,57367713
20,9,1,57367971
58,34,2,57367974
8,27,3,57368097
11,22,0,57368143
26,30,0,57368233
32,31,1,57368505
6,27,2,57368549
6,27,0,57368682
24,29,3,57368855
33,31,1,57368860
22,8,3,57369305
6,31,2,57369389
10,27,3,57369495
16,25,3,57369756
17,10,6,57369825
9,31,2,57369840
0,35,7,57370086
23,8,1,57370252
9,27,3,57370258
59,32,3,57370268
58,13,0,57370298
30,31,1,57370548
29,32,2,57371086
10,22,2,57371501
28,8,1,57371962
32,31,3,57372101
16,34,1,57372374
29,31,3,57372418
55,15,4,57372507
28,8,0,57372593
5,31,0,57373479
3,27,0,57373488
26,8,3,57373560
15,31,2,57373614
34,32,2,57373647
62,17,2,57373658
13,28,2,57373753
17,24,0,57373853
53,16,4,57373860
57,34,0,57374113
15,31,1,57374248
55,18,4,57374343
19,30,2,57374641
14,28,2,57374884
55,19,0,57374937
55,12,1,57375003
54,17,7,57375070
54,23,2,57375229
62,35,1,57375393
59,17,1,57375404
10,27,1,57375534
27,8,3,57375698
9,27,1,57375811
12,28,0,57375851
49,18,0,57376402
27,31,2,57377020
9,22,0,57378969
62,35,3,57380087
31,32,2,57380869
54,12,2,57381410
25,8,1,57381609
58,36,6,57382521
28,31,1,57383177
14,32,2,57383860
32,32,0,57384472
10,28,0,57384894
54,21,0,57384913
43,34,0,57385495
53,19,3,57385500
10,28,2,57385545
53,12,1,57386049
7,27,1,57386128
54,20,0,57386383
8,27,1,57386524
27,31,1,57386579
29,32,0,57386802
11,28,0,57387565
8,28,2,57388182
17,31,2,57388600
19,30,1,57388941
6,27,3,57389192
9,28,0,57389291
23,9,0,57389468
25,13,2,57389510
52,16,1,57389513
31,32,3,57390112
59,17,3,57390288
31,32,1,57390365
32,34,4,57390398
2,27,3,57390458
53,18,4,57390664
5,27,3,57390719
14,28,1,57391241
30,32,1,57391491
58,18,0,57391707
27,9,0,57391812
61,35,1,57391824
52,17,7,57392092
58,18,2,57392093
7,28,2,57392099
14,32,1,57392286
6,27,1,57392853
6,28,2,57392855
45,34,3,57392996
14,31,0,57393005
7,28,0,57393151
16,36,1,57393183
25,9,2,57393709
29,32,1,57394025
28,9,2,57394099
38,34,2,57394249
6,28,0,57394611
27,32,2,57395071
29,32,3,57395072
54,18,4,57395270
28,33,2,57395343
2,33,0,57395475
9,28,2,57395813
25,31,1,57395968
29,33,2,57395982
8,33,2,57396218
11,28,3,57396565
30,33,0,57396681
54,13,2,57397075
13,33,2,57397104
25,9,1,57397269
2,33,3,57397277
29,33,0,57397542
12,28,1,57397592
3,33,3,57397983
27,9,2,57398572
52,15,7,57398583
3,27,3,57398596
11,28,1,57398602
10,28,1,57399054
57,18,3,57399400
12,33,0,57399468
18,32,1,57399645
40,31,3,57399892
1,34,0,57399955
28,9,1,57399983
45,35,2,57400146
8,33,1,57400208
4,28,0,57400264
30,33,2,57400411
47,19,6,57400464
63,14,0,57400631
34,33,1,57400748
14,33,2,57400753
23,32,1,57400940
26,32,2,57401194
17,10,0,57401265
6,33,1,57401569
1,34,3,57402367
30,33,3,57402626
11,33,1,57402649
7,34,2,57402772
56,36,0,57402863
12,28,3,57402936
9,28,1,57403127
3,27,1,57403167
28,9,0,57403408
27,9,3,57403411
53,19,1,57403533
27,27,4,57403885
8,28,1,57404805
17,22,6,57404865
17,33,0,57404963
54,18,2,57405109
4,34,2,57405165
23,10,5,57405526
32,34,2,57405611
8,23,2,57405887
13,33,0,57405916
28,10,0,57406026
13,33,3,57406047
56,18,1,57406053
14,33,1,57406111
24,10,2,57406209
5,34,2,57406420
60,18,0,57406544
59,18,3,57406547
46,35,1,57406620
20,33,2,57406917
12,29,0,57407227
16,33,1,57411686
31,33,1,57411900
10,23,2,57412017
9,23,0,57412300
10,34,0,57413082
4,34,0,57413126
30,33,1,57413804
58,18,3,57413961
53,14,4,57414081
45,36,2,57414232
2,28,2,57414435
37,34,1,57414499
4,34,3,57414556
5,28,2,57414600
31,34,0,57414826
2,35,0,57415597
33,34,2,57415966
52,17,1,57415991
3,28,0,57416342
12,29,3,57417045
51,17,2,57417168
30,34,2,57417348
57,19,0,57417526
10,34,3,57417533
29,33,1,57417616
29,34,2,57417618
28,10,2,57417709
11,29,2,57417768
23,33,0,57417910
10,34,2,57417961
14,29,0,57418101
6,28,3,57418222
59,19,0,57418449
23,33,3,57418559
54,13,1,57418991
54,14,2,57418994
58,19,0,57419082
10,34,1,57419340
32,34,1,57419690
15,37,2,57419972
54,18,1,57419996
55,19,2,57420223
61,38,1,57420240
59,19,2,57420249
5,34,1,57420698
60,20,6,57420787
3,28,3,57421179
6,28,1,57421210
9,35,2,57421312
7,28,1,57421317
29,34,3,57422019
11,29,1,57422054
7,29,2,57422135
33,34,1,57422240
31,34,3,57422549
27,32,1,57422786
32,34,3,57422891
31,34,1,57423246
5,28,1,57423478
45,36,1,57423717
6,29,2,57423850
4,27,1,57423872
5,29,2,57424204
53,18,2,57424810
40,3,4,57425164
24,10,1,57425331
17,10,3,57425464
10,35,2,57426398
32,35,2,57426435
8,35,3,57427022
4,28,3,57427345
31,35,2,57427865
30,34,1,57427918
30,35,0,57427960
11,35,0,57428321
9,35,1,57428464
7,35,1,57428606
9,23,3,57428730
26,33,2,57428829
28,10,1,57429439
59,19,1,57429528
15,35,7,57429543
21,11,1,57429791
10,23,1,57429825
10,35,1,57429826
17,22,7,57429907
20,34,1,57430090
60,37,1,57430139
56,19,1,57430482
23,34,0,57430639
23,34,2,57430657
57,19,1,57431178
37,36,7,57431311
52,18,4,57431413
55,19,3,57431429
15,25,7,57431521
8,35,5,57431618
56,36,3,57431676
58,37,4,57431678
16,17,7,57431863
32,35,0,57432042
16,35,0,57432044
4,29,0,57432046
26,33,1,57432093
29,35,0,57432095
6,36,2,57432309
12,35,1,57432481
26,32,1,57432696
23,33,2,57432711
10,24,0,57432720
22,16,0,57433039
12,35,3,57433076
54,20,4,57433117
54,14,1,57433345
53,14,0,57433627
10,35,3,57433659
9,36,2,57433727
63,19,1,57433923
2,36,3,57433985
58,19,3,57434129
13,35,1,57434139
21,34,3,57434253
9,24,2,57434271
11,36,2,57434422
19,35,0,57434439
21,21,4,57434488
30,35,2,57434912
21,35,0,57435131
53,19,7,57435228
31,35,3,57435613
53,14,2,57435656
29,35,2,57435681
51,18,2,57435941
7,29,1,57436181
61,39,1,57436347
54,16,4,57436415
32,35,1,57436458
57,37,0,57436584
30,35,3,57436591
4,36,1,57436730
23,18,2,57436884
6,36,1,57436906
60,40,7,57436961
8,23,1,57437046
27,11,2,57437366
61,19,5,57437757
8,36,2,57437820
6,29,3,57438026
4,29,3,57438598
4,36,3,57443881
8,36,3,57446055
58,20,2,57446079
8,36,1,57446298
54,17,4,57446555
63,15,1,57446615
56,20,0,57446887
45,38,1,57447013
53,19,2,57447758
56,20,2,57448405
5,33,3,57449166
11,36,1,57449359
57,20,2,57449387
28,35,3,57449585
29,35,1,57450090
5,36,1,57450116
5,37,2,57450118
37,36,3,57450294
38,37,0,57450766
54,15,1,57450777
30,35,1,57450860
31,35,1,57450932
31,36,2,57450934
10,30,2,57451014
55,20,2,57451205
23,35,0,57452389
7,37,2,57452746
4,29,2,57453014
21,35,3,57453396
6,29,1,57453494
30,36,2,57453531
62,20,2,57453802
53,14,1,57454009
60,40,2,57454816
57,38,6,57455231
29,36,2,57455456
29,36,0,57455582
29,35,3,57455585
5,29,1,57456055
54,43,5,57456854
41,37,2,57456957
21,37,6,57457128
23,18,1,57457248
31,36,1,57457695
61,40,1,57457797
31,36,0,57457829
30,36,0,57458106
30,36,3,57458166
52,18,1,57458641
15,27,3,57458879
24,14,3,57459063
53,15,2,57459202
59,37,1,57459314
59,38,2,57459317
59,20,0,57459703
27,11,7,57460246
58,20,1,57460346
60,41,2,57460408
21,12,0,57460418
5,38,2,57460569
10,24,3,57460599
57,20,1,57460682
10,35,2,57460805
2,29,1,57460972
2,30,2,57460974
7,37,3,57461085
5,37,1,57461238
3,38,1,57461718
20,12,1,57461902
51,19,2,57461983
51,10,1,57462044
54,23,1,57462359
26,37,0,57462655
54,20,3,57462798
57,37,3,57462979
28,36,3,57463160
11,37,1,57463186
4,38,2,57463881
30,36,1,57463902
58,20,3,57463990
29,36,3,57464012
23,11,3,57464071
7,37,1,57464263
22,36,0,57464365
15,37,0,57464436
12,37,1,57464528
44,39,2,57464562
18,15,0,57464583
9,24,1,57464734
8,24,2,57464736
5,30,0,57464792
58,38,0,57464927
32,36,0,57464931
31,36,3,57464933
6,34,1,57464990
5,34,2,57464992
44,38,3,57465401
36,37,3,57465522
34,37,0,57466241
23,12,0,57466262
4,30,2,57466524
7,38,0,57467438
55,20,1,57467677
31,37,2,57467841
39,33,1,57468300
37,38,0,57468416
10,38,2,57468428
4,38,1,57468457
22,19,2,57468727
60,41,1,57468933
7,38,3,57469400
36,38,0,57469664
53,24,2,57474406
52,40,1,57475485
52,15,2,57475570
53,19,1,57476198
44,39,1,57476839
62,20,1,57477412
5,30,2,57477577
8,24,1,57477671
7,24,2,57477674
30,37,2,57477779
26,11,1,57477851
30,37,0,57479225
29,37,2,57480651
29,37,0,57481162
7,18,2,57481457
10,25,0,57481526
55,21,2,57482051
52,15,3,57482696
20,12,3,57483221
56,42,4,57484048
44,40,2,57484099
54,21,0,57484171
51,19,1,57484290
30,37,3,57484354
54,20,1,57485059
9,25,2,57485490
9,25,0,57486025
44,40,0,57486683
44,39,3,57486686
31,37,1,57486889
5,35,2,57487077
8,25,0,57487260
30,37,1,57487339
7,24,1,57487391
1,30,2,57487418
28,37,0,57487746
21,12,3,57488449
3,23,4,57488603
53,15,1,57489482
61,21,3,57489882
10,35,1,57490079
29,37,3,57490454
46,22,0,57490679
21,37,0,57490867
48,22,1,57491988
57,42,0,57492737
53,21,0,57492995
27,37,0,57493015
8,25,2,57493346
52,23,7,57493672
15,26,2,57493779
11,38,3,57494019
26,37,3,57494049
30,38,0,57494233
31,37,0,57494235
0,40,3,57495192
52,15,1,57495201
30,38,2,57495456
12,39,5,57495551
43,40,3,57496155
27,12,2,57497134
12,39,0,57497873
27,37,3,57498030
43,40,2,57498228
29,38,2,57498488
60,21,1,57499059
26,27,2,57499156
7,25,2,57499371
21,37,3,57499481
53,42,3,57499483
55,21,1,57499527
16,29,1,57499673
63,16,0,57499790
14,39,4,57500104
19,13,3,57500857
8,39,0,57500927
9,39,7,57500929
15,38,1,57501179
28,38,0,57501401
53,16,2,57503238
6,36,1,57509829
47,23,2,57510628
52,16,0,57511331
3,41,0,57511785
26,38,2,57511925
63,16,1,57512698
9,36,2,57513842
52,16,2,57514596
59,22,2,57514602
51,20,0,57515675
53,20,1,57516720
53,21,2,57516722
27,38,0,57517714
27,38,3,57518897
4,30,1,57518995
61,22,0,57519246
42,41,7,57519548
5,35,1,57519577
31,38,1,57520221
44,41,0,57520662
43,41,3,57520664
28,38,3,57521103
53,16,1,57521932
8,38,1,57522794
22,37,0,57523933
8,25,3,57524229
29,39,0,57526213
54,21,1,57526673
8,44,3,57526966
28,39,0,57527260
27,38,1,57529121
52,16,3,57529596
26,38,1,57529659
25,37,1,57529661
25,38,2,57529664
62,22,0,57530292
61,22,3,57530296
35,37,2,57530501
3,39,0,57531212
18,39,0,57531330
15,39,3,57532734
29,38,1,57533504
43,41,1,57533598
27,39,0,57538591
43,42,2,57541769
52,16,1,57542498
5,36,1,57542614
5,37,2,57542617
44,42,1,57544631
59,22,1,57544877
10,36,1,57545189
22,37,1,57545563
57,39,1,57545616
52,21,5,57547569
53,21,1,57547670
61,22,5,57548410
28,39,2,57548704
4,36,2,57549135
13,24,1,57551571
21,37,3,57552167
21,38,2,57552244
16,40,0,57554543
56,41,6,57554657
26,39,3,57555731
10,37,2,57555960
9,26,0,57557680
9,25,1,57558197
43,42,3,57558277
62,17,3,57559780
7,25,1,57559910
7,39,2,57560640
19,14,2,57560903
58,40,0,57561616
54,44,7,57562479
51,43,1,57562821
9,36,1,57562841
9,37,2,57573228
57,23,2,57573275
43,42,1,57575809
20,39,3,57576904
6,26,2,57577490
21,39,3,57578305
3,39,3,57581229
43,43,0,57582228
27,40,0,57582684
27,39,3,57582687
28,39,1,57586526
19,40,2,57586549
28,40,2,57586750
8,26,2,57586782
43,43,2,57587726
7,32,0,57587950
9,26,3,57588345
5,37,1,57588440
8,37,2,57588563
13,23,1,57589792
8,37,1,57590909
7,39,1,57593973
56,23,0,57594552
6,26,3,57603897
4,37,2,57606155
8,26,1,57608959
9,37,1,57611014
9,27,2,57611502
43,43,3,57612157
25,14,0,57613755
7,27,2,57613791
5,40,6,57613903
2,32,1,57613919
3,45,0,57614357
10,27,0,57614558
6,40,2,57616757
28,40,0,57616983
8,38,0,57617033
8,37,3,57617036
28,40,1,57617676
8,27,2,57618167
27,41,2,57618285
21,40,2,57618469
7,27,0,57618522
8,38,2,57621003
6,39,5,57621027
24,14,0,57622968
5,33,7,57623212
7,38,3,57623251
6,40,3,57623655
7,39,0,57632870
6,27,2,57634550
27,41,1,57636327
9,27,1,57636652
44,44,0,57636787
12,26,2,57637632
4,33,0,57637709
8,27,1,57637800
8,46,7,57641421
8,28,2,57641455
4,33,3,57642077
6,40,7,57642156
27,40,3,57642477
7,27,1,57643200
25,14,3,57643232
9,28,2,57644332
28,41,2,57644506
20,41,0,57645313
11,34,2,57646487
7,28,0,57646782
9,28,0,57646844
8,41,2,57647109
7,28,2,57648318
8,39,0,57648403
5,38,1,57648514
4,38,2,57648517
7,41,1,57650006
2,46,1,57650376
1,46,2,57650379
26,14,3,57650483
27,41,0,57650627
5,34,0,57650637
18,16,0,57650824
7,39,3,57652387
4,42,2,57652974
26,42,2,57653203
5,34,2,57655241
24,14,3,57656115
44,44,3,57656779
6,28,7,57656863
4,41,3,57656917
20,42,0,57662445
19,42,3,57662447
5,47,3,57667224
6,28,2,57670724
9,28,3,57671076
7,42,0,57671130
11,34,1,57671135
12,27,0,57672587
25,15,0,57672981
10,28,1,57673460
10,35,2,57674445
5,42,0,57674864
4,34,3,57675579
6,34,1,57677482
6,48,0,57678151
5,34,3,57678648
35,25,1,57678990
25,15,2,57679745
45,45,0,57680537
27,42,0,57680711
13,35,0,57681908
7,28,1,57682226
26,15,0,57682496
26,28,1,57682751
22,42,4,57683294
7,28,3,57683517
22,41,0,57683708
20,43,0,57684193
21,42,0,57684195
20,42,3,57684199
53,23,0,57684638
22,15,3,57684676
21,41,7,57684799
9,29,2,57684924
21,42,3,57685840
13,46,0,57685920
33,35,0,57686151
8,28,1,57686309
8,40,0,57686623
10,28,3,57687366
44,45,2,57687585
43,44,2,57687588
47,24,1,57687593
60,48,2,57688071
9,42,2,57688203
27,41,3,57688884
12,27,3,57694939
10,27,3,57695078
63,18,4,57696089
63,17,5,57696609
10,29,0,57699434
4,51,4,57700346
62,17,2,57701195
45,45,3,57705446
22,43,0,57705555
52,22,2,57705744
52,17,2,57705782
20,44,0,57708213
14,30,3,57708922
11,28,0,57710271
39,36,3,57710599
7,29,2,57710725
62,22,3,57710780
8,29,0,57710955
25,32,3,57711471
60,46,1,57712909
52,22,4,57714168
26,34,7,57715257
25,40,5,57715357
45,46,0,57715674
56,23,4,57716470
0,36,7,57717353
46,46,0,57717592
15,33,0,57718376
45,37,0,57719455
15,28,0,57730735
51,18,3,57734080
58,23,2,57734455
26,29,5,57734732
62,19,7,57735289
51,19,6,57735685
57,23,6,57736052
53,21,6,57737377
51,17,2,57738650
15,25,5,57738784
5,35,0,57739053
53,20,3,57739309
13,35,3,57739759
33,35,3,57739822
35,26,2,57739825
59,23,2,57739878
23,43,5,57740375
25,38,6,57740806
10,49,0,57741185
26,43,4,57741189
26,27,6,57742718
47,23,1,57743328
52,18,5,57744971
7,50,0,57745497
59,23,1,57745980
54,25,5,57746115
15,26,6,57746670
44,45,1,57747101
22,43,3,57747455
54,23,3,57748038
11,25,6,57748052
46,46,7,57748439
20,21,1,57748772
61,23,0,57750506
15,25,6,57751791
54,20,0,57756658
26,33,0,57759672
62,50,0,57760857
58,23,1,57761732
52,18,0,57762640
26,33,5,57763599
54,20,5,57768207
26,29,6,57768500
3,41,0,57769841
3,42,7,57769843
16,25,0,57770491
17,28,0,57770741
17,32,1,57773083
27,24,5,57773748
54,21,0,57773817
60,23,0,57777172
11,29,0,57778151
10,29,3,57778153
16,19,3,57779044
53,23,6,57779865
17,28,5,57780395
16,20,6,57780484
49,25,0,57781914
61,23,3,57788181
17,25,3,57794038
54,22,5,57795340
52,19,0,57797420
54,26,6,57800152
54,19,5,57800877
17,28,3,57802192
47,47,1,57802656
8,41,3,57805257
52,19,3,57808417
55,24,0,57808474
54,22,6,57809031
17,19,7,57809842
15,32,6,57810367
54,20,3,57810434
13,22,7,57810472
49,25,3,57811341
26,33,6,57812053
25,16,0,57812844
11,29,3,57813112
52,20,6,57823662
52,18,3,57827727
54,19,3,57830101
26,34,6,57832925
26,39,0,57833099
16,32,3,57833528
27,29,5,57836611
17,24,6,57836617
26,34,3,57840289
47,48,0,57841049
54,20,6,57842312
7,42,3,57842498
3,41,3,57844091
8,29,3,57859022
11,30,0,57863681
26,43,0,57864301
10,35,1,57869810
9,30,0,57871234
21,46,3,57874167
53,25,6,57874313
8,42,3,57887816
0,37,2,57896998
11,36,2,57899708
5,51,0,57900954
1,37,2,57905400
47,48,3,57937202
48,49,0,58000047
5,51,3,58052604
5,42,0,58055754
8,43,0,58056874
11,36,1,58058760
9,30,3,58059091
12,30,1,58059937
10,30,1,58061840
1,37,1,58082415
3,42,3,58105701
10,31,0,58119059
11,31,2,58119645
8,30,3,58119855
9,31,0,58120050
58,23,1,58120977
6,38,5,58123536
26,40,6,58123875
10,43,2,58125023
54,25,5,58136593
6,52,0,58142289
57,23,1,58143718
61,23,5,58148235
9,31,2,58152861
18,38,4,58154756
12,30,0,58155749
54,21,3,58172360
0,38,2,58175267
18,26,0,58178854
17,33,3,58179636
55,22,0,58180472
27,29,6,58181113
27,35,0,58181767
0,39,7,58182303
55,22,3,58182513
54,22,4,58183408
10,43,1,58184725
6,52,3,58185253
17,35,5,58185956
17,35,6,58186148
53,20,0,58187802
54,25,0,58204963
53,21,6,58206099
55,21,0,58206389
28,19,0,58210259
53,19,0,58210283
48,49,6,58211805
55,20,0,58214353
50,49,5,58216203
27,41,0,58216415
18,23,3,58217140
27,34,6,58219143
53,20,3,58231743
18,31,0,58233590
61,23,6,58233787
54,25,3,58234269
18,25,0,58234589
15,29,0,58236893
7,53,6,58237174
55,26,0,58237352
26,23,2,58238162
53,19,3,58240481
55,20,3,58241127
46,47,2,58242407
49,49,6,58242506
55,21,3,58242777
16,30,6,58242911
47,48,6,58243610
27,39,3,58244041
53,20,6,58245172
37,29,2,58245537
56,22,0,58246818
54,23,3,58247116
47,47,5,58249073
49,48,5,58250191
58,23,4,58250779
53,18,6,58263410
12,30,3,58267524
54,20,0,58267966
18,35,0,58267983
25,44,3,58268223
54,17,5,58271208
18,31,6,58272078
56,22,3,58272985
48,47,5,58273218
48,48,6,58273220
45,47,6,58273319
45,46,2,58273524
25,23,6,58273621
55,24,0,58274421
7,44,6,58275250
28,33,5,58278215
59,46,0,58278570
56,24,3,58279926
18,31,3,58280204
54,20,3,58280324
48,47,7,58280513
60,51,4,58280624
57,22,7,58281728
47,47,6,58281802
49,47,5,58294640
59,23,6,58296643
28,39,0,58298605
57,22,4,58299870
55,21,2,58300906
46,46,5,58301577
48,47,6,58303074
18,33,6,58304317
1,38,1,58305376
15,36,3,58306420
48,46,5,58306659
49,24,5,58308527
18,25,3,58309120
28,40,0,58309339
28,36,5,58309687
54,21,6,58309783
9,44,2,58310715
54,17,7,58312584
49,46,7,58313087
60,22,5,58326057
62,22,5,58330102
49,46,5,58330144
16,29,4,58332855
8,43,5,58334743
46,46,6,58335104
54,19,0,58335544
48,46,6,58336995
54,19,3,58337285
22,24,6,58340520
55,17,6,58341186
61,22,7,58341764
26,44,0,58342502
59,22,5,58351161
46,45,7,58355408
55,20,0,58356271
55,21,6,58360775
47,45,5,58362463
44,45,5,58363692
58,22,4,58363743
51,24,4,58364357
60,22,4,58370054
51,47,6,58370055
50,24,6,58371596
44,44,1,58403933
55,23,7,58425280
62,22,6,58426155
1,38,4,58431994
0,38,6,58433019
28,41,0,58434953
54,20,1,58457050
55,23,4,58457622
54,21,7,58457685
55,25,7,58459560
55,16,3,58459888
56,22,7,58463370
54,20,7,58463996
19,27,5,58468834
59,22,4,58469097
56,25,5,58478461
1,37,5,58481048
17,29,5,58481229
55,17,2,58481398
56,22,4,58482596
16,35,6,58482977
54,21,4,58483011
17,32,1,58484033
55,21,7,58484415
27,21,7,58486690
17,31,1,58486964
17,33,5,58488960
62,21,1,58489085
6,42,7,58489951
55,18,7,58490225
9,43,0,58491318
17,33,4,58491483
55,19,7,58491541
18,32,3,58492615
53,17,7,58492770
55,18,2,58493624
54,24,2,58495166
28,38,4,58497802
4,43,0,58499599
17,35,0,58500167
54,23,2,58504201
28,36,1,58512942
55,18,4,58513213
17,34,5,58516047
53,18,4,58517886
18,32,1,58517907
55,17,1,58518525
55,19,4,58519413
53,19,7,58519947
54,23,4,58520003
17,34,6,58520101
0,37,7,58520128
4,43,3,58520991
16,33,7,58521809
16,33,2,58522376
16,35,7,58522595
16,32,2,58523000
28,33,1,58523258
55,18,1,58524113
18,31,1,58524441
54,24,4,58524475
16,22,6,58524831
28,41,4,58525240
28,41,1,58526288
17,18,5,58526316
18,25,7,58526541
55,20,1,58526632
44,45,4,58527156
16,21,6,58527216
53,22,7,58527574
16,32,7,58527739
28,27,4,58528263
54,25,4,58528336
16,33,1,58528516
16,36,4,58528705
11,42,7,58528844
18,19,2,58529239
28,28,7,58529621
20,17,3,58529691
17,35,3,58529941
17,26,4,58530170
17,21,5,58530242
28,39,1,58530362
28,28,4,58530420
5,42,7,58531210
53,18,1,58531585
12,30,7,58531646
53,19,4,58531819
53,22,4,58543364
53,21,7,58543366
27,37,7,58543740
28,17,7,58545065
28,26,4,58545908
28,21,1,58547485
44,45,6,58548127
21,12,7,58548450
52,21,7,58548914
16,32,1,58548962
7,41,1,58549283
17,20,7,58549404
28,23,1,58549798
17,34,7,58550151
27,25,7,58550264
54,18,7,58550688
28,20,4,58550901
55,23,1,58550979
53,21,4,58551602
18,19,1,58552492
17,19,2,58552494
16,32,4,58552770
12,20,3,58552915
27,42,2,58553518
16,27,7,58553797
17,32,2,58553988
17,33,2,58554358
27,34,2,58554658
59,22,6,58554715
54,12,3,58555254
35,19,6,58555297
52,17,7,58555480
22,25,2,58555502
16,25,2,58556344
17,19,1,58556936
26,22,6,58557351
27,39,2,58557368
16,35,4,58557462
52,18,7,58557665
15,37,4,58557898
13,44,2,58558154
17,19,4,58558295
27,40,2,58559205
17,18,1,58559560
27,20,7,58559738
12,27,2,58559812
17,32,7,58559899
16,28,4,58560267
27,26,7,58560340
49,24,4,58560408
52,18,2,58560845
14,36,7,58561452
17,20,4,58561470
15,34,2,58561914
16,31,1,58561950
54,23,7,58562076
23,26,7,58562306
13,28,6,58562680
15,34,7,58562690
43,44,7,58562731
56,21,3,58571410
53,24,4,58572256
52,16,1,58572333
52,20,2,58573214
27,36,1,58573320
53,23,4,58573989
17,33,1,58574548
17,34,4,58574896
16,23,7,58576063
45,45,3,58576450
52,18,4,58577794
12,30,4,58577812
16,24,2,58578303
52,17,4,58579001
52,21,4,58579083
27,35,4,58579449
16,26,4,58579623
16,26,1,58580040
44,44,5,58581524
15,33,2,58581697
15,35,7,58581870
54,20,4,58582727
28,17,4,58583124
28,19,4,58583303
26,32,0,58583453
17,29,1,58583691
52,19,4,58583778
27,19,7,58583991
51,16,2,58584620
52,20,7,58584904
24,21,5,58585645
27,25,1,58585786
48,46,2,58586031
16,20,2,58586122
22,16,2,58586681
25,15,3,58586695
63,15,5,58586717
57,21,5,58586748
17,32,4,58587636
5,42,4,58587754
26,43,4,58588203
52,20,4,58588409
26,21,7,58588948
27,29,2,58589239
15,32,2,58589312
54,19,4,58589425
14,28,4,58589614
15,34,4,58589721
15,34,1,58589723
24,42,5,58590111
27,41,4,58590236
16,25,4,58590355
35,33,1,58590649
27,19,2,58590688
27,39,1,58591000
8,20,1,58591044
43,44,6,58591065
27,27,2,58591240
2,37,5,58591986
1,37,6,58591988
16,19,7,58592101
27,26,4,58592371
26,21,4,58592379
25,20,7,58593042
51,18,7,58593258
18,17,0,58593283
63,21,5,58593468
15,35,4,58593539
27,29,1,58593757
25,42,7,58594669
53,18,7,58599511
52,18,1,58600085
63,16,1,58601109
27,26,1,58601346
13,27,7,58602150
20,17,7,58603739
15,33,1,58604227
16,21,4,58604462
21,17,4,58604831
27,25,4,58605617
1,37,4,58606185
12,24,4,58606295
12,36,7,58606548
46,24,4,58606567
11,36,5,58606660
26,21,1,58607028
3,42,7,58607130
51,17,7,58607174
11,29,7,58608278
16,24,1,58608368
21,16,5,58608742
26,37,2,58609064
27,16,7,58610190
15,32,1,58610441
15,32,4,58610673
51,17,2,58610995
12,23,4,58611095
11,36,6,58611489
10,30,6,58611490
24,21,6,58611600
59,21,5,58611862
14,36,4,58612174
27,18,7,58612207
9,41,7,58613144
56,21,5,58613312
46,45,7,58613326
11,30,4,58613341
4,51,7,58613359
51,16,7,58613687
6,45,7,58613965
47,24,5,58614156
24,16,4,58614392
22,16,7,58614581
35,29,1,58614636
63,46,5,58615007
0,37,6,58615459
15,26,7,58615649
15,27,7,58616110
26,34,7,58616476
23,16,4,58616843
16,22,1,58617222
45,44,5,58617758
15,29,2,58618063
26,33,2,58618256
25,16,4,58618348
46,45,4,58619495
63,15,4,58619722
12,20,1,58620673
15,31,1,58620865
61,46,1,58621253
13,36,4,58621613
27,20,4,58621855
24,16,6,58622198
39,37,6,58622828
42,42,2,58622834
26,37,1,58622935
7,42,7,58623385
52,24,7,58623769
16,20,1,58624457
60,50,5,58624739
23,16,6,58625090
4,51,4,58625301
26,40,2,58625368
27,19,4,58625416
15,33,4,58625547
25,42,4,58625928
20,17,4,58630552
18,16,3,58630555
21,16,7,58630844
23,42,4,58631884
12,36,4,58632832
51,18,2,58633299
15,25,7,58633687
3,41,7,58633698
14,35,4,58635652
1,36,7,58635943
44,44,6,58636075
51,18,4,58636131
13,35,7,58636144
23,41,5,58636633
53,19,7,58637193
26,27,2,58637366
24,41,7,58637484
49,24,4,58637653
12,27,6,58640284
11,24,7,58640442
11,35,5,58640982
7,36,6,58641050
46,44,4,58641431
21,16,6,58642039
21,44,4,58642379
22,41,7,58642780
53,24,2,58643300
14,34,7,58643362
12,35,5,58644313
22,16,4,58644826
62,46,6,58644957
10,35,5,58645042
58,21,4,58645411
15,25,2,58645843
56,21,6,58646112
26,37,4,58646149
9,41,4,58646371
11,23,7,58646656
11,29,4,58646763
10,29,7,58646766
0,36,6,58646767
7,21,4,58647403
24,41,4,58647579
53,21,1,58648436
8,29,5,58648447
44,43,5,58648738
9,30,4,58648849
23,41,6,58649012
23,15,7,58649259
27,18,4,58649300
22,15,7,58649473
26,25,7,58649607
27,42,1,58649753
24,15,5,58650144
21,43,7,58650254
45,43,7,58650280
57,21,4,58650489
11,21,2,58650752
43,22,3,58650824
59,45,6,58650874
53,18,4,58651082
21,16,4,58651596
12,35,7,58651629
26,19,7,58651838
15,27,4,58651874
22,16,6,58652088
60,21,5,58652608
53,19,4,58652736
26,33,1,58652958
12,26,5,58653147
14,32,7,58653419
34,30,2,58653563
45,43,5,58653743
23,26,4,58654138
19,16,7,58654289
15,29,1,58654826
21,15,5,58654960
11,42,5,58655130
22,41,4,58655238
53,17,1,58655259
14,31,2,58655429
60,44,5,58655567
60,45,6,58655569
7,41,1,58655735
15,22,2,58655844
24,15,7,58656242
3,41,4,58656394
26,25,4,58656638
56,21,4,58656754
26,26,4,58656935
10,35,7,58661188
8,35,5,58662105
55,44,6,58662228
11,35,7,58662302
1,36,4,58662525
14,29,7,58663603
25,42,2,58666998
51,17,1,58668410
15,28,1,58668430
55,21,4,58669271
51,19,1,58669616
33,9,7,58671311
57,43,3,58672358
18,17,4,58672391
43,43,6,58672487
45,43,4,58672685
26,27,1,58672838
26,33,4,58672976
23,40,7,58673096
58,44,6,58673131
53,23,1,58673512
13,35,4,58674500
11,23,1,58674920
25,15,4,58676163
7,35,6,58676965
21,40,5,58677277
17,16,7,58677451
24,15,6,58677536
11,22,7,58677997
11,35,4,58678338
25,40,5,58678365
24,40,6,58678368
22,40,7,58679103
62,14,7,58679159
4,35,7,58679232
33,8,7,58679586
21,40,7,58680190
48,24,4,58680931
63,16,1,58681113
4,35,4,58681269
11,24,4,58681487
14,34,4,58681530
13,34,7,58681532
61,14,2,58681609
23,15,5,58681651
20,15,5,58681976
43,42,5,58683021
26,18,7,58683070
47,22,5,58683105
1,35,5,58683274
9,35,6,58683618
22,15,5,58683637
14,32,2,58683948
16,26,1,58684094
61,15,7,58684248
8,29,7,58684252
26,42,4,58684458
26,41,7,58684460
18,16,7,58684684
11,35,6,58685134
12,35,4,58685290
26,18,4,58685425
26,17,7,58685428
62,21,4,58685750
34,34,4,58686171
50,15,5,58686175
7,42,7,58686441
53,20,7,58686732
14,32,1,58686798
33,33,7,58686961
14,33,4,58686965
10,29,4,58687225
11,28,4,58687228
10,28,7,58687230
56,20,7,58687272
11,22,4,58687392
19,20,6,58687489
4,39,2,58687709
8,35,4,58687723
9,35,4,58687917
55,20,7,58687931
2,40,7,58688118
8,35,6,58693523
10,35,4,58693577
10,35,6,58693872
27,41,7,58694628
54,20,7,58695184
7,40,7,58696959
24,15,4,58697710
8,29,4,58698855
7,35,4,58699143
62,14,4,58699512
8,40,4,58699779
28,41,4,58700457
58,20,7,58700526
51,19,7,58700869
53,20,5,58700956
52,16,7,58701333
14,32,4,58701588
23,15,4,58702390
5,34,1,58702744
25,14,5,58702894
25,34,2,58703301
12,34,7,58704012
11,26,6,58704090
10,27,7,58704864
8,29,6,58705784
61,16,4,58706277
55,20,5,58706364
11,44,4,58706735
10,34,7,58706759
63,16,4,58707418
21,40,4,58707474
44,1,5,58707488
46,24,4,58707518
52,17,2,58707997
50,19,7,58708344
12,34,5,58709474
25,24,7,58709836
24,39,7,58709861
22,15,4,58710005
22,14,7,58710007
14,29,4,58711716
24,14,7,58711941
27,40,5,58712608
19,16,4,58712657
52,18,7,58713315
52,17,7,58715108
25,39,4,58715756
18,16,6,58715772
25,25,7,58715857
11,23,4,58715902
63,13,4,58718355
63,14,1,58718377
10,25,7,58719009
25,28,2,58719026
21,39,5,58719035
10,34,5,58726064
10,28,4,58732281
52,17,4,58732510
42,42,6,58733746
25,37,7,58733974
25,26,2,58734945
63,17,4,58735037
2,40,4,58735416
10,22,7,58735887
25,35,1,58736389
20,39,7,58736713
52,16,4,58736869
61,15,4,58736873
52,16,1,58737619
12,34,6,58738968
10,24,2,58739597
14,24,7,58741934
63,15,4,58741940
25,37,4,58741953
13,33,7,58742682
25,34,1,58743600
10,23,2,58743814
10,23,7,58744334
25,26,7,58744856
62,14,6,58744885
34,23,4,58745789
9,28,7,58746110
13,34,4,58746151
60,15,7,58746250
25,23,1,58747150
20,15,6,58747477
10,27,4,58747645
52,18,4,58747865
52,17,1,58748053
25,22,2,58748250
10,26,1,58748622
43,22,2,58750201
15,32,4,58750307
62,14,7,58761218
52,19,1,58761516
52,23,7,58761655
15,28,1,58763570
51,16,7,58766587
59,43,5,58766828
25,17,7,58767240
51,15,7,58767570
52,23,2,58769718
33,33,4,58770388
62,20,7,58771348
62,16,7,58771410
10,24,4,58771932
10,23,1,58772186
33,30,4,58772864
62,13,1,58773587
24,38,7,58775215
21,41,0,58775256
43,42,6,58775473
62,19,3,58776049
51,16,2,58776095
33,20,2,58778062
51,17,7,58778316
52,22,4,58778441
10,23,4,58779476
24,36,2,58780185
61,16,1,58780410
51,17,2,58780465
14,16,2,58781012
10,26,4,58781963
13,33,4,58788219
51,18,7,58796640
51,15,1,58801233
60,15,4,58802102
61,14,2,58802457
9,27,7,58802715
25,22,4,58803400
14,18,7,58803904
32,23,0,58804174
13,29,7,58804481
62,46,2,58806846
59,15,2,58807016
13,31,4,58807352
24,37,7,58808641
18,15,7,58809056
13,28,7,58811762
13,30,4,58812237
24,36,7,58812920
9,26,7,58813255
51,17,1,58825160
51,17,4,58827391
51,19,4,58832318
51,16,1,58832382
50,23,7,58833808
9,24,2,58835320
9,24,7,58835915
49,18,3,58836253
61,15,2,58837002
24,39,4,58837993
59,16,2,58838425
51,21,7,58838496
23,39,7,58838502
25,17,4,58838561
63,23,1,58838602
51,18,4,58838969
14,20,6,58840615
62,16,1,58842415
61,16,2,58842536
25,25,4,58843758
9,23,7,58844539
61,15,1,58852368
58,20,6,58856626
13,28,1,58863486
13,29,2,58863488
51,23,2,58863803
61,14,1,58864687
53,42,4,58866516
62,27,7,58868235
57,38,4,58869913
60,15,2,58873227
52,41,7,58874925
54,42,6,58874930
62,26,2,58875053
60,16,7,58875291
61,16,1,58880869
60,16,2,58880871
21,39,6,58898044
55,20,4,58898312
27,40,6,58903401
20,39,4,58906545
60,16,4,58918530
59,15,7,58918754
62,24,7,58920948
41,41,6,58928556
59,14,5,58929061
18,24,5,58929100
59,14,3,58932562
56,41,5,58937430
9,34,7,58937460
10,34,4,58937535
53,43,5,58937540
50,15,0,58947144
41,40,5,58947609
49,18,5,58949102
51,22,5,58949239
25,24,4,58951720
24,24,7,58951722
50,22,0,58952061
49,17,0,58952078
3,34,7,58952087
15,33,2,58953496
19,24,7,58953909
50,22,3,58954086
62,19,3,58954818
62,15,0,58955240
7,34,5,58955338
62,24,3,58955998
12,34,4,58956542
42,40,5,58956614
41,40,6,58956616
25,26,1,58956770
25,18,1,58957115
10,34,6,58957951
25,26,4,58959032
50,15,3,58959195
8,34,7,58960074
6,34,7,58960764
9,34,4,58961317
7,34,6,58961592
14,16,1,58962046
51,17,0,58962144
8,34,4,58962198
9,33,7,58962279
7,28,5,58962476
28,39,5,58962544
51,23,6,58962735
62,26,6,58962856
51,21,3,58963324
13,20,6,58963709
9,27,1,58963877
62,14,3,58964143
62,31,5,58964206
13,30,0,58964565
16,20,4,58964838
51,20,3,58964852
24,35,2,58965144
4,39,6,58965606
6,34,4,58965615
24,21,2,58965624
13,28,5,58965733
5,39,5,58965877
11,33,7,58965983
11,33,5,58966158
8,33,5,58966176
38,39,6,58966668
37,38,7,58967435
29,39,4,58967532
24,27,2,58967598
15,20,0,58968184
54,20,4,58968302
12,33,7,58968383
15,29,5,58968516
49,16,0,58970133
14,23,1,58971499
28,38,7,58972900
62,14,6,58976456
50,15,6,58976748
63,14,5,58976869
59,20,6,58978740
59,19,5,58978802
24,33,1,58979297
24,34,2,58979301
3,34,6,58979700
21,38,0,58980192
14,24,1,58980697
28,38,4,58981500
28,39,6,58981671
51,16,0,58981690
3,34,4,58982379
49,16,3,58982608
5,33,7,58982643
5,38,5,58983160
25,15,7,58983682
14,32,3,58983733
42,39,5,58983858
7,33,7,58983953
5,39,6,58984068
15,22,3,58984307
8,33,7,58984659
9,26,6,58984668
51,15,5,58984818
52,20,2,58984872
24,26,6,58984950
54,41,1,58985351
24,36,3,58985701
9,33,4,58985782
9,24,6,58985805
63,24,0,58986128
15,28,5,58986605
63,26,5,58986610
61,14,0,58986669
9,28,4,58987236
13,28,3,58987420
19,20,7,58987422
10,39,6,58987651
1,33,2,58987759
28,38,5,58987855
15,28,0,58988118
4,33,5,58988273
14,16,5,58988317
30,38,4,58988321
42,39,6,58988728
14,29,0,58989149
53,19,7,58989225
12,33,4,58989238
5,33,4,58989554
23,13,7,58989758
24,31,5,58989836
29,37,7,58990111
19,15,4,58990571
57,41,5,58990826
11,33,6,58991130
11,33,4,58991730
13,32,0,58991872
62,19,6,58991990
51,16,3,58992197
15,21,3,58992393
24,38,3,58992622
15,28,3,58992651
63,31,5,58992695
24,31,6,58992906
26,38,6,58993018
24,33,3,58993020
34,37,3,58993365
5,42,7,58993366
28,38,6,58993452
49,15,3,58993516
25,17,0,58993552
63,19,4,58993560
20,38,7,58993618
49,16,6,58993806
61,14,3,58993815
63,13,5,58993832
22,19,6,58993883
63,23,5,58993910
24,28,3,58994516
2,33,7,58994869
25,19,5,58995412
51,21,0,58995561
23,19,5,58995776
61,42,3,58996054
16,24,5,58996150
62,15,0,58996289
51,15,3,58996291
42,38,5,58996307
20,38,4,58996496
22,14,4,58996618
21,14,7,58996620
25,18,0,58996810
61,15,6,58997128
25,24,0,58997343
18,15,4,58997785
23,19,6,58997848
24,34,3,58998029
24,36,6,58998048
5,24,0,58998212
15,24,3,58998268
29,37,5,58998269
27,37,7,58998315
2,39,2,58998578
40,40,7,58998599
1,34,4,58998658
25,21,5,58998791
60,19,5,58998920
20,14,6,58998996
16,23,5,58999013
3,33,5,58999089
23,18,3,58999266
25,22,0,58999332
55,41,5,58999483
9,24,3,58999669
24,32,3,58999746
9,32,7,58999861
30,38,6,58999928
23,18,5,58999992
2,33,5,59000038
24,32,6,59000101
15,38,7,59000170
24,35,6,59000575
5,20,0,59000611
5,18,2,59000833
37,38,4,59001090
15,29,3,59001144
29,37,4,59001427
8,33,6,59001630
7,33,4,59001737
4,33,6,59003272
8,33,4,59003938
21,14,4,59004253
26,37,4,59005583
50,16,0,59007701
24,13,5,59008696
21,38,4,59009511
2,33,6,59010447
43,38,5,59010750
3,33,6,59011762
56,19,4,59011834
51,15,6,59011882
19,37,7,59012190
28,37,4,59012195
8,40,7,59012445
55,41,6,59012765
63,41,1,59013260
62,15,5,59013682
31,37,5,59014028
44,38,5,59014046
43,38,6,59014048
54,19,6,59014361
29,37,6,59014669
54,19,4,59015224
24,29,3,59015323
16,18,5,59015424
13,40,4,59015622
25,17,3,59015641
21,13,5,59016086
8,32,7,59016395
53,19,6,59016487
25,21,0,59016579
28,36,7,59016928
25,20,6,59016935
9,32,5,59017391
4,37,6,59017425
31,37,4,59017474
10,32,7,59017506
21,13,7,59017558
7,32,5,59017662
27,37,4,59017778
6,32,5,59017788
33,27,5,59017830
22,18,6,59017903
5,36,5,59017978
23,13,6,59018205
5,19,0,59018305
10,32,5,59018333
25,16,5,59018335
2,33,4,59018430
11,32,7,59018541
12,32,7,59018583
15,30,6,59018636
25,18,6,59019002
38,37,4,59019150
16,19,5,59019266
25,26,0,59019468
16,21,5,59019586
25,25,5,59019652
11,32,5,59019910
62,14,5,59020131
16,20,0,59020186
12,32,5,59020203
1,33,4,59020261
8,40,4,59020290
5,32,7,59020327
51,21,3,59020439
10,39,6,59020753
5,32,5,59020778
61,14,6,59020833
63,12,4,59020955
13,24,4,59020957
4,39,6,59021022
1,33,6,59021025
18,14,7,59021029
19,20,4,59021317
54,38,7,59021321
9,27,4,59021570
7,32,6,59021590
36,37,5,59021677
35,37,6,59021680
25,33,0,59021752
25,34,0,59021759
16,19,6,59021765
52,15,5,59021817
3,32,5,59021862
25,23,0,59021932
6,32,6,59021949
10,23,5,59022037
10,32,4,59022043
25,13,5,59022161
24,13,6,59022163
16,21,0,59022244
4,32,7,59022321
14,24,5,59022359
16,20,5,59022642
8,26,7,59022698
33,25,0,59022780
4,32,5,59023093
5,32,6,59023114
10,39,4,59023116
25,25,6,59023202
4,32,6,59023206
8,39,6,59023263
3,32,7,59023336
4,41,6,59023436
8,26,5,59023674
50,15,5,59023748
25,28,0,59023877
25,13,6,59023970
10,22,3,59023972
16,20,3,59024066
20,13,7,59024265
15,16,5,59024294
25,29,0,59024379
25,22,6,59024820
25,34,5,59024877
4,32,4,59024878
50,15,0,59024945
15,27,2,59025036
10,25,0,59025038
8,32,4,59025155
7,26,5,59025293
5,32,4,59025550
56,19,6,59025695
25,12,5,59025713
50,15,3,59026043
25,21,6,59026070
62,13,0,59026101
11,32,6,59026109
25,30,5,59026234
30,36,7,59026241
3,32,6,59026291
60,19,6,59026467
25,18,3,59026610
24,12,5,59026619
14,27,3,59026747
57,19,6,59026781
25,31,5,59026845
14,29,6,59027498
10,36,5,59027697
40,36,5,59027966
11,39,6,59028008
25,26,6,59028200
16,36,1,59028259
9,38,5,59028285
36,37,7,59028316
55,18,5,59028654
17,14,7,59028684
11,38,5,59028721
55,18,7,59028810
30,36,4,59028994
57,36,7,59029038
24,13,4,59029081
30,36,5,59029133
25,12,7,59029227
25,32,5,59029301
33,27,6,59029411
5,22,0,59029884
10,24,6,59029940
25,24,3,59030105
34,37,6,59030126
22,13,6,59030248
36,36,5,59030437
19,14,4,59030619
25,33,3,59030666
25,32,3,59031300
16,23,6,59031315
25,22,3,59031416
33,28,0,59031597
9,38,7,59031668
62,15,6,59038725
29,36,6,59040452
63,18,5,59040946
53,18,5,59041381
5,36,6,59041442
12,32,6,59042139
54,38,4,59042336
24,12,7,59042829
62,14,6,59043204
62,13,5,59043528
50,16,6,59043543
52,16,0,59043552
7,38,5,59043756
50,14,5,59044661
57,36,4,59045340
25,27,6,59045823
60,40,6,59046040
5,19,3,59046161
25,19,6,59046562
26,15,0,59046641
16,14,6,59047006
6,38,5,59047036
5,38,5,59047116
22,36,7,59047127
9,38,6,59047772
50,15,6,59048923
17,14,6,59049027
16,18,6,59049201
33,28,3,59049262
25,28,6,59050094
25,25,3,59050098
25,26,3,59050205
26,35,5,59050351
26,17,5,59050847
18,14,4,59050980
61,13,6,59051058
13,31,5,59051128
6,26,6,59051154
16,21,3,59051411
37,37,4,59051522
50,14,3,59051729
26,35,6,59051778
21,13,6,59051821
36,36,7,59051926
30,36,6,59051927
63,14,5,59052058
23,12,5,59052164
25,21,3,59052382
56,40,4,59052620
52,16,3,59053047
59,19,6,59053259
28,36,4,59053324
22,12,5,59053574
6,38,6,59053795
33,27,3,59053994
63,13,4,59054059
16,30,0,59054359
56,18,5,59054502
57,18,5,59054509
4,31,5,59054831
8,26,4,59055037
16,24,6,59055098
16,30,5,59055137
26,12,5,59055745
23,12,7,59055849
39,36,6,59055880
26,19,5,59055983
25,34,6,59056123
10,38,6,59056306
25,23,3,59056550
6,31,5,59056884
9,38,4,59056977
55,37,1,59057006
25,30,0,59057183
25,29,3,59057185
29,35,7,59057375
7,31,5,59057452
9,26,4,59057591
17,14,4,59057596
52,14,6,59057613
25,31,6,59057743
5,37,5,59057811
5,38,6,59057813
8,31,5,59058213
7,26,6,59058243
5,31,5,59058303
8,31,6,59058504
25,12,6,59058555
7,31,7,59058620
5,22,3,59058770
17,13,5,59058780
12,31,5,59058823
18,13,7,59059038
25,30,3,59059075
60,37,5,59059128
4,31,7,59059156
25,12,4,59059459
16,23,3,59060036
5,31,6,59060057
56,18,4,59060145
6,35,5,59060359
30,35,5,59060618
61,39,5,59060756
57,34,3,59060894
53,17,0,59060898
52,21,0,59061171
17,63,4,59061248
18,63,4,59061458
58,18,5,59061767
19,13,7,59061872
31,35,5,59062032
19,63,4,59062172
29,35,6,59062190
55,18,4,59062332
30,35,4,59062345
18,63,6,59062367
16,63,4,59062678
20,63,4,59062809
8,26,6,59062873
7,31,6,59062975
16,16,5,59063052
15,63,4,59063058
7,35,3,59063201
17,62,5,59063243
10,36,6,59065733
12,63,4,59067158
3,31,7,59070231
9,26,6,59071552
19,61,6,59071561
11,37,4,59071665
20,61,4,59072214
15,61,6,59072395
21,61,4,59072464
4,37,6,59073147
20,61,6,59073208
21,61,6,59073440
11,62,7,59073614
18,60,5,59073615
7,25,5,59073812
27,34,5,59073912
26,34,6,59073915
18,60,7,59073945
17,60,5,59073968
19,60,5,59073978
15,61,4,59074023
17,60,7,59074418
19,60,7,59074487
20,60,7,59074880
21,60,5,59075020
20,60,5,59075109
30,35,6,59075113
16,60,5,59075198
11,37,5,59075216
11,38,6,59075219
16,60,7,59075240
62,13,6,59075362
30,34,5,59075653
19,60,4,59075734
12,31,4,59075772
7,35,5,59075871
18,60,6,59076207
54,18,6,59076251
63,13,5,59076270
18,60,4,59076305
19,60,6,59076399
20,60,4,59076473
17,60,4,59076581
17,60,6,59076598
20,60,6,59076674
15,60,5,59076683
10,62,5,59077052
21,60,6,59077314
7,36,6,59077670
6,35,6,59077673
10,14,6,59078037
14,60,7,59078120
16,60,6,59078150
15,60,6,59078641
16,60,4,59078668
24,12,6,59078703
22,60,4,59078724
24,12,4,59078737
18,59,5,59078796
18,59,7,59078943
20,59,5,59078961
15,15,6,59079205
10,62,7,59079206
52,13,6,59079214
13,31,4,59079257
19,59,5,59079467
8,25,7,59079564
17,59,7,59079598
26,33,5,59079822
21,59,5,59079906
21,59,7,59080018
11,62,4,59080122
17,24,0,59080166
17,59,5,59080242
13,60,7,59080295
22,59,5,59080652
16,59,7,59080810
32,35,4,59080965
22,60,5,59080969
51,14,0,59081142
15,59,7,59081210
18,59,4,59081229
18,59,6,59081468
8,25,5,59081582
16,27,6,59081631
19,59,6,59081639
16,59,5,59081780
21,59,4,59081830
20,59,6,59081981
17,59,4,59081997
11,61,7,59082078
8,30,5,59082145
26,17,6,59082210
24,35,4,59082352
17,59,6,59082356
9,25,7,59082411
6,30,5,59082799
6,31,6,59082802
26,22,5,59082804
14,59,7,59082817
10,25,5,59082841
9,25,5,59083029
21,59,6,59083295
22,59,6,59083339
19,58,5,59083385
20,58,5,59083463
9,37,6,59083643
29,34,7,59083725
22,59,4,59083727
16,59,6,59083798
31,34,7,59083834
16,59,4,59083941
57,38,5,59084172
57,36,1,59084175
55,17,7,59084202
19,58,7,59084206
22,58,5,59084249
10,36,7,59084269
15,59,4,59084285
4,31,6,59084340
23,12,4,59084518
18,58,5,59084739
21,58,5,59084747
23,11,7,59084813
20,58,7,59084843
17,58,7,59084949
11,36,6,59085265
21,58,7,59085335
21,12,6,59085369
25,11,5,59085450
30,34,7,59085540
55,18,6,59085541
12,31,6,59085670
13,60,4,59085713
16,58,5,59085767
18,58,6,59085875
21,58,4,59086019
20,58,4,59086048
57,18,6,59086139
17,58,5,59086304
16,58,7,59086305
17,13,7,59086382
20,58,6,59086390
26,11,5,59086392
26,12,6,59086395
18,13,5,59086458
4,31,4,59086493
19,58,6,59086519
56,36,5,59086584
22,12,6,59086795
18,58,4,59086799
17,58,6,59086841
34,25,0,59086869
19,58,4,59086931
11,30,7,59086992
10,30,7,59087023
5,36,3,59087318
37,35,2,59087510
26,21,0,59087591
15,58,7,59087744
22,58,6,59087761
5,37,6,59087778
52,20,5,59087782
23,58,0,59087831
59,18,6,59087838
52,20,3,59087865
5,36,5,59087914
23,12,6,59087980
11,30,5,59088002
17,58,4,59088012
19,57,5,59088068
57,17,7,59088255
19,57,7,59088283
9,30,5,59088435
56,18,6,59088489
16,58,6,59088558
20,57,5,59088612
58,18,6,59088689
14,59,4,59088743
16,58,4,59088794
12,30,7,59088817
57,38,7,59088823
21,57,7,59088901
29,34,6,59089045
14,31,5,59089072
13,31,6,59089074
18,57,7,59089199
10,62,4,59089917
18,13,6,59089957
20,57,7,59090070
21,57,5,59090119
18,57,5,59090128
27,34,6,59090166
26,26,5,59090169
20,13,4,59090331
11,61,4,59090512
10,61,7,59090515
11,60,7,59090517
25,28,3,59090704
17,57,7,59090737
23,57,5,59090841
31,34,5,59090889
31,35,6,59090892
16,57,7,59090906
55,17,5,59090930
21,57,4,59091013
56,36,7,59091125
52,17,0,59091198
20,57,6,59091225
17,57,5,59091327
26,16,6,59091384
21,57,6,59091465
26,17,3,59091481
22,57,4,59091484
3,38,7,59091527
44,36,6,59091528
34,24,0,59091625
60,37,6,59091628
18,57,6,59091639
31,34,4,59091669
13,58,1,59091695
3,30,1,59091815
45,35,5,59091818
23,58,5,59091991
12,59,7,59092112
20,57,4,59092168
19,57,6,59092186
19,57,4,59092282
24,11,5,59092295
30,34,6,59092322
17,57,6,59092455
15,57,7,59092679
25,11,6,59092766
17,57,4,59092828
16,28,3,59092941
26,15,3,59092966
30,34,4,59093001
11,35,1,59093054
7,31,4,59093341
7,30,7,59093344
26,25,0,59093346
21,56,5,59093609
61,39,6,59093837
16,57,6,59093980
20,56,5,59094084
6,36,5,59094123
19,56,7,59094130
20,56,7,59094295
13,30,7,59094342
21,56,7,59094502
13,30,5,59094650
25,11,7,59099652
16,57,4,59101352
16,56,7,59101354
11,60,4,59102089
10,60,7,59102092
12,59,4,59102584
12,58,7,59102586
63,12,5,59103440
23,55,4,59103507
19,13,4,59104012
7,34,5,59104131
20,54,5,59105197
20,54,6,59105425
20,54,7,59105443
3,31,4,59106060
57,17,5,59106086
53,12,5,59106208
52,12,6,59106211
22,54,7,59106231
18,54,7,59106284
12,57,1,59106449
20,54,4,59106813
56,17,5,59106822
23,54,7,59106968
24,11,7,59107275
19,54,4,59107318
27,33,5,59107502
26,18,5,59107671
32,34,4,59107751
11,58,2,59107760
17,55,4,59107816
22,54,6,59108016
10,60,1,59108086
21,54,4,59108144
37,34,6,59108447
23,54,4,59108811
53,13,5,59108997
22,11,5,59109215
12,58,4,59109223
19,62,0,59109425
23,54,6,59109450
20,53,5,59109813
18,54,4,59110223
23,53,5,59110614
20,53,7,59110673
9,25,6,59110745
22,53,5,59111007
22,53,7,59111022
18,13,4,59111116
21,53,5,59111222
10,61,4,59111295
58,17,4,59111385
57,17,6,59111481
52,16,6,59111489
19,53,7,59111872
22,53,4,59112114
7,25,6,59112260
8,25,4,59112278
13,56,7,59112725
24,53,5,59112832
29,33,7,59113161
26,30,0,59113195
56,17,6,59113285
7,24,5,59113433
20,53,6,59113441
28,33,5,59113549
27,33,6,59113551
31,34,6,59113592
22,11,7,59113637
21,53,6,59113665
31,33,5,59113912
22,53,6,59113976
18,53,7,59114006
20,53,4,59114119
23,53,4,59114140
18,53,6,59114171
19,53,4,59114220
26,29,0,59114352
22,52,7,59114559
23,56,0,59114587
23,53,6,59114675
22,52,5,59114763
56,17,4,59114873
11,30,4,59114875
14,30,5,59115176
24,53,4,59115198
19,12,5,59115327
17,53,7,59115585
52,11,7,59115640
11,58,1,59115924
24,53,6,59115939
21,52,7,59116056
10,25,6,59116816
23,52,5,59117078
26,11,4,59117298
21,52,5,59117341
28,33,6,59117387
31,33,7,59117924
26,33,6,59117940
30,33,5,59118108
23,33,7,59118149
17,53,4,59118180
24,52,5,59118201
42,34,6,59118289
25,11,4,59118451
23,52,7,59118459
17,12,5,59118482
60,35,1,59118506
26,10,7,59118570
6,30,7,59118629
19,52,7,59118701
7,30,4,59118821
29,33,6,59118824
22,52,6,59118883
5,30,5,59118933
24,52,7,59118986
18,53,4,59119044
21,52,6,59119194
15,30,7,59119424
9,61,7,59119472
23,52,4,59119701
54,17,6,59119755
22,52,4,59120060
9,30,6,59120115
23,52,6,59120186
21,52,4,59120212
55,17,4,59120259
24,52,4,59120305
5,36,6,59120481
20,52,4,59120662
21,51,7,59120664
4,30,7,59120740
57,17,4,59120873
10,25,4,59121227
19,12,7,59121240
24,52,6,59121377
24,11,6,59121482
11,57,1,59121533
17,52,7,59121623
22,51,7,59121857
58,16,5,59121897
57,16,5,59121924
14,55,4,59122046
25,52,4,59122149
9,30,4,59122172
61,12,6,59122229
62,11,5,59122332
61,36,5,59122370
18,52,7,59122371
57,16,7,59122380
30,33,7,59122689
12,57,4,59122757
13,56,4,59122759
12,56,7,59122761
14,54,7,59122810
18,12,7,59122853
24,51,5,59122951
29,33,4,59123062
23,51,5,59123292
23,51,7,59123399
5,30,6,59123619
27,32,5,59123681
15,54,4,59123711
58,17,5,59123958
53,15,0,59123993
6,35,5,59124047
21,51,5,59124078
22,51,5,59124116
23,11,5,59124137
45,34,7,59124197
6,30,4,59124263
24,51,7,59124267
25,51,5,59124286
59,17,5,59124363
58,17,6,59124364
18,52,4,59124430
28,32,7,59124451
19,52,4,59124512
19,51,7,59124515
48,17,4,59124525
30,33,6,59124579
11,30,6,59124793
20,51,7,59124974
23,51,6,59125134
22,51,4,59125208
21,51,6,59125211
23,51,4,59127332
18,51,6,59127838
20,51,4,59128995
27,33,4,59129465
63,12,4,59129717
19,50,5,59129873
11,57,7,59130070
24,51,6,59130353
25,50,5,59130696
22,50,7,59130823
22,50,4,59130858
17,52,4,59130883
24,50,5,59130935
17,51,7,59131262
55,16,5,59131329
19,50,7,59131579
24,50,6,59131946
22,49,5,59132108
8,30,6,59132151
53,15,3,59132274
16,52,7,59132463
14,54,4,59132642
13,54,7,59132645
16,52,4,59133639
54,16,0,59133950
31,33,4,59134162
21,49,1,59134485
19,50,6,59134487
21,58,4,59134539
21,49,7,59134696
52,20,6,59135470
24,11,4,59135567
19,50,4,59135677
24,49,7,59135987
63,11,5,59136410
12,55,7,59136878
18,61,6,59137277
19,60,5,59137411
20,60,4,59137742
17,50,5,59138020
24,49,4,59138680
30,33,4,59138803
22,49,6,59139043
19,49,7,59139051
22,49,4,59139099
18,62,7,59139183
12,56,4,59139202
23,48,7,59139326
21,49,4,59139440
23,48,5,59139532
13,53,7,59139571
13,53,2,59140101
24,50,3,59140109
14,30,4,59140195
13,53,1,59140252
25,52,5,59140380
18,49,7,59141546
28,32,5,59141744
10,30,6,59142003
12,62,0,59142497
55,16,7,59142651
23,11,6,59142669
21,48,7,59142765
19,49,4,59142876
8,30,4,59143117
20,48,5,59143180
6,30,6,59143241
20,58,7,59143273
24,48,5,59143280
12,30,4,59143357
57,34,3,59143475
13,54,4,59143542
15,50,1,59143859
52,15,5,59144242
23,48,4,59144449
9,63,6,59144464
27,32,6,59144582
9,62,5,59144631
52,10,5,59144777
52,11,6,59144779
5,30,4,59144793
19,48,7,59144818
13,30,6,59144832
62,11,6,59144857
17,49,6,59145039
8,29,7,59145119
17,49,7,59145277
55,33,5,59145295
20,48,7,59145301
52,11,4,59145412
23,48,6,59145424
24,48,6,59145523
21,48,4,59145618
56,16,7,59145679
21,11,6,59145754
10,24,5,59145762
20,48,4,59145838
25,48,3,59145880
16,49,5,59146021
31,32,5,59146054
55,16,5,59146146
20,48,6,59146307
7,35,6,59146353
18,48,5,59146734
18,49,4,59147025
18,48,6,59147057
22,11,6,59147169
15,30,4,59147332
14,51,7,59147443
11,56,7,59147589
12,59,7,59147595
57,16,6,59147606
24,10,5,59147747
21,57,4,59147918
20,57,7,59147921
29,32,5,59148205
18,48,7,59148426
25,47,7,59148617
8,24,5,59148706
10,24,7,59148935
13,61,1,59148973
19,48,4,59149063
22,47,5,59149172
56,16,4,59149236
23,10,5,59149329
22,53,7,59149369
25,47,5,59149439
24,47,5,59149461
7,29,5,59149624
54,16,6,59149706
30,32,5,59149906
28,32,4,59149925
24,10,7,59150079
21,47,7,59150140
10,62,5,59150214
19,47,5,59150453
10,62,6,59150640
22,54,1,59150648
26,10,5,59150668
16,49,7,59150740
20,47,7,59150884
12,62,3,59150953
25,47,4,59151026
56,16,6,59151079
52,10,7,59151205
21,47,4,59151260
12,55,4,59151275
22,47,6,59151392
22,11,4,59151439
24,47,4,59151452
17,49,4,59151753
55,16,4,59151819
30,32,7,59151965
23,46,7,59151987
9,29,5,59152260
20,58,6,59152392
40,33,6,59152545
21,59,2,59152786
17,48,7,59152789
18,47,5,59152794
19,47,7,59152827
3,30,7,59153058
20,47,4,59153267
52,15,6,59153448
1,29,5,59153515
11,29,7,59153717
24,46,7,59153826
26,10,6,59154050
24,46,5,59154270
14,30,6,59154396
11,59,7,59154557
25,10,5,59154592
9,24,7,59154869
7,24,7,59154989
24,46,4,59154999
26,14,5,59155146
23,46,5,59155329
13,29,7,59155333
18,48,4,59155510
18,47,7,59155512
10,30,4,59155702
24,46,6,59155799
27,31,5,59155901
18,47,6,59155947
11,52,6,59156019
30,32,6,59156215
21,46,5,59156470
25,46,7,59156655
13,59,5,59156762
13,53,4,59157663
16,49,4,59158254
28,32,6,59158463
20,46,7,59158491
23,46,6,59159408
19,47,4,59159510
21,46,6,59159889
21,46,4,59160570
17,48,4,59160812
29,32,6,59161176
16,48,7,59161864
23,46,4,59162441
20,46,4,59162463
24,45,5,59162656
23,45,7,59162824
22,45,7,59163157
21,57,5,59163255
18,46,5,59163652
24,45,6,59163693
18,47,4,59163773
23,10,7,59163824
18,46,7,59165028
19,46,5,59165104
21,56,5,59165160
23,45,4,59165317
25,44,0,59165833
13,59,6,59165968
57,16,4,59166342
1,30,6,59166631
11,58,5,59166777
10,29,7,59166813
20,45,7,59166870
12,59,4,59166884
13,29,5,59167119
13,57,3,59167328
14,58,0,59167340
16,47,6,59167380
27,10,4,59167674
11,58,7,59167791
24,44,5,59167807
16,61,3,59168105
56,33,6,59168322
25,44,5,59168432
55,16,6,59168960
42,33,6,59169003
57,15,5,59169132
6,29,5,59169159
12,29,5,59169192
16,48,4,59169407
16,47,7,59169410
12,58,4,59169598
58,15,5,59169873
23,44,7,59169986
32,32,4,59170110
14,29,5,59170242
11,57,7,59170337
17,12,6,59170380
19,45,7,59170720
0,29,7,59170741
20,45,4,59170754
13,51,7,59170772
63,10,5,59170964
11,57,5,59171322
11,56,2,59171325
24,44,6,59171552
22,53,4,59171816
15,62,3,59171904
28,31,5,59172202
20,58,4,59172214
18,46,4,59172519
17,46,7,59172522
11,58,6,59172650
20,44,7,59172788
14,29,7,59172934
24,44,4,59172945
27,31,6,59173202
21,10,7,59173255
31,32,6,59173436
58,33,4,59173437
11,29,5,59173642
26,44,6,59173650
14,54,6,59173894
6,29,7,59174064
16,58,6,59174285
55,34,7,59174370
20,57,4,59174850
52,15,6,59175117
13,63,0,59175186
12,55,0,59175276
19,55,4,59175399
26,10,4,59175402
18,59,1,59176407
31,31,5,59176816
17,60,2,59176970
12,56,0,59177047
12,55,3,59177052
41,32,5,59177155
54,15,5,59177183
19,45,4,59177365
53,20,6,59177540
14,58,3,59177549
55,15,7,59178048
55,15,5,59178166
19,12,4,59178292
19,57,7,59178438
9,29,7,59179028
13,54,7,59179701
40,32,4,59179759
12,55,6,59180091
57,15,7,59180547
21,54,4,59180550
25,9,7,59180770
25,10,6,59181406
22,59,1,59181688
13,54,5,59181743
14,59,1,59182108
14,60,2,59182110
21,57,6,59182168
16,55,4,59182283
53,10,5,59182385
52,10,6,59182387
63,7,0,59182622
17,23,5,59182725
0,29,6,59182727
15,54,7,59183066
31,31,7,59183251
29,31,5,59183267
26,26,6,59183278
59,32,5,59184020
27,31,7,59184062
13,54,4,59184244
27,43,5,59184631
57,34,7,59185309
59,32,7,59185349
46,32,4,59185852
19,43,5,59186414
42,32,4,59186844
20,43,7,59186979
21,41,3,59187071
32,31,5,59187528
26,25,3,59187646
17,45,7,59187722
21,52,7,59187884
20,53,7,59187887
17,46,4,59188258
30,31,5,59192781
18,59,0,59193413
18,58,3,59193416
18,44,7,59195233
52,10,4,59196818
52,9,7,59196819
14,51,5,59196999
24,48,4,59198484
57,15,4,59198521
22,51,6,59198978
28,30,5,59199448
28,31,6,59199451
52,14,6,59199754
23,50,5,59199905
26,9,7,59200464
24,47,4,59201254
23,41,4,59201456
52,13,7,59202286
27,43,6,59202366
28,41,6,59203007
45,31,5,59204221
15,50,0,59204689
24,39,0,59204829
63,10,4,59205040
53,9,0,59205314
54,15,6,59205662
24,10,4,59206018
28,40,5,59206407
29,31,6,59206511
17,57,5,59206532
1,29,4,59207274
27,30,5,59207492
30,31,6,59207775
10,24,4,59207955
29,40,5,59208718
26,27,0,59208821
14,50,1,59209030
22,40,5,59209146
28,40,6,59209580
23,51,2,59210140
25,39,0,59210991
22,61,5,59211347
32,31,4,59211662
23,56,0,59212046
30,30,5,59212211
22,49,5,59213077
39,31,4,59213208
17,49,2,59213309
26,28,5,59213334
10,24,6,59213665
19,11,6,59213764
22,49,7,59213884
23,48,7,59213887
9,24,4,59214345
11,29,4,59214574
16,47,5,59214795
60,22,2,59214900
21,49,6,59214906
22,49,4,59215152
31,31,4,59215515
29,39,7,59215554
53,9,3,59216229
29,39,5,59216381
29,40,6,59216384
29,39,4,59217353
16,27,2,59217405
62,9,6,59217502
25,39,6,59217507
28,39,5,59217716
27,30,6,59217720
23,40,4,59217810
7,29,6,59217899
59,32,4,59218254
26,39,6,59218321
23,47,7,59218405
25,39,4,59218925
56,5,4,59219113
26,39,4,59219807
22,60,0,59223133
28,39,6,59223195
29,39,6,59224581
26,38,5,59225343
24,39,4,59225499
13,29,6,59226447
15,47,6,59227104
31,30,7,59227278
29,30,5,59227375
26,38,7,59227495
28,38,5,59227627
19,52,1,59227771
24,38,5,59228556
18,51,3,59228569
25,38,7,59228768
12,29,6,59229071
27,38,5,59229768
29,38,4,59229793
28,38,7,59229796
26,38,6,59230071
30,38,7,59230336
28,38,4,59230654
23,57,5,59231311
53,17,6,59231689
27,38,6,59232012
26,38,4,59232218
25,38,5,59232256
29,38,5,59232411
28,38,6,59232414
45,31,6,59232587
25,38,6,59232619
58,31,7,59232643
0,28,2,59232941
16,46,5,59233729
23,39,4,59233869
23,47,4,59234411
30,38,5,59234771
29,38,6,59234996
24,50,3,59235204
27,38,4,59235261
27,9,5,59235681
24,38,6,59235740
53,9,5,59235813
42,29,3,59236260
27,37,7,59237541
26,37,5,59238046
28,37,5,59238507
28,37,7,59238735
55,14,7,59238952
27,37,5,59239578
23,55,3,59239668
29,37,5,59239816
19,52,0,59240314
18,52,3,59240317
26,37,7,59240911
58,14,5,59241417
14,29,4,59241584
25,37,5,59241822
30,37,7,59242237
30,38,6,59242325
24,46,4,59242558
23,46,7,59242560
17,46,0,59242748
32,31,6,59242976
53,13,1,59243012
10,29,4,59243632
28,37,4,59244282
23,54,6,59244497
39,30,7,59245102
25,37,7,59245247
23,53,6,59246003
33,29,1,59246008
17,25,3,59246178
13,29,4,59246447
27,37,6,59246487
1,29,6,59246609
30,37,4,59247020
24,53,5,59247713
28,37,6,59247768
17,46,6,59247870
26,27,3,59247907
26,37,6,59247916
17,45,2,59248278
18,47,6,59248449
27,37,4,59248733
11,29,6,59249296
25,37,6,59249704
31,38,6,59249758
20,47,1,59249777
26,37,4,59249946
24,37,6,59250321
19,41,7,59253681
30,37,5,59254459
29,37,6,59254737
25,44,1,59255911
27,36,5,59256906
18,48,7,59258204
31,37,5,59259025
28,36,5,59259620
30,37,6,59259702
29,36,7,59260337
18,45,5,59260408
30,36,5,59260466
29,36,5,59260580
25,37,4,59260969
46,30,7,59261820
27,36,7,59262887
63,8,5,59263239
56,14,7,59263448
28,36,6,59264126
58,14,4,59264463
26,36,5,59264826
26,41,7,59265216
28,36,4,59265376
25,36,7,59266017
27,36,6,59266019
18,30,5,59266212
29,36,4,59266253
52,8,5,59266726
30,36,4,59267562
26,36,7,59267757
26,36,6,59268192
31,36,4,59268214
55,15,6,59268835
26,36,4,59268945
27,36,4,59269316
29,36,6,59269484
28,30,6,59269538
24,53,6,59269564
17,44,6,59269912
22,37,5,59270829
32,30,4,59271912
53,13,5,59272323
27,29,7,59273446
30,35,7,59273981
29,35,7,59274531
30,36,6,59274666
28,35,7,59274794
30,30,7,59274807
27,41,4,59275032
28,29,5,59275051
26,42,4,59275795
18,44,3,59275904
27,35,7,59275970
18,43,5,59276015
30,30,4,59276114
30,30,6,59276127
29,35,5,59276146
28,35,5,59276355
32,36,4,59276364
57,14,4,59276385
52,7,2,59277336
27,35,5,59277819
24,36,7,59277934
20,45,0,59278336
26,35,7,59279067
18,43,6,59279610
30,35,5,59279775
20,51,6,59279826
25,44,4,59280203
25,43,7,59280208
55,14,6,59280530
17,18,1,59280786
52,13,3,59281164
16,18,7,59282888
19,42,5,59290370
19,41,2,59290372
31,35,5,59291030
19,43,5,59292236
30,35,4,59292656
35,37,5,59292711
35,38,6,59292713
30,35,6,59294618
46,30,5,59295812
28,35,4,59296050
54,14,6,59296372
25,36,4,59296506
25,35,5,59296700
19,43,6,59297022
25,46,5,59297764
29,35,6,59297825
54,16,5,59297981
19,42,6,59297998
28,35,6,59298071
29,35,4,59298325
19,41,3,59298455
58,14,6,59298614
53,9,6,59300676
27,35,6,59301284
36,37,0,59302357
52,11,5,59302439
13,21,7,59303116
29,34,5,59303694
0,28,7,59303772
20,41,5,59304322
31,35,6,59304422
30,34,5,59304612
13,21,4,59306105
31,34,7,59306122
20,42,5,59306901
29,34,7,59307079
33,35,5,59307492
53,8,3,59307830
20,42,0,59308747
28,29,7,59309245
12,28,7,59309340
13,28,5,59309609
28,34,5,59310058
20,41,0,59310982
28,34,7,59311009
29,34,6,59311193
11,28,7,59311308
27,35,4,59311604
6,29,4,59311816
14,28,7,59311929
18,26,0,59312032
20,49,3,59312459
18,19,5,59312625
20,40,3,59312685
31,34,5,59314506
36,37,5,59314870
21,45,1,59318729
20,42,6,59323504
22,38,7,59324418
32,34,5,59325538
63,9,4,59326463
54,10,5,59326587
20,41,3,59328226
31,34,4,59329520
21,42,0,59330235
20,42,3,59330238
27,29,6,59330430
32,34,4,59330793
21,43,0,59331015
36,37,6,59331154
53,13,6,59331915
29,34,4,59332097
25,35,7,59332529
27,34,7,59332586
21,41,5,59333025
28,34,6,59333098
31,34,6,59336059
31,33,7,59336614
29,33,5,59338524
35,35,5,59338993
54,12,0,59339327
54,10,0,59339410
33,34,4,59339737
0,27,2,59340006
57,13,7,59343764
27,28,6,59343816
26,35,4,59349925
32,34,6,59349931
30,33,5,59355821
30,33,7,59357641
28,34,4,59358483
26,34,7,59364032
29,29,5,59364097
21,43,3,59368776
25,41,2,59370320
29,33,7,59373136
56,13,7,59373630
28,33,7,59375724
27,34,4,59390983
32,33,5,59392113
58,13,7,59392801
46,29,5,59393458
24,35,7,59394935
27,33,7,59396391
25,35,4,59396446
23,36,7,59397403
23,37,4,59397627
31,33,4,59397894
30,33,4,59398001
58,13,6,59398002
33,33,5,59399186
53,12,2,59400922
29,33,6,59401604
29,33,4,59402275
59,13,4,59402863
30,33,6,59403836
25,34,7,59404636
30,32,7,59406568
35,35,6,59410795
35,34,5,59412425
26,34,4,59414989
26,33,7,59414992
27,33,6,59415096
21,46,6,59416108
37,36,5,59417302
32,33,6,59417786
28,33,4,59417863
31,32,5,59418604
29,32,7,59419246
24,34,5,59419547
53,7,7,59419680
30,32,5,59420565
24,34,6,59421621
32,32,7,59422271
28,32,7,59422327
31,29,5,59422604
27,33,4,59423548
33,32,7,59424802
32,32,4,59425936
30,32,6,59425977
35,33,3,59426723
22,46,5,59427057
57,13,4,59427067
33,33,6,59427432
23,40,0,59427986
23,41,7,59427988
28,32,5,59428124
24,35,4,59429050
24,34,7,59429055
31,32,6,59429486
27,32,7,59429510
30,32,4,59429525
33,32,5,59430232
25,34,4,59431060
28,32,6,59431077
28,29,6,59431519
35,34,6,59431734
33,32,4,59432793
31,31,7,59433060
25,33,7,59433251
35,33,5,59434031
29,32,4,59434126
27,32,6,59434479
25,45,4,59434957
23,44,3,59434960
23,41,4,59435631
34,33,6,59435795
29,29,6,59436512
28,32,4,59436833
36,33,3,59437203
32,31,7,59437339
29,31,5,59437538
32,32,6,59437635
34,32,5,59437657
32,29,7,59437791
26,33,4,59438488
26,32,7,59443881
31,31,5,59444645
22,40,7,59444689
33,32,6,59444854
27,32,4,59445361
32,31,5,59445435
30,34,7,59446738
29,31,7,59447480
35,33,6,59448116
32,31,4,59448357
22,38,5,59449099
33,31,5,59449500
28,31,7,59450024
30,35,4,59450250
29,35,7,59450252
27,31,7,59450294
28,31,5,59450316
35,32,5,59450609
31,31,4,59450683
37,35,6,59452432
32,31,6,59453611
54,12,5,59453720
34,32,6,59453934
58,13,4,59453988
2,28,5,59454268
28,31,6,59454612
29,31,4,59455262
30,31,6,59455655
38,36,5,59455703
25,47,5,59455969
34,31,5,59456348
24,33,7,59457968
31,30,7,59458149
22,39,2,59458779
30,30,7,59458789
37,33,4,59459453
29,30,5,59460399
25,46,6,59461138
36,32,5,59461164
33,31,6,59461484
42,27,3,59461521
25,33,4,59462412
25,32,7,59462415
22,38,6,59462951
28,31,4,59463428
24,40,0,59463514
35,32,6,59463904
22,43,6,59464005
26,32,4,59464189
24,34,4,59465390
38,34,5,59466182
22,39,4,59466795
35,31,5,59467211
26,31,7,59467525
33,30,5,59468546
38,36,6,59468562
57,12,7,59468832
28,30,7,59468857
26,31,5,59468976
54,11,0,59469015
52,7,6,59469586
34,31,6,59474737
32,30,4,59475701
36,31,5,59477141
36,32,6,59477143
38,34,6,59481287
34,30,5,59482095
35,31,6,59482719
26,31,6,59483516
30,30,4,59484489
55,12,5,59485738
35,30,5,59486605
29,36,4,59486794
53,7,4,59487428
32,29,7,59489521
53,11,7,59492981
23,42,3,59494672
54,11,3,59494779
23,37,5,59495101
27,30,5,59496013
37,31,5,59500146
37,32,6,59500148
36,31,6,59509227
54,8,5,59514037
34,30,6,59515811
18,25,0,59518897
36,30,5,59519697
18,24,5,59522073
39,33,3,59522079
40,34,0,59527000
40,36,6,59528446
23,35,5,59529649
54,15,6,59529918
38,32,6,59542895
40,36,2,59552970
38,31,5,59558588
37,31,6,59561620
40,34,3,59572484
35,30,6,59594233
23,38,4,59598489
27,31,4,59608915
37,30,5,59612637
23,35,1,59613389
27,30,7,59613435
35,29,5,59617519
29,29,7,59620273
22,38,7,59620323
22,40,4,59620964
37,30,4,59623737
22,36,2,59623965
32,29,6,59623997
39,31,5,59634348
22,37,2,59634419
25,31,7,59638327
25,32,4,59639182
38,31,6,59639347
28,30,4,59639415
28,29,7,59640243
56,12,7,59644043
31,29,6,59644490
38,30,5,59645755
54,16,5,59648474
22,38,4,59648605
26,31,4,59649136
26,30,7,59649812
36,29,7,59651145
42,33,2,59651276
22,36,1,59651661
37,30,6,59652159
36,29,4,59654908
35,29,6,59657261
60,27,0,59657318
39,30,4,59667884
28,29,6,59669379
38,29,7,59669903
30,28,5,59674272
57,12,6,59676162
54,13,0,59677561
60,26,3,59678164
38,30,6,59679213
54,14,6,59679565
27,29,6,59681183
54,16,6,59681719
38,29,5,59683829
35,28,7,59686255
44,26,3,59687087
57,12,4,59687169
36,28,5,59697806
39,29,7,59702277
24,31,7,59704343
25,30,6,59705048
29,28,5,59706774
41,31,5,59707943
53,6,4,59708057
52,6,7,59708059
54,13,3,59711323
39,29,5,59711762
26,29,5,59712882
35,28,6,59714792
25,31,4,59715100
39,29,4,59717442
28,28,5,59717604
25,30,7,59719043
38,28,7,59719127
38,28,4,59723724
38,29,6,59735368
53,5,7,59742203
54,12,7,59747941
38,28,5,59750403
52,10,7,59758975
24,33,4,59764306
52,8,4,59764907
52,6,4,59765976
51,6,7,59765978
54,15,6,59767019
63,5,4,59768086
54,13,1,59768251
22,36,0,59771706
12,23,7,59772017
51,5,5,59772111
63,4,4,59774954
51,7,7,59775269
63,2,5,59775717
54,8,1,59776213
58,26,7,59778638
8,24,6,59778848
53,7,7,59779699
21,19,4,59780185
22,36,5,59784223
28,29,4,59790383
22,35,6,59791089
27,29,7,59791902
27,30,4,59793379
22,37,0,59794255
23,33,5,59795571
23,33,6,59797282
22,35,3,59799732
22,34,3,59799856
22,36,6,59800213
22,36,3,59807976
22,38,0,59808408
23,34,0,59808414
32,30,7,59810644
29,29,4,59812516
24,44,0,59812681
63,4,1,59823521
24,32,0,59825601
22,37,3,59827660
26,30,5,59827779
23,35,5,59830465
23,35,0,59830801
26,30,6,59831162
27,29,5,59831170
23,33,3,59834912
23,36,0,59835711
36,28,6,59836088
22,40,6,59836151
23,37,0,59849662
41,33,6,59858985
23,35,3,59859004
62,4,7,59860584
23,34,3,59866226
63,3,4,59868164
23,35,6,59870582
52,10,4,59872103
23,36,3,59872108
63,2,4,59888327
62,3,7,59889110
25,31,0,59891229
51,5,1,59892311
51,6,4,59892326
51,5,7,59892329
24,33,0,59894050
59,10,4,59896447
23,37,6,59902118
24,36,5,59902302
23,36,6,59902307
24,31,3,59949388
27,29,6,59963174
25,31,6,59964355
23,39,5,59985734
23,38,0,59986928
51,9,2,59992711
23,35,7,59996134
26,11,0,59997683
50,5,6,59997928
53,8,7,59998129
11,28,3,59998190
62,1,6,59998463
28,28,5,59999294
23,35,2,59999646
24,36,1,59999929
22,38,3,60013929
23,34,2,60014933
36,27,5,60015119
23,38,1,60015964
25,30,6,60016459
37,28,6,60016602
41,30,5,60016725
41,31,6,60016727
24,33,4,60017892
39,29,6,60017905
51,9,7,60018516
23,37,2,60019559
23,34,1,60019812
63,1,5,60020469
42,32,5,60020517
23,35,1,60022468
24,43,0,60022481
42,31,5,60023021
23,37,4,60024403
23,35,4,60024709
62,3,6,60027186
26,30,4,60027905
23,39,1,60028042
23,40,2,60028044
39,28,5,60028362
43,33,5,60028457
23,37,1,60028749
12,28,3,60029630
23,33,7,60029933
22,38,2,60030130
53,6,1,60031198
37,27,5,60031330
22,36,2,60031504
63,1,4,60031907
53,10,2,60032052
26,29,7,60034504
25,31,4,60037268
30,26,3,60042139
24,31,7,60042444
22,39,2,60042793
27,28,7,60043978
22,36,7,60044352
22,35,2,60046451
63,25,4,60046804
22,37,2,60047669
38,27,5,60048498
35,27,6,60049213
51,7,4,60050703
43,32,0,60050806
53,8,4,60050863
51,5,4,60051212
50,5,7,60051215
26,28,1,60052521
22,35,1,60053704
22,38,1,60054195
36,27,4,60054953
41,28,0,60055150
40,29,6,60056334
59,25,4,60056964
25,29,2,60057353
24,45,2,60058101
14,22,5,60058831
11,29,2,60058994
42,30,5,60059550
10,24,0,60059615
25,43,1,60060544
50,6,2,60060672
26,14,0,60062441
22,37,1,60062953
22,43,2,60072334
25,30,4,60073247
24,30,7,60073636
25,29,7,60075098
41,28,3,60075252
22,33,7,60082670
50,6,7,60083527
21,39,2,60084716
36,26,5,60084984
39,27,7,60087913
39,28,6,60088794
24,31,4,60092748
37,27,6,60102445
13,29,0,60121670
13,29,2,60123587
52,7,7,60136881
14,29,0,60137162
14,28,3,60137165
63,1,0,60139477
52,6,2,60140944
14,29,3,60142802
23,33,4,60142885
23,32,7,60144255
50,6,4,60144682
9,29,3,60145019
22,34,7,60145259
22,33,2,60145638
22,36,4,60147937
21,36,7,60147939
61,2,1,60148378
62,1,3,60149472
11,29,1,60149833
12,16,1,60150077
24,32,4,60150913
27,29,4,60154163
13,29,3,60154940
32,29,7,60155886
21,38,2,60156404
52,6,1,60163985
21,36,5,60165418
40,28,5,60168985
21,36,6,60169125
21,36,3,60173657
32,30,4,60173797
21,37,3,60175055
52,7,4,60176616
50,6,1,60180371
36,27,6,60181515
10,24,3,60183270
22,33,3,60183540
10,30,0,60184353
21,38,3,60185829
53,13,2,60186389
62,1,7,60195293
63,1,4,60195631
24,31,0,60199949
22,35,5,60200828
22,35,0,60202215
42,31,6,60203289
22,36,5,60204115
22,36,0,60205976
22,35,6,60206277
22,37,0,60206912
63,1,1,60207388
22,38,6,60207753
22,38,0,60208547
22,34,3,60208586
24,30,3,60209226
22,36,3,60212883
51,10,4,60213211
22,36,6,60213393
25,30,0,60213464
25,29,3,60213467
37,27,2,60214100
22,35,3,60214639
53,13,4,60215586
42,34,0,60215708
32,28,5,60216861
37,27,0,60217212
42,32,6,60217288
38,27,4,60217529
42,30,0,60218723
23,33,0,60222378
61,3,1,60223244
22,41,5,60225279
23,32,3,60233538
39,28,2,60235790
22,37,3,60235802
22,41,6,60236393
23,34,5,60237999
41,35,0,60238003
36,26,1,60239644
38,27,1,60240639
23,34,6,60241242
24,32,0,60243259
23,34,0,60243322
28,28,1,60243494
22,39,0,60244610
22,38,3,60244613
27,29,2,60245338
42,30,3,60245668
23,36,5,60246259
36,27,2,60247203
40,28,1,60247402
42,30,1,60247657
37,27,3,60248021
24,44,4,60249105
24,31,3,60249793
50,7,1,60250674
23,40,5,60265276
23,41,6,60265279
23,35,0,60268177
23,33,3,60268298
24,40,3,60272344
23,36,0,60272508
41,29,1,60272891
23,35,5,60273842
40,39,2,60274387
27,28,3,60277460
25,31,0,60277573
23,34,3,60278577
23,37,5,60287204
25,30,3,60296533
61,4,0,60340076
27,29,0,60341464
23,39,0,60342791
50,9,7,60359730
50,9,1,60363832
62,3,1,60364771
61,4,2,60365491
23,34,7,60366260
52,12,7,60366284
50,10,4,60369114
23,36,1,60369592
23,37,1,60369843
23,35,1,60372077
51,6,7,60372946
49,5,7,60373624
62,1,5,60373666
23,36,4,60373754
61,1,6,60374378
40,29,0,60385243
51,9,2,60385855
23,41,2,60388045
24,42,1,60391112
23,35,4,60392263
38,28,0,60393188
23,33,7,60393813
25,30,5,60393819
25,30,6,60393942
22,36,7,60394127
24,43,3,60394588
23,42,2,60394674
23,33,1,60394801
22,36,2,60395488
23,41,4,60396339
49,5,6,60397872
23,40,1,60399498
26,29,5,60401297
22,37,2,60401390
24,44,4,60401401
62,0,7,60401525
36,27,0,60401652
60,3,7,60402009
23,41,1,60402369
23,43,7,60403815
22,35,7,60403880
23,43,2,60404159
23,34,4,60404253
25,30,7,60404499
50,5,2,60404562
22,36,1,60405423
25,31,4,60405564
35,26,1,60405678
22,38,2,60406584
23,43,1,60413385
24,32,4,60414452
41,29,3,60415438
38,27,5,60416058
22,34,2,60416313
23,32,7,60417150
27,29,4,60417770
43,33,6,60417802
40,29,6,60418446
42,30,5,60419679
41,29,5,60419681
22,34,1,60419924
22,34,7,60420183
22,36,4,60420530
40,28,5,60421789
22,37,1,60423879
50,8,1,60424616
22,35,4,60425113
23,33,4,60425137
43,31,5,60425424
27,28,7,60426238
21,37,7,60426247
24,46,1,60426512
56,25,6,60427132
21,36,2,60427824
21,36,7,60428049
39,28,6,60429143
24,30,2,60429147
22,33,1,60430284
22,33,7,60430462
42,30,0,60430528
42,38,7,60431003
42,39,4,60431571
36,27,6,60431676
23,46,2,60431992
21,35,2,60432881
26,29,6,60432953
21,38,2,60433095
21,41,7,60435020
52,12,4,60435221
23,45,1,60435252
21,41,4,60435349
45,32,4,60435720
25,30,4,60436040
37,27,6,60436062
11,14,1,60436272
44,37,0,60436882
24,30,7,60437403
49,8,2,60437983
1,32,7,60438539
25,29,7,60445395
39,27,5,60446616
21,35,1,60447560
38,27,6,60448228
21,38,1,60448512
44,38,0,60449259
42,29,5,60450226
41,29,6,60450228
20,36,2,60450372
21,43,7,60451066
21,36,4,60451077
23,32,4,60451265
22,32,7,60451476
26,29,4,60451589
21,34,2,60452047
22,46,2,60452953
41,28,5,60453694
60,0,1,60454560
40,28,6,60454836
23,46,1,60455091
23,47,2,60455093
34,26,5,60455418
21,42,4,60455572
43,31,6,60456099
45,40,6,60456150
49,9,7,60456255
20,40,7,60456674
20,39,2,60456832
45,47,0,60458683
49,5,4,60459052
21,43,4,60459535
21,43,1,60460009
39,27,4,60460146
20,40,2,60463855
47,37,5,60465054
22,46,1,60465141
21,44,4,60465169
22,33,4,60465676
20,39,1,60467479
27,28,4,60468471
16,18,7,60468598
24,49,5,60468807
44,39,6,60469397
46,46,0,60469422
43,30,6,60485154
38,26,7,60491010
21,34,7,60511403
26,28,7,60511938
22,34,4,60513654
23,31,7,60515581
20,45,5,60517194
20,35,6,60518401
20,36,6,60520059
22,32,5,60524229
20,40,4,60524788
20,38,1,60525384
23,30,1,60525983
21,35,5,60526760
60,2,4,60527039
20,39,0,60528409
62,1,6,60528457
20,40,6,60528676
20,36,3,60528892
20,41,0,60529869
20,37,3,60530408
21,35,0,60531729
20,39,3,60538940
22,33,0,60539222
20,38,3,60539258
61,1,1,60539961
60,2,2,60540685
21,34,3,60541364
21,39,5,60542641
21,35,6,60542728
21,42,5,60543707
62,0,7,60543911
36,26,5,60544172
20,42,6,60544232
22,32,3,60544572
21,39,0,60544905
21,36,0,60545191
11,25,0,60545768
27,28,5,60546055
21,39,6,60546370
21,37,0,60546458
23,32,5,60548351
21,35,3,60548689
21,37,6,60549101
14,30,2,60549107
60,1,3,60549145
21,41,5,60549379
21,37,3,60550079
21,38,6,60550128
21,36,3,60550811
21,40,0,60551062
23,32,6,60551081
21,40,3,60551307
31,31,7,60551360
21,36,6,60551420
23,46,5,60551660
22,34,0,60552149
61,2,0,60552534
49,4,7,60552711
21,41,6,60552807
22,35,5,60553200
50,9,2,60553606
21,42,6,60553670
37,26,3,60553810
23,45,5,60554862
22,41,0,60555256
45,38,5,60555447
21,39,3,60555449
61,0,3,60555716
24,47,4,60556038
22,43,5,60556075
22,35,0,60556592
38,26,3,60556884
22,40,0,60557063
22,43,3,60557218
23,31,3,60557292
22,38,5,60558283
22,33,3,60558390
26,29,0,60558418
27,28,0,60558421
26,28,3,60558424
24,47,5,60558647
22,36,5,60559631
23,46,6,60559674
44,32,5,60559701
22,35,6,60559950
25,29,3,60560307
44,31,0,60560536
45,31,7,60560538
24,31,0,60560580
22,37,0,60560986
23,45,7,60561201
22,41,5,60561555
22,38,0,60561612
37,26,1,60562014
22,40,5,60562190
22,37,5,60562406
25,30,0,60562416
24,30,3,60562418
45,47,4,60562613
44,32,7,60562615
22,36,0,60563100
60,3,4,60566810
22,43,6,60567908
23,33,0,60569399
22,39,6,60569590
22,35,3,60572534
22,34,3,60573409
44,36,7,60574127
36,26,3,60574457
61,2,3,60574499
23,34,0,60575080
23,41,5,60575181
22,41,6,60575183
22,36,6,60575635
44,46,7,60575667
23,42,5,60577052
61,3,2,60577300
24,32,0,60578009
22,40,3,60578288
24,45,4,60578557
40,28,2,60579362
22,38,3,60580304
22,36,3,60581044
44,31,4,60581211
22,38,6,60581394
50,9,6,60581434
22,37,6,60581453
23,35,0,60581687
46,39,1,60582049
45,38,1,60582052
43,30,7,60582597
28,28,0,60583078
34,26,1,60583115
23,38,5,60583126
27,28,3,60583586
44,46,2,60583805
45,32,1,60584005
45,33,2,60584007
23,33,3,60584119
23,36,5,60584610
23,37,0,60584723
38,27,2,60584788
23,39,0,60585540
42,30,2,60586257
32,30,0,60586258
23,36,0,60586320
44,31,1,60586343
43,31,2,60586347
37,27,2,60586658
25,31,0,60586766
23,40,5,60587309
27,29,0,60587424
23,35,5,60587929
23,35,6,60588994
23,37,5,60589123
36,26,1,60589748
43,42,1,60590540
37,27,0,60590679
24,33,0,60591230
42,29,1,60591719
41,29,2,60591722
26,30,0,60592037
25,30,3,60592040
26,29,3,60592042
35,26,1,60592752
27,30,6,60592796
44,33,2,60593473
62,1,0,60593616
31,30,3,60594452
32,29,3,60594454
23,34,3,60594800
23,38,6,60598550
24,38,5,60599557
25,43,5,60602368
23,35,3,60603272
24,32,3,60603982
39,27,1,60604270
23,36,6,60604497
39,28,2,60604911
43,33,5,60605512
23,37,6,60606726
24,37,5,60607392
23,36,3,60609308
38,36,3,60610703
24,37,0,60612736
24,38,7,60612738
43,31,1,60612845
43,32,2,60612846
38,27,1,60613691
24,35,0,60614604
25,31,3,60614722
24,34,0,60615591
51,5,1,60616542
37,27,1,60616569
36,27,2,60616572
42,30,1,60617449
28,28,3,60617743
24,33,3,60617918
24,36,0,60618027
41,41,4,60618223
37,27,3,60618787
40,28,1,60619013
51,12,4,60619205
44,39,2,60619258
59,3,3,60621779
41,30,2,60622493
51,9,0,60622906
24,35,5,60625333
61,3,1,60625409
26,30,3,60633960
26,31,0,60635517
39,37,0,60646385
49,9,3,60646912
51,11,1,60649491
62,2,0,60655899
61,2,2,60674104
33,29,0,60683016
24,36,5,60708899
24,37,4,60713120
24,38,4,60713158
40,30,4,60714995
60,2,0,60715126
24,37,1,60716976
24,39,2,60717165
24,35,1,60717726
24,34,2,60718379
61,1,6,60719212
60,3,2,60732468
18,11,7,60733790
24,38,1,60734031
23,39,3,60734345
24,34,1,60734672
24,33,7,60736035
24,35,4,60736167
60,3,0,60737716
24,9,4,60739820
26,43,1,60741783
25,42,1,60742645
26,31,4,60743171
26,30,7,60743173
61,0,5,60744135
25,31,7,60745628
37,27,7,60745776
25,43,4,60747655
24,33,1,60748037
37,27,5,60748254
24,34,4,60748553
62,2,6,60749343
25,32,4,60749528
23,39,7,60749567
25,42,4,60750296
24,42,7,60750651
24,41,7,60750684
25,43,1,60750839
23,38,2,60753833
26,44,4,60758204
21,10,4,60758235
42,30,5,60758822
41,30,6,60758825
23,34,2,60759563
23,35,2,60760862
23,36,1,60761385
42,31,7,60761889
23,34,7,60761899
38,27,5,60761909
40,29,6,60761991
40,28,5,60762437
24,32,7,60762607
24,33,4,60762975
42,31,4,60763216
36,27,4,60763314
23,34,1,60763601
51,9,4,60765260
24,44,2,60765281
60,2,3,60765449
23,35,1,60766237
51,12,2,60766432
24,43,2,60766822
23,39,4,60767348
42,34,4,60767980
62,1,6,60768012
23,35,4,60768265
23,37,1,60768928
37,27,4,60769547
42,30,4,60770106
33,29,4,60770546
22,36,2,60770933
36,27,6,60771010
41,34,3,60771731
62,0,3,60771977
35,27,4,60772064
39,28,6,60772102
23,33,7,60772120
23,36,4,60772235
22,37,2,60772607
22,36,7,60773885
32,29,7,60774692
25,43,7,60775495
36,26,7,60775565
37,27,6,60776226
18,10,7,60776528
22,38,7,60776709
25,30,7,60777099
22,40,7,60778658
39,27,5,60778738
22,38,2,60779870
24,43,1,60780303
24,44,4,60780330
34,26,5,60780753
28,28,7,60780793
27,29,4,60781900
26,30,4,60782161
25,31,4,60782565
41,28,4,60786069
24,31,7,60787645
22,37,1,60789804
24,32,4,60792126
23,34,4,60792463
22,35,2,60792933
39,27,4,60795157
42,30,6,60796000
23,32,7,60796352
36,26,5,60797479
22,35,7,60797812
60,1,7,60798338
26,29,7,60798929
27,28,7,60798932
42,29,5,60799320
41,29,6,60799322
22,35,1,60799343
22,40,4,60799371
23,43,7,60802041
22,38,4,60802300
22,36,4,60803272
50,9,2,60804760
40,28,6,60805974
22,37,4,60807505
22,34,7,60810146
61,1,5,60819813
61,1,6,60822622
60,1,4,60829912
62,1,4,60832672
62,0,7,60832673
59,0,5,60833628
62,0,5,60837814
62,1,6,60837816
62,2,6,60838932
11,25,2,60840158
25,13,2,60841565
50,4,4,60841789
51,8,4,60842516
50,11,7,60857064
22,36,0,60857669
23,42,2,60859338
22,34,3,60859440
24,31,2,60859472
51,13,4,60861145
61,0,1,60861877
3,32,0,60863533
1,32,3,60863679
14,30,0,60863852
22,36,6,60864431
22,36,3,60865650
22,39,6,60865948
39,27,0,60866400
50,6,2,60867465
36,26,3,60867631
22,35,3,60868893
23,32,3,60869703
50,5,4,60869897
60,2,1,60870333
11,25,1,60871856
22,40,0,60871985
10,30,3,60873123
61,0,7,60873225
23,34,0,60874169
23,43,3,60874793
23,41,5,60881562
59,0,7,60881816
24,32,0,60882922
24,32,6,60884166
25,31,5,60885852
23,38,0,60885867
24,43,5,60886287
23,43,6,60886289
23,35,5,60887374
40,28,7,60888788
23,35,0,60888895
10,31,0,60889296
43,30,1,60889856
23,42,6,60889983
48,7,2,60890422
43,33,4,60890461
24,42,5,60891058
44,37,5,60891151
42,29,1,60891786
42,30,2,60891788
41,29,2,60891791
24,15,3,60891792
23,36,0,60891980
40,28,2,60892054
15,30,0,60892056
24,31,3,60892266
14,30,1,60892353
23,38,6,60892658
25,31,6,60892672
24,44,6,60892873
11,31,2,60893853
24,43,6,60895074
23,33,3,60895171
48,7,7,60895779
10,26,2,60896827
24,41,5,60897009
41,37,5,60897222
40,37,6,60897225
23,36,3,60897239
23,39,6,60897401
23,34,3,60897448
48,7,4,60898185
40,29,0,60899579
23,35,6,60899973
25,31,0,60900327
49,4,7,60900352
42,42,2,60901056
23,35,3,60901283
25,45,6,60901431
42,35,0,60902199
25,43,5,60902247
25,30,3,60902304
23,40,7,60902377
43,34,1,60902513
43,35,2,60902515
12,30,3,60903060
11,31,0,60903161
9,26,0,60903180
23,38,3,60903279
13,30,3,60903520
36,27,0,60903702
39,27,1,60903730
60,1,2,60904071
24,33,0,60904360
49,5,7,60905192
25,16,2,60905299
2,33,0,60906063
37,27,2,60906453
37,27,0,60911348
23,37,6,60914703
26,30,0,60915289
36,26,1,60915996
42,31,2,60916946
60,0,7,60917777
40,28,1,60918535
39,28,2,60918540
58,2,2,60918550
27,29,0,60918816
26,29,3,60918818
27,28,3,60918821
24,36,0,60919461
24,34,5,60919469
36,27,3,60919820
25,42,5,60920071
24,42,6,60920073
38,27,1,60920125
36,27,2,60921205
24,32,3,60921727
48,6,1,60921851
63,7,4,60922172
35,27,0,60923874
24,34,0,60924174
60,2,4,60924339
24,36,5,60926165
39,33,5,60926694
24,34,6,60926729
24,37,5,60929082
41,35,1,60929143
24,37,0,60929630
24,33,3,60930396
35,26,1,60931115
10,26,1,60931135
37,28,0,60931155
37,27,3,60931158
24,35,0,60931523
24,37,3,60931637
41,32,7,60932298
25,42,6,60933515
40,36,2,60933611
25,32,0,60934525
25,32,6,60935228
24,37,6,60935419
13,24,2,60935588
39,36,7,60936718
49,6,7,60937801
59,0,7,60950817
60,0,1,60951104
24,35,3,60952686
58,3,0,60954058
63,6,1,60955600
24,34,3,60958048
24,36,3,60962874
25,36,5,60964263
25,31,3,60966645
26,31,5,60968282
59,0,1,60976588
47,5,7,60981463
60,2,6,60982108
58,1,2,60982728
60,1,3,60983815
59,1,2,60984976
27,38,4,60986946
59,1,1,60987780
60,3,2,60991337
59,1,5,60991818
53,9,7,60993352
58,1,1,60993708
3,33,5,60994924
25,35,0,60995982
11,24,0,60998305
50,11,6,60999519
58,3,3,61004168
61,2,0,61007339
60,3,1,61008760
49,6,3,61008988
50,9,7,61009391
58,2,0,61009750
58,1,3,61009755
58,0,1,61010412
51,12,0,61013081
10,26,5,61013368
47,5,3,61013719
16,18,4,61014875
61,1,5,61015287
49,5,3,61015754
63,12,0,61015858
61,3,6,61016001
60,1,1,61016684
48,7,0,61017030
50,9,1,61018798
61,1,3,61019066
1,33,5,61020225
14,21,6,61020458
61,2,3,61020532
50,7,0,61021130
61,7,2,61021273
12,24,4,61024220
1,33,6,61024387
62,2,0,61025461
62,7,2,61027517
44,13,7,61027970
48,5,0,61030678
62,3,5,61030849
59,2,0,61038388
59,1,3,61040432
62,2,5,61041259
24,36,6,61051826
25,39,5,61052373
25,33,2,61058123
25,33,1,61059020
26,41,5,61060714
25,35,4,61061793
41,30,2,61073655
24,36,7,61073781
25,36,1,61077493
24,34,7,61078141
25,32,1,61078441
24,36,2,61078778
24,35,7,61079895
24,33,2,61080099
24,35,2,61080564
50,6,0,61081602
59,2,3,61081627
48,6,0,61081887
24,34,2,61082436
41,41,7,61082617
24,36,4,61083217
25,41,2,61083333
24,35,4,61083608
40,32,3,61083692
50,6,3,61083759
24,37,2,61084089
24,34,1,61084123
51,13,6,61084383
40,33,0,61084843
24,35,1,61085013
62,1,3,61085348
25,38,1,61085722
24,39,2,61085746
24,33,7,61085866
50,7,3,61085948
62,0,3,61086115
62,3,0,61086131
61,3,3,61086133
26,41,1,61086339
25,41,4,61086611
62,1,5,61086683
62,2,6,61086685
62,2,3,61086689
25,40,1,61086774
41,33,0,61086800
40,29,5,61088021
24,33,1,61088386
50,7,6,61088577
60,3,5,61088690
24,40,7,61088834
60,2,0,61088861
41,36,0,61089048
48,6,3,61089229
25,32,4,61089305
25,31,7,61089307
26,29,2,61089631
26,29,1,61089790
24,36,1,61089798
24,37,1,61089853
25,42,2,61090056
24,32,7,61090317
25,41,1,61090345
40,30,0,61090424
24,33,4,61090610
42,32,0,61090875
58,3,0,61091127
25,30,2,61091174
24,34,4,61091185
40,36,0,61091228
23,35,7,61091295
24,39,1,61091332
39,36,3,61091667
14,22,4,61091770
11,31,4,61092043
13,30,7,61092046
25,30,1,61092328
63,1,0,61092501
23,34,2,61092533
12,30,7,61092611
31,31,6,61092948
63,2,0,61093101
51,14,0,61093219
23,35,2,61093223
44,37,1,61093809
24,41,2,61093812
10,25,7,61094025
41,29,4,61094028
50,5,3,61094271
40,33,2,61094389
63,3,1,61095217
23,36,2,61095823
25,30,7,61097156
23,33,7,61097198
26,30,4,61098016
25,31,4,61098028
60,1,3,61098432
10,26,6,61098613
23,33,2,61098938
41,29,5,61099106
43,38,2,61099140
23,37,2,61099174
38,27,5,61099349
23,34,7,61099356
41,30,6,61099422
40,28,4,61099438
40,28,5,61099540
40,29,6,61099545
24,31,7,61099685
23,34,1,61099727
23,35,1,61099781
9,26,4,61099859
27,29,4,61099905
24,32,4,61100308
23,33,1,61101188
23,35,4,61101251
22,34,2,61101269
23,36,1,61101522
26,28,5,61101617
43,38,7,61101635
61,3,1,61101831
23,34,4,61102226
23,33,4,61102255
23,32,7,61102257
22,37,0,61102341
23,42,4,61102648
36,26,5,61102675
36,27,6,61102678
22,35,2,61102714
22,37,2,61102782
22,37,3,61102854
60,2,3,61102929
22,36,2,61103115
51,7,5,61103142
22,35,1,61103251
27,28,7,61103355
22,35,7,61103391
44,38,5,61103491
22,34,7,61103691
37,27,6,61103916
22,36,1,61103940
39,28,6,61103959
25,30,4,61104053
24,30,7,61104055
25,29,7,61104057
23,43,7,61104355
43,43,1,61104398
42,42,1,61104400
42,43,2,61104403
26,28,7,61104421
22,38,4,61104668
39,27,5,61104726
23,43,4,61104753
60,4,0,61104845
24,31,4,61104937
22,41,7,61105206
41,28,5,61105286
22,35,4,61105317
22,40,1,61105318
22,33,7,61105401
34,26,6,61105423
22,34,4,61105570
22,42,7,61105625
44,38,6,61105707
25,44,1,61105852
28,40,4,61105962
21,40,2,61105990
43,38,4,61106060
22,37,1,61106170
44,38,0,61106181
23,31,7,61106203
37,26,5,61106221
22,42,2,61106264
33,27,4,61106507
39,37,4,61106521
31,30,7,61106677
21,37,7,61106751
23,32,4,61106896
22,32,7,61106899
21,38,2,61106961
22,34,1,61107014
39,38,6,61107186
21,36,2,61107260
24,44,1,61107506
23,44,2,61107509
44,36,0,61107554
30,36,2,61107699
38,27,6,61107727
21,33,2,61107780
44,38,3,61107804
22,41,4,61107834
21,37,2,61107865
24,45,2,61107924
43,35,6,61108035
14,30,4,61108165
23,43,1,61108166
22,43,2,61108170
41,40,4,61108182
51,6,0,61108218
21,40,7,61108221
43,32,6,61108294
21,35,2,61108321
44,35,1,61108430
22,33,4,61108449
21,34,7,61108848
42,30,6,61108938
41,29,6,61108939
21,37,4,61109000
51,7,0,61109012
25,29,4,61109038
24,29,7,61109041
42,38,0,61109055
23,44,1,61109135
23,45,2,61109137
22,44,2,61109140
40,27,5,61109144
38,26,5,61109151
11,31,6,61109161
22,42,1,61109164
52,12,0,61109172
43,44,7,61109238
44,36,3,61109247
25,28,7,61109287
44,39,6,61109299
36,26,6,61109440
20,9,7,61109466
21,41,2,61109478
40,26,3,61109520
61,3,0,61109554
35,25,5,61109613
13,21,5,61109636
40,40,1,61109676
21,35,1,61109713
43,44,4,61109720
26,28,4,61109744
40,39,7,61109871
21,33,7,61109874
21,39,1,61109903
39,27,6,61109926
39,26,5,61109985
21,36,1,61110043
21,40,1,61110063
23,31,4,61110165
51,8,6,61110294
22,32,4,61110314
44,43,3,61110322
2,32,5,61110392
39,35,0,61110448
22,43,1,61110458
41,27,0,61110534
23,8,7,61110561
21,37,1,61110662
44,44,3,61110683
43,29,5,61110803
44,31,5,61110838
21,33,4,61110943
21,32,7,61110946
44,42,0,61111070
63,3,0,61111131
62,3,3,61111133
21,42,7,61111261
21,38,1,61111287
61,2,0,61111303
42,38,3,61111409
44,42,3,61111425
42,39,2,61111452
21,43,7,61111464
37,26,6,61111486
22,31,6,61111546
45,39,5,61111585
45,38,3,61111759
21,34,1,61111790
20,37,2,61111809
20,35,7,61111838
42,37,7,61111866
45,38,5,61111883
36,25,5,61111912
45,44,0,61111974
10,30,7,61112013
10,25,4,61112110
29,38,3,61112127
20,36,7,61112208
45,39,6,61112271
20,39,2,61112291
41,28,6,61112307
20,38,7,61112315
25,43,3,61112318
20,38,2,61112336
11,25,4,61112359
46,37,0,61112431
37,25,7,61112443
20,37,7,61112462
20,36,2,61112483
22,44,1,61112528
22,45,2,61112531
21,44,2,61112533
21,41,1,61112564
20,41,2,61112566
40,27,6,61112577
24,28,7,61112647
50,10,6,61112759
45,44,3,61112760
24,29,4,61112769
20,39,1,61112771
20,40,2,61112772
44,32,6,61112864
24,45,1,61112878
2,33,4,61112904
20,34,7,61112925
46,37,3,61112937
20,36,1,61112970
36,25,4,61113202
20,42,2,61113229
1,32,7,61113230
38,26,6,61113281
27,27,5,61113310
20,40,4,61113322
63,4,5,61113456
24,46,3,61113470
28,38,7,61113480
20,34,4,61113622
41,42,2,61113702
40,41,2,61113705
22,30,7,61113770
25,28,4,61113787
37,25,5,61113797
22,45,1,61113985
21,44,1,61113987
21,45,2,61113990
40,26,5,61114021
44,31,6,61114040
46,42,2,61114092
51,6,3,61114108
63,1,5,61114175
42,27,7,61114218
42,27,4,61114235
25,27,7,61114244
20,36,4,61114249
20,40,1,61114284
44,46,3,61114345
20,38,1,61114398
20,43,4,61114431
20,41,1,61114432
19,41,2,61114435
24,47,6,61114439
21,45,1,61114673
23,45,1,61114723
23,46,2,61114726
43,29,6,61114737
19,34,2,61114848
21,46,2,61114931
20,42,1,61114941
45,31,5,61115125
45,32,6,61115127
45,42,6,61115294
19,39,2,61115414
30,33,7,61115503
47,37,4,61115528
21,32,4,61115636
20,32,7,61115640
39,26,6,61115655
38,25,5,61115747
14,11,6,61115756
19,34,1,61115837
28,40,1,61115911
10,35,2,61115999
45,31,6,61116024
2,31,4,61116209
44,30,6,61116242
24,47,3,61116253
61,2,3,61116257
2,32,6,61116283
21,46,1,61116318
47,33,5,61116379
32,26,1,61116438
46,32,3,61116564
23,28,7,61116627
10,36,4,61116697
24,28,4,61116891
47,36,1,61116929
52,14,6,61117102
30,35,4,61117103
29,35,7,61117108
36,25,6,61117122
52,12,3,61117231
19,43,2,61117237
35,24,7,61117288
37,25,4,61117466
20,44,1,61117471
20,45,2,61117473
37,25,6,61117494
9,31,5,61117540
18,11,4,61117604
19,10,4,61117607
40,26,6,61117651
46,45,0,61117736
18,39,2,61117738
46,45,3,61117744
20,47,2,61118051
42,27,5,61118143
19,44,1,61118189
46,30,5,61118219
45,29,5,61118222
46,36,7,61118243
25,27,4,61118286
21,47,1,61118584
18,39,1,61118587
18,36,2,61118676
19,9,2,61118733
49,5,0,61118747
24,49,6,61118839
47,44,5,61118852
20,9,4,61118853
45,47,0,61118925
18,40,4,61119040
22,48,1,61119187
21,48,2,61119189
45,47,3,61119210
48,37,3,61119212
20,32,4,61119217
43,46,0,61119287
31,27,2,61119326
46,48,1,61119332
19,43,1,61119368
38,25,6,61119397
23,28,4,61119481
22,28,7,61119483
47,33,0,61119601
47,31,5,61119610
43,46,3,61119643
17,33,5,61119688
21,50,5,61119695
21,48,1,61119699
21,49,2,61119701
42,26,5,61119703
42,27,6,61119706
18,36,1,61119764
19,47,3,61119766
49,38,0,61119769
21,50,6,61119786
30,25,4,61119795
18,44,2,61119823
18,35,4,61119828
39,41,2,61119846
48,42,3,61119854
18,45,2,61119878
61,3,3,61119935
40,25,5,61119944
46,48,0,61119955
25,26,7,61120081
18,9,6,61120094
44,46,1,61120103
17,40,2,61120143
40,41,1,61120214
23,27,5,61120224
17,39,7,61120226
20,47,1,61120234
20,48,2,61120235
17,41,2,61120245
47,44,3,61120274
23,27,7,61120327
51,7,3,61120350
47,33,6,61120385
48,33,5,61120413
23,27,6,61120421
37,24,5,61120424
17,37,2,61120430
25,37,6,61120508
17,39,1,61120607
24,52,7,61120618
24,52,5,61120665
46,30,3,61120734
45,28,5,61120736
45,29,6,61120740
52,11,0,61120835
49,41,4,61120954
48,41,7,61120957
48,33,7,61121000
48,36,7,61121070
22,49,5,61121081
20,48,1,61121088
49,38,3,61121090
19,48,2,61121091
20,49,7,61121120
20,49,4,61121126
18,44,1,61121132
17,43,1,61121133
17,44,2,61121136
38,24,5,61121214
37,24,6,61121215
22,51,2,61121249
17,33,6,61121295
42,26,4,61121317
48,34,6,61121352
17,40,1,61121366
17,34,7,61121423
41,25,5,61121440
21,49,1,61121496
20,49,2,61121500
49,34,5,61121534
17,44,0,61121547
43,26,5,61121615
19,30,5,61121668
17,36,4,61121677
17,37,1,61121735
20,30,5,61121748
16,40,2,61121759
19,49,2,61121763
49,35,6,61121894
22,27,7,61121899
24,26,7,61121918
49,36,6,61121939
48,32,5,61121948
48,33,6,61121949
25,48,5,61121952
39,24,7,61121965
47,46,0,61122048
42,26,6,61122109
16,41,2,61122122
49,33,5,61122172
22,28,4,61122173
39,24,4,61122244
16,38,2,61122286
29,36,4,61122318
50,39,0,61122336
50,36,5,61122374
41,25,7,61122398
39,24,5,61122435
50,38,3,61122468
3,31,5,61122474
2,31,6,61122476
40,25,6,61122497
18,45,1,61122563
17,45,2,61122566
16,36,7,61122635
48,31,5,61122675
48,32,6,61122677
25,26,4,61122795
62,3,0,61122816
17,46,2,61122831
49,32,5,61122855
41,25,4,61122921
16,41,1,61122925
17,45,4,61122956
20,28,5,61122990
45,51,6,61122999
16,40,1,61123012
1,30,7,61123043
16,45,7,61123051
23,27,4,61123156
16,44,2,61123195
26,25,7,61123215
40,24,7,61123229
24,53,2,61123262
19,48,1,61123321
10,35,7,61123363
50,35,5,61123402
49,33,0,61123405
25,46,3,61123430
49,34,6,61123464
17,45,1,61123487
49,33,3,61123489
16,34,7,61123529
16,35,7,61123551
16,43,1,61123591
51,5,5,61123613
15,35,2,61123620
16,38,1,61123640
19,49,1,61123662
18,49,2,61123667
25,25,7,61123739
50,34,5,61123768
16,33,6,61123817
16,44,1,61123873
16,36,4,61123879
2,30,7,61123885
16,42,4,61123911
46,28,5,61123936
20,49,1,61123960
20,50,2,61123961
38,24,6,61123963
20,28,7,61124082
41,25,6,61124083
50,39,6,61124118
22,51,1,61124122
18,47,1,61124161
17,47,2,61124170
24,53,1,61124182
17,48,2,61124184
50,36,6,61124196
50,34,0,61124222
51,37,5,61124240
50,37,6,61124244
44,27,6,61124255
15,42,2,61124266
26,25,4,61124270
16,45,4,61124290
52,11,3,61124354
51,38,5,61124376
51,39,0,61124395
50,39,3,61124398
49,47,6,61124400
50,35,6,61124404
37,23,5,61124412
18,32,4,61124435
18,50,7,61124449
23,54,2,61124585
18,50,4,61124597
51,48,4,61124606
20,50,1,61124615
19,50,2,61124618
46,50,5,61124652
47,50,5,61124710
46,50,6,61124713
19,51,2,61124757
35,23,6,61124775
17,32,7,61124825
15,41,7,61124864
15,44,2,61124952
15,41,2,61125019
17,46,1,61125021
16,46,2,61125025
21,52,2,61125038
21,52,1,61125044
39,24,6,61125062
17,49,7,61125101
17,48,1,61125110
50,47,7,61125126
15,41,1,61125165
41,24,5,61125207
49,32,6,61125237
15,35,7,61125254
38,23,7,61125274
15,40,4,61125310
36,23,6,61125484
25,47,6,61125534
15,44,7,61125538
15,41,4,61125579
51,7,6,61125625
17,47,1,61125677
17,10,7,61125810
25,25,4,61125881
35,23,4,61125911
53,14,2,61125944
50,34,6,61125970
17,31,7,61126007
47,28,5,61126128
46,28,6,61126143
17,32,4,61126199
25,24,7,61126250
15,37,7,61126420
18,53,4,61126433
25,48,6,61126551
20,27,7,61126619
14,34,5,61126697
16,50,7,61126891
22,57,2,61126973
16,34,4,61127105
23,57,0,61127731
50,51,0,61128399
19,55,7,61128938
18,10,4,61129399
62,3,6,61129674
20,28,4,61131084
14,39,7,61131396
44,26,0,61131786
63,0,5,61131998
42,24,5,61132147
45,27,6,61132580
15,49,3,61132866
16,50,0,61133009
40,24,4,61133624
15,46,5,61133741
37,22,5,61133855
37,23,6,61133857
15,44,4,61134061
16,35,4,61134284
40,37,7,61134347
15,38,1,61134419
15,39,5,61134717
17,50,0,61134790
15,42,1,61134792
14,42,5,61134826
45,43,7,61134834
48,30,3,61134897
14,38,3,61134957
49,30,0,61134992
61,2,6,61135083
15,38,3,61135232
15,38,5,61135265
15,39,6,61135268
25,24,4,61135401
15,38,6,61135453
48,31,1,61135545
15,33,7,61135578
13,29,7,61135589
22,54,2,61135619
16,38,5,61135624
16,40,4,61135631
14,39,3,61135635
16,39,0,61135672
15,37,3,61135778
16,48,0,61135781
10,24,7,61135784
49,43,7,61135863
16,38,0,61135887
18,44,6,61135900
24,24,7,61136293
22,25,7,61136301
15,46,6,61136375
16,39,3,61136447
14,41,0,61136455
15,40,0,61136458
15,41,0,61136488
14,41,3,61136491
15,40,3,61136494
31,27,6,61136630
15,36,3,61136669
15,43,5,61136680
15,34,6,61136689
22,49,6,61136692
16,46,0,61136717
52,41,4,61136726
20,46,4,61136745
16,11,4,61136749
40,37,5,61136895
23,48,0,61136927
48,50,6,61136970
42,37,1,61137013
46,39,0,61137090
52,42,4,61137098
46,42,1,61137105
15,10,5,61137141
15,42,0,61137147
14,42,3,61137150
45,48,7,61137180
42,39,1,61137246
45,43,4,61137364
15,36,5,61137436
47,43,4,61137695
16,47,6,61137717
16,10,5,61137820
16,37,5,61137823
15,37,6,61137825
52,40,4,61137845
17,49,6,61137886
16,45,5,61137902
15,45,6,61137903
16,46,3,61138010
44,47,5,61138179
48,50,4,61138186
48,49,7,61138192
17,47,0,61138198
21,25,5,61138205
48,30,5,61138230
19,8,7,61138291
49,39,4,61138304
15,35,6,61138353
46,38,3,61138364
51,39,7,61138407
20,47,6,61138436
19,45,7,61138484
20,51,5,61138521
19,51,6,61138526
32,25,7,61138534
46,48,1,61138683
10,30,4,61138739
15,43,0,61138765
17,47,5,61138776
51,41,7,61138828
15,41,3,61138842
17,46,5,61138854
23,48,3,61138886
46,49,5,61138927
50,47,4,61138936
15,35,3,61138953
16,34,5,61138961
16,37,0,61139157
42,34,2,61139194
51,12,3,61139238
51,40,7,61139324
48,49,4,61139363
47,49,7,61139365
17,48,6,61139447
17,39,7,61139450
17,47,3,61139465
25,49,5,61139467
24,49,6,61139470
18,39,0,61139507
49,34,0,61139514
50,33,0,61139517
49,33,3,61139520
16,44,5,61139534
15,43,6,61139666
51,40,4,61139759
18,48,5,61139829
18,49,6,61139831
20,37,4,61139846
45,46,0,61139860
49,36,5,61139867
49,37,6,61139869
16,38,6,61139886
17,45,5,61139922
16,45,6,61139924
31,26,6,61139948
41,24,6,61139974
18,48,0,61140032
26,40,1,61140094
28,38,3,61140121
45,36,1,61140214
15,10,7,61140331
43,45,6,61140420
16,35,0,61140444
47,49,4,61140474
46,49,7,61140477
47,48,7,61140480
32,25,5,61140532
50,39,7,61140548
22,36,3,61140556
50,36,5,61140598
44,43,3,61140667
22,49,2,61140698
41,38,2,61140708
22,49,4,61140726
17,37,5,61140734
17,38,6,61140737
16,36,5,61140739
16,37,6,61140742
17,47,6,61140788
50,46,4,61140998
49,46,7,61141001
50,45,7,61141003
19,45,6,61141004
15,42,6,61141030
19,50,4,61141047
46,31,2,61141052
22,49,1,61141127
17,10,4,61141144
45,34,2,61141208
41,38,1,61141249
40,38,2,61141255
23,49,4,61141296
21,50,2,61141386
45,45,0,61141411
46,37,7,61141444
38,38,2,61141446
45,34,1,61141484
48,41,4,61141513
44,35,0,61141523
40,23,5,61141527
16,32,3,61141530
21,48,4,61141534
47,48,4,61141635
46,48,7,61141637
45,26,5,61141641
20,50,6,61141716
46,36,5,61141735
21,49,5,61141747
20,48,5,61141750
20,49,6,61141752
22,52,6,61141863
41,39,0,61141890
16,34,6,61141909
18,46,5,61141931
17,46,6,61141936
17,44,5,61141999
16,44,6,61142001
44,35,3,61142101
17,36,5,61142187
16,36,6,61142189
45,26,7,61142256
43,38,4,61142298
44,42,1,61142299
42,38,7,61142300
45,52,0,61142304
19,48,5,61142360
18,48,6,61142365
46,48,4,61142411
46,47,7,61142416
25,42,4,61142418
19,41,1,61142465
45,36,0,61142558
42,34,1,61142561
42,35,2,61142565
47,32,1,61142605
32,26,5,61142623
41,39,3,61142674
45,50,1,61142696
40,37,4,61142732
49,36,6,61142792
24,42,5,61142822
44,43,1,61142832
43,43,2,61142837
20,42,3,61142853
25,43,6,61142855
20,47,7,61142882
17,44,3,61142888
45,27,3,61142987
17,44,6,61143004
20,49,4,61143180
49,5,3,61143195
25,23,7,61143199
21,45,5,61143209
20,45,6,61143213
19,38,4,61143218
63,3,5,61143229
18,46,6,61143282
17,37,6,61143329
16,35,3,61143337
42,35,1,61143434
22,45,0,61143550
46,35,5,61143659
46,36,6,61143662
63,2,5,61143691
20,43,3,61143790
46,30,6,61143810
26,43,5,61143980
62,1,3,61144002
18,37,5,61144009
46,33,2,61144049
48,40,4,61144053
47,40,7,61144055
43,26,3,61144134
32,25,6,61144148
21,44,5,61144203
21,45,6,61144205
24,45,6,61144248
25,45,7,61144362
17,32,0,61144398
25,39,5,61144402
43,42,4,61144457
47,35,5,61144488
46,35,6,61144492
49,44,2,61144596
25,44,5,61144620
28,39,0,61144656
32,25,4,61144661
30,37,2,61144692
44,48,4,61144728
22,45,3,61144833
21,44,0,61144835
45,29,7,61144859
17,33,5,61144881
25,39,6,61145056
39,39,4,61145275
43,32,6,61145287
24,42,6,61145292
39,36,7,61145345
40,39,3,61145402
44,30,4,61145423
46,27,1,61145480
28,40,4,61145482
27,40,7,61145484
18,37,6,61145509
22,39,5,61145516
22,40,6,61145518
24,52,5,61145573
19,40,6,61145579
43,43,1,61145672
50,34,0,61145673
49,34,3,61145678
18,36,5,61145772
17,35,5,61145777
17,36,6,61145779
62,2,6,61145798
20,39,5,61145801
24,52,6,61145829
42,36,1,61145892
41,36,2,61145896
36,33,1,61145899
62,1,5,61145902
50,35,0,61145918
62,1,6,61145982
15,28,5,61146138
50,44,7,61146168
16,10,6,61146393
29,39,5,61146402
40,33,1,61146458
20,40,5,61146490
20,41,6,61146493
41,36,0,61146530
38,38,7,61146558
40,38,1,61146604
40,39,2,61146607
29,36,5,61146769
28,36,6,61146776
17,32,6,61146795
37,22,6,61146815
43,33,7,61146820
24,41,7,61146888
43,33,4,61146906
45,30,0,61147050
19,38,6,61147089
18,35,5,61147204
24,49,3,61147227
31,29,2,61147277
25,50,0,61147337
31,25,7,61147361
17,35,6,61147372
60,24,4,61147412
24,41,4,61147515
30,29,3,61147539
29,36,0,61147554
45,31,0,61147564
45,30,3,61147569
29,34,7,61147641
35,35,2,61147685
17,31,3,61147791
22,7,6,61147798
30,27,7,61147801
30,32,7,61147892
39,34,4,61147954
31,32,4,61148155
58,24,6,61148175
38,35,0,61148208
59,24,4,61148210
38,33,7,61148275
17,33,6,61148299
39,34,2,61148306
41,34,4,61148417
18,34,5,61148515
17,34,6,61148518
51,8,1,61148576
22,38,2,61148590
29,34,4,61148604
40,33,7,61148646
27,43,6,61148659
28,33,5,61148708
18,35,6,61148727
18,30,6,61148887
25,37,3,61148900
63,1,4,61149107
28,33,6,61149139
61,1,7,61149229
38,38,1,61149321
28,33,7,61149391
15,28,6,61149405
19,29,5,61149455
45,25,7,61149515
38,39,3,61149550
44,31,5,61149594
44,32,6,61149598
39,40,0,61149618
44,30,2,61149638
17,9,7,61149650
32,26,6,61149661
29,32,5,61149664
18,32,0,61149741
17,32,3,61149744
26,39,7,61150084
26,44,1,61150223
34,34,3,61150542
11,23,7,61150554
40,31,6,61150596
25,49,6,61150621
63,1,5,61150655
29,27,6,61150796
18,8,1,61150928
19,34,3,61150935
18,31,5,61150947
59,24,1,61151049
32,38,6,61151299
30,26,5,61151443
24,23,7,61151570
41,28,3,61151710
41,30,5,61151860
29,36,6,61151872
27,36,7,61152006
18,32,5,61152017
35,35,0,61152019
35,35,3,61152036
40,33,4,61152042
39,31,1,61152079
31,24,5,61152137
37,39,2,61152202
33,25,5,61152231
32,33,5,61152241
30,26,6,61152380
26,48,5,61152421
22,41,1,61152433
33,37,5,61152457
20,35,0,61152475
47,26,4,61152493
18,31,0,61152499
23,36,5,61152810
22,36,6,61152814
27,32,5,61152853
31,24,6,61152859
52,13,5,61152911
35,37,0,61152916
34,37,3,61152918
18,33,5,61152923
30,27,1,61153002
27,32,6,61153065
31,28,6,61153087
42,29,0,61153098
42,28,3,61153103
18,31,3,61153156
27,36,4,61153160
43,28,5,61153164
46,11,2,61153182
30,36,4,61153333
38,32,2,61153357
24,10,1,61153440
22,33,5,61153470
61,4,0,61153733
26,45,5,61153769
46,28,0,61153770
30,32,5,61153845
29,32,6,61153850
30,31,5,61153854
51,8,4,61153964
40,31,7,61154084
19,34,5,61154116
18,34,6,61154120
18,30,3,61154140
43,46,0,61154444
29,32,4,61154825
28,32,7,61154828
62,0,7,61154932
30,30,5,61154982
19,40,7,61155033
18,32,6,61155386
39,30,5,61155457
26,45,6,61155672
36,38,1,61155707
23,35,5,61155841
23,36,6,61155844
41,38,4,61155850
14,18,2,61155852
62,0,1,61155883
19,29,6,61155904
15,10,6,61156261
24,13,6,61156334
18,33,6,61156452
45,12,4,61156637
19,30,0,61158557
31,23,7,61159307
19,34,6,61159382
20,27,3,61160485
33,32,4,61160724
19,32,5,61161110
19,29,3,61161163
19,33,5,61161387
26,44,3,61161450
20,28,5,61161586
20,29,6,61161589
24,24,4,61161847
22,27,4,61161898
19,30,3,61162044
26,22,0,61162217
19,33,6,61162341
23,24,1,61162441
21,28,0,61163027
42,24,1,61163217
41,23,1,61163220
41,24,2,61163222
19,32,0,61163261
20,33,5,61163604
35,27,0,61163753
30,35,3,61163965
20,31,0,61163979
39,22,1,61163986
38,22,2,61163992
21,28,5,61164405
22,26,0,61164429
19,32,6,61164523
20,32,5,61164566
19,32,3,61164682
41,27,6,61164698
57,25,7,61164792
43,27,1,61164799
20,30,0,61164920
19,8,4,61165574
42,25,1,61165608
41,25,2,61165610
22,25,2,61165666
30,30,0,61165697
22,33,6,61165976
51,7,7,61166020
22,25,3,61166037
23,25,0,61166141
52,11,5,61166209
51,11,6,61166212
38,30,7,61166651
26,34,5,61166810
23,24,3,61166825
24,23,3,61166827
20,30,3,61167072
22,27,0,61168295
21,28,6,61168779
20,32,6,61169314
20,33,6,61170083
35,39,2,61170097
21,33,0,61170276
39,29,5,61170377
27,30,6,61170458
50,3,4,61170891
37,27,7,61170907
20,31,3,61171094
38,30,4,61171429
37,40,2,61171447
21,31,5,61171581
23,33,2,61171863
21,31,0,61171897
39,30,6,61172167
21,31,3,61172315
15,10,4,61172761
35,28,4,61172777
40,25,0,61172820
24,31,6,61173091
31,36,0,61173401
31,35,3,61173404
21,31,6,61173666
37,40,7,61173816
21,32,5,61173826
37,40,4,61173939
34,27,1,61173981
33,29,6,61173983
36,27,2,61174044
33,24,5,61174292
22,26,3,61174397
39,29,6,61174435
22,32,0,61174546
22,32,5,61174648
21,32,6,61174650
38,23,7,61174908
7,29,7,61175040
23,25,6,61175060
24,24,5,61175062
33,25,6,61175541
14,29,4,61175642
21,30,3,61176048
35,29,1,61176369
37,30,4,61176718
37,29,7,61176723
51,10,7,61176752
23,32,5,61176790
28,27,3,61177348
23,32,6,61177522
34,29,4,61177535
13,29,4,61177768
18,7,7,61177854
22,31,0,61177986
22,25,1,61178146
19,7,7,61178229
30,40,5,61178285
37,29,4,61178521
36,29,7,61178523
24,24,6,61178764
28,29,4,61178925
27,29,7,61178927
27,29,4,61179122
27,28,7,61179127
20,7,4,61179270
22,31,5,61179369
30,27,4,61179481
61,25,5,61179723
22,27,3,61179759
29,26,7,61180049
24,23,5,61180543
22,30,5,61180687
22,31,6,61180690
37,22,2,61180725
23,25,3,61180927
32,39,0,61181017
25,31,7,61181214
36,21,1,61181584
35,38,1,61181978
33,30,3,61181981
22,28,3,61182037
22,30,6,61182698
24,25,0,61182761
23,27,0,61182826
26,22,3,61182898
35,21,1,61183167
38,22,1,61183489
38,23,2,61183493
34,21,7,61183695
35,39,1,61183772
25,24,0,61183782
26,23,0,61183785
25,23,3,61183787
30,25,7,61183953
34,38,1,61183968
34,39,2,61183970
23,26,3,61184444
24,26,0,61184523
31,24,5,61184800
36,22,2,61184986
31,24,6,61185304
38,23,1,61185333
37,22,1,61185335
37,23,2,61185338
31,25,4,61185618
36,22,1,61185771
35,22,2,61185773
38,26,6,61185794
37,40,1,61185955
33,22,7,61186063
23,28,0,61186576
28,22,0,61186665
23,29,5,61186841
23,29,0,61187018
23,30,5,61187251
32,23,4,61187528
24,25,3,61187666
25,24,3,61189814
31,22,7,61190344
37,28,1,61192242
25,25,0,61192375
24,26,3,61192951
23,28,3,61193242
30,22,0,61194121
24,27,0,61194931
23,27,3,61194934
24,28,0,61195586
23,30,6,61195848
26,25,5,61196263
23,29,3,61196346
24,29,0,61196378
34,21,1,61196965
24,27,3,61197228
34,22,2,61197872
25,26,0,61198187
34,27,2,61198309
25,25,3,61198355
26,25,0,61198646
25,27,0,61199451
51,7,1,61200760
25,26,3,61202577
36,28,2,61203509
36,26,0,61205412
25,28,0,61205712
26,26,0,61206704
36,28,7,61207444
30,25,3,61207989
26,25,6,61208021
34,22,1,61209070
33,22,2,61209072
35,22,1,61209367
35,23,2,61209371
26,25,3,61209528
50,2,7,61210494
27,26,5,61210512
25,27,3,61211388
30,22,1,61212805
26,27,0,61212962
31,25,0,61213073
29,23,2,61214014
29,23,1,61214042
26,26,3,61215070
34,23,2,61215337
50,7,5,61216092
27,26,0,61217645
31,25,3,61225786
27,28,2,61225917
33,23,2,61230354
9,29,7,61231583
37,36,1,61234108
33,23,3,61235004
35,23,1,61235448
52,13,6,61235694
7,29,2,61236452
9,24,7,61236996
51,10,3,61238929
35,36,5,61239584
16,24,3,61240986
7,29,3,61241204
13,28,1,61241334
27,26,6,61242285
11,29,2,61242520
35,36,6,61242542
32,26,0,61242977
50,2,1,61243732
16,9,7,61244040
12,29,2,61244239
0,30,3,61244292
63,1,1,61244515
46,11,7,61244916
18,7,5,61245174
10,29,7,61245515
3,30,0,61245763
7,30,4,61246298
32,25,3,61247952
17,23,1,61249385
1,30,3,61250348
5,30,0,61250368
36,35,0,61250702
51,8,0,61258683
50,8,7,61261581
50,3,2,61263418
50,3,0,61263591
49,3,3,61263594
52,11,0,61263666
53,13,5,61264250
33,26,0,61265510
52,5,4,61266527
52,13,0,61266783
52,6,0,61269546
62,23,5,61272742
18,7,3,61274249
24,8,6,61275300
16,18,0,61275726
25,14,6,61276081
17,24,2,61276537
59,24,6,61280835
20,7,0,61281892
17,8,3,61290150
52,8,1,61290701
51,8,0,61293461
51,8,3,61294555
62,2,3,61298709
52,6,3,61299736
47,11,0,61301385
50,4,0,61302377
51,4,7,61302379
13,14,3,61303276
14,18,6,61303870
63,1,5,61305995
25,13,6,61309135
25,7,5,61309743
52,4,5,61309924
26,16,5,61311724
25,16,6,61311726
63,1,0,61327702
62,1,3,61329373
16,22,6,61332688
9,29,5,61333410
52,9,2,61333427
25,9,6,61334368
50,4,3,61335771
0,30,7,61337596
53,7,0,61339651
46,11,2,61341267
2,30,4,61343472
25,8,6,61352401
46,11,3,61364734
53,9,0,61400695
51,9,3,61403590
52,9,1,61425859
63,1,5,61426509
34,26,5,61431604
63,2,1,61432916
51,4,1,61445360
53,6,4,61466672
32,27,2,61509687
33,26,3,61515935
32,27,1,61525915
31,28,2,61527786
31,28,1,61541166
29,28,0,61550493
30,28,4,61553837
30,27,7,61553840
29,28,2,61575763
29,28,4,61579269
29,28,1,61581779
29,27,7,61583506
26,28,0,61610422
28,27,7,61610869
27,28,2,61613305
27,28,1,61619956
63,1,1,61622448
26,28,2,61625459
26,29,3,61629796
63,2,5,61636575
26,28,1,61637208
24,28,3,61637335
28,27,3,61639025
29,28,0,61641144
25,29,0,61645896
25,29,2,61646569
26,27,7,61648938
30,28,1,61650755
24,28,6,61651855
25,27,5,61652396
28,28,2,61652521
52,12,3,61652585
62,2,3,61656275
25,28,4,61666303
25,27,7,61667448
24,29,2,61668079
24,29,1,61675716
27,28,2,61676967
53,11,3,61679973
23,29,2,61680044
23,28,7,61683048
23,30,2,61683112
24,28,4,61683733
24,27,7,61687134
62,24,3,61687214
23,30,3,61687762
23,29,1,61691383
22,29,7,61694267
26,28,2,61694502
22,28,6,61697240
26,27,1,61698107
22,29,2,61698258
23,30,1,61699271
22,30,2,61701422
23,28,4,61704116
22,29,4,61705163
22,29,1,61706377
26,28,1,61707312
24,27,3,61707366
22,31,4,61708245
25,28,0,61708527
21,30,7,61711732
52,10,0,61711779
25,27,1,61714312
25,28,2,61714314
52,12,7,61714826
21,30,4,61715657
21,28,7,61718373
21,30,2,61718816
22,28,4,61719374
20,29,7,61726012
21,30,1,61730342
25,29,2,61730495
20,29,2,61730579
24,28,2,61733543
51,5,0,61733878
22,30,1,61734423
24,27,1,61735752
24,28,1,61736402
23,28,2,61736404
25,29,1,61747331
20,29,4,61750150
20,28,7,61750153
21,28,4,61750780
20,29,1,61760611
19,30,7,61769271
19,30,2,61774611
19,30,4,61774789
20,31,2,61776413
19,28,7,61785111
20,28,4,61791350
18,29,7,61791400
19,30,1,61793449
23,29,2,61801718
18,28,5,61801874
18,30,2,61802594
20,31,1,61804320
22,28,2,61806507
23,29,1,61808046
23,30,2,61808048
21,28,2,61812272
18,31,2,61812637
18,28,7,61821953
17,29,7,61822175
19,28,4,61826326
17,30,4,61829892
22,28,1,61831475
53,13,2,61834557
17,29,1,61834711
17,30,2,61834713
17,31,0,61836736
17,31,3,61841853
21,29,2,61842013
18,31,1,61842833
17,29,4,61847339
17,30,1,61851544
16,30,2,61852561
16,29,7,61853323
18,28,4,61858783
52,10,2,61867066
20,28,2,61870256
21,30,2,61873867
16,29,4,61883752
15,29,7,61883754
19,28,2,61890052
21,30,1,61890119
21,29,1,61894862
20,30,7,61896852
16,32,2,61899588
16,32,1,61900415
20,30,4,61901903
19,29,7,61905079
20,28,1,61905710
14,30,1,61905852
20,30,2,61906678
13,31,2,61919804
19,29,2,61923889
13,32,2,61924627
52,5,3,61924836
20,30,1,61925441
13,30,4,61926652
19,30,7,61928108
12,30,2,61930023
17,28,2,61931197
13,31,1,61931303
53,12,5,61933663
52,10,4,61935682
12,29,1,61937016
19,29,1,61937194
19,30,2,61937196
12,31,2,61937775
12,30,1,61945751
19,31,0,61949420
11,30,2,61950023
12,31,1,61950718
11,31,2,61950720
19,30,1,61950873
11,32,2,61955787
17,29,3,61957231
11,29,1,61957720
18,30,2,61959137
11,30,1,61959220
51,5,1,61959368
14,21,1,61960074
10,30,2,61960560
53,12,6,61961420
11,31,1,61962072
16,29,0,61963113
12,29,7,61963299
51,7,4,61964259
18,31,2,61964322
11,32,1,61964850
11,30,4,61965005
17,29,2,61966851
16,23,1,61967080
53,8,4,61967497
10,30,4,61968189
52,4,3,61968705
11,33,4,61968863
10,29,1,61973287
10,30,1,61975019
9,30,2,61975021
10,33,2,61975903
17,30,2,61979984
17,29,1,61980121
11,33,1,61981894
16,29,3,61983290
9,31,2,61983423
15,29,3,61985271
17,30,1,61987424
16,30,0,61989926
10,33,1,61991306
16,30,2,61991814
16,30,3,61991987
9,31,1,61993038
9,32,1,61994358
16,31,2,61994832
16,30,1,61994899
15,29,2,61998414
9,33,1,61998520
9,34,2,61998522
8,32,4,62006994
7,31,7,62008292
8,34,2,62011079
13,29,3,62011665
7,31,2,62012140
13,29,1,62016542
16,31,1,62018133
7,33,7,62020370
15,29,1,62020571
7,33,4,62022178
8,34,1,62023802
7,31,1,62023873
15,31,2,62023892
14,30,2,62023895
7,31,4,62025001
7,29,1,62025578
7,33,1,62025903
15,32,2,62025927
63,3,1,62026712
6,32,7,62027688
6,30,2,62028789
15,31,1,62028894
6,33,2,62029259
6,33,4,62029684
15,32,1,62045937
11,30,4,62046528
13,31,3,62047432
14,32,0,62049598
14,30,1,62049982
14,32,2,62052503
4,33,2,62052836
14,31,1,62054698
4,33,7,62055417
5,35,4,62056607
4,34,7,62057849
4,33,1,62060036
4,35,2,62062414
13,31,2,62062539
3,31,7,62069284
4,31,4,62070210
13,31,1,62071473
12,31,2,62073286
4,35,1,62074556
11,31,0,62076326
3,35,1,62079099
3,31,4,62080180
9,30,2,62081139
2,32,4,62081830
3,30,7,62084559
12,31,1,62084664
2,35,1,62084884
1,31,2,62085574
2,35,4,62085614
52,13,7,62085983
1,34,7,62086123
51,10,2,62086770
3,33,2,62086801
1,31,1,62087357
1,32,2,62087359
7,30,7,62089565
5,30,4,62091187
1,33,4,62091341
1,34,4,62092918
1,32,4,62093209
1,31,7,62093211
11,32,2,62095202
11,32,1,62099582
7,30,5,62103827
10,32,2,62104513
10,31,1,62106864
9,30,1,62107281
49,27,7,62109680
10,32,1,62113447
10,33,2,62113449
6,30,5,62114414
9,32,2,62116104
10,33,1,62121103
9,32,1,62122710
9,33,2,62122713
53,15,2,62123249
63,4,1,62124803
62,4,7,62134169
7,31,1,62135084
13,22,2,62136704
62,4,2,62139084
51,8,1,62139710
50,6,7,62140093
7,32,1,62140822
6,32,2,62140825
4,30,1,62141786
3,31,0,62145362
3,31,2,62146550
51,5,3,62146778
32,28,1,62148006
7,33,1,62148394
6,33,2,62148396
7,34,4,62149519
11,24,2,62149688
2,31,7,62150521
3,30,1,62151000
19,8,0,62151248
2,31,2,62151908
27,29,4,62152737
52,5,1,62153594
3,31,1,62156035
4,33,2,62162121
2,31,1,62162472
1,31,3,62163108
1,32,0,62164116
2,32,2,62165902
4,34,2,62166959
4,33,1,62167708
3,33,2,62167713
62,6,7,62167911
1,32,2,62168045
0,32,7,62168056
2,32,1,62169717
0,33,7,62171133
0,32,3,62172017
4,35,2,62172929
3,33,1,62174393
2,33,2,62174395
1,32,1,62174888
28,29,2,62175192
33,29,0,62176351
7,31,4,62176983
1,33,0,62177525
2,34,2,62177699
2,33,1,62178408
1,33,2,62178411
62,5,2,62178456
53,15,1,62179025
35,29,7,62180051
3,35,0,62180119
62,25,1,62180565
4,35,1,62180827
62,6,4,62180868
32,29,2,62182237
29,29,2,62182774
19,8,3,62182877
32,29,0,62184564
22,8,6,62184850
1,33,1,62185389
1,34,2,62185391
51,10,3,62185516
51,11,6,62185849
2,34,1,62185869
29,29,1,62186081
12,30,2,62188241
7,24,3,62188322
1,34,1,62189415
50,11,2,62196093
26,29,3,62197005
11,30,0,62198324
10,30,0,62199763
10,24,3,62200659
7,25,0,62201975
33,29,2,62203667
32,29,1,62203819
50,11,3,62204190
8,25,0,62204941
0,34,7,62205149
11,30,3,62205510
63,3,0,62206285
51,11,0,62206400
33,29,1,62206737
7,24,1,62206768
56,10,3,62206798
18,9,0,62207439
52,6,1,62207913
52,11,0,62208470
25,30,2,62208513
50,8,7,62209054
26,30,0,62209297
43,28,3,62209495
32,29,3,62209512
28,29,1,62210003
31,30,0,62210661
26,30,1,62211160
44,29,0,62211440
60,27,1,62211716
52,8,7,62211784
25,30,3,62212152
28,30,0,62213333
28,30,2,62213860
10,30,3,62214725
9,30,1,62215739
21,8,2,62216008
20,9,0,62216480
32,30,2,62216714
55,8,7,62217252
61,28,7,62217339
14,30,0,62217409
31,30,2,62217517
27,30,0,62217671
19,31,3,62218259
33,29,3,62218316
25,30,1,62218872
8,31,2,62219225
57,11,0,62219270
8,30,1,62224488
27,30,3,62227490
12,30,1,62227518
28,30,3,62229656
24,31,2,62230950
8,31,0,62231330
2,32,7,62231530
32,30,3,62231943
32,30,1,62232195
7,31,2,62232341
7,25,3,62232431
31,30,3,62232718
34,30,0,62233486
34,30,2,62233548
25,31,0,62234247
26,30,3,62234466
31,31,0,62234648
34,30,1,62234809
33,30,1,62235238
31,31,2,62235256
32,31,2,62235414
51,7,2,62236424
33,31,2,62236648
28,30,1,62237297
51,12,0,62237887
20,32,0,62238026
15,11,3,62238076
6,31,2,62238191
63,4,1,62238427
50,7,2,62238686
50,12,6,62238844
52,9,7,62239012
14,30,3,62239189
20,9,3,62239802
26,31,0,62239830
7,35,2,62239925
52,16,3,62240136
41,29,1,62240173
46,30,2,62240242
13,30,3,62240428
32,31,0,62240528
19,9,1,62241714
1,32,0,62242193
12,31,0,62242246
21,9,3,62242714
20,32,3,62242725
7,35,1,62242729
9,31,0,62242743
33,31,0,62242907
62,31,6,62242920
30,31,3,62242931
62,4,3,62243076
11,31,0,62243262
11,31,2,62243301
57,29,0,62243864
13,23,4,62243917
9,25,1,62244168
24,31,1,62244450
17,34,7,62244551
39,30,3,62244684
6,36,2,62244708
15,34,2,62245361
20,10,5,62245977
25,31,3,62246869
5,36,2,62247194
8,26,0,62247254
3,31,3,62247935
33,31,1,62247992
10,25,3,62248210
57,11,3,62248552
23,32,2,62248894
4,36,3,62249063
32,31,3,62249143
7,31,1,62249342
12,31,1,62249489
51,7,1,62249866
8,26,2,62249902
31,31,3,62249931
8,35,3,62250017
24,8,3,62250098
4,32,0,62250107
9,31,1,62250120
6,31,1,62250222
55,34,6,62250350
40,30,0,62250418
1,37,0,62250479
13,34,1,62250647
14,34,0,62250657
7,36,0,62251163
48,31,0,62254232
15,34,3,62255061
32,31,1,62257033
11,35,3,62257802
9,31,3,62258506
5,37,0,62258875
14,31,0,62259103
18,11,0,62259828
62,5,2,62260211
6,26,0,62260359
63,5,1,62261047
8,31,3,62261491
21,10,0,62261680
46,31,2,62262171
51,12,3,62262290
31,32,0,62262751
63,5,0,62263049
20,10,1,62263050
2,38,2,62263156
62,4,1,62263323
12,40,0,62263366
6,36,3,62263400
32,32,2,62263619
16,35,0,62263811
52,17,2,62264403
9,36,0,62264493
51,13,6,62264659
51,15,3,62265233
31,32,2,62265309
50,8,2,62265489
32,32,0,62265677
12,36,0,62265694
32,32,1,62265882
11,31,1,62266062
62,5,3,62266372
62,32,0,62266729
31,32,1,62266847
5,37,3,62266942
11,31,3,62267054
4,32,2,62267096
33,32,1,62267495
51,13,0,62267497
32,32,3,62267620
46,31,1,62267746
62,3,1,62267797
12,31,3,62267947
10,32,0,62268713
52,9,4,62268865
15,31,1,62269132
7,37,0,62269269
7,38,6,62269309
2,38,1,62269438
5,32,0,62269514
31,32,3,62269694
63,8,1,62269880
62,5,1,62269961
62,6,2,62269962
56,13,0,62270039
56,12,3,62270041
9,36,3,62270396
19,11,2,62270599
10,26,2,62270615
52,35,6,62270625
31,33,2,62270943
63,31,1,62270987
62,6,0,62271515
52,17,3,62271566
28,32,2,62271731
2,32,3,62271791
63,27,0,62272029
0,33,2,62272130
30,33,0,62272222
7,26,1,62272679
45,31,3,62272722
10,32,2,62272802
24,33,1,62273009
30,33,2,62273515
28,33,7,62273644
12,36,3,62273946
2,39,0,62274191
52,13,0,62274203
21,10,3,62274261
4,44,6,62274609
6,26,3,62274716
7,37,3,62274740
32,33,2,62274770
6,32,2,62274807
32,33,0,62274882
33,32,0,62274884
8,26,3,62274917
10,37,0,62275005
33,32,3,62275020
19,11,0,62275565
57,13,0,62275687
1,32,3,62275720
5,32,3,62275733
52,16,0,62275761
31,33,1,62275777
6,38,0,62276123
5,38,0,62276212
4,38,3,62276214
3,32,1,62276223
62,31,2,62276260
52,13,3,62276356
20,34,1,62276417
9,37,3,62276498
15,34,1,62276558
55,13,3,62276629
31,33,0,62276962
50,8,3,62276992
8,26,1,62277059
52,35,2,62277236
55,1,3,62277872
11,32,0,62277932
58,13,0,62278015
4,32,3,62278038
11,32,2,62278086
57,1,2,62278400
30,33,1,62278596
23,34,2,62278730
28,32,1,62278809
54,2,0,62278813
10,37,3,62279200
6,32,1,62279244
40,32,1,62279351
60,30,1,62279420
30,34,2,62279429
8,32,2,62279487
7,38,2,62279588
7,38,0,62279600
45,32,0,62279640
18,11,3,62279721
7,38,1,62279883
5,38,3,62280045
53,32,6,62280323
40,30,5,62280492
29,32,1,62280528
16,35,3,62280720
16,36,2,62280877
48,33,0,62280954
14,36,3,62280993
63,6,1,62281253
59,13,5,62281267
18,35,3,62281307
60,31,2,62281316
45,17,6,62281329
12,32,0,62281402
25,10,2,62281541
35,34,6,62281583
5,39,0,62281597
30,33,3,62281607
6,38,1,62281719
13,32,0,62281741
8,38,0,62281912
7,38,3,62281945
31,33,3,62282188
33,33,0,62282755
10,38,0,62285215
62,6,3,62286455
32,33,3,62288240
14,31,3,62288548
55,14,2,62288935
63,9,1,62289561
51,14,6,62289871
45,33,2,62289896
34,33,0,62290141
31,34,0,62290320
32,33,1,62290667
4,32,1,62290848
62,7,2,62291059
62,7,0,62291269
11,37,1,62292292
5,39,3,62292308
30,34,0,62292364
56,14,0,62292840
20,35,3,62293290
10,38,3,62293344
11,32,1,62293426
7,27,0,62293433
6,39,0,62293634
6,38,3,62293638
7,39,0,62293787
6,39,3,62293963
33,34,0,62293974
6,39,2,62294243
51,9,0,62294808
52,16,3,62294951
3,33,0,62294977
6,33,0,62295143
5,33,2,62295193
31,34,2,62295448
62,31,1,62295559
6,40,0,62295583
58,13,3,62296410
2,33,0,62296542
41,34,2,62296592
15,37,0,62296617
2,33,3,62296640
22,11,2,62296930
8,32,3,62297171
2,33,2,62297322
3,42,4,62297509
30,34,1,62297534
29,34,2,62297536
55,14,1,62297596
15,37,3,62297725
32,34,2,62297821
1,41,0,62297990
0,41,3,62297992
53,14,3,62298104
30,34,3,62298147
52,18,2,62298210
25,34,1,62298326
53,38,4,62298770
52,36,3,62298773
10,27,0,62298893
50,9,3,62299042
1,41,3,62299168
10,27,2,62299197
46,34,6,62299322
32,34,1,62299405
31,34,1,62299523
22,11,0,62299600
1,33,3,62299604
27,33,3,62299819
29,33,1,62300243
28,33,2,62300246
13,25,0,62300512
19,12,0,62300875
56,14,3,62300887
57,31,1,62301029
1,48,6,62301047
10,32,1,62301163
13,38,1,62301279
33,34,1,62301291
58,31,3,62301307
51,9,1,62301452
8,39,1,62301521
63,7,1,62301585
7,40,2,62301644
52,18,3,62301763
32,34,0,62301794
9,27,0,62301902
32,34,3,62302313
57,33,6,62302346
30,35,2,62302421
10,33,2,62302470
7,40,1,62302608
7,40,0,62303006
11,39,0,62303171
2,41,1,62303231
30,35,0,62303418
60,31,1,62303443
14,38,1,62303563
1,42,0,62303732
33,34,3,62303965
12,32,1,62304001
63,10,0,62304079
11,39,3,62304221
31,34,3,62304269
15,32,1,62304386
19,37,0,62304448
51,9,3,62304458
39,35,4,62304719
7,40,3,62304728
54,15,0,62304740
10,39,3,62304972
9,44,1,62305029
47,17,4,62305075
3,33,2,62305134
62,6,1,62305270
54,15,2,62305308
45,33,1,62305428
10,39,1,62305456
63,7,0,62305614
6,41,0,62305724
5,33,0,62305902
4,41,2,62305911
56,35,6,62306041
62,7,3,62306187
12,39,2,62306318
7,33,0,62306366
14,38,3,62306508
58,32,5,62306696
59,32,2,62306699
46,18,7,62306873
13,39,0,62307072
6,46,0,62307108
9,40,2,62307113
53,19,2,62307126
6,33,2,62307316
10,27,1,62307757
55,30,4,62307815
32,35,0,62307912
16,38,0,62308005
34,35,2,62308056
53,37,0,62308072
18,37,5,62308080
33,35,0,62308185
31,35,0,62308225
2,42,0,62308301
1,42,3,62308305
5,33,1,62308605
62,13,1,62308610
3,42,0,62308683
21,11,3,62308698
4,42,0,62308851
5,41,0,62308854
4,41,3,62308856
52,17,6,62308869
51,10,2,62308927
17,37,3,62309043
17,38,0,62309191
5,41,3,62309288
13,25,1,62309338
57,14,3,62309635
4,41,1,62309672
52,19,7,62309754
47,34,7,62309886
58,32,6,62310025
14,44,4,62310067
62,32,2,62310149
40,34,1,62310370
25,35,6,62310382
62,35,7,62310399
9,40,1,62310717
15,38,3,62310783
62,8,0,62310858
19,12,3,62310892
62,10,2,62310910
47,34,4,62311089
18,37,6,62311140
1,41,1,62311299
1,42,2,62311302
13,39,2,62311471
62,7,1,62311509
59,14,1,62311545
18,38,0,62311580
57,15,2,62312108
56,34,3,62312220
6,41,3,62312225
32,35,2,62312454
55,4,7,62312511
11,40,0,62312699
3,42,3,62312733
51,10,0,62312747
53,16,5,62312817
26,35,1,62312926
23,11,3,62313668
12,40,0,62313717
3,33,1,62315754
15,39,2,62316377
29,34,1,62317204
31,35,3,62317592
50,10,3,62318246
34,35,0,62318788
33,35,3,62318790
57,35,0,62319241
32,35,1,62320281
58,15,0,62320396
58,14,3,62320399
53,19,1,62320680
52,19,2,62320683
19,13,0,62321058
14,33,2,62321716
4,43,0,62321872
63,8,0,62322149
53,16,6,62322461
28,35,2,62322466
7,42,0,62322672
56,15,1,62323068
33,35,1,62323116
30,35,3,62323462
30,35,1,62323834
29,35,2,62323836
59,32,1,62323925
35,35,1,62324008
63,8,1,62324343
15,40,6,62324410
4,43,3,62324591
1,45,6,62324891
9,27,3,62325031
23,12,2,62325072
17,14,0,62325249
16,14,3,62325251
7,42,3,62325352
4,43,1,62325424
62,8,3,62325495
31,36,0,62326335
12,40,3,62326419
61,14,3,62326446
34,35,1,62326598
55,16,0,62326681
10,40,1,62326885
10,41,2,62326887
51,10,1,62327052
8,28,2,62327236
53,15,4,62327441
33,36,2,62327578
13,41,0,62327819
30,38,4,62327844
8,42,1,62327961
55,15,1,62327962
59,35,2,62328074
56,15,3,62328116
30,37,0,62328383
30,36,3,62328385
7,41,1,62328646
51,15,2,62328701
51,10,3,62328752
62,9,2,62328952
3,44,2,62329154
54,16,2,62329278
29,35,1,62329382
29,36,2,62329384
53,15,1,62329582
24,37,1,62329662
13,26,0,62329732
57,35,3,62329741
58,15,2,62329965
51,15,1,62330248
32,36,0,62330658
4,44,0,62330937
3,44,3,62330940
49,15,3,62331547
13,40,2,62331587
32,36,3,62331934
58,15,1,62332068
51,11,2,62332397
13,41,2,62332722
53,20,2,62333137
50,36,1,62333153
21,38,3,62333332
3,44,1,62333354
50,14,1,62333361
62,15,0,62333685
16,40,3,62333934
41,36,1,62334286
57,16,0,62334308
6,43,4,62334379
57,16,2,62334535
25,38,6,62334778
25,36,2,62334781
9,41,2,62334786
8,43,0,62335034
0,35,2,62335106
11,46,3,62335170
5,44,0,62335209
4,44,3,62335211
2,45,2,62335222
8,28,1,62335330
7,28,2,62335332
51,11,0,62335393
9,41,1,62335397
8,42,2,62335613
48,36,1,62335726
5,45,0,62335859
5,44,3,62335862
31,36,3,62336094
29,38,2,62336148
13,41,3,62336279
52,18,0,62336296
20,13,0,62336382
54,16,1,62336383
53,16,2,62336844
62,36,3,62336938
17,40,2,62336985
63,9,1,62337503
33,36,1,62337778
16,34,4,62337799
15,41,0,62337890
50,16,0,62337920
6,33,1,62338013
50,5,2,62338376
57,36,5,62338504
14,41,3,62338612
20,39,1,62338672
59,15,0,62338677
29,36,1,62338884
29,37,2,62338886
28,36,2,62338889
5,44,1,62339039
8,43,3,62339243
4,45,0,62339384
7,50,6,62339561
29,38,7,62339933
2,46,0,62339952
5,34,2,62340082
21,13,1,62340094
26,15,4,62340199
50,15,1,62340333
58,15,3,62340339
47,37,2,62340524
45,36,7,62340719
58,33,7,62340732
48,37,2,62340893
21,13,0,62341099
31,37,0,62341164
63,9,0,62341354
18,40,2,62341423
22,38,1,62341432
40,37,0,62341563
10,39,1,62341587
55,16,0,62341688
16,41,0,62341704
15,41,3,62341707
54,32,7,62341840
61,7,2,62341841
40,37,2,62341861
6,44,1,62341923
32,37,2,62342082
33,37,0,62342292
25,12,5,62342371
16,27,5,62342498
19,20,0,62342783
17,40,1,62342841
7,38,1,62342881
48,17,1,62342983
18,40,1,62343099
55,16,3,62343183
13,42,2,62343233
20,13,3,62343331
32,37,1,62343575
19,13,3,62343609
19,40,2,62343668
26,37,5,62343846
25,38,0,62343956
12,42,3,62344015
30,37,3,62344025
48,16,0,62344910
59,15,3,62345144
40,37,3,62348430
30,38,2,62349779
53,16,1,62350113
53,20,1,62350168
9,44,0,62350220
9,43,3,62350222
58,16,1,62350234
18,41,0,62351401
30,38,1,62352275
29,37,1,62352539
60,16,0,62352662
9,28,3,62352688
4,46,0,62353473
4,45,3,62353475
51,11,3,62353870
56,17,0,62354237
18,15,2,62354663
23,17,5,62354771
52,16,2,62355406
51,16,2,62355670
31,38,0,62355876
56,17,2,62355967
32,37,0,62355976
62,38,0,62356006
62,15,1,62356037
62,16,2,62356039
51,16,1,62356159
62,16,0,62356446
40,37,1,62356459
62,10,2,62356827
23,20,0,62356927
32,37,3,62357591
20,14,0,62357647
59,33,5,62357898
59,16,0,62358179
47,38,3,62358317
21,13,3,62358351
51,11,1,62358591
51,12,2,62358593
51,12,0,62358679
12,35,2,62358802
30,38,3,62358966
63,10,1,62358975
31,38,2,62359016
59,16,3,62359039
11,44,5,62359107
58,17,2,62359137
5,34,1,62359615
61,16,0,62359625
63,10,0,62359712
22,19,2,62359838
21,14,0,62359858
47,39,7,62359870
34,37,1,62360288
60,34,1,62360328
9,44,3,62360367
41,38,0,62360496
60,16,3,62360636
52,16,1,62360784
4,35,2,62360904
49,38,0,62360942
6,46,1,62361028
62,9,1,62361417
16,42,0,62361636
13,43,0,62361684
16,42,3,62361795
53,17,2,62361802
54,17,3,62361965
11,26,0,62361982
10,29,0,62362270
40,38,1,62362403
11,25,0,62362444
48,39,0,62362582
51,17,2,62362813
22,13,3,62362871
62,37,3,62362885
7,39,2,62363018
61,16,3,62363120
30,39,0,62363471
22,14,0,62363707
19,15,0,62363815
19,14,3,62363820
61,39,7,62363879
52,16,3,62363951
53,17,0,62364061
61,39,4,62364508
3,48,0,62364887
5,36,4,62364889
62,10,1,62364949
62,38,3,62365418
62,11,0,62365518
48,16,3,62366251
47,39,4,62366547
15,35,5,62367080
61,9,2,62367131
62,17,6,62367311
19,20,3,62367368
39,2,7,62367902
63,39,0,62367957
40,38,3,62367969
33,38,2,62368077
48,38,1,62368632
46,39,6,62368633
18,41,3,62368741
12,45,0,62368769
42,38,0,62368845
19,42,0,62369002
5,35,2,62369026
8,46,3,62369032
3,48,3,62369192
2,48,3,62369220
23,19,4,62369248
14,44,2,62369481
34,37,3,62369511
22,41,0,62369535
59,34,1,62369546
29,39,4,62369557
47,39,2,62369611
10,51,6,62369745
18,42,3,62369771
58,17,1,62369776
17,43,0,62369861
48,39,2,62370120
43,38,2,62370140
21,41,1,62370380
29,38,1,62370507
29,39,2,62370510
28,38,2,62370512
49,39,0,62370938
15,44,0,62371528
50,16,3,62371631
11,39,3,62371933
51,12,1,62371973
31,39,2,62372047
34,38,5,62372112
62,16,3,62372267
4,48,2,62372378
17,43,2,62372424
20,14,3,62372526
49,39,3,62372647
3,49,0,62372775
33,38,1,62372787
52,21,3,62372826
22,14,2,62372945
61,17,0,62373082
16,43,3,62373272
22,14,1,62373287
29,17,6,62373312
19,15,5,62373469
4,48,1,62373880
42,38,3,62373914
39,38,7,62374201
40,39,2,62374202
43,38,1,62374227
17,43,1,62374311
39,1,2,62374582
62,17,0,62374992
62,41,6,62375171
20,42,2,62375262
1,47,2,62375498
52,12,0,62376021
51,12,3,62376026
31,38,3,62376117
62,11,2,62377578
63,11,0,62380937
62,11,3,62380940
51,13,0,62382150
26,40,0,62382330
63,11,1,62382711
47,40,0,62383156
14,35,2,62384825
6,49,0,62386041
13,27,3,62386622
48,18,0,62387404
25,13,3,62387702
41,41,5,62387814
54,18,3,62388173
63,17,1,62388309
13,51,2,62389624
63,17,0,62389745
62,17,3,62389747
14,42,1,62390044
49,40,0,62390103
49,40,3,62390117
63,14,0,62390604
50,40,1,62390719
14,35,1,62390977
22,14,3,62391218
51,17,1,62391279
49,41,2,62391294
0,37,2,62391591
22,41,3,62391779
39,39,2,62392009
10,29,3,62392224
53,22,0,62392365
29,39,1,62392746
25,15,5,62392901
9,30,0,62393121
12,35,1,62393388
51,18,0,62393475
21,15,2,62393643
33,38,0,62393892
13,51,1,62394098
53,18,0,62394434
58,17,3,62394801
14,46,3,62395235
61,17,3,62395239
4,51,0,62395265
50,41,2,62395346
25,40,3,62395448
22,15,2,62395637
13,47,2,62396498
13,47,1,62396550
26,42,4,62396552
62,18,0,62396638
23,22,5,62396641
23,21,2,62396643
18,45,5,62396681
41,40,1,62396689
60,36,1,62396763
11,48,2,62396863
22,42,3,62397009
12,44,7,62397172
24,40,2,62397510
21,15,1,62397905
3,51,3,62398188
23,42,0,62398390
18,45,6,62398467
26,41,0,62398529
27,40,0,62398532
62,12,2,62398595
4,51,2,62398615
6,50,0,62398699
5,50,3,62398702
13,43,2,62398749
6,50,1,62399051
52,18,3,62399117
22,15,1,62399255
55,19,0,62399258
55,8,0,62399562
17,27,7,62399575
62,18,2,62399644
17,45,1,62399698
5,51,2,62399719
28,40,2,62399891
50,41,1,62399963
4,51,1,62400113
46,9,3,62400134
21,43,7,62400164
63,12,0,62401064
6,51,0,62401218
6,50,3,62401222
10,41,3,62401426
51,41,1,62401636
50,41,0,62402081
49,41,3,62402085
63,12,1,62402200
61,18,2,62402256
55,34,2,62402408
14,47,0,62402438
12,53,7,62402494
23,42,3,62403038
15,47,0,62403141
16,46,0,62403143
15,46,3,62403146
5,36,1,62403322
3,53,7,62403326
11,30,0,62403646
11,41,2,62403718
12,44,4,62403972
42,41,0,62404212
14,47,3,62404303
19,44,5,62404470
20,41,7,62404500
9,30,1,62404540
21,44,0,62404582
20,44,3,62404584
7,50,2,62404600
13,41,2,62404835
10,50,2,62404870
27,40,3,62405036
50,42,2,62405092
50,10,2,62405283
23,43,0,62405408
22,43,3,62405410
20,22,6,62405901
60,18,3,62406143
16,17,3,62406224
49,42,2,62407006
58,19,2,62413490
9,30,3,62414019
52,18,2,62414729
11,30,1,62414915
12,49,3,62415335
23,44,0,62415515
6,53,0,62415951
45,41,0,62416029
50,42,1,62416343
10,50,3,62416821
10,30,3,62417007
23,43,3,62417155
6,42,0,62417552
63,18,1,62417592
58,19,1,62417702
25,15,6,62418329
9,31,0,62418690
20,47,4,62418714
15,48,0,62418934
8,30,1,62418950
10,31,0,62419127
6,37,2,62419215
62,18,1,62419398
51,14,2,62419681
53,18,1,62420171
53,19,2,62420174
55,19,0,62421081
24,44,0,62421237
23,44,3,62421240
10,50,1,62421251
54,19,2,62421289
63,18,0,62421304
62,18,3,62421306
44,41,1,62421527
10,31,2,62421614
11,31,2,62421696
8,31,0,62422265
11,30,3,62422288
11,42,0,62422771
13,41,1,62422841
55,19,3,62423187
49,42,1,62423458
2,38,7,62423814
11,51,0,62423830
60,37,5,62423956
24,44,3,62424271
15,48,3,62424466
6,37,3,62424682
17,18,0,62424882
8,41,1,62425393
43,42,1,62425608
11,31,0,62425882
52,14,1,62425909
19,48,6,62425956
11,50,5,62425985
12,46,1,62426825
26,15,0,62426924
5,53,3,62426953
7,42,0,62427063
23,16,0,62427216
11,51,3,62427598
26,42,5,62427666
9,52,3,62428083
23,22,6,62428208
51,14,3,62428383
48,42,3,62428452
53,21,1,62429013
53,20,3,62429255
11,52,0,62429369
24,15,3,62429554
26,15,1,62429990
62,13,3,62430286
11,21,6,62430465
23,20,3,62430639
24,42,0,62430724
11,42,3,62431065
9,31,3,62431137
60,19,4,62431353
8,31,2,62431562
26,42,7,62431621
53,23,2,62431698
61,10,2,62431944
48,43,2,62432050
17,25,5,62432266
49,43,0,62432422
21,47,0,62432618
8,31,3,62432690
49,43,3,62432756
51,13,1,62432813
23,46,0,62433028
24,45,0,62433032
16,49,0,62433467
15,49,3,62433470
25,16,0,62433566
11,59,4,62433686
9,53,0,62433830
15,21,6,62434174
36,8,4,62434399
16,46,1,62434656
6,42,3,62434681
11,52,3,62434914
36,28,1,62435011
36,29,2,62435013
9,51,2,62435476
11,31,1,62435559
28,33,4,62435635
62,42,2,62435790
22,16,3,62435791
53,22,6,62435939
24,45,5,62436096
25,45,0,62436432
6,38,2,62437541
9,51,1,62437581
47,12,4,62437627
16,49,3,62437936
47,22,3,62437989
36,23,4,62437996
25,22,2,62438303
23,21,6,62438406
16,18,3,62438452
48,43,3,62438612
50,44,2,62445431
9,31,1,62445741
17,50,0,62445943
9,50,2,62446704
7,43,0,62447547
10,31,3,62447882
9,52,1,62447905
56,20,0,62448610
54,21,5,62448759
18,36,4,62448972
51,15,2,62449248
11,32,0,62449387
11,31,3,62449391
12,31,0,62450070
8,53,2,62450764
51,44,0,62451612
12,53,0,62451700
1,40,2,62452839
6,43,3,62452934
10,32,2,62453438
51,45,2,62453479
51,19,0,62453534
8,53,0,62453609
8,32,2,62453818
19,18,3,62453926
18,35,5,62454203
63,13,1,62454212
26,16,0,62454268
25,16,3,62454271
63,19,0,62454470
11,32,2,62454913
10,32,0,62455037
7,38,0,62455319
6,38,3,62455321
3,39,2,62455837
61,19,3,62455848
12,54,6,62456173
18,33,5,62456749
23,17,0,62457245
10,32,1,62457445
11,55,0,62457472
9,32,0,62457673
47,24,7,62457786
59,19,0,62457879
18,36,2,62458057
63,14,0,62458407
5,52,2,62458532
48,23,0,62458535
47,23,3,62458537
14,53,0,62458724
11,45,7,62458729
40,6,4,62458964
23,26,2,62459045
9,32,3,62459080
1,40,1,62459450
11,32,1,62459675
14,29,5,62459957
14,30,0,62460126
8,53,3,62460234
18,31,1,62460293
45,43,2,62460353
9,53,2,62460613
7,39,2,62460699
11,39,5,62461050
28,38,7,62461314
27,23,5,62461786
53,19,1,62461823
51,44,3,62461857
12,32,5,62461869
24,47,0,62462049
18,34,5,62462053
59,19,3,62462106
52,45,0,62462257
17,19,0,62462384
18,30,0,62462702
9,53,1,62462986
10,32,3,62463225
17,23,0,62463400
17,23,3,62463554
59,20,1,62463563
9,54,0,62463569
18,45,0,62463738
6,53,1,62464017
50,24,4,62464080
23,47,3,62464407
12,54,0,62464426
12,32,0,62464803
8,32,3,62465281
11,46,1,62465986
11,32,3,62465989
48,23,3,62466052
19,50,0,62466069
34,38,6,62466078
9,54,2,62466520
21,49,3,62466721
23,17,3,62467287
52,15,1,62467315
25,48,2,62467424
17,19,3,62467448
7,44,0,62467581
24,47,3,62467659
14,53,3,62467980
47,23,5,62468279
24,48,0,62468539
13,54,1,62469015
12,30,3,62469374
49,45,3,62476559
12,25,0,62476750
17,45,3,62477750
0,41,2,62478949
51,45,2,62479460
16,30,0,62480021
26,17,5,62480029
10,33,2,62480295
20,19,0,62480588
0,40,2,62481026
52,20,2,62481170
9,33,0,62481961
9,33,2,62482422
52,45,3,62483172
17,33,2,62484511
37,37,2,62485187
12,32,3,62485373
9,55,4,62485788
55,21,1,62486032
27,20,0,62486147
26,17,0,62486216
26,16,3,62486219
47,48,3,62486238
27,28,3,62486498
12,31,3,62486579
10,33,0,62486889
50,46,0,62486999
25,17,3,62487018
11,33,0,62487162
10,33,1,62487679
16,47,1,62487957
54,21,3,62487984
52,19,7,62488038
12,33,6,62488188
9,33,3,62488208
12,45,0,62488572
11,45,3,62488601
44,45,3,62488953
17,46,0,62489084
16,29,3,62489244
51,19,6,62489516
10,39,1,62489679
18,34,1,62489786
24,18,0,62489865
12,57,1,62489947
12,46,6,62491090
8,33,3,62491091
39,7,7,62492370
12,33,0,62492751
13,32,0,62492826
11,39,3,62493049
28,39,0,62493945
9,54,1,62494017
8,54,7,62494501
53,21,5,62494535
39,6,0,62494597
20,54,7,62494679
11,46,0,62494694
50,12,2,62494913
15,55,3,62495054
39,8,4,62495113
12,27,6,62495353
13,33,5,62495379
16,38,3,62495465
56,21,1,62495586
10,33,3,62495645
11,33,3,62496250
53,46,0,62496330
11,39,1,62496493
11,58,3,62496515
11,33,1,62496900
36,35,5,62497377
14,33,1,62497548
45,46,0,62497574
15,56,0,62498043
36,28,5,62498161
28,31,4,62498164
11,59,0,62498350
51,16,2,62498368
27,30,6,62498571
36,35,6,62498718
23,18,1,62498852
22,46,1,62498877
51,18,6,62499554
28,37,0,62499592
19,54,0,62499748
25,18,0,62499855
17,37,5,62499869
49,49,2,62500256
21,50,1,62500350
8,49,6,62500360
11,59,3,62500363
12,59,0,62500389
36,27,5,62500670
8,40,2,62500728
18,20,0,62500820
48,24,0,62500836
21,52,0,62501258
13,57,4,62501308
63,15,0,62506971
23,51,3,62507249
19,54,3,62508056
23,22,3,62508527
28,34,5,62508714
23,18,3,62508790
12,59,3,62508987
1,42,1,62509748
10,40,2,62510061
48,24,1,62510565
36,30,5,62510656
12,60,0,62510830
61,20,1,62510981
11,46,3,62511639
53,21,6,62511667
11,34,2,62512025
3,42,2,62512031
26,18,0,62512387
59,10,0,62512428
12,33,3,62512585
52,16,0,62512677
9,34,0,62512719
21,24,6,62512937
0,41,2,62513897
12,56,7,62514024
55,22,2,62514385
61,20,3,62514927
11,61,5,62515121
11,55,5,62515351
19,38,5,62516556
28,38,3,62516871
27,20,3,62517434
28,30,5,62517507
28,39,3,62517785
13,33,0,62517799
45,46,3,62517836
24,18,3,62517984
26,18,2,62518231
10,34,2,62518373
54,18,0,62518444
21,46,4,62518662
10,34,0,62518962
52,47,2,62519157
11,34,0,62519215
10,54,5,62519473
12,45,3,62519482
28,40,6,62519884
36,30,6,62520161
17,39,0,62520173
12,34,0,62520245
18,33,6,62520432
3,42,1,62520683
7,30,6,62520941
28,29,0,62521128
25,18,3,62521722
10,40,3,62522673
52,47,1,62522680
1,41,0,62523173
13,29,5,62523539
0,41,3,62523615
26,18,1,62523784
1,43,1,62523893
20,55,0,62525142
13,34,2,62525653
36,28,6,62525666
28,37,3,62525790
54,20,5,62526004
28,35,6,62526220
25,18,1,62526456
11,61,6,62526469
11,56,0,62526823
28,29,5,62527360
14,40,1,62527590
9,34,3,62527746
52,18,5,62527935
27,20,6,62528513
28,31,5,62528599
24,19,0,62528823
25,25,0,62528948
9,49,2,62528990
39,6,3,62529076
28,34,6,62529132
60,21,2,62529247
18,38,6,62529264
23,19,1,62529425
24,23,2,62529479
34,31,3,62529926
13,46,0,62530408
24,19,2,62530852
21,45,0,62530879
12,10,3,62530927
18,57,5,62531321
23,53,3,62531500
25,26,4,62531755
17,25,4,62531769
0,43,3,62532624
19,21,2,62533030
12,47,0,62538282
55,22,0,62538599
20,20,3,62543371
13,33,3,62543640
10,34,1,62544426
9,56,3,62544477
45,48,0,62545494
52,18,0,62545647
0,42,2,62545676
13,28,5,62546299
19,34,5,62546685
18,34,3,62547117
13,46,3,62547279
36,27,6,62547951
28,36,6,62548261
11,34,1,62548318
25,19,0,62548457
11,56,3,62548798
29,38,0,62548893
25,19,2,62548946
28,30,6,62549109
13,34,0,62549319
22,48,3,62550181
13,29,6,62550523
54,24,0,62551391
29,39,0,62551574
14,32,0,62552008
13,32,3,62552011
13,47,0,62552294
11,34,3,62552299
28,22,5,62552400
14,33,0,62552503
52,18,3,62552511
10,56,3,62552720
17,25,5,62552845
8,30,5,62552974
20,38,0,62552980
22,54,3,62553020
50,24,5,62553243
12,47,3,62553324
10,34,3,62553493
54,24,3,62553606
19,33,1,62553731
29,39,5,62553784
13,28,6,62553956
9,35,0,62554279
8,29,5,62554582
28,28,3,62554838
45,48,4,62554997
28,25,5,62555130
54,18,3,62555167
54,17,5,62555445
10,35,2,62555858
18,29,2,62555886
28,29,3,62555917
54,17,3,62555997
28,31,6,62556047
52,17,3,62556290
22,30,5,62556723
38,38,0,62556852
37,32,3,62557016
25,25,3,62557086
11,35,0,62557390
29,36,5,62557753
52,16,3,62558053
28,29,6,62558093
50,50,2,62558131
28,25,6,62558179
13,24,5,62558733
9,35,2,62558897
55,23,3,62558973
50,50,1,62559018
12,34,3,62559107
55,24,6,62559169
29,27,7,62559204
20,21,0,62559316
11,41,2,62560117
6,42,0,62560776
29,39,3,62560842
0,44,2,62561026
29,33,5,62561084
47,18,2,62561178
21,47,2,62561229
8,32,3,62561665
36,26,6,62561789
37,27,5,62561840
29,24,5,62561923
8,31,3,62561969
14,27,5,62562072
13,24,6,62562543
37,28,0,62562639
37,31,5,62562648
13,31,6,62562739
8,29,6,62562842
8,47,3,62563556
8,29,3,62563589
17,48,0,62563843
24,19,3,62563874
9,47,0,62567162
14,46,3,62570093
8,32,6,62570639
54,22,5,62570665
29,39,6,62570859
60,21,6,62571029
14,47,0,62572833
13,47,3,62572836
37,33,6,62573545
54,23,5,62573933
8,48,0,62574013
0,43,2,62574140
8,30,6,62574898
29,35,5,62575138
46,48,0,62575572
54,23,3,62576315
16,57,7,62576355
29,29,0,62576687
13,48,0,62576699
1,44,1,62576795
8,31,6,62577615
53,19,0,62577984
29,30,5,62578002
29,38,3,62578298
55,18,0,62578305
37,12,0,62578706
19,40,1,62578788
29,34,5,62578797
12,48,3,62578932
18,22,0,62579141
29,37,6,62579177
14,34,0,62579191
13,34,3,62579193
26,19,0,62579723
2,42,3,62579916
20,38,5,62580048
38,33,0,62580060
37,33,3,62580063
29,31,5,62580312
23,20,0,62580533
29,36,3,62580782
54,48,0,62581140
12,35,0,62581186
29,34,0,62581571
55,19,0,62581623
19,32,5,62582007
11,41,0,62583497
16,41,2,62583764
38,35,5,62583775
38,36,6,62583778
29,36,6,62583831
17,49,3,62584227
56,49,4,62584609
54,48,3,62584613
9,48,5,62584623
46,48,3,62584975
29,30,0,62585007
11,55,6,62585013
17,48,3,62585160
25,26,0,62585242
30,39,0,62585486
20,60,7,62585522
29,33,0,62585823
28,21,6,62585846
20,38,6,62585886
18,62,6,62586442
9,32,5,62586496
20,27,7,62586519
17,25,6,62587179
37,26,3,62587284
17,50,6,62587440
9,48,0,62587703
9,47,3,62587706
29,35,6,62587970
29,32,5,62588070
29,33,6,62588072
8,48,3,62588171
30,38,0,62588202
30,39,5,62588609
29,34,3,62588932
38,34,0,62589938
29,32,6,62589940
38,33,3,62589942
29,30,3,62590071
30,38,5,62590133
14,26,5,62590231
53,18,0,62590343
48,49,2,62590900
55,17,0,62591104
56,24,0,62591215
38,34,3,62591388
19,28,6,62591549
14,33,3,62591827
19,30,2,62591909
14,25,3,62592016
18,23,0,62592077
26,25,3,62592277
14,57,1,62592288
54,22,3,62592438
29,33,3,62592969
9,33,6,62593479
20,27,4,62593500
54,17,6,62593512
11,35,3,62593528
13,35,0,62593544
9,33,0,62593645
29,29,5,62594110
20,32,0,62594181
37,24,5,62594282
55,17,3,62594335
9,27,0,62594519
9,30,0,62594816
54,23,6,62596336
14,48,0,62598278
9,31,5,62598752
53,18,5,62599228
38,31,5,62599619
14,34,3,62600501
53,17,0,62601176
9,30,5,62601489
20,30,5,62603456
38,32,5,62603458
38,33,6,62603461
30,37,5,62603551
29,30,6,62603942
38,31,3,62604996
14,28,5,62606021
53,18,3,62606128
17,32,0,62606179
20,31,0,62606413
37,25,6,62606713
29,29,3,62606869
30,36,5,62607527
18,41,2,62608401
55,18,3,62608584
56,24,6,62609011
12,35,3,62609649
17,32,3,62610194
30,34,0,62610208
13,48,3,62610399
14,47,3,62610401
55,23,0,62610817
30,38,3,62611552
18,22,5,62611947
21,40,5,62612083
38,32,6,62612463
30,37,6,62612611
29,29,6,62612777
30,35,5,62612906
20,28,3,62613150
0,34,2,62613623
30,37,0,62613889
37,28,3,62614237
38,31,6,62614301
10,48,0,62614416
9,48,3,62614419
30,38,6,62614468
55,22,5,62614965
9,35,6,62615258
20,28,5,62615378
14,26,6,62615441
18,24,5,62615467
55,18,6,62615925
30,35,0,62615994
14,24,3,62616033
53,18,6,62616141
9,33,3,62616238
30,34,5,62616449
20,36,6,62616661
38,29,6,62616803
53,17,3,62616831
0,40,6,62617191
14,28,6,62617559
14,35,0,62617622
30,31,5,62617854
29,31,6,62617856
55,21,4,62617998
1,44,2,62618373
15,34,0,62618406
17,41,2,62618569
14,30,5,62619075
20,34,0,62619121
13,57,5,62619176
38,24,5,62619260
39,38,6,62619315
29,21,5,62619317
13,57,6,62619630
55,19,3,62619711
9,32,6,62619840
10,41,3,62619858
30,35,3,62619861
23,52,3,62620143
51,53,5,62620179
9,30,3,62620225
54,18,0,62620369
29,34,6,62620431
9,31,6,62620528
30,33,5,62620529
1,42,7,62621218
30,39,6,62621265
40,38,0,62621342
23,26,1,62621387
25,19,3,62621615
18,50,0,62621746
18,49,5,62621877
39,32,0,62621965
9,29,3,62622086
29,20,5,62622398
29,21,6,62622402
10,32,5,62622748
15,48,5,62622825
56,20,0,62623059
14,23,3,62623144
7,42,0,62623177
6,42,3,62623179
38,27,0,62623198
10,30,0,62623306
20,31,5,62623714
18,49,0,62623787
20,30,3,62623809
30,30,5,62624139
38,27,6,62624214
30,37,3,62624557
30,36,6,62624609
37,27,3,62624711
55,23,3,62624868
15,48,6,62625059
31,36,0,62625092
56,49,0,62625328
20,27,6,62625416
9,30,6,62625718
56,19,5,62632505
56,17,0,62633071
15,48,0,62633881
56,18,0,62634336
30,32,5,62634409
57,23,0,62634827
30,34,3,62635499
14,27,6,62635901
14,56,5,62638638
30,35,6,62638893
10,33,5,62639424
38,25,6,62639585
56,19,0,62640085
30,34,6,62640238
14,48,3,62640280
20,30,2,62640474
1,44,0,62640649
30,32,6,62640983
20,28,6,62641029
28,24,3,62641195
55,23,6,62641504
15,30,5,62641708
30,29,5,62641899
53,17,6,62641907
55,20,0,62642115
10,30,5,62642223
40,39,0,62642393
54,18,3,62642684
39,32,5,62642992
30,33,6,62643327
1,30,0,62643699
29,20,3,62644025
31,38,0,62644061
21,41,6,62644276
10,31,5,62644599
30,31,0,62645136
20,30,7,62645492
0,35,3,62645548
15,27,5,62645589
0,34,3,62645594
21,36,5,62645898
30,28,5,62645951
2,34,2,62646222
0,38,6,62646257
30,31,3,62646272
56,17,5,62646282
0,32,3,62646600
38,21,5,62646688
18,22,3,62646771
0,37,3,62646843
18,49,6,62646927
0,36,3,62647212
15,28,5,62647256
10,34,5,62647469
30,30,0,62647693
10,31,0,62648661
21,35,5,62649026
31,38,5,62649342
56,24,0,62649434
56,19,6,62649587
56,17,3,62649604
20,31,6,62649754
39,29,5,62650142
15,30,3,62650349
30,30,6,62650717
31,36,5,62650883
39,30,5,62650951
0,33,3,62651160
56,20,3,62651248
30,29,6,62651305
39,33,3,62651422
55,20,3,62651647
15,25,5,62651742
18,24,6,62652151
31,37,0,62652593
15,30,6,62652660
54,17,0,62652690
63,20,0,62652802
1,30,3,62652923
15,25,0,62652991
31,37,5,62653181
21,28,0,62653817
31,35,5,62653998
10,31,6,62654057
40,39,3,62654082
56,18,3,62654188
10,49,0,62654498
10,48,3,62654503
0,36,7,62654707
56,24,3,62655022
57,23,3,62655023
57,22,3,62655466
9,27,3,62655575
21,36,1,62655583
21,25,0,62656100
30,21,0,62656273
39,32,3,62657390
19,23,5,62657560
1,25,4,62664403
31,34,5,62665110
31,34,0,62665266
21,37,5,62665693
54,17,3,62665797
39,28,5,62666070
55,19,0,62666620
15,25,6,62667051
56,16,3,62667134
10,35,6,62667961
31,38,3,62668960
30,31,6,62669322
31,39,6,62669681
28,25,2,62670160
15,24,0,62670210
15,34,3,62670299
30,20,5,62670458
21,28,3,62670722
15,27,6,62670966
31,37,3,62671015
12,48,7,62671424
54,53,6,62671752
30,30,3,62671800
31,33,5,62672048
56,17,6,62672126
10,33,3,62672297
10,34,6,62672509
57,18,5,62672832
31,32,5,62673065
56,22,5,62673291
10,30,3,62673301
40,38,3,62674057
10,33,6,62674410
55,18,0,62674879
10,30,6,62674970
10,32,6,62675668
31,32,0,62676053
21,35,6,62676216
15,24,3,62677329
57,18,0,62677405
21,26,6,62677433
31,37,6,62677859
21,30,5,62677886
31,38,6,62677957
10,31,3,62678361
16,31,5,62678632
31,35,0,62678964
27,26,0,62679102
0,36,2,62679453
22,40,5,62679477
18,33,6,62680031
31,31,5,62680326
55,18,5,62680372
31,30,0,62680705
57,17,0,62680757
15,26,0,62680885
15,25,3,62680887
55,18,3,62681011
39,25,5,62681203
16,30,0,62681501
22,39,3,62682129
31,35,3,62682160
41,35,1,62682287
57,17,5,62682331
11,32,0,62682339
29,20,6,62683132
31,30,5,62683312
31,36,3,62683365
56,22,3,62683401
31,35,6,62683421
15,28,6,62683567
10,27,6,62683682
39,23,0,62683960
11,34,5,62684349
28,25,3,62684498
0,29,6,62684521
22,37,5,62684793
10,29,3,62685037
10,27,3,62685082
31,34,6,62685451
21,25,3,62685453
57,19,0,62685824
11,34,0,62686372
55,17,0,62686395
21,31,4,62686634
29,23,3,62686702
11,33,3,62686738
31,29,5,62686877
31,36,6,62687134
57,23,0,62687610
32,38,0,62687937
57,19,3,62688068
1,30,1,62688277
39,23,3,62688980
41,39,0,62693027
11,31,0,62694229
21,37,6,62694827
57,17,3,62697929
11,30,5,62698117
15,58,6,62698128
14,57,5,62699037
17,33,4,62699214
1,40,6,62700223
30,20,6,62700412
57,18,6,62700736
21,33,3,62700929
3,44,6,62701373
30,21,6,62702439
32,38,5,62702536
16,25,0,62702881
16,32,6,62703130
16,26,5,62703263
55,18,6,62703509
57,19,6,62704068
11,30,0,62704089
19,56,5,62704646
46,20,2,62704745
31,32,6,62704785
32,37,0,62704839
41,38,3,62704842
11,32,5,62704882
31,31,0,62705063
31,30,3,62705066
16,27,5,62705134
31,31,3,62705182
31,32,3,62705239
16,31,6,62705463
11,33,5,62705691
16,30,3,62705988
58,22,3,62706129
39,25,6,62706182
57,18,3,62706221
55,17,3,62706524
61,50,4,62706578
13,48,3,62706892
42,39,0,62706929
41,39,3,62706930
1,44,3,62707024
31,33,6,62707135
11,31,5,62707137
11,26,0,62707292
57,16,3,62707858
32,37,5,62708153
32,36,0,62708379
11,29,5,62708408
56,19,0,62708516
16,26,0,62709240
32,36,5,62709649
11,34,3,62710075
19,23,6,62710611
58,17,0,62710708
16,28,0,62711295
31,34,3,62711810
32,35,0,62711922
56,18,0,62712232
24,40,1,62713286
11,31,6,62713595
17,31,5,62713597
16,24,5,62713738
21,25,1,62713743
24,53,0,62713848
22,40,6,62714446
31,30,6,62714758
39,35,0,62714805
1,28,5,62714812
22,29,5,62714912
19,48,4,62714943
17,32,5,62715199
31,33,3,62715280
11,32,3,62715412
1,40,4,62715425
57,22,0,62715450
11,35,6,62715509
52,49,0,62715628
11,28,0,62715652
41,39,6,62715675
11,34,6,62715932
58,20,0,62716036
11,30,3,62716618
11,28,3,62717162
17,32,6,62717312
32,37,3,62717430
7,43,0,62717569
41,33,5,62717830
57,22,5,62718034
17,30,0,62718188
11,32,6,62718207
16,26,3,62718343
32,33,5,62718712
22,34,1,62718947
11,30,6,62719370
12,31,0,62719387
11,31,3,62719389
19,57,6,62719589
57,22,3,62724835
59,23,0,62726867
56,18,3,62726877
11,49,0,62726936
14,48,5,62728031
13,48,6,62728034
58,18,0,62728238
4,44,6,62728480
11,26,3,62728508
1,42,6,62729175
11,33,6,62729324
0,44,3,62730236
22,37,6,62730537
56,17,0,62732686
32,32,0,62732940
32,36,3,62733036
32,32,5,62733336
31,20,5,62733383
31,29,6,62733964
32,31,0,62734674
31,19,5,62734797
56,17,5,62734820
32,31,5,62735027
32,38,6,62735554
41,32,5,62735912
56,19,6,62736261
11,29,6,62736844
22,27,0,62737121
22,29,0,62737301
16,25,3,62737922
20,24,6,62737954
23,35,4,62737998
39,35,3,62738362
58,17,3,62738508
32,37,6,62738634
57,21,3,62739147
32,34,5,62739442
17,34,0,62739592
22,30,6,62739787
11,29,3,62739942
32,35,3,62740708
32,34,0,62740876
17,31,0,62741021
59,22,0,62741571
22,34,7,62741877
17,30,5,62742638
16,30,6,62742640
3,44,5,62743029
6,44,4,62743119
40,36,2,62743421
31,21,6,62743808
58,23,0,62744162
14,48,3,62744533
2,28,5,62744812
55,34,1,62745222
12,33,5,62745248
58,22,0,62745480
32,33,6,62745815
55,16,5,62745854
32,35,5,62745915
32,36,6,62745918
56,17,3,62746041
58,18,3,62746177
12,31,5,62746562
2,27,0,62746705
57,18,0,62746872
16,56,6,62747056
17,33,0,62747179
59,24,6,62747183
31,20,6,62747544
12,32,0,62747824
29,24,3,62748258
56,18,6,62748300
32,33,0,62748527
22,29,3,62748535
12,30,0,62748822
18,31,5,62749609
22,29,6,62749797
11,48,3,62749870
42,41,3,62750363
16,28,3,62750366
40,22,5,62750466
59,22,3,62750521
24,20,3,62750706
11,27,3,62750850
58,22,5,62761603
55,48,1,62762700
32,32,6,62762953
56,16,5,62763033
33,37,0,62763056
12,29,5,62764737
12,28,5,62764860
56,17,6,62765324
23,39,5,62765562
32,31,3,62765675
33,38,5,62766407
41,32,6,62766595
2,42,6,62767226
16,26,6,62767370
12,35,5,62767554
30,22,3,62767697
57,18,5,62768327
17,27,0,62768630
25,30,1,62768861
22,35,6,62768930
12,29,0,62769042
32,28,5,62769139
23,39,6,62769144
58,23,3,62769252
1,42,2,62769315
17,25,5,62769743
59,18,0,62769890
17,30,3,62770796
47,46,5,62771434
58,21,0,62771453
17,33,3,62772309
5,43,7,62772643
5,43,5,62772781
17,23,7,62773107
33,38,0,62773424
12,35,6,62773887
32,35,6,62774312
15,48,5,62774860
12,26,0,62774908
33,37,5,62775436
59,19,0,62775640
2,27,3,62775722
0,41,2,62776260
17,24,5,62777427
14,47,5,62777458
5,43,4,62777837
17,26,0,62778488
17,29,5,62779104
17,30,6,62779107
12,49,0,62780033
57,17,5,62780227
33,36,5,62780450
32,33,3,62780596
23,28,5,62780689
21,49,5,62781060
1,39,7,62781172
30,25,0,62781219
40,22,6,62781465
23,36,5,62781507
60,23,5,62781595
33,36,0,62782341
40,18,0,62782398
6,43,7,62786698
15,48,0,62793881
32,19,5,62794079
31,19,6,62794082
60,23,0,62795170
32,20,5,62796047
58,21,3,62796596
22,28,6,62797186
2,34,5,62797734
41,24,3,62798077
58,20,5,62798539
57,18,6,62798544
17,27,3,62798586
12,33,6,62801339
58,22,6,62801820
17,29,6,62802055
13,35,5,62802419
6,43,5,62802916
57,16,5,62803149
17,26,3,62803218
23,30,0,62803603
33,37,3,62805033
42,31,5,62805312
12,32,3,62805528
56,16,6,62805675
2,44,2,62806281
57,51,5,62806847
12,31,6,62807857
33,38,6,62807979
33,32,0,62808063
3,41,5,62808776
59,17,6,62809058
32,30,3,62809312
59,21,0,62809314
17,25,6,62810136
23,26,0,62810479
59,22,0,62810631
33,31,0,62811658
23,30,6,62811798
7,42,3,62812363
23,35,1,62812522
41,23,3,62812990
2,44,1,62814379
57,17,6,62818113
5,43,6,62828006
58,18,0,62828786
33,36,6,62829098
6,43,4,62829242
60,17,5,62829381
4,43,2,62830116
23,32,5,62831771
23,31,3,62832860
32,19,4,62834149
33,29,0,62834354
23,29,6,62834562
15,48,6,62835048
44,45,2,62835919
12,40,0,62835985
33,36,3,62836506
43,38,0,62836593
3,30,2,62840271
1,44,4,62840335
33,23,1,62840721
33,34,5,62841753
59,21,5,62842503
33,37,6,62843284
42,25,5,62843559
17,41,6,62844068
13,32,5,62844172
58,17,5,62850106
43,42,6,62854442
58,17,3,62858445
58,18,3,62859000
59,23,3,62859582
59,22,3,62859909
59,19,0,62861859
57,16,6,62864340
23,37,3,62864804
32,24,2,62865902
18,28,5,62869552
18,27,0,62870962
42,24,0,62872201
58,18,6,62874321
55,48,5,62874520
13,34,5,62875335
13,35,6,62875337
61,22,0,62876088
12,49,3,62890675
34,36,5,62896634
34,37,5,62898245
24,36,0,62898500
24,37,5,62898683
34,37,0,62900857
34,34,0,62905708
23,26,3,62906269
60,17,6,62914733
59,21,6,62921389
59,18,5,62922956
58,17,6,62924268
60,23,0,62925731
61,21,0,62928085
6,42,5,62930113
61,22,3,62932955
3,38,6,62934890
33,19,0,62935071
32,19,6,62935160
4,41,6,62937003
56,48,5,62952061
7,42,7,62952995
0,26,6,62953065
58,15,5,62955949
60,22,5,62956136
0,39,6,62957249
61,21,3,62960637
34,32,5,62964769
5,41,5,62964990
19,22,2,62965815
18,27,3,62965993
23,27,6,62968197
60,19,0,62976734
25,36,4,62997728
0,43,7,63017790
1,43,7,63020005
3,40,5,63021469
2,43,5,63022482
5,40,5,63022719
3,40,7,63024315
4,40,5,63025826
1,26,6,63027475
5,42,3,63039708
3,43,5,63042869
7,42,4,63053020
4,40,4,63059688
61,22,2,63060091
26,20,0,63076238
26,19,3,63076239
56,48,3,63076655
57,48,3,63085371
6,41,5,63086154
1,43,2,63138045
59,19,3,63140681
1,43,1,63140946
3,43,0,63143956
60,21,5,63148497
60,20,0,63156132
60,19,3,63156134
60,15,1,63169196
57,49,2,63169426
0,42,6,63169484
1,44,4,63169563
57,49,0,63170625
1,43,3,63170725
5,41,6,63173207
5,40,1,63176790
57,49,3,63177574
1,43,2,63179946
60,15,0,63180763
3,43,1,63181171
8,42,0,63181266
0,43,7,63181716
1,43,7,63185122
5,43,2,63200953
59,15,3,63201496
8,42,5,63203429
61,22,3,63204649
57,49,1,63206314
4,43,6,63208544
3,40,3,63208925
19,47,7,63209377
3,28,6,63215514
6,42,4,63215877
5,42,7,63215880
61,20,0,63216479
1,41,5,63217731
3,38,7,63218380
9,42,1,63219288
61,15,0,63240139
1,38,5,63243052
61,23,2,63263908
3,32,3,63264868
4,34,5,63266960
0,43,6,63268076
35,24,1,63272675
24,38,0,63281653
5,41,2,63294029
27,26,6,63294971
61,22,1,63296541
0,41,6,63301091
4,26,4,63302378
3,24,3,63302381
61,16,5,63302803
62,20,4,63303028
35,26,1,63308413
62,23,0,63309605
3,27,7,63310321
31,23,0,63311179
3,28,7,63312390
8,42,6,63312645
18,47,7,63312646
19,47,4,63313083
3,37,1,63323292
59,16,2,63324580
3,37,7,63327237
1,41,4,63329239
1,25,5,63330342
1,40,5,63331117
3,36,2,63331440
3,35,7,63333109
33,18,3,63334417
1,40,6,63334996
2,42,1,63335784
24,35,7,63337014
59,20,7,63337087
3,28,2,63337815
4,43,4,63338819
60,20,1,63339699
24,34,2,63340552
61,18,2,63341273
3,27,2,63342176
61,16,4,63342422
23,38,7,63342584
3,31,3,63342715
3,33,2,63342790
5,34,7,63342913
3,32,7,63355795
61,19,7,63360102
62,23,1,63360329
4,29,6,63363327
59,18,7,63363825
59,17,4,63365249
2,42,7,63365557
6,41,7,63369111
34,27,2,63370532
5,41,1,63370570
0,40,2,63371139
60,21,1,63372192
3,28,4,63374231
4,42,2,63375017
4,22,7,63375237
61,17,1,63382984
61,16,1,63386683
23,37,1,63391394
59,18,4,63391811
3,26,1,63395289
61,24,2,63395662
34,28,4,63395968
61,19,4,63398370
59,17,1,63398546
59,20,4,63400427
22,26,2,63401943
57,50,4,63402396
23,38,4,63402405
0,41,7,63403132
17,56,2,63403977
14,47,6,63404689
27,28,6,63404787
61,21,1,63405148
34,26,1,63406170
19,46,7,63406367
33,31,3,63406782
58,16,7,63415334
59,18,1,63418047
56,49,2,63421932
55,49,7,63423711
59,21,2,63423897
4,22,4,63425482
56,49,7,63426967
34,27,1,63429372
55,49,4,63429648
31,18,7,63433226
58,17,7,63433271
3,42,7,63433775
18,46,7,63433794
60,22,2,63436043
60,17,7,63436306
60,17,2,63436735
60,18,2,63437153
0,38,7,63437507
34,34,4,63438018
22,37,2,63453557
60,18,7,63454026
13,47,4,63454936
13,46,7,63455383
1,40,4,63456132
1,39,7,63456134
17,31,6,63456180
58,17,2,63456524
2,42,3,63457295
18,32,2,63457390
59,22,7,63457479
2,26,2,63458319
53,49,6,63458431
18,31,7,63460590
54,48,7,63461005
4,42,7,63461611
14,34,5,63462029
58,15,1,63463104
30,23,0,63463676
4,42,4,63463851
1,38,3,63464381
22,30,4,63466780
44,48,0,63467739
22,37,7,63468198
34,37,4,63468563
33,27,7,63468697
8,41,5,63468886
2,42,5,63468967
4,42,6,63469226
19,58,3,63469609
58,17,4,63477079
22,35,2,63481514
19,46,4,63483045
2,42,7,63483634
21,39,7,63484366
26,20,4,63485193
2,27,1,63485511
54,48,5,63486166
60,20,2,63486234
33,27,2,63487397
1,42,7,63487726
33,19,4,63487906
14,40,5,63488207
58,18,2,63488444
60,17,1,63489841
33,28,2,63490220
2,31,1,63490736
9,42,4,63490795
16,56,7,63491548
24,39,2,63491996
20,39,5,63492094
16,56,4,63492126
60,17,4,63492357
0,42,6,63492531
18,48,4,63492560
57,15,5,63492576
22,28,3,63492852
2,40,6,63493203
6,41,4,63493554
30,23,3,63493606
27,19,6,63493768
22,21,4,63494031
33,25,2,63494097
0,42,7,63495638
58,19,7,63496289
24,20,7,63496393
22,36,4,63496538
5,40,7,63496793
33,19,1,63497044
26,19,7,63497587
0,42,6,63498546
22,35,1,63499001
33,25,1,63500357
30,25,4,63500807
12,46,7,63507993
60,18,4,63509599
1,37,2,63511478
22,38,4,63513406
3,42,4,63514671
3,41,7,63514673
17,33,7,63517801
59,22,4,63518583
3,26,4,63519445
13,46,4,63519515
23,54,0,63519736
18,45,7,63519952
12,47,4,63520064
13,34,6,63521210
21,39,5,63521585
53,47,5,63522143
63,20,5,63522177
26,28,5,63522275
14,34,6,63523805
21,39,4,63523824
20,39,7,63523827
21,38,7,63523829
31,18,4,63523939
1,42,4,63524767
31,22,5,63525361
53,47,4,63526112
2,26,1,63526126
2,42,4,63526701
17,39,3,63526995
18,28,1,63528022
58,17,1,63528150
19,47,4,63528326
27,19,4,63529300
18,31,4,63529632
13,33,0,63530182
17,49,1,63530611
18,25,1,63530663
16,55,5,63530919
21,29,7,63531123
3,39,5,63536702
15,55,7,63538554
14,56,6,63540011
60,20,6,63541417
30,18,4,63541603
1,39,4,63542520
62,20,4,63544653
58,19,4,63547504
20,39,4,63547926
52,47,6,63548401
60,46,4,63549011
30,17,7,63549553
3,19,1,63549763
1,37,1,63550225
59,46,5,63551090
58,46,6,63551092
57,16,7,63551210
61,15,3,63551940
25,19,7,63552293
2,41,7,63553119
14,33,5,63553205
59,16,7,63553296
28,23,6,63553572
59,46,6,63553892
15,33,5,63553898
3,31,4,63554147
26,19,4,63554322
0,38,2,63555288
33,36,2,63555743
55,22,7,63556240
33,36,7,63557978
29,18,4,63558327
28,18,5,63558429
33,27,1,63558443
22,31,1,63558502
55,22,5,63558747
19,39,6,63558835
1,41,5,63559349
59,21,5,63559488
20,39,6,63559920
59,45,7,63560140
1,41,6,63560262
3,34,4,63560741
8,41,7,63561041
20,38,5,63561266
59,17,2,63561426
1,41,7,63561848
50,46,6,63562389
32,27,2,63562530
14,49,0,63562557
33,27,4,63563175
30,17,5,63569647
26,18,7,63570890
59,16,2,63571240
12,45,7,63573821
0,41,7,63574328
8,41,4,63575275
61,19,7,63575645
17,33,4,63576548
24,20,4,63579321
1,41,4,63579453
51,45,5,63579902
16,39,6,63579964
57,18,2,63580648
59,17,7,63581330
28,22,2,63582183
61,19,5,63582895
29,17,7,63583193
60,19,5,63584504
20,38,7,63585423
0,38,7,63585491
3,41,4,63586679
31,17,4,63586976
17,46,7,63587489
28,21,7,63587533
32,19,7,63587766
57,16,4,63588055
21,36,2,63588680
18,54,7,63589667
30,21,7,63589855
59,22,2,63590124
5,40,5,63591037
3,40,7,63591271
28,17,7,63591448
18,38,5,63591466
3,38,4,63591721
31,16,7,63591729
23,20,4,63591974
60,19,7,63592000
21,22,1,63592302
1,26,7,63592409
2,41,4,63592687
15,54,7,63593004
55,48,5,63593189
25,18,7,63593357
8,41,6,63593676
25,19,4,63593733
24,19,7,63593736
21,20,2,63593927
33,28,1,63594003
33,29,4,63594921
17,38,5,63597559
14,49,4,63599439
15,39,7,63600645
21,38,4,63601200
21,37,7,63601202
53,45,4,63602531
0,41,6,63602535
5,40,7,63603544
1,26,2,63604610
7,40,5,63605286
19,38,7,63605681
58,18,7,63606110
7,40,7,63606130
63,19,5,63607168
59,16,1,63608469
0,25,6,63608484
33,36,4,63610348
2,34,2,63610873
12,45,4,63611145
54,44,4,63611570
19,29,7,63612471
2,33,7,63612671
16,38,7,63612814
18,38,7,63613064
59,16,4,63613590
23,19,7,63613794
2,40,7,63613854
14,33,4,63614348
59,20,7,63614615
62,19,6,63614977
57,18,7,63615078
2,34,7,63615556
16,21,4,63615731
17,29,2,63615754
17,30,7,63616053
1,25,6,63616073
1,38,4,63616623
20,38,4,63616723
30,17,4,63616827
42,34,1,63617370
59,15,4,63617436
1,41,6,63617480
2,40,5,63617803
20,29,4,63617818
1,32,2,63618019
26,18,4,63618321
59,22,1,63618580
17,26,2,63618588
1,33,2,63618630
57,17,2,63618760
52,44,7,63619582
2,30,7,63619675
1,40,5,63619834
32,26,7,63621163
58,45,3,63621177
22,55,7,63621282
5,40,6,63621299
55,22,1,63621402
57,17,1,63621548
7,40,4,63621813
26,17,7,63621834
40,10,6,63622197
6,40,4,63622259
21,32,2,63622546
15,20,7,63622683
52,44,1,63622696
1,40,7,63623058
57,15,1,63623226
3,40,4,63623250
17,25,2,63623864
16,57,3,63623866
3,38,5,63624178
15,32,7,63624246
17,32,4,63624642
16,32,7,63624644
33,32,1,63624717
2,36,7,63624999
53,44,4,63625470
17,27,7,63625753
58,18,5,63633937
14,52,3,63635685
20,38,6,63637057
2,40,6,63637110
59,19,6,63637962
63,18,5,63638262
52,44,4,63638334
51,44,4,63638412
23,54,4,63638890
19,38,4,63639304
61,19,4,63639421
24,19,4,63639480
18,38,6,63639576
50,44,7,63640617
59,17,4,63640713
20,37,7,63641454
18,38,4,63642735
17,38,4,63642870
21,37,4,63643931
2,33,2,63644991
57,18,6,63645563
60,19,4,63645587
52,43,7,63645755
59,23,4,63646014
52,22,4,63646323
22,32,2,63647011
32,29,2,63647396
15,38,6,63647427
8,40,4,63647822
5,39,7,63648156
58,43,4,63648196
17,38,6,63648268
51,43,7,63648328
29,17,4,63648677
22,19,7,63648740
50,43,7,63648797
13,48,7,63649225
21,32,1,63649523
48,44,6,63649561
0,37,2,63649724
49,43,5,63649965
15,39,4,63650003
15,38,7,63650005
14,47,7,63650024
2,40,4,63650329
13,48,4,63650484
7,40,6,63651554
23,19,6,63651608
33,38,4,63651666
0,37,3,63651856
23,36,4,63651975
15,47,7,63652167
58,21,2,63652344
51,44,5,63652547
2,38,6,63652620
18,37,5,63652685
31,16,4,63652726
22,35,7,63652880
31,20,7,63653221
1,38,6,63653300
25,18,4,63653367
24,18,7,63653370
19,29,4,63653717
61,43,0,63654097
19,37,5,63654188
30,16,5,63654515
1,37,3,63655113
17,24,1,63655185
59,44,2,63655191
21,19,4,63655531
6,39,7,63656043
14,38,7,63656242
27,17,4,63656263
13,32,7,63656532
29,23,6,63656601
53,43,4,63657627
0,40,6,63662997
55,16,6,63664933
25,17,7,63665336
19,37,7,63666101
60,18,5,63666620
14,57,7,63666643
0,37,6,63666748
29,16,7,63667760
6,39,5,63667819
0,39,7,63668326
58,20,5,63668774
7,39,7,63669792
28,17,4,63669961
32,33,2,63670348
23,19,4,63670818
23,18,5,63670972
21,29,4,63671310
17,29,1,63672724
16,38,4,63673146
32,19,4,63674312
51,43,4,63674492
56,15,7,63674602
16,32,4,63675242
58,16,2,63675349
31,27,6,63675831
58,15,7,63675907
57,42,7,63676754
22,19,4,63676762
56,17,2,63676789
17,30,4,63676803
25,49,5,63677046
17,26,1,63677360
2,39,7,63677560
18,37,7,63678455
58,16,7,63678714
32,26,4,63679308
0,29,7,63679864
31,25,2,63679898
17,25,1,63681269
16,25,2,63681271
30,20,1,63681650
60,18,7,63681657
12,47,7,63681806
32,27,4,63681823
17,31,4,63681968
16,31,7,63681971
32,36,2,63682042
17,27,4,63682641
15,37,5,63683292
23,18,7,63683352
32,27,1,63683660
16,37,5,63684099
15,38,4,63684172
15,37,7,63684174
14,32,6,63684414
63,18,4,63684479
50,43,4,63685214
1,39,5,63685512
25,27,4,63685633
25,26,7,63685638
30,16,4,63685703
17,37,7,63685782
31,20,4,63686093
6,39,4,63686328
15,32,4,63686344
24,45,3,63686440
1,39,7,63686534
58,15,4,63686606
16,37,7,63686613
20,37,4,63686814
24,18,4,63687236
24,17,7,63687238
23,18,6,63687627
57,42,4,63687802
32,35,7,63688233
12,32,5,63688401
4,39,6,63692230
58,14,1,63693694
56,15,4,63697138
58,17,4,63697451
41,35,7,63700306
28,16,7,63700322
5,39,4,63700718
23,47,6,63700839
57,43,4,63702468
20,36,7,63702528
20,32,7,63703110
0,25,2,63703732
31,20,1,63704191
57,17,5,63704285
15,20,4,63704310
20,35,7,63705143
6,39,6,63705433
59,18,7,63705489
57,44,6,63705525
41,35,4,63705572
16,25,7,63706130
0,31,2,63706157
12,32,6,63706288
26,16,5,63707100
22,18,7,63707178
20,33,2,63707181
26,17,4,63707650
41,34,1,63707736
41,35,2,63708027
62,18,4,63708238
19,37,4,63708300
20,27,4,63708518
18,37,4,63708578
20,35,2,63708731
20,32,2,63708824
32,33,1,63709053
16,37,6,63709205
32,31,1,63709253
29,16,4,63709416
32,34,4,63709421
14,47,4,63710289
12,38,4,63710847
22,49,0,63710906
31,24,7,63710933
31,25,7,63711131
20,36,4,63711392
5,39,6,63711622
49,42,7,63711867
58,16,4,63711892
1,31,2,63712049
40,27,7,63712112
30,21,4,63712317
41,35,1,63712886
32,34,1,63712890
15,31,5,63712913
25,17,4,63712971
26,16,7,63713596
16,26,7,63713852
47,42,6,63713881
40,24,2,63714088
0,36,6,63714626
16,29,7,63715315
40,24,1,63715464
20,18,7,63716121
21,23,2,63716412
58,21,7,63716550
16,26,2,63716762
31,26,7,63716787
40,26,5,63716917
2,39,4,63717212
2,38,7,63717217
16,27,2,63717374
23,18,4,63717864
39,30,6,63718096
7,39,4,63718265
32,35,4,63718317
55,15,7,63718942
16,28,7,63719103
16,30,7,63719960
22,34,1,63725218
31,28,2,63729570
57,13,7,63731108
57,15,7,63732322
15,31,6,63732453
5,38,7,63732728
57,14,7,63733535
21,31,7,63733634
0,39,6,63733734
44,5,4,63734282
16,31,4,63734332
15,31,7,63734334
21,31,2,63734344
4,38,5,63734348
15,52,5,63735502
20,29,1,63735701
20,30,1,63736087
19,36,7,63736178
55,15,2,63737218
40,27,4,63738086
4,38,7,63738436
14,31,7,63739228
14,37,5,63739238
20,23,4,63739252
55,15,4,63739270
40,30,1,63739429
57,16,7,63739739
24,26,7,63739864
40,32,2,63739991
56,18,4,63740009
24,48,4,63740150
20,31,1,63740321
28,16,4,63740402
21,18,7,63740506
20,35,4,63741337
56,17,1,63741790
15,52,6,63741816
1,39,4,63741902
40,25,1,63741966
61,18,4,63742193
16,25,4,63743173
16,25,1,63743202
40,31,1,63743626
13,31,5,63744344
16,28,4,63744450
1,31,1,63744504
6,38,7,63744648
55,17,7,63744755
31,25,4,63745191
51,41,4,63746309
39,25,2,63746932
21,18,6,63746943
24,17,4,63747044
23,17,7,63747046
16,26,1,63747075
16,37,4,63747162
11,54,5,63747327
16,26,4,63747442
14,51,3,63747504
31,25,1,63747848
21,35,2,63748185
57,14,4,63748331
32,36,4,63748493
32,36,1,63748561
32,35,1,63748760
56,19,4,63748942
19,25,7,63749027
16,24,1,63749273
31,33,7,63749409
31,24,1,63749837
31,32,2,63749935
20,25,6,63750022
57,13,1,63756253
2,38,6,63760576
57,15,4,63760987
58,21,4,63761846
57,16,4,63764175
31,28,1,63764446
40,32,1,63765295
55,16,2,63766149
39,32,2,63766994
39,25,7,63767798
31,38,7,63768457
31,37,2,63768906
19,26,7,63769059
38,36,2,63769111
15,51,7,63769495
51,44,4,63769742
29,20,6,63770198
21,33,4,63771399
31,29,1,63771845
21,31,4,63772159
19,20,7,63772169
31,34,2,63772826
16,27,1,63773067
56,15,7,63773131
19,20,2,63773272
18,44,5,63774026
31,36,2,63774141
39,26,7,63774407
19,35,7,63774773
0,15,2,63775614
31,32,4,63775941
55,41,2,63776123
0,16,2,63777013
16,30,4,63777390
21,31,1,63777791
55,16,4,63778590
19,32,7,63779411
31,31,4,63779676
56,21,7,63779806
21,33,1,63779951
55,41,0,63780362
56,20,4,63780737
55,17,4,63781610
55,15,1,63782868
4,38,4,63783516
59,18,2,63791178
56,13,7,63793936
57,18,4,63796230
57,13,4,63802286
55,41,1,63804561
57,22,2,63808204
61,18,0,63810326
56,21,4,63810999
46,41,2,63811106
3,38,0,63811306
56,13,4,63811684
28,15,7,63812885
59,18,1,63819538
31,33,1,63820424
54,18,0,63825625
46,41,1,63833002
56,13,1,63836463
53,41,2,63836784
55,18,6,63841145
56,14,2,63853494
54,13,5,63858448
55,13,3,63859925
56,22,3,63862285
63,18,1,63868996
52,41,2,63869266
55,16,1,63869308
10,42,7,63871829
31,38,1,63874253
53,41,1,63875395
56,21,0,63886813
55,14,2,63887023
54,18,3,63887365
55,18,3,63889264
56,21,3,63890966
56,19,0,63894356
55,19,6,63896173
56,14,1,63896480
56,15,2,63899079
55,14,0,63899610
0,38,7,63900553
57,19,2,63902140
30,30,2,63903614
45,42,2,63905475
56,17,7,63923442
30,38,7,63923794
28,41,0,63924784
15,27,2,63925211
20,30,7,63925312
19,36,6,63925566
1,38,4,63925679
30,30,7,63925812
19,35,4,63926590
15,30,7,63926914
17,37,4,63927581
52,41,1,63927822
52,42,2,63927824
19,34,1,63927992
30,31,7,63928029
19,34,7,63928260
56,16,4,63928474
20,32,7,63928532
0,30,7,63928853
30,31,2,63928924
2,38,6,63929381
20,32,2,63929428
20,33,2,63929729
19,36,4,63929926
18,36,7,63930782
17,36,7,63930957
30,39,2,63931738
0,30,2,63932475
15,29,1,63932723
0,31,7,63932816
0,31,2,63933007
15,26,7,63933173
20,31,2,63933597
54,16,4,63934356
56,15,1,63935269
56,19,3,63935322
5,38,4,63935422
57,19,1,63935426
19,33,4,63935739
19,29,1,63935774
20,22,2,63936079
19,24,2,63936176
15,25,2,63936574
15,47,4,63936777
50,44,0,63936875
15,37,4,63936972
0,25,7,63937098
0,28,2,63937376
55,21,4,63937443
15,31,4,63937957
16,36,7,63944832
54,19,7,63947841
30,18,4,63949326
13,37,6,63950639
19,19,7,63951508
14,37,6,63951551
56,18,4,63952016
54,16,1,63952922
56,20,7,63953457
60,19,5,63953639
15,36,7,63954708
10,42,4,63954973
11,37,7,63955298
54,19,4,63955307
0,19,7,63956187
30,16,1,63956704
26,42,3,63956742
1,37,5,63957000
53,15,7,63957020
14,30,2,63957453
14,31,4,63958686
3,37,7,63959412
14,36,7,63959526
49,22,6,63959806
0,36,6,63959905
30,30,4,63960623
28,22,0,63960723
51,42,2,63961653
30,31,4,63961956
63,18,0,63962097
9,51,1,63962369
50,42,7,63962620
0,14,7,63962933
46,40,5,63963275
57,19,3,63963585
30,30,1,63964089
15,36,5,63964606
22,18,4,63965137
12,37,4,63965394
4,37,7,63966066
19,20,4,63966171
19,34,4,63966240
30,31,1,63966945
30,17,1,63967058
23,17,6,63967948
16,43,6,63968317
3,37,5,63968690
30,38,4,63968705
15,52,0,63968778
15,28,2,63969003
17,36,4,63969158
61,19,4,63969671
18,36,4,63973295
22,43,0,63974882
20,30,4,63977110
18,28,5,63977851
54,17,1,63978082
49,42,6,63978551
55,14,4,63978840
3,37,4,63978875
50,21,5,63979044
19,44,4,63979165
54,18,7,63979265
59,19,4,63979340
11,37,4,63979346
18,32,7,63979793
56,20,4,63979878
53,15,4,63980224
26,22,7,63980535
28,40,7,63981236
48,40,4,63981534
46,40,6,63981549
15,30,4,63981599
14,30,7,63981602
1,37,4,63981813
0,37,7,63981816
18,35,7,63981822
20,32,4,63982218
29,17,7,63982321
22,17,7,63982651
25,16,7,63982824
30,39,4,63983156
29,39,7,63983159
21,18,4,63983344
14,36,5,63983547
23,17,4,63983748
15,26,4,63983893
29,17,2,63984088
51,21,7,63984493
58,19,4,63984665
60,18,7,63985332
52,42,4,63985752
44,40,4,63985877
57,19,7,63985955
15,25,1,63986499
55,17,7,63986554
20,33,1,63986663
29,19,4,63987142
38,30,1,63987747
14,36,4,63987923
15,24,7,63988124
53,16,2,63988467
47,39,7,63988527
11,44,0,63988664
45,39,2,63989063
15,46,7,63989144
24,16,7,63989282
53,16,4,63989329
46,43,4,63989356
11,36,7,63989817
27,15,7,63990106
57,19,4,63990337
28,40,4,63990782
22,17,5,63990934
29,17,1,63991082
18,27,2,63991205
38,33,4,63991390
18,28,6,63991413
23,16,7,63991525
53,18,2,63991672
55,14,1,63991839
21,17,7,63992747
28,40,0,63992881
13,36,6,63993241
16,36,4,63993397
28,15,5,63993460
38,39,2,63993462
15,36,6,63993568
26,16,4,63994741
25,16,4,63994832
13,30,5,63994926
15,27,1,63994967
45,42,7,63995031
58,18,7,63995226
18,30,2,63995567
2,37,4,63996226
53,17,2,63996466
19,18,4,63996773
14,29,7,63997311
57,18,5,63997497
38,35,4,63997651
25,16,6,63998196
43,40,4,63998461
18,17,7,63998463
57,40,7,63998678
10,36,7,63998738
13,30,7,63998820
4,37,4,63999279
24,43,4,63999633
7,37,4,63999639
5,36,3,63999642
20,18,4,63999742
24,16,5,63999831
28,21,7,64000287
16,35,5,64000473
10,36,6,64007580
2,37,6,64009907
55,17,4,64010247
53,17,7,64011019
29,31,2,64011399
56,18,7,64011805
60,18,4,64012677
17,43,1,64013215
13,30,6,64013351
55,16,4,64013801
22,17,4,64014099
25,15,7,64014118
11,45,0,64014370
22,16,7,64015250
18,25,7,64015294
20,17,7,64015945
27,15,4,64016349
14,30,4,64016775
29,18,4,64017034
18,22,7,64017392
59,18,4,64017556
38,7,7,64017604
16,35,7,64017885
24,16,4,64017996
12,44,3,64018529
37,27,7,64018577
24,15,7,64019134
17,35,7,64019632
57,18,7,64020014
47,38,4,64020032
7,36,7,64020466
29,33,7,64020554
21,17,5,64020572
21,17,4,64020628
29,32,2,64020832
44,39,4,64020868
53,16,1,64021131
62,40,7,64021162
11,36,4,64021203
37,29,7,64021205
49,20,4,64021210
18,32,2,64021317
7,36,5,64021318
48,39,5,64021681
57,18,4,64021688
53,15,1,64021834
52,13,7,64022039
14,26,2,64022131
18,19,7,64022788
61,18,4,64022944
14,29,5,64023011
14,28,2,64023013
27,40,4,64023395
60,17,7,64023400
34,38,2,64023417
54,17,3,64023427
59,40,4,64023656
29,34,7,64024026
13,35,7,64024045
45,39,1,64024098
60,37,1,64024109
1,36,7,64024327
61,8,4,64024460
14,25,7,64024463
58,18,4,64024582
55,20,4,64024676
24,15,5,64024714
3,36,7,64024996
28,18,2,64025061
3,36,5,64025395
28,18,7,64026036
59,17,7,64026049
38,35,1,64026146
55,18,6,64026209
2,36,7,64026515
4,36,7,64026547
19,17,7,64026953
6,36,7,64027126
59,39,4,64027150
20,33,4,64027379
23,16,4,64027729
56,18,6,64027798
27,34,7,64027907
53,13,4,64028002
37,38,4,64028212
52,15,7,64028651
26,15,4,64028862
14,24,1,64028896
3,36,4,64028981
15,43,2,64029887
23,15,7,64029982
1,51,5,64030033
20,32,4,64030152
36,19,0,64030189
29,36,7,64030357
17,43,4,64030761
26,18,2,64030823
58,17,7,64031388
0,36,7,64031666
1,36,4,64031668
54,15,2,64035670
54,16,7,64036456
33,38,4,64036620
18,33,4,64039112
12,42,1,64040784
18,32,1,64041608
57,17,5,64041838
55,22,4,64042871
24,15,6,64042931
7,36,4,64043306
18,21,3,64043353
22,16,4,64043991
21,16,7,64043993
53,17,4,64044062
37,33,7,64044065
10,43,6,64044235
2,36,4,64044519
26,39,7,64044604
11,35,5,64044621
18,34,4,64044809
21,16,6,64045070
14,29,4,64045108
20,17,4,64046300
43,38,0,64046316
22,24,7,64047040
56,17,5,64047172
29,26,1,64047187
52,12,5,64047705
20,16,7,64047797
13,42,4,64048410
13,29,7,64048434
44,1,0,64048589
1,36,6,64048886
10,43,0,64048961
25,15,4,64049125
22,15,5,64049180
7,36,6,64049186
54,15,7,64049316
56,18,4,64049635
63,12,4,64050015
6,36,4,64050210
7,35,7,64050296
55,20,1,64050404
25,14,7,64050425
26,14,5,64050465
13,35,4,64051570
37,26,1,64051616
59,17,6,64052136
29,29,1,64052314
24,39,1,64052503
52,16,2,64052864
2,35,5,64053103
26,14,7,64053522
13,41,4,64053741
54,19,1,64053975
52,12,6,64054130
55,17,7,64054273
9,41,5,64054338
58,17,6,64054796
22,15,7,64055391
55,17,5,64055419
4,36,4,64055621
34,37,6,64055628
59,17,4,64055714
53,16,5,64056736
57,36,3,64057022
11,35,6,64057142
45,37,4,64057160
10,41,0,64057164
14,41,4,64057190
2,48,5,64057451
2,49,6,64057454
19,17,4,64057614
52,13,4,64057634
52,12,7,64057636
9,39,7,64057906
58,17,4,64058367
23,15,4,64058574
5,35,7,64059033
37,33,2,64059193
19,16,7,64059292
7,45,6,64059411
37,31,2,64060063
25,14,5,64060257
14,40,5,64060518
24,15,4,64060759
15,40,5,64061106
60,17,4,64061447
57,17,6,64061453
6,35,7,64061483
24,14,7,64061736
10,39,4,64061878
44,36,1,64061928
25,20,7,64061952
10,41,3,64062091
1,35,7,64062274
31,37,6,64062497
37,28,4,64062567
63,17,4,64062943
57,17,4,64063509
12,40,7,64063808
21,15,7,64067826
2,35,7,64067831
55,17,6,64068886
1,35,5,64069178
35,37,6,64069646
16,41,4,64071833
53,11,7,64071968
59,16,7,64072155
22,15,6,64072674
3,35,7,64073853
21,16,4,64074424
26,14,6,64075243
0,35,7,64075953
1,35,6,64076052
36,37,6,64076164
14,28,4,64076353
32,36,5,64076786
58,16,5,64076916
63,11,4,64077364
10,41,6,64077414
12,34,7,64077589
47,37,6,64077846
58,16,7,64077856
33,36,7,64078121
28,17,7,64078261
24,19,2,64078283
17,33,2,64078777
20,38,7,64079238
22,15,4,64079437
26,38,4,64079446
29,33,1,64079740
62,10,2,64080088
54,14,4,64080148
26,14,4,64080154
35,36,4,64080244
20,44,6,64080279
22,14,7,64080924
14,25,1,64081061
48,36,5,64081170
23,14,7,64081320
11,34,5,64081764
33,36,6,64081934
25,14,6,64082020
54,17,6,64082167
11,28,1,64082261
9,41,6,64082425
35,36,5,64082634
18,20,5,64082639
23,14,5,64082781
11,34,7,64082868
0,35,6,64083058
20,16,4,64083210
10,34,5,64083279
56,16,7,64084089
52,11,5,64084255
7,35,4,64084297
29,36,7,64084368
22,14,5,64084658
22,24,4,64084799
21,24,7,64084802
52,12,4,64085114
51,12,7,64085117
55,16,5,64085353
13,40,7,64085677
33,36,4,64085692
62,10,7,64085769
13,28,7,64085819
13,40,4,64085821
15,34,6,64085901
53,16,4,64085990
14,40,6,64086011
52,15,5,64086021
21,24,6,64086127
57,16,7,64086251
34,36,6,64086869
58,35,2,64087137
24,14,4,64087166
18,17,4,64087249
18,16,7,64087251
52,16,4,64087308
17,33,7,64087393
36,36,5,64087406
43,2,4,64087430
28,15,1,64087437
29,34,1,64087668
12,34,4,64087724
14,34,6,64087731
37,31,1,64088131
56,16,5,64088488
27,13,7,64088725
11,40,5,64088828
10,40,5,64088977
54,15,4,64089380
55,16,7,64089744
35,36,6,64090076
25,14,4,64090080
25,19,1,64090081
54,20,7,64090234
26,37,7,64090353
1,34,5,64090660
2,35,4,64090718
59,16,4,64090832
48,36,6,64090880
18,20,6,64091131
26,20,6,64091474
18,16,4,64091610
17,16,7,64091613
37,33,4,64091744
10,34,6,64091783
3,35,4,64091894
2,35,6,64091913
14,39,5,64091977
53,11,4,64092117
24,21,7,64092149
20,15,7,64092287
57,16,5,64092511
57,16,6,64092621
13,39,7,64092887
26,20,4,64092913
18,30,4,64093307
15,38,4,64093624
22,14,6,64093824
2,34,7,64093866
23,14,4,64094019
16,33,5,64094088
49,35,0,64094377
11,34,6,64101112
2,34,5,64102457
9,38,7,64102995
19,16,4,64103487
58,16,4,64103588
63,9,4,64103767
21,62,5,64103845
21,62,6,64104439
56,16,6,64104536
20,62,7,64104564
42,2,4,64105093
41,2,7,64105096
20,62,1,64105278
56,16,2,64106000
21,61,7,64106079
11,28,5,64106345
19,62,7,64106517
22,61,5,64106608
21,61,5,64106643
15,33,5,64106646
21,61,6,64106852
32,35,7,64106935
34,35,5,64107581
20,62,4,64107619
16,33,7,64107756
19,62,2,64107864
57,16,4,64108350
51,11,7,64108525
19,62,1,64108550
23,14,6,64108640
21,14,7,64108665
1,34,7,64108734
21,60,2,64108763
21,61,4,64109053
20,61,7,64109055
11,34,4,64109277
15,39,4,64109390
19,62,4,64109395
33,35,7,64109428
16,33,6,64109700
22,60,5,64109807
24,13,7,64109980
21,60,7,64109985
62,8,7,64110947
35,35,5,64111063
34,35,6,64111066
22,60,4,64111211
11,33,7,64111382
42,1,7,64111395
55,16,6,64111444
52,14,1,64111885
18,15,5,64112167
22,60,6,64112226
25,36,5,64112355
6,34,7,64112598
23,59,4,64112859
60,34,1,64112933
21,59,7,64113018
21,60,4,64113020
11,33,5,64113117
23,13,7,64113247
18,61,5,64113283
6,34,5,64113512
14,38,7,64113766
17,33,4,64113841
17,32,7,64113843
10,33,7,64113926
51,11,6,64113962
52,11,4,64113994
22,59,4,64114030
22,14,4,64114218
21,59,5,64114278
3,34,5,64114326
22,57,3,64114449
36,35,5,64114469
9,38,6,64114470
21,59,6,64114489
18,62,4,64114617
18,61,7,64114621
58,15,7,64114645
9,40,4,64115024
18,63,2,64115087
22,58,7,64115101
20,59,7,64115189
10,39,5,64115204
10,40,6,64115206
12,33,5,64115719
27,13,4,64116012
21,59,4,64116145
1,34,6,64116323
18,15,7,64116355
23,57,0,64116534
19,15,7,64116603
9,39,0,64116605
55,16,4,64116939
57,15,7,64117067
63,15,4,64117226
21,58,7,64117765
20,15,4,64117905
22,58,4,64117918
33,35,4,64118131
16,63,0,64118193
34,34,7,64118361
15,33,6,64118440
18,61,4,64118533
17,61,7,64118539
39,35,7,64119044
56,16,4,64119048
32,35,4,64119426
16,33,4,64119482
32,34,7,64119747
19,59,6,64119755
22,57,5,64119771
17,15,5,64120055
63,16,5,64120259
18,15,6,64120276
21,58,4,64120687
20,58,7,64120690
23,13,5,64120916
20,58,5,64120949
21,57,7,64121269
9,39,6,64121292
17,60,2,64121295
8,40,7,64121353
52,10,7,64121518
26,19,7,64121570
52,15,5,64121750
0,34,6,64122217
58,15,5,64122370
53,16,6,64122597
18,59,7,64123158
20,58,4,64123169
52,15,6,64123295
29,34,7,64123345
21,57,4,64123725
63,12,4,64124066
59,33,3,64124204
63,8,4,64124777
22,13,7,64124788
28,17,4,64124799
13,28,4,64124803
26,13,4,64124918
52,15,4,64125139
51,15,7,64125142
17,61,4,64125233
26,12,7,64125295
9,46,5,64125450
28,34,2,64125555
16,60,7,64129088
9,28,7,64129230
18,59,4,64131203
56,15,7,64132128
9,33,7,64133611
1,34,4,64134110
17,58,7,64134454
55,15,7,64134949
19,15,4,64135137
22,13,5,64135526
2,34,4,64136869
24,54,6,64137280
15,33,4,64137480
51,10,5,64137576
54,20,4,64138524
24,13,4,64138832
11,33,6,64139338
16,60,4,64139440
52,10,5,64139521
12,33,6,64139555
13,33,4,64139715
53,10,4,64139900
17,58,4,64140484
17,15,6,64140526
25,52,4,64141307
23,13,6,64141604
63,9,1,64141691
21,53,5,64142067
21,13,7,64142260
19,14,7,64142306
22,53,4,64142456
21,53,6,64142579
16,32,5,64142780
15,60,7,64142832
51,10,6,64143344
15,32,7,64143383
34,34,4,64143857
25,35,7,64144186
53,16,2,64144280
25,51,5,64144477
22,52,5,64144479
29,34,4,64144782
49,16,4,64145081
14,32,7,64145146
32,34,4,64145274
21,52,7,64145313
22,52,6,64145338
12,27,7,64145440
62,7,7,64145480
21,14,4,64145586
33,34,4,64145651
23,51,5,64145960
57,15,6,64146016
18,54,5,64146090
9,38,4,64146157
22,52,4,64146169
21,52,2,64146185
16,32,7,64146303
53,17,7,64146415
15,25,7,64146450
13,32,5,64146496
59,32,7,64146602
24,51,6,64147085
56,15,1,64147161
11,33,4,64147167
24,54,0,64147678
16,57,7,64147699
21,22,7,64147921
31,34,6,64147988
32,33,5,64148085
8,33,5,64148410
12,32,5,64148428
25,50,5,64148604
58,15,4,64148607
62,7,1,64148626
24,20,2,64148631
10,33,6,64149375
23,56,2,64149542
18,55,4,64149875
18,54,7,64149877
2,33,7,64150106
22,13,4,64150213
11,32,7,64150341
52,14,5,64150612
34,33,7,64150833
25,12,7,64150908
17,15,7,64150988
63,6,0,64151053
29,33,7,64151463
52,11,6,64151524
23,13,4,64151765
51,10,7,64151986
18,14,7,64152053
21,51,7,64152225
28,34,7,64152258
19,14,5,64152514
12,32,7,64152552
18,59,2,64152607
57,15,4,64152657
15,61,4,64152871
23,12,7,64153506
61,32,3,64153661
20,40,4,64153755
23,50,4,64153923
52,10,4,64153992
20,52,4,64154339
19,52,7,64154341
33,33,7,64154344
11,32,5,64154393
16,55,6,64154561
56,15,4,64154715
8,33,6,64155139
62,15,4,64155214
19,63,6,64155448
18,53,7,64155605
25,51,6,64155824
18,54,4,64156509
13,25,2,64156574
18,59,1,64156690
0,33,7,64156693
17,54,7,64156797
23,49,7,64156903
26,16,4,64157141
22,49,7,64157540
59,32,5,64160432
9,33,4,64160979
17,32,4,64161152
23,49,4,64161159
63,7,4,64161331
52,9,7,64161337
53,13,7,64163855
22,49,4,64164416
19,59,3,64164484
50,10,6,64164810
54,15,6,64164825
16,63,2,64165309
55,15,4,64165619
60,33,7,64165920
21,13,6,64165937
24,48,4,64166003
15,61,7,64166267
18,51,1,64166454
62,14,7,64166952
17,61,3,64167095
57,14,7,64167706
20,59,5,64167804
19,59,6,64167809
48,15,7,64168157
35,33,5,64168234
16,32,6,64168291
17,53,7,64168537
10,32,5,64169003
21,61,6,64169165
57,14,5,64169251
25,12,6,64169270
15,62,6,64169545
31,33,7,64170039
16,55,7,64170224
24,47,6,64170745
22,59,5,64170829
51,9,5,64171169
25,46,5,64171449
53,15,6,64171659
20,58,5,64171678
32,33,6,64171704
17,54,4,64171956
33,33,4,64171996
18,58,0,64172726
25,12,4,64173278
24,46,5,64173370
59,32,6,64173372
22,12,5,64173431
16,57,6,64173442
24,46,6,64173476
21,13,4,64173619
51,10,4,64173826
55,14,7,64174392
18,14,5,64174677
16,32,4,64174865
56,14,7,64175007
0,33,6,64175042
25,46,6,64175056
23,58,0,64175082
26,11,7,64175221
26,11,5,64175455
21,12,7,64175504
21,62,4,64175581
22,59,6,64175853
13,26,7,64175958
20,59,6,64176034
21,58,5,64176332
20,58,6,64176336
20,49,4,64176481
48,32,7,64176511
54,14,5,64176856
59,31,5,64177108
60,31,5,64177130
9,32,5,64177135
14,32,6,64177209
15,32,4,64177296
22,12,7,64177326
17,58,2,64177539
21,46,0,64177932
26,45,0,64177982
23,12,4,64178356
33,32,5,64178458
51,9,7,64178465
5,33,6,64178476
17,15,4,64178572
23,58,5,64178625
24,12,4,64178638
14,32,4,64178698
34,32,7,64178930
20,47,1,64179247
20,56,5,64179303
12,32,4,64179578
25,45,5,64179681
16,58,4,64179747
21,12,5,64180098
19,14,4,64180131
17,58,1,64180200
61,14,7,64180503
12,32,6,64181212
25,45,6,64181338
54,14,7,64181595
21,22,4,64181691
24,11,7,64181851
29,34,5,64182100
20,56,6,64182147
21,12,6,64182190
6,37,0,64182398
19,13,7,64182441
21,58,7,64182871
23,45,7,64182927
56,14,6,64183464
15,23,7,64183642
46,31,0,64183855
5,32,7,64184004
58,14,5,64184102
57,14,6,64184103
62,6,7,64184155
27,15,2,64184267
8,32,7,64184426
62,8,5,64184540
18,14,6,64184629
2,33,4,64184710
6,32,7,64184731
20,48,4,64184837
26,43,3,64184962
2,32,5,64185035
3,32,7,64185226
23,44,1,64185236
22,45,2,64185378
57,14,4,64185478
53,12,7,64185638
20,54,5,64185642
62,6,6,64185654
17,56,7,64185767
45,32,4,64185881
63,6,4,64185990
46,31,3,64186154
23,57,0,64186321
21,55,5,64186454
20,55,6,64186459
18,53,3,64186643
11,32,6,64187096
17,56,4,64187265
23,57,5,64187409
60,31,6,64187473
25,32,0,64187571
18,18,1,64188139
1,32,5,64188160
16,31,7,64188250
20,54,7,64188841
21,54,5,64190967
20,54,6,64190969
42,32,4,64191193
24,49,6,64191597
21,46,4,64192085
20,54,4,64192504
29,32,7,64192839
52,9,4,64193017
25,44,6,64193214
21,55,6,64193732
56,14,4,64193735
25,48,5,64194243
21,53,5,64194388
55,14,6,64196099
52,8,7,64196377
21,54,3,64196396
26,42,7,64196605
22,55,0,64197043
34,32,4,64197214
34,31,7,64197216
50,9,6,64197828
17,55,7,64197894
22,54,3,64198164
54,14,6,64198443
24,53,0,64198454
22,12,4,64198931
62,8,6,64199359
18,14,4,64199558
58,14,6,64199573
21,53,6,64199932
21,43,5,64200088
18,53,2,64200443
27,42,4,64200530
51,9,6,64200742
18,53,1,64200821
62,5,5,64200975
19,54,0,64201111
20,53,3,64201343
53,16,4,64201608
23,54,6,64201858
48,15,4,64201942
51,9,4,64202012
15,31,5,64202570
24,52,0,64202572
21,52,6,64202630
56,13,7,64202692
6,32,5,64202808
15,31,7,64202847
24,53,4,64202986
51,8,5,64203120
57,13,7,64203148
20,12,7,64203473
62,6,4,64203532
23,11,7,64203822
13,31,7,64203845
52,13,5,64203905
13,31,5,64203981
17,55,4,64204329
24,53,5,64204502
21,43,6,64204560
27,41,7,64204628
28,41,5,64204639
53,14,6,64204679
58,13,7,64204911
11,32,4,64204966
10,32,7,64204968
26,41,7,64205581
55,13,5,64205803
9,32,6,64205924
27,41,4,64206072
18,52,4,64206193
46,30,0,64206735
11,26,5,64207032
28,41,6,64207258
22,42,5,64207332
63,7,5,64207402
55,14,4,64207667
51,8,7,64207705
27,41,6,64207760
62,5,7,64207854
29,32,6,64208007
58,32,4,64208181
22,51,5,64208241
23,52,7,64208829
55,13,7,64208895
52,13,4,64209004
24,42,4,64209056
54,13,5,64209375
27,15,1,64209473
22,51,6,64209535
16,31,5,64210008
22,50,0,64210048
52,12,1,64210233
61,5,2,64210490
27,40,7,64210555
24,53,6,64210890
25,51,4,64210900
24,51,7,64210903
23,57,6,64210995
21,43,7,64211053
56,13,5,64211676
61,30,5,64212042
28,40,4,64212190
23,52,4,64212399
22,11,5,64212408
24,51,4,64212645
22,50,3,64212648
27,40,5,64212862
50,9,7,64213151
12,31,7,64213922
27,15,4,64214011
16,14,7,64214125
26,40,7,64214145
24,56,5,64214155
27,40,4,64214464
54,13,7,64214467
24,11,4,64214650
59,13,5,64215062
26,40,4,64215285
53,16,5,64215308
63,5,4,64215472
52,8,4,64215565
35,4,7,64215630
26,40,6,64215649
29,40,4,64215776
22,49,5,64215931
18,50,3,64216137
63,5,5,64216363
62,5,6,64216364
57,13,4,64216647
27,39,5,64217134
13,26,4,64217408
28,39,7,64217934
21,12,4,64218507
53,13,5,64218585
24,51,6,64218733
18,51,4,64220115
18,13,7,64223073
50,8,6,64223625
25,39,7,64223673
28,39,4,64223795
27,39,7,64225111
27,38,7,64226193
20,47,5,64226439
27,39,6,64226468
28,38,3,64226733
19,50,6,64227762
63,7,4,64228089
22,11,7,64228755
22,48,7,64229079
56,13,4,64229104
58,13,4,64229448
29,38,4,64230036
19,46,3,64230366
50,8,7,64231093
25,48,1,64231116
51,8,4,64231218
27,14,4,64231499
61,4,2,64231761
62,5,4,64232271
54,13,6,64232382
32,38,3,64232530
25,39,4,64232579
20,46,1,64232809
62,4,7,64233150
31,38,0,64233493
33,38,4,64233495
27,38,4,64233856
51,13,4,64233952
21,43,4,64234158
50,7,1,64234330
20,43,7,64234366
20,47,0,64234436
22,47,7,64235523
20,42,5,64235673
23,46,7,64236102
31,38,3,64236302
56,13,6,64236326
25,50,5,64237018
32,37,7,64237301
25,44,3,64237564
20,42,6,64237702
47,30,5,64237765
46,30,6,64237767
50,7,5,64237921
31,37,7,64237927
46,16,5,64238003
63,4,4,64238079
47,30,4,64238220
61,4,6,64238221
19,13,4,64238532
22,11,6,64238685
27,37,5,64238711
19,47,2,64239147
34,31,4,64239229
27,37,6,64239285
45,30,6,64239362
19,46,2,64239399
19,47,1,64239670
22,39,1,64239685
30,31,5,64239910
17,13,7,64239981
43,29,3,64240109
52,7,4,64240121
51,7,7,64240124
28,37,7,64240331
24,38,7,64240915
33,37,7,64240956
29,31,6,64240978
52,13,6,64241001
55,13,4,64241215
32,37,4,64241274
33,38,6,64241469
62,4,4,64241518
24,47,7,64241698
33,37,4,64241719
50,8,4,64241874
26,37,7,64241986
62,6,2,64242147
21,11,7,64242203
28,36,5,64242420
33,37,5,64242471
50,6,1,64242657
35,31,4,64242675
52,11,7,64243045
25,38,4,64243215
51,12,4,64243460
51,12,2,64243878
33,30,7,64244324
51,7,5,64244447
50,7,6,64244449
12,17,2,64244695
29,36,7,64244789
62,4,6,64244923
57,12,7,64245079
31,36,7,64245432
62,6,7,64245941
31,31,6,64245978
28,37,4,64246258
31,36,5,64246361
30,36,6,64246365
27,36,5,64246504
21,35,1,64246531
20,46,4,64246663
63,4,5,64246801
62,3,5,64246804
32,36,7,64246822
56,12,7,64246828
18,19,2,64247767
46,28,3,64247894
61,4,7,64247916
50,7,7,64248177
46,29,5,64248362
34,30,5,64248398
24,45,5,64248461
24,46,6,64248463
21,51,7,64248517
28,36,7,64248607
23,10,5,64248667
32,36,5,64248813
24,17,4,64248844
56,30,5,64248881
22,11,4,64248918
27,37,4,64248987
61,28,5,64249209
50,12,7,64249256
34,30,7,64249347
63,6,4,64249455
30,31,6,64249880
16,14,4,64249881
62,3,7,64249995
46,29,7,64250068
53,17,4,64250110
34,14,0,64250276
20,21,7,64250350
61,4,4,64250447
26,14,7,64250701
52,16,7,64250811
26,36,6,64254754
23,45,6,64254962
51,11,5,64255472
22,39,7,64255876
35,37,5,64255942
31,36,6,64256142
24,10,7,64256801
28,36,4,64257281
26,36,7,64257391
27,36,6,64257515
24,36,5,64258099
23,11,4,64258250
25,45,7,64258281
32,36,4,64258585
27,35,5,64259288
23,49,2,64259382
32,35,5,64259548
37,38,7,64260414
61,3,7,64261271
52,11,4,64261373
61,3,5,64261378
27,35,7,64261413
51,7,4,64261925
35,37,6,64261928
51,6,7,64262274
31,34,5,64262448
37,38,4,64262639
52,14,1,64262726
24,49,2,64263176
33,36,6,64264014
36,38,0,64264057
20,45,7,64264364
62,5,7,64264774
12,15,1,64264984
62,3,4,64265030
26,12,7,64265141
20,12,4,64265321
15,13,7,64265445
63,3,4,64265741
57,30,4,64266168
29,41,1,64266369
28,41,2,64266371
62,3,6,64266466
49,7,7,64266888
21,45,5,64267143
20,45,6,64267146
43,29,7,64267206
21,48,1,64267465
26,13,7,64267843
63,5,4,64267917
60,28,6,64267942
27,31,7,64267996
24,43,5,64268020
59,10,3,64268062
57,11,7,64268248
24,45,0,64268459
26,14,4,64268579
29,41,4,64268587
61,3,6,64269402
62,2,5,64269413
15,14,7,64269459
34,35,5,64269764
27,35,4,64269912
54,12,7,64269937
32,35,6,64270030
15,24,4,64270100
36,37,6,64270825
26,14,2,64270970
36,38,3,64271520
62,2,7,64271916
15,14,2,64272026
50,7,4,64272063
22,39,4,64272085
61,28,6,64272364
35,35,7,64272490
26,13,4,64272659
35,35,4,64272810
33,30,6,64272921
36,36,5,64272955
26,44,0,64273416
32,34,4,64273475
24,43,4,64273666
33,34,7,64274057
35,36,6,64274416
27,34,7,64274700
52,16,4,64274709
33,34,5,64275338
50,6,7,64275411
18,19,1,64275470
15,13,1,64275616
61,3,4,64275744
54,12,4,64275875
17,20,7,64276225
26,11,1,64276253
31,34,6,64276662
12,17,1,64276747
51,6,4,64276880
26,33,1,64277135
21,38,7,64277249
23,43,3,64277400
29,34,4,64277455
15,16,7,64277721
23,10,7,64277934
46,29,6,64278095
31,33,7,64278148
24,43,6,64278220
33,34,4,64278395
25,34,2,64278502
21,39,1,64278620
26,12,4,64278813
16,19,1,64279203
62,5,4,64279372
62,4,7,64279375
17,20,2,64279599
43,29,4,64280564
61,2,7,64280651
34,35,6,64280943
32,33,7,64281084
26,34,7,64281252
60,2,7,64281764
25,13,7,64282157
41,12,6,64282349
50,11,4,64285095
32,33,5,64285471
36,35,5,64285803
37,36,5,64286073
63,4,4,64287342
24,35,7,64288061
29,33,7,64288276
30,39,5,64289336
62,2,4,64289637
26,34,6,64290428
33,30,4,64290613
27,33,7,64290724
61,9,7,64291572
25,42,5,64291593
24,42,6,64291595
29,33,5,64291706
53,12,6,64291717
19,12,4,64291808
27,36,7,64291915
51,9,7,64291981
57,11,4,64292172
49,7,4,64292603
15,14,1,64292649
15,16,4,64292718
32,33,4,64292867
30,33,4,64293072
25,11,7,64293195
61,2,4,64293461
24,42,4,64293775
24,41,7,64293778
34,34,5,64293919
33,34,6,64293922
51,7,1,64294195
51,9,2,64294370
49,10,2,64294839
12,25,7,64294987
31,33,4,64295415
29,33,4,64295522
51,8,4,64295711
60,3,4,64295779
62,4,4,64295978
33,5,1,64296334
62,3,7,64297092
26,34,4,64297253
26,19,7,64298451
23,16,7,64298540
24,41,5,64298789
61,1,7,64299150
59,2,1,64299405
46,28,7,64299473
31,32,7,64299834
34,33,5,64300281
34,34,6,64300283
50,5,7,64300634
32,33,6,64300729
2,32,1,64300873
18,12,7,64301605
6,18,5,64301804
37,36,6,64302102
48,7,7,64302291
14,15,2,64302404
23,42,7,64302906
51,15,7,64303129
34,29,0,64303352
60,5,2,64303987
25,12,7,64304056
29,32,5,64304174
36,35,6,64304448
51,8,1,64304683
34,14,1,64304953
51,9,4,64305851
30,32,7,64306003
2,32,5,64306068
29,32,7,64306078
23,42,4,64306164
38,36,5,64306191
7,18,1,64306464
28,39,6,64306698
20,42,7,64306811
12,24,1,64306926
25,11,2,64307639
25,10,7,64307755
48,6,7,64307766
27,36,4,64307917
25,12,2,64308360
11,16,2,64308453
14,13,2,64309454
17,21,2,64309614
25,10,1,64309627
16,20,6,64309727
18,27,0,64309736
49,10,7,64309911
32,32,5,64310225
48,7,4,64310263
15,20,1,64310468
48,8,7,64310956
29,38,5,64310989
60,2,4,64311016
59,2,7,64311018
14,21,2,64311571
43,28,4,64311698
29,38,6,64312037
16,27,6,64312110
56,26,7,64312136
25,12,4,64312151
27,33,4,64312176
1,33,0,64312236
23,41,7,64312399
63,3,4,64312465
51,15,4,64312486
30,32,4,64312591
28,32,7,64312917
46,28,4,64312964
60,1,7,64312974
49,10,4,64313486
61,3,7,64315866
2,32,3,64318409
50,7,2,64319040
23,16,4,64320148
50,10,5,64320268
62,3,4,64320301
14,14,2,64321297
24,41,4,64323343
50,8,7,64325148
13,24,2,64325493
14,15,7,64325664
6,19,2,64326494
49,9,1,64326584
59,1,5,64326680
25,13,4,64326703
12,25,4,64329558
11,18,4,64330064
33,32,5,64330203
58,3,2,64330207
6,33,6,64330297
48,8,4,64330816
34,16,1,64330863
50,6,1,64331443
50,9,7,64332339
3,32,3,64332433
54,10,7,64332463
57,26,4,64333364
56,26,4,64333643
17,26,5,64334178
14,16,2,64334375
15,24,7,64334718
61,1,4,64334766
59,1,7,64335646
31,32,6,64335903
59,2,4,64336168
60,1,4,64336171
3,33,0,64336336
34,33,6,64336865
13,31,1,64337051
31,32,4,64337344
61,3,4,64337636
60,3,7,64337638
60,2,2,64337691
16,28,0,64337849
61,2,7,64339312
10,15,2,64339994
46,14,4,64340175
45,14,7,64340178
62,2,7,64340181
60,2,1,64340221
34,17,1,64340361
48,6,4,64340494
46,27,7,64340893
14,17,7,64341200
33,12,7,64341347
14,15,4,64341433
24,11,2,64341910
9,32,2,64342563
14,15,1,64342762
47,7,7,64342799
0,33,3,64343344
29,32,6,64343365
58,1,5,64343842
9,32,0,64344332
24,11,7,64344333
10,32,4,64344506
8,32,2,64344608
60,0,7,64344920
14,13,1,64351035
15,23,2,64352728
50,8,4,64353430
51,10,5,64354239
63,8,4,64354860
59,3,2,64355526
58,1,6,64356595
10,16,2,64356667
38,35,5,64356776
37,34,5,64356779
6,32,3,64358539
1,33,3,64358610
59,1,4,64359112
14,16,1,64359253
50,9,4,64359752
9,28,4,64359828
56,25,7,64360064
12,31,3,64360091
60,3,4,64360628
60,2,7,64361476
4,33,0,64361516
15,24,4,64362142
29,32,4,64362145
49,7,7,64362775
24,11,4,64363081
47,5,5,64363087
19,42,2,64363494
10,18,2,64363625
49,9,5,64363660
13,15,7,64363695
16,24,7,64363974
14,19,2,64364371
26,32,5,64364709
15,31,1,64364806
61,2,4,64364889
13,24,1,64367981
13,14,2,64368247
14,17,4,64368410
38,36,6,64369223
63,13,4,64369777
1,34,0,64370256
60,24,5,64370555
48,10,7,64370557
50,12,7,64371460
11,32,0,64371600
59,4,4,64371861
62,2,4,64371928
34,32,5,64371937
24,11,1,64372994
14,31,1,64373500
19,42,1,64373563
59,3,1,64373580
4,33,1,64373614
17,26,1,64374321
19,43,4,64374872
10,15,1,64375268
13,31,3,64375632
47,7,4,64379352
14,20,2,64387496
48,10,4,64391330
38,35,3,64393032
9,32,1,64399362
25,51,1,64405323
37,34,6,64415468
22,48,1,64421411
37,33,5,64426906
27,35,0,64428167
35,32,5,64429717
41,37,2,64429989
26,35,7,64431489
36,33,6,64433117
41,38,6,64434115
32,32,6,64434909
33,32,6,64441394
30,31,7,64447048
28,32,4,64447289
34,32,6,64448276
32,31,5,64449077
20,37,2,64449536
34,31,5,64449545
29,31,5,64450843
33,31,5,64452378
29,31,7,64452561
31,31,7,64452793
28,31,5,64453304
20,37,1,64453792
28,31,7,64454246
26,32,6,64454410
30,31,4,64454804
31,31,6,64455348
31,31,4,64455837
29,31,6,64456042
25,32,7,64457291
18,43,2,64458237
22,34,1,64458445
33,31,4,64458711
25,32,6,64458744
35,31,5,64458901
38,32,7,64458959
27,31,5,64459033
27,31,7,64459066
28,31,6,64459414
32,31,6,64459884
21,35,2,64461223
37,32,5,64463827
33,31,6,64463971
29,31,4,64464999
36,32,6,64466024
19,48,2,64466052
27,31,6,64466427
23,33,7,64468276
30,30,5,64468731
32,30,7,64468759
28,31,4,64476894
31,30,5,64479242
29,30,7,64481393
34,30,5,64482949
34,31,6,64482951
41,35,5,64483040
28,30,5,64483215
32,30,5,64483656
29,30,5,64484182
28,30,7,64484200
25,32,4,64484326
33,30,5,64485167
37,32,6,64485893
30,30,7,64485973
37,33,7,64488648
32,30,4,64493966
33,30,4,64494719
32,30,6,64494877
48,10,0,64495950
30,30,6,64496715
31,37,7,64497946
37,31,5,64498364
23,41,5,64499855
48,9,0,64500411
41,35,6,64521909
18,41,3,64523117
30,37,5,64523644
18,44,6,64523667
18,42,2,64523670
19,39,6,64525107
18,43,6,64527689
24,40,0,64539905
19,38,6,64542817
30,37,6,64544966
19,43,0,64547336
20,35,3,64549243
33,30,6,64551908
19,38,3,64553859
34,30,6,64555267
20,37,5,64556117
37,38,7,64556485
31,36,5,64556648
19,44,0,64557977
60,1,0,64558529
19,39,3,64559850
20,38,0,64560513
33,29,5,64560516
32,36,5,64561112
35,30,4,64562384
19,44,3,64569751
60,3,2,64576833
63,19,0,64577087
60,1,3,64577121
58,2,1,64577368
21,42,5,64577795
58,1,5,64578061
31,37,4,64578458
30,36,7,64580367
20,40,0,64583025
56,25,4,64583373
25,38,0,64584494
20,41,3,64585146
29,30,6,64586243
46,27,4,64586371
31,29,7,64586718
20,36,3,64586905
20,37,6,64589283
20,39,0,64590686
47,5,7,64591327
26,43,3,64591817
20,42,0,64592232
33,29,7,64594164
25,38,5,64601155
20,40,6,64605613
20,39,3,64606620
24,44,0,64607246
61,1,7,64608984
21,40,0,64609155
21,40,5,64609835
20,38,6,64610726
63,13,1,64610852
20,37,3,64612135
20,39,6,64616478
21,35,6,64616884
21,36,5,64617106
62,7,7,64618720
20,38,3,64620097
25,38,6,64621503
41,36,5,64624126
41,35,2,64624129
37,31,6,64624291
21,36,0,64624693
21,39,5,64629173
21,42,6,64634752
21,40,6,64636542
21,37,0,64639032
21,36,6,64640427
21,38,5,64641238
21,39,6,64646315
21,35,3,64646844
30,35,6,64647463
26,37,5,64649322
50,14,7,64649478
21,37,3,64652483
31,34,7,64652824
21,36,3,64653123
21,38,6,64653348
35,29,5,64657412
58,3,7,64673397
38,30,4,64674618
38,30,5,64676089
58,3,2,64678835
58,3,4,64714489
2,34,0,64714945
62,7,4,64715850
47,5,4,64725145
48,9,4,64733913
21,39,7,64735305
0,34,3,64739665
21,38,7,64740243
21,38,2,64742372
9,32,3,64744452
22,34,2,64745386
21,39,2,64746999
7,33,0,64748058
50,13,2,64748059
21,40,4,64749222
21,40,2,64749579
10,32,1,64749803
21,37,7,64754092
24,44,3,64760239
21,36,2,64762163
21,36,7,64763758
21,38,1,64764763
40,32,5,64767708
22,34,1,64768137
2,34,1,64768300
40,32,6,64769305
57,2,7,64770489
25,30,5,64770506
24,31,7,64770859
21,41,4,64771078
21,37,4,64773375
20,39,7,64773855
22,45,3,64774025
21,36,1,64774394
21,35,2,64775129
21,38,4,64775423
21,39,1,64775909
20,39,2,64775911
21,35,7,64776182
38,29,5,64776813
41,36,6,64777351
1,34,3,64777475
50,14,4,64778434
21,43,1,64780407
40,31,2,64780642
24,46,2,64781449
20,38,7,64781676
20,40,2,64784937
20,40,4,64790031
23,45,1,64791414
21,34,2,64792022
20,40,1,64792403
22,34,4,64793910
20,39,1,64794054
20,38,1,64794104
42,39,0,64794622
20,37,7,64795564
20,37,2,64795814
40,30,5,64796964
21,36,4,64797318
24,46,1,64797922
21,45,1,64797962
21,33,5,64798548
21,34,7,64798699
19,41,2,64800116
19,41,7,64801301
13,32,2,64801740
19,40,2,64802477
20,38,4,64803107
48,9,6,64803226
31,35,0,64803819
58,1,7,64803901
8,32,3,64804170
0,35,2,64804786
25,44,3,64805040
37,29,7,64806314
19,39,2,64806363
21,34,1,64806420
21,35,4,64807275
20,46,2,64807283
20,39,4,64807380
40,29,0,64808118
42,37,7,64808763
20,37,1,64808869
9,33,2,64809087
1,35,2,64810457
41,31,7,64810671
27,32,7,64811583
44,45,6,64811839
8,33,0,64812040
19,38,2,64812510
25,43,5,64812718
30,35,3,64816885
20,37,4,64820326
20,42,1,64821471
19,37,7,64822327
19,39,7,64823964
19,41,4,64824358
19,40,1,64826942
19,41,1,64827056
19,38,7,64827321
19,39,4,64827671
19,42,1,64828997
19,43,2,64828999
38,29,6,64829379
23,49,2,64829480
20,44,2,64829545
19,38,1,64830481
18,40,7,64831071
21,33,7,64832888
18,42,7,64832993
18,42,2,64833646
19,36,1,64834380
31,35,3,64835118
20,48,1,64835583
31,34,3,64835687
18,38,7,64836720
46,48,1,64836903
19,36,7,64836917
20,34,1,64837271
40,30,6,64837725
23,49,1,64840086
48,41,2,64840702
18,42,4,64840956
44,33,0,64841381
20,34,7,64841984
37,28,4,64842217
20,44,1,64842255
19,49,2,64842660
58,1,4,64842995
46,42,0,64843708
45,49,3,64844388
23,49,3,64844935
19,35,2,64845482
44,33,3,64847623
18,42,1,64848488
57,1,7,64850827
22,50,2,64851808
19,50,2,64851951
46,50,0,64852113
45,50,3,64852115
19,35,1,64854814
19,37,4,64855158
18,39,4,64855948
40,29,5,64856081
18,37,2,64856709
18,40,4,64857396
20,33,1,64858225
17,43,2,64860268
19,49,1,64860599
18,37,1,64861626
19,36,4,64861900
19,50,1,64862767
31,36,0,64862967
18,38,1,64863848
17,41,1,64865245
62,12,6,64865323
43,31,5,64865697
59,1,2,64865730
17,42,1,64866525
18,46,1,64866766
59,1,1,64867825
18,36,2,64868324
22,50,1,64869304
22,51,2,64869307
17,43,4,64869330
48,4,7,64871657
17,39,2,64872090
23,54,0,64874722
17,38,2,64875429
16,42,2,64875642
24,53,7,64875653
21,33,4,64876349
59,2,2,64894741
21,34,4,64910957
24,31,4,64911558
18,37,6,64916649
18,43,4,64916855
60,1,0,64917894
18,44,6,64919467
18,37,3,64920148
17,40,3,64921165
18,39,0,64921256
18,41,5,64921304
22,51,6,64921407
18,40,0,64922115
18,41,0,64922180
20,33,2,64923610
25,29,5,64923907
19,44,0,64925297
19,50,5,64925702
19,36,0,64926782
18,42,0,64927018
25,28,3,64927236
18,48,6,64927490
18,38,3,64927818
19,37,0,64928467
18,47,3,64929284
59,23,1,64929523
18,46,5,64929820
19,49,5,64930625
18,41,3,64931224
18,39,3,64931400
18,41,6,64931757
18,40,3,64931883
24,41,6,64932110
19,49,6,64932548
18,47,6,64932958
19,50,6,64933216
22,33,1,64933314
19,38,0,64933610
18,46,6,64933761
19,35,3,64933922
18,46,3,64936190
24,40,6,64936991
19,47,0,64937297
19,46,5,64937465
24,29,3,64937794
20,35,0,64937800
20,36,0,64938566
19,36,3,64938569
19,47,5,64942705
23,49,6,64943596
19,47,6,64946067
19,41,0,64946288
19,41,5,64947424
25,39,0,64947614
59,2,1,64947624
19,40,5,64947854
37,37,3,64948232
19,40,0,64948464
23,32,0,64948598
19,40,6,64948745
19,41,6,64948779
19,39,0,64949038
39,37,0,64949297
19,38,3,64949649
19,40,3,64950002
23,50,3,64950395
19,37,3,64950684
23,52,5,64951056
20,37,0,64951609
19,39,3,64952092
25,38,3,64952233
21,47,4,64952698
19,46,6,64952902
20,34,3,64953214
20,37,5,64953366
21,50,6,64953416
20,46,5,64954130
45,37,2,64956001
45,49,5,64956267
21,34,0,64956437
40,29,6,64956806
20,40,5,64956953
25,30,6,64957339
20,40,0,64957465
20,37,6,64957730
20,42,7,64957841
20,39,5,64957972
20,45,5,64958106
45,44,5,64958515
20,39,0,64958747
20,46,6,64959397
45,49,1,64959991
45,35,1,64960062
20,36,3,64960074
45,37,1,64960418
24,51,0,64961051
25,38,7,64961488
21,35,6,64961910
20,38,0,64962050
23,32,3,64962953
45,36,5,64963706
20,40,6,64963718
26,38,0,64963885
26,38,3,64964311
24,45,3,64964592
45,50,7,64964679
20,40,3,64964759
21,35,0,64965089
21,35,3,64965186
20,38,3,64966243
44,38,3,64966301
45,43,1,64966836
20,39,3,64967533
45,38,4,64967852
45,40,3,64968549
20,37,3,64968571
48,9,6,64969643
21,36,5,64972328
26,38,5,64974250
43,31,1,64974358
24,45,5,64976127
24,46,6,64976129
20,39,6,64976641
21,40,5,64978226
21,41,6,64978901
21,39,5,64979116
43,39,5,64980910
21,37,0,64980968
25,30,0,64981220
24,30,3,64981223
25,29,3,64981225
25,45,5,64982259
59,0,3,64982281
30,31,5,64982344
29,31,6,64982346
43,39,6,64982349
24,31,0,64982609
23,31,3,64982612
21,39,0,64983275
44,32,1,64983504
43,32,2,64983506
43,33,2,64983789
24,32,6,64984917
21,36,6,64986094
21,38,5,64987042
41,39,2,64988060
22,40,5,64988289
21,40,6,64988292
21,39,6,64989381
22,35,5,64989732
23,41,4,64991817
22,36,0,64992369
26,29,0,64992387
33,34,6,64992817
58,1,1,64992995
22,40,7,64993271
44,37,7,64994049
45,40,2,64994193
33,34,4,64995675
43,37,7,64996025
22,38,5,64996718
22,39,5,64996736
44,39,6,64996803
43,33,1,64997148
43,32,1,64997796
26,37,6,64998721
26,36,5,64999106
60,1,0,64999312
42,33,2,64999604
42,32,2,64999638
25,31,5,64999750
44,45,7,64999775
60,0,1,64999993
60,1,2,64999995
44,45,4,65008418
22,34,3,65009684
27,36,5,65010695
33,33,7,65011083
23,35,0,65012814
22,39,6,65012859
42,35,7,65013552
42,34,2,65017128
45,43,4,65018548
22,38,6,65018723
26,36,6,65018728
1,35,6,65020327
28,31,6,65020494
34,38,4,65021123
23,38,5,65023560
34,33,4,65024986
41,31,2,65025242
42,41,2,65025723
34,33,5,65026256
12,24,3,65027543
44,37,4,65028330
40,38,6,65028537
24,32,0,65029029
42,35,4,65029694
41,37,5,65029738
42,32,1,65031044
42,33,1,65031200
2,34,5,65041958
23,34,3,65042496
33,37,7,65044360
24,31,3,65048693
23,40,0,65049513
23,40,5,65051252
41,33,2,65051268
23,37,5,65053395
23,38,6,65053856
23,36,3,65055049
43,36,7,65057257
25,31,0,65058352
60,2,0,65058531
24,37,5,65058635
23,37,6,65058637
43,39,4,65058757
43,38,7,65058759
30,31,6,65060492
34,37,4,65061591
41,32,7,65061611
23,35,3,65070330
41,30,1,65073551
30,39,0,65076439
24,39,0,65077497
26,29,3,65082075
24,38,6,65084888
41,34,7,65086989
24,37,0,65089060
24,36,0,65089432
33,37,6,65093417
58,3,2,65094611
59,1,2,65109023
58,1,1,65110181
60,1,3,65110192
52,9,2,65110930
59,1,1,65111308
8,33,4,65111374
48,9,7,65113224
47,4,1,65113930
9,32,5,65114725
51,9,1,65114992
58,2,2,65116827
9,32,7,65116960
60,2,3,65117868
51,13,5,65118760
8,32,7,65118863
49,7,3,65119204
11,32,4,65119273
54,8,3,65119426
47,6,0,65119975
13,31,7,65119994
47,5,0,65120139
16,18,6,65120169
60,3,0,65120701
46,13,4,65120930
59,3,3,65121174
49,9,6,65122097
25,17,2,65122671
12,31,5,65123154
58,2,0,65123638
24,37,6,65123729
16,31,4,65123904
53,9,2,65124080
47,6,3,65124109
10,32,4,65124155
24,37,3,65124411
13,31,5,65124840
27,29,0,65124917
12,31,7,65126179
60,3,3,65130621
61,3,0,65131232
60,4,0,65131246
50,11,3,65131803
49,7,6,65132166
59,1,3,65132761
62,3,1,65132938
47,5,3,65133199
50,8,5,65133817
63,13,5,65134124
61,4,2,65134219
59,2,0,65134336
58,2,3,65134338
11,31,7,65134868
2,34,6,65135180
55,9,0,65135497
15,31,4,65135666
48,4,3,65135831
58,25,6,65135896
14,31,6,65135978
48,9,3,65136370
7,27,6,65136772
60,4,1,65136926
26,30,2,65137017
13,23,4,65137184
54,9,0,65137280
28,33,1,65137792
63,13,0,65137897
33,32,7,65138440
61,4,0,65138517
61,3,3,65138520
24,34,1,65138743
26,31,4,65139196
26,30,7,65139198
61,4,1,65139657
10,31,7,65139795
9,31,7,65139853
50,8,0,65139950
15,30,7,65140577
23,40,6,65140860
62,3,0,65141027
14,15,5,65141495
13,15,6,65141498
25,31,2,65141938
12,31,4,65142109
25,31,1,65142203
27,34,2,65142308
60,4,3,65142994
30,30,6,65143187
50,6,3,65143678
7,26,5,65144340
13,22,5,65144554
48,7,0,65144664
54,9,3,65144706
12,31,6,65144793
13,15,3,65144890
7,33,4,65145000
35,27,7,65145019
51,12,3,65145436
59,3,0,65145713
24,34,4,65146071
17,17,5,65146702
15,17,6,65146906
62,4,2,65147237
18,11,7,65147308
27,41,4,65147402
23,34,2,65147430
62,1,5,65147706
59,2,3,65147763
26,29,7,65148089
24,31,2,65148160
11,31,4,65148267
14,30,7,65148284
13,30,5,65148625
13,31,4,65148702
27,34,7,65149256
40,30,5,65149373
48,7,3,65149429
23,33,7,65149471
24,31,1,65149974
23,32,2,65149992
39,29,0,65150125
60,2,0,65150142
26,30,4,65150261
15,30,5,65150502
23,37,2,65150555
14,14,4,65150565
23,36,4,65150575
23,34,7,65150583
27,29,4,65150667
25,31,4,65150719
25,30,7,65150721
23,36,2,65150816
50,8,3,65151010
48,6,0,65151327
18,9,3,65151336
28,28,7,65152804
23,36,1,65153462
23,39,7,65153559
24,31,7,65153663
23,40,3,65153726
23,34,4,65153893
7,25,1,65154083
23,37,1,65154493
23,35,1,65154599
23,33,1,65154610
23,32,1,65154717
23,40,2,65154835
23,33,4,65154883
27,34,1,65156267
59,3,3,65156340
37,27,4,65156522
24,38,2,65157063
22,33,2,65157599
22,36,2,65158762
22,33,7,65158859
26,29,4,65159446
22,34,7,65159466
24,31,4,65160002
22,34,4,65160619
23,31,7,65160809
39,29,6,65160827
60,4,5,65161141
40,29,5,65161481
40,30,6,65161483
43,36,4,65162242
41,35,3,65162246
41,32,6,65162343
41,32,3,65162371
22,40,4,65162545
60,2,2,65162787
23,32,4,65162827
22,32,7,65162829
42,35,7,65163109
23,43,4,65163226
39,28,5,65163353
60,3,0,65163484
60,4,6,65163524
22,36,1,65163592
21,36,2,65163825
26,35,4,65164002
22,33,4,65164012
21,37,2,65164025
22,32,5,65164833
42,41,1,65164916
21,33,7,65164932
23,30,7,65165210
21,36,1,65165425
21,41,2,65165517
21,38,4,65165586
18,11,4,65165777
28,35,5,65165812
59,4,3,65165827
21,37,4,65166023
24,45,7,65166167
21,37,1,65166598
23,31,4,65166659
23,46,0,65167096
23,45,3,65167099
21,40,6,65167112
22,31,7,65167188
33,37,2,65167312
22,43,4,65167435
41,30,5,65167463
43,42,5,65167504
41,31,6,65167553
61,4,5,65167588
24,45,4,65167590
20,37,2,65167745
22,39,5,65167868
35,26,7,65168034
61,3,5,65168280
20,38,2,65168353
40,36,6,65168359
22,42,1,65168537
21,42,2,65168539
21,42,7,65168641
42,39,3,65168649
21,43,2,65168757
49,10,6,65168832
42,34,3,65169044
24,45,1,65169079
21,32,7,65169085
23,44,7,65169139
20,35,1,65169171
42,42,6,65169182
20,36,7,65169228
30,30,4,65169487
41,29,0,65169513
21,41,1,65169580
42,31,5,65169682
25,45,0,65170048
49,9,5,65170066
29,40,0,65170087
24,30,7,65170088
20,37,1,65170118
21,42,1,65170169
40,28,5,65170197
39,28,6,65170199
24,28,6,65170221
39,37,4,65170288
43,41,5,65170316
20,37,4,65170373
23,43,3,65170427
43,35,5,65170748
43,42,3,65170782
27,35,2,65170947
27,40,3,65171056
23,44,4,65171063
20,36,4,65171152
19,36,7,65171154
21,43,1,65171244
22,31,4,65171484
20,43,2,65171618
22,30,7,65171662
19,38,2,65171681
22,46,3,65171684
43,39,0,65171735
43,38,3,65171738
20,34,4,65171805
20,38,1,65171812
20,39,2,65171815
20,42,2,65172031
22,30,2,65172084
43,44,6,65172116
19,37,2,65172183
20,41,1,65172209
23,43,6,65172239
19,37,7,65172337
19,36,2,65172357
30,39,4,65172497
21,32,4,65172550
19,36,4,65172675
19,35,7,65172677
20,39,1,65172711
20,40,2,65172713
19,39,2,65172716
43,42,6,65172804
20,44,2,65172912
25,39,6,65172924
43,41,6,65172933
43,36,6,65173036
19,37,4,65173064
41,29,3,65173213
42,30,5,65173224
42,31,6,65173227
60,3,6,65173261
27,34,7,65173265
24,44,6,65173304
13,11,0,65173505
20,42,1,65173599
19,42,7,65173602
19,41,7,65173614
39,27,3,65173621
44,40,5,65173700
20,43,1,65173767
19,43,2,65173770
19,37,1,65173980
19,38,4,65173988
18,37,7,65173991
27,40,6,65174144
42,30,0,65174151
22,30,4,65174215
19,35,4,65174239
63,1,4,65174268
20,33,4,65174346
44,37,5,65174353
43,37,6,65174359
44,44,0,65174453
19,36,1,65174479
20,40,1,65174526
19,40,2,65174529
18,37,2,65174663
44,45,1,65174668
43,35,6,65174690
19,38,1,65174705
43,34,3,65174734
19,42,2,65174741
19,41,2,65174909
21,30,7,65175116
22,29,2,65175314
18,35,7,65175356
20,44,1,65175363
18,36,7,65175410
20,45,4,65175421
19,39,1,65175591
18,39,2,65175593
19,40,1,65175816
24,48,5,65175870
20,31,7,65175882
44,44,3,65175922
29,35,0,65175924
50,10,5,65175965
18,38,2,65176006
28,39,5,65176017
19,44,7,65176028
44,35,5,65176053
28,37,6,65176080
19,42,4,65176097
18,39,3,65176131
12,30,7,65176184
18,37,4,65176196
42,43,7,65176237
19,42,1,65176244
44,43,3,65176294
23,46,1,65176313
18,39,1,65176551
18,40,2,65176553
44,35,0,65176576
19,41,1,65176593
18,41,2,65176595
19,45,2,65176692
44,39,5,65176734
44,40,6,65176736
34,37,0,65176748
33,37,3,65176750
18,34,7,65176840
43,30,5,65176877
44,35,6,65176882
19,32,7,65176984
44,37,6,65177057
18,38,1,65177091
17,37,1,65177093
42,43,4,65177222
18,35,4,65177277
20,46,4,65177320
21,45,3,65177492
18,43,2,65177617
44,39,6,65177645
45,36,5,65177681
22,47,2,65177745
17,36,7,65177765
22,47,4,65177815
23,36,7,65177825
62,0,7,65178176
21,30,4,65178365
20,30,7,65178367
21,29,7,65178369
18,34,4,65178492
45,38,5,65178644
18,41,1,65178869
17,34,7,65178878
55,8,3,65178914
16,38,2,65178921
22,47,1,65179006
22,48,0,65179013
45,41,0,65179019
21,46,7,65179041
45,42,3,65179115
19,32,1,65179383
45,41,3,65179402
25,45,3,65179483
20,29,1,65179484
45,40,3,65179485
46,42,0,65179537
17,36,4,65179574
16,36,7,65179576
18,43,1,65179683
16,37,2,65179820
45,47,0,65179904
19,32,4,65180003
18,47,7,65180189
40,27,5,65180194
16,40,1,65180213
16,42,4,65180293
16,37,1,65180366
60,1,1,65180456
43,45,4,65180465
37,39,3,65180481
50,5,4,65180501
16,38,1,65180510
15,38,2,65180515
46,38,6,65180582
44,48,2,65180600
14,38,6,65180701
21,48,2,65180848
21,48,1,65180884
21,49,1,65180982
15,37,5,65181031
18,33,4,65181052
17,33,7,65181054
17,34,4,65181058
21,29,4,65181061
61,1,4,65181242
16,44,7,65181251
17,32,5,65181269
45,33,3,65181327
16,35,7,65181350
46,34,0,65181369
34,33,4,65181381
46,47,0,65181525
45,47,3,65181526
40,27,6,65181539
15,41,2,65181593
22,28,4,65181646
14,15,6,65181767
40,26,5,65181777
16,44,4,65181804
15,39,2,65181979
39,41,2,65182086
16,36,4,65182098
16,34,7,65182104
16,48,0,65182141
20,49,2,65182152
43,30,6,65182198
15,41,1,65182202
16,35,4,65182252
15,38,1,65182331
19,48,1,65182355
46,33,3,65182362
42,27,7,65182415
13,11,3,65182555
14,41,2,65182626
45,49,5,65182652
38,41,3,65182673
15,39,1,65182827
47,34,0,65182854
48,40,2,65182858
46,46,3,65182859
23,54,4,65182864
18,32,4,65182887
17,32,7,65182890
18,31,7,65182892
17,32,6,65182897
16,43,4,65183041
15,35,2,65183057
16,46,1,65183064
47,48,1,65183191
45,49,6,65183197
46,48,0,65183215
19,47,3,65183235
20,48,0,65183247
47,47,0,65183295
15,47,2,65183385
18,31,5,65183394
19,9,7,65183398
46,48,3,65183435
14,40,2,65183440
15,37,4,65183486
15,44,7,65183505
21,28,6,65183523
52,9,3,65183542
46,49,2,65183545
46,32,3,65183602
14,42,2,65183616
14,39,7,65183680
48,42,0,65183733
14,39,2,65183759
14,42,1,65183879
47,34,3,65183962
17,33,4,65184024
14,40,1,65184030
20,49,1,65184067
20,50,2,65184070
19,49,2,65184073
15,47,0,65184109
49,37,0,65184115
16,34,4,65184142
16,33,7,65184145
15,34,7,65184147
14,36,7,65184225
27,44,0,65184255
26,28,7,65184308
17,32,4,65184326
23,36,3,65184395
20,50,1,65184409
19,50,2,65184412
44,29,5,65184432
40,41,1,65184449
14,38,7,65184466
42,28,6,65184507
25,26,4,65184514
35,39,5,65184528
14,47,7,65184592
47,33,0,65184601
21,28,4,65184685
48,42,3,65184747
48,44,0,65184911
47,44,3,65184913
16,50,1,65184919
21,27,7,65184927
14,46,1,65184948
14,47,4,65184962
48,47,1,65184967
47,47,2,65184971
48,35,5,65185013
15,48,1,65185021
14,40,4,65185073
48,47,7,65185117
19,51,2,65185121
14,34,6,65185126
14,48,4,65185151
14,39,4,65185156
15,49,1,65185214
13,39,7,65185231
13,43,3,65185235
48,47,4,65185284
48,45,0,65185288
13,41,2,65185318
11,16,1,65185338
48,40,3,65185342
47,49,0,65185347
13,41,7,65185363
11,11,2,65185372
19,51,1,65185391
7,25,5,65185469
36,24,7,65185560
44,28,5,65185581
51,11,3,65185601
13,41,4,65185606
19,52,4,65185622
49,40,6,65185630
44,48,1,65185636
14,49,2,65185661
17,51,7,65185686
48,49,6,65185693
16,32,7,65185715
13,47,2,65185729
15,51,2,65185745
14,36,4,65185761
14,49,1,65185779
13,42,4,65185803
47,33,3,65185812
19,53,3,65185863
24,25,2,65185910
34,39,2,65185973
25,49,0,65186003
16,33,4,65186005
15,33,7,65186008
48,34,0,65186056
22,27,4,65186061
40,26,6,65186064
13,47,7,65186120
13,21,7,65186189
12,41,7,65186271
13,41,1,65186274
13,35,7,65186283
24,53,1,65186329
24,54,2,65186332
49,48,5,65186365
16,52,5,65186410
60,2,7,65186430
48,49,0,65186448
47,49,3,65186451
50,39,5,65186484
24,54,1,65186492
52,42,1,65186511
15,34,4,65186613
47,50,1,65186635
49,44,3,65186662
12,43,7,65186700
49,48,6,65186748
49,47,3,65186756
46,51,7,65186861
47,50,7,65186864
46,29,2,65186928
12,42,2,65186948
21,57,7,65186957
49,34,4,65186979
48,42,6,65187082
46,51,2,65187124
16,51,5,65187128
62,45,6,65187144
18,54,2,65187193
50,42,2,65187229
60,1,7,65187235
61,0,7,65187238
19,57,6,65187244
48,33,5,65187267
13,47,1,65187312
13,35,1,65187345
13,36,2,65187348
18,30,4,65187382
48,50,0,65187452
51,44,6,65187473
21,22,6,65187500
20,56,5,65187544
12,43,4,65187590
35,24,4,65187708
37,41,4,65187773
37,41,2,65187788
48,50,3,65187855
25,51,0,65187860
18,51,7,65187865
52,10,5,65187964
18,55,4,65187985
21,57,4,65188058
50,48,0,65188113
50,36,0,65188200
12,40,7,65188300
13,36,4,65188342
11,49,3,65188381
50,38,0,65188491
17,57,0,65188614
21,27,4,65189028
21,26,7,65189031
12,44,0,65189049
24,54,0,65189190
18,29,4,65189212
25,28,7,65189224
18,27,6,65190211
11,45,7,65190232
47,53,1,65190310
58,43,5,65190353
41,26,5,65190815
17,38,3,65191168
44,29,6,65191707
16,32,4,65192370
21,37,4,65192690
45,30,4,65192745
47,32,2,65193272
12,48,2,65193353
46,29,1,65193504
45,31,6,65193506
12,47,2,65193511
16,52,6,65193515
49,45,2,65193675
45,29,1,65193798
45,30,2,65193801
49,49,7,65193849
12,50,0,65193870
46,32,2,65193882
17,52,2,65193911
50,41,7,65193939
12,50,3,65194038
16,31,7,65194092
18,51,4,65194180
18,49,2,65194288
46,31,7,65194346
18,50,0,65194347
17,51,4,65194411
17,50,7,65194416
13,50,5,65194428
50,39,1,65194434
48,50,6,65194495
22,37,4,65194528
12,38,0,65194647
13,51,0,65194693
12,42,1,65194734
49,49,5,65194741
49,36,1,65194746
12,39,5,65194815
49,48,7,65194925
13,51,3,65195015
21,36,7,65195270
13,49,5,65195296
21,36,4,65195334
33,37,1,65195355
47,32,1,65195372
47,33,2,65195374
13,42,6,65195456
12,38,3,65195489
12,47,0,65195566
47,52,6,65195766
12,48,6,65195833
12,38,6,65195876
20,48,3,65196005
21,57,0,65196007
48,34,4,65196037
12,47,6,65196082
42,42,0,65196114
48,37,2,65196115
48,37,1,65196129
12,43,0,65196133
12,42,3,65196138
19,47,0,65196167
46,43,3,65196176
47,38,4,65196181
14,52,6,65196187
12,46,3,65196203
17,51,5,65196213
12,39,6,65196274
18,46,6,65196330
13,48,5,65196336
13,50,6,65196367
20,47,5,65196439
19,46,5,65196440
19,47,6,65196441
49,36,0,65196492
13,47,0,65196595
12,47,3,65196597
33,37,3,65196630
44,29,2,65196641
29,29,2,65196726
50,44,4,65196746
45,47,0,65196751
12,45,3,65196779
13,49,3,65196782
43,38,0,65196806
44,38,7,65196810
44,30,2,65196815
45,44,1,65196839
44,29,1,65196875
13,38,5,65196930
18,55,5,65196973
14,50,0,65196995
47,33,1,65197044
13,36,0,65197079
18,55,0,65197119
13,37,5,65197183
15,11,7,65197234
11,30,7,65197320
44,28,1,65197356
43,28,2,65197364
25,36,5,65197369
12,45,6,65197441
47,37,6,65197472
49,48,4,65197484
48,49,4,65197486
48,48,7,65197489
13,48,0,65197500
46,51,7,65197512
49,43,7,65197527
14,49,5,65197537
13,49,6,65197540
15,51,5,65197596
19,45,5,65197611
19,46,6,65197614
21,47,5,65197645
16,43,7,65197717
48,36,5,65197734
25,36,6,65197882
24,48,5,65197900
46,50,5,65197959
47,37,4,65197990
46,37,7,65197995
48,48,4,65198040
48,47,7,65198045
20,39,0,65198049
20,38,3,65198052
49,43,4,65198053
32,29,7,65198090
22,54,1,65198105
20,27,7,65198106
47,48,7,65198156
49,44,5,65198214
46,44,4,65198218
45,44,7,65198221
18,55,6,65198226
50,42,1,65198289
49,44,6,65198293
49,42,2,65198298
13,47,5,65198299
46,37,4,65198467
46,36,7,65198473
12,43,3,65198479
48,47,4,65198484
49,42,1,65198500
49,43,2,65198502
34,37,6,65198506
13,43,0,65198530
47,49,7,65198584
18,50,5,65198585
17,47,7,65198604
38,37,1,65198638
35,36,5,65198663
23,45,5,65198682
21,50,4,65198729
49,41,7,65198787
33,28,3,65198807
49,42,4,65198821
48,42,7,65198822
42,40,4,65198851
44,34,2,65198855
42,39,7,65198856
45,35,6,65198860
39,25,4,65198875
41,36,4,65198884
46,50,7,65198896
17,43,5,65199027
17,44,6,65199029
61,1,0,65199065
14,48,5,65199098
13,48,6,65199102
36,25,6,65199136
47,48,6,65199169
13,46,5,65199227
13,47,6,65199228
27,42,6,65199256
34,36,7,65199296
23,33,4,65199301
14,50,3,65199341
21,45,7,65199364
46,31,1,65199374
45,30,1,65199377
48,42,4,65199473
49,41,4,65199476
48,41,7,65199478
19,45,6,65199507
15,41,1,65199518
13,46,0,65199520
15,51,6,65199537
14,50,6,65199540
31,29,6,65199558
47,46,7,65199590
20,44,5,65199604
26,37,2,65199626
21,47,6,65199630
13,44,0,65199642
14,43,0,65199644
13,43,3,65199648
33,29,4,65199661
21,49,0,65199776
21,27,0,65199799
24,49,7,65199846
20,44,6,65199857
26,37,1,65199866
37,38,2,65199895
23,45,3,65199993
14,49,6,65200057
61,1,3,65200080
19,54,5,65200107
19,55,6,65200110
13,37,6,65200144
45,39,2,65200153
17,30,6,65200163
46,51,4,65200180
13,46,3,65200249
17,50,4,65200336
47,39,4,65200388
35,36,6,65200393
21,45,4,65200418
21,49,3,65200442
20,44,7,65200457
14,36,5,65200460
21,48,1,65200501
21,49,2,65200505
47,49,4,65200560
24,25,6,65200576
40,25,0,65200601
40,36,7,65200611
42,27,1,65200634
45,39,1,65200682
25,39,4,65200733
46,38,7,65200789
47,54,6,65200822
44,30,1,65200830
44,31,2,65200832
13,38,6,65200841
61,4,4,65200845
61,3,7,65200846
35,36,0,65200850
47,48,4,65200900
46,48,7,65200902
16,32,0,65200930
16,31,3,65200932
47,41,7,65200979
46,50,4,65201114
45,50,7,65201117
44,38,4,65201160
45,32,2,65201178
36,35,5,65201181
15,41,0,65201200
21,54,4,65201225
34,28,4,65201242
14,47,5,65201263
14,47,6,65201335
47,46,4,65201365
22,43,7,65201376
14,35,0,65201472
15,49,5,65201503
46,44,6,65201521
16,46,1,65201528
45,50,4,65201604
44,50,7,65201605
45,49,7,65201608
15,47,2,65201725
28,25,4,65201740
14,47,0,65201804
42,28,2,65201824
41,27,2,65201827
45,32,1,65201837
44,31,1,65201840
44,33,2,65201853
25,47,7,65201888
25,43,5,65201895
24,39,4,65201901
20,45,0,65202032
17,43,3,65202117
16,50,5,65202119
15,50,6,65202123
22,43,4,65202143
39,41,6,65202316
46,36,4,65202356
45,36,7,65202359
18,43,5,65202388
25,44,6,65202396
43,29,2,65202411
43,45,0,65202469
34,36,5,65202475
45,49,4,65202477
44,49,7,65202479
24,36,2,65202494
21,43,3,65202565
35,33,3,65202617
16,49,5,65202662
16,50,6,65202665
23,38,7,65202761
22,43,6,65202781
21,42,7,65202785
14,39,0,65202805
19,45,3,65202861
34,36,6,65202888
43,45,3,65202980
16,52,7,65203010
44,39,1,65203026
44,40,2,65203029
43,32,2,65203036
40,25,3,65203106
50,10,6,65203107
14,34,3,65203119
34,33,6,65203126
23,32,7,65203138
24,30,7,65203143
23,36,2,65203153
18,43,0,65203186
45,36,4,65203210
35,39,6,65203256
45,34,4,65203266
36,38,5,65203303
35,38,6,65203309
29,29,1,65203315
16,49,7,65203322
23,39,0,65203329
37,24,3,65203350
43,29,1,65203369
14,38,3,65203516
44,36,4,65203565
44,35,7,65203569
44,44,4,65203598
20,53,4,65203615
19,49,3,65203633
35,32,5,65203787
34,32,6,65203789
18,44,0,65203834
18,43,3,65203840
28,38,1,65203870
21,38,5,65203971
14,37,5,65204037
35,32,7,65204062
19,52,7,65204126
35,34,2,65204132
15,41,3,65204155
62,1,6,65204191
43,30,0,65204225
42,39,4,65204241
14,37,6,65204243
17,40,7,65204313
21,42,4,65204331
35,32,6,65204353
62,3,0,65204356
18,43,6,65204397
21,44,5,65204408
19,43,6,65204419
19,48,0,65204425
19,47,3,65204432
26,38,0,65204482
40,39,7,65204518
26,31,1,65204601
39,37,4,65204671
61,1,7,65204700
44,35,4,65204701
43,35,7,65204705
41,30,7,65204748
44,32,7,65204800
26,41,5,65204881
34,24,2,65205024
40,36,4,65205033
40,35,7,65205037
13,30,4,65205098
30,37,5,65205129
30,38,6,65205132
36,31,5,65205142
24,54,4,65205178
24,44,0,65205180
44,32,4,65205184
26,37,7,65205199
18,49,3,65205211
20,48,0,65205223
23,41,0,65205340
22,41,3,65205343
30,36,5,65205355
38,32,0,65205374
22,44,0,65205379
15,37,5,65205442
35,31,7,65205486
25,41,3,65205566
24,48,6,65205567
39,40,1,65205583
44,40,1,65205610
35,34,6,65205655
49,9,7,65205703
25,41,6,65205723
59,24,5,65205758
20,42,4,65205803
20,41,7,65205809
23,53,7,65205820
19,49,0,65205851
19,48,3,65205853
44,34,4,65205909
43,34,7,65205911
44,33,7,65205915
43,41,2,65205970
30,37,6,65205983
41,31,4,65206008
24,31,6,65206009
40,31,7,65206011
25,47,5,65206055
20,40,7,65206060
20,40,4,65206089
36,31,6,65206093
26,50,0,65206119
23,53,4,65206128
25,50,1,65206213
21,53,6,65206220
41,27,4,65206286
25,47,4,65206289
37,24,1,65206295
21,43,5,65206338
23,53,5,65206375
46,25,7,65206377
23,54,6,65206378
40,40,5,65206388
21,38,6,65206391
21,43,6,65206446
38,35,1,65206452
40,39,4,65206453
40,34,1,65206457
25,31,5,65206503
30,27,2,65206510
24,51,2,65206515
38,39,6,65206529
57,25,7,65206533
20,42,5,65206538
21,38,7,65206559
39,35,2,65206610
40,40,6,65206631
22,52,5,65206635
21,52,6,65206640
22,37,5,65206643
39,35,1,65206672
38,34,1,65206675
38,35,2,65206677
41,34,0,65206685
17,40,4,65206706
26,28,4,65206734
29,33,2,65206831
26,39,4,65206850
25,39,7,65206853
23,52,3,65206889
40,35,4,65206902
39,35,7,65206906
42,40,5,65206925
18,40,2,65206974
35,30,6,65207006
22,35,0,65207026
44,33,4,65207058
22,34,6,65207101
31,36,5,65207112
27,41,1,65207149
24,51,1,65207171
22,51,5,65207174
22,52,6,65207175
38,36,2,65207248
25,51,0,65207338
43,31,7,65207345
23,42,5,65207346
26,33,1,65207358
42,43,0,65207516
31,36,6,65207527
19,51,7,65207554
41,26,0,65207557
42,37,7,65207593
32,36,0,65207605
28,30,3,65207641
24,36,3,65207649
16,42,0,65207664
18,9,7,65207696
24,12,6,65207709
59,24,7,65207715
24,53,5,65207810
15,36,5,65207917
23,38,4,65207956
22,46,5,65207976
20,9,4,65208041
51,14,6,65208045
43,32,7,65208066
16,37,5,65208115
16,38,6,65208117
15,37,6,65208119
12,21,6,65208144
30,27,1,65208165
15,34,0,65208189
15,33,3,65208191
23,18,7,65208353
26,41,6,65208445
16,37,6,65208449
16,36,5,65208553
15,36,6,65208555
30,29,7,65208678
36,29,4,65208743
36,30,0,65208755
18,29,0,65208759
39,32,0,65208776
41,42,1,65208830
37,30,5,65208849
15,34,3,65208910
41,28,2,65208933
42,37,4,65209065
10,31,4,65209079
36,29,5,65209086
16,40,3,65209233
20,41,4,65209288
31,33,5,65209341
43,32,4,65209346
40,41,7,65209355
39,32,3,65209443
19,40,1,65209604
40,26,2,65209634
41,27,1,65209869
21,19,4,65210024
37,30,1,65210101
25,46,5,65210230
43,47,4,65210253
28,32,6,65210338
56,25,0,65210370
27,40,5,65210396
22,37,7,65210591
32,33,5,65210597
31,33,6,65210599
25,46,6,65210634
19,37,2,65210652
41,26,1,65210696
28,42,2,65210739
24,34,5,65210757
34,24,6,65210836
32,33,6,65210844
35,28,7,65211014
32,32,5,65211048
19,38,5,65211081
30,27,4,65211121
24,34,6,65211130
27,26,0,65211251
40,28,2,65211306
25,45,3,65211371
38,25,2,65211396
28,37,7,65211401
62,0,7,65211527
36,38,4,65211626
35,28,2,65211730
17,31,0,65211748
21,38,4,65211755
36,33,5,65211759
25,30,5,65211813
19,38,6,65211841
38,41,2,65212008
18,42,2,65212050
49,34,0,65212093
31,32,6,65212133
16,35,0,65212142
34,36,2,65212276
8,32,4,65212321
18,47,5,65212330
22,26,5,65212429
24,13,4,65212592
16,33,0,65212605
34,24,4,65212652
45,40,3,65212668
17,37,5,65212750
16,35,5,65212756
16,36,6,65212758
12,30,4,65212908
14,11,1,65213003
24,37,6,65213011
26,45,5,65213025
25,33,7,65213340
18,37,7,65213404
38,41,1,65213409
24,23,3,65213506
16,35,6,65213534
1,32,4,65213563
32,31,5,65213571
24,36,6,65213596
42,45,7,65213598
17,34,5,65213751
32,32,6,65213803
16,32,3,65213884
27,36,6,65214117
26,43,6,65214135
32,30,7,65214236
37,39,7,65214246
21,30,1,65214291
39,25,1,65214509
39,26,2,65214512
16,33,3,65214551
22,8,6,65214640
25,46,3,65214742
22,26,6,65214750
32,31,6,65214935
10,30,7,65214967
39,26,1,65214991
20,32,0,65215057
36,27,4,65215155
23,25,5,65215404
32,35,3,65215452
28,35,5,65215520
31,36,7,65215531
17,36,5,65215537
17,37,6,65215538
39,43,7,65215632
17,40,5,65215661
17,32,0,65215756
17,31,3,65215759
17,30,3,65216144
33,36,0,65216197
24,35,5,65216217
25,35,5,65216300
20,45,5,65216355
28,37,4,65216444
31,36,4,65216581
17,40,6,65216739
25,24,0,65216743
37,26,3,65216795
34,31,0,65216872
21,26,3,65216946
41,43,2,65216953
42,43,1,65216986
18,30,0,65217194
37,25,2,65217229
36,26,4,65217387
18,31,0,65217482
55,25,7,65217491
17,36,6,65217529
38,27,0,65217782
38,26,3,65217784
29,25,1,65218236
22,27,6,65218331
24,24,3,65218504
29,26,7,65218515
24,53,0,65218581
15,25,4,65218585
21,31,4,65218646
27,32,1,65218668
21,27,3,65218823
28,35,6,65218860
21,30,4,65219214
20,30,7,65219217
22,36,7,65219256
19,30,0,65219297
32,29,7,65219392
33,29,4,65219394
28,26,0,65219735
17,32,3,65219849
18,30,3,65221483
18,32,0,65221833
33,30,6,65222233
25,25,0,65222472
25,24,3,65222477
28,26,2,65222947
18,31,3,65223255
33,29,6,65223396
18,33,0,65223553
23,26,0,65223673
32,29,4,65223955
37,32,7,65224170
19,31,0,65224237
19,30,3,65224240
22,27,0,65224565
22,26,3,65224569
18,36,5,65224696
18,35,5,65225243
31,38,4,65225524
24,32,1,65226083
20,31,2,65226120
18,32,3,65226273
62,2,5,65226985
62,2,6,65227164
18,34,0,65227296
18,33,3,65227299
27,26,6,65227314
30,37,7,65227550
57,25,3,65227736
23,25,3,65228095
18,36,6,65228673
19,32,0,65229058
34,25,1,65229171
25,30,6,65229352
36,39,2,65229522
19,34,0,65229814
27,44,2,65230178
19,33,0,65230641
40,42,0,65230911
20,31,0,65231976
62,2,4,65232029
23,31,5,65232313
11,21,5,65232788
26,30,5,65232906
18,9,4,65232999
33,34,1,65233168
26,25,5,65233404
35,30,6,65234578
32,34,7,65234710
33,34,4,65234902
29,34,5,65235058
14,20,1,65235436
34,34,0,65235915
62,0,3,65236422
21,34,7,65236481
26,25,6,65236832
21,34,4,65237157
21,31,7,65237392
30,39,3,65237428
26,30,6,65237731
20,33,5,65238239
20,34,6,65238243
30,35,5,65238871
22,28,0,65238950
22,27,3,65238953
30,25,0,65239083
29,26,3,65239172
29,34,6,65239202
28,28,6,65239412
20,33,6,65239730
32,34,4,65239898
30,27,5,65240072
32,33,7,65240333
29,35,6,65240452
6,22,4,65240557
35,25,7,65240769
26,25,0,65241579
19,34,3,65242218
34,33,2,65242512
63,2,5,65242515
24,27,5,65243545
30,35,6,65243658
25,25,3,65243882
36,39,1,65244188
36,40,2,65244191
50,9,4,65244341
23,28,0,65245806
24,35,5,65246129
10,21,2,65246324
0,31,7,65246677
50,9,0,65247449
28,24,3,65248428
51,11,1,65248900
52,40,3,65249067
33,25,1,65249710
33,26,2,65249713
26,26,0,65250012
26,25,3,65250015
25,26,3,65250018
34,29,4,65250284
30,41,1,65254342
50,9,2,65255488
23,28,3,65256553
24,28,0,65258429
25,27,0,65260259
24,27,3,65260261
24,29,0,65264222
28,26,1,65267250
26,27,0,65267421
26,26,3,65267648
24,28,3,65269139
25,28,0,65269309
27,26,0,65269833
24,29,3,65272087
25,29,0,65273098
30,27,0,65273347
30,28,2,65275605
28,29,6,65277029
25,28,3,65277372
27,26,3,65278708
11,30,2,65281527
49,9,3,65281606
9,31,4,65281759
63,1,1,65288225
26,29,0,65291452
7,31,7,65296268
33,36,3,65297043
13,22,1,65297171
11,30,1,65298121
13,30,0,65298681
30,27,3,65299055
62,2,2,65299088
0,31,3,65300478
12,30,1,65300723
7,31,2,65301499
8,25,2,65302026
23,7,5,65302276
29,27,2,65302489
29,27,1,65302877
21,8,7,65305151
12,30,0,65305911
4,31,0,65307361
10,25,2,65308383
34,37,0,65311229
63,2,1,65311817
61,0,1,65311868
22,8,4,65312885
62,2,3,65324289
29,27,3,65356440
63,1,4,65370272
52,14,5,65428732
51,8,0,65434069
62,1,5,65436807
62,1,6,65516813
63,3,0,65518132
33,28,7,65553754
29,28,3,65555151
30,29,2,65555539
30,28,0,65557540
28,29,6,65576700
29,28,7,65578387
28,28,2,65585217
28,29,2,65589882
28,28,1,65590488
27,29,4,65614320
27,29,1,65615293
25,29,3,65616803
26,30,0,65617287
26,29,3,65617290
26,30,2,65623625
26,28,5,65632747
26,30,1,65633531
25,30,2,65639443
26,28,7,65643931
27,28,3,65648283
28,29,2,65648917
25,28,1,65649049
25,30,1,65649117
28,29,0,65650252
24,29,7,65651844
24,29,2,65653691
24,30,2,65654726
25,29,4,65654815
24,30,1,65663590
27,29,2,65665566
23,30,7,65665914
27,29,4,65665944
23,31,2,65670145
22,30,3,65672683
27,29,1,65674700
23,30,4,65675249
26,28,7,65675976
23,31,0,65676249
22,30,2,65676288
26,28,1,65677201
22,29,2,65681623
22,31,2,65681728
22,29,1,65683648
25,29,2,65683823
26,30,2,65687502
23,31,1,65687852
22,30,1,65689591
22,31,1,65691842
22,29,7,65693614
21,30,2,65695497
26,30,4,65696207
26,30,1,65696438
21,31,2,65696901
23,29,4,65698018
24,29,0,65698993
21,29,5,65700864
24,29,3,65700902
25,30,2,65700959
21,30,1,65701744
25,29,1,65704565
21,30,4,65704850
21,31,1,65705341
21,29,7,65707009
20,31,2,65709258
21,32,2,65711340
63,1,0,65711518
20,29,1,65713746
25,30,1,65714985
24,30,2,65715223
19,30,2,65715379
20,32,2,65716431
20,31,1,65718038
23,29,2,65718829
20,33,7,65719691
19,32,2,65724884
20,32,1,65725091
24,30,1,65727058
19,30,1,65727859
22,29,2,65731578
18,31,2,65731980
23,31,2,65732800
23,29,1,65733699
18,31,7,65735508
18,31,4,65736063
18,30,7,65736065
19,32,1,65737208
22,30,2,65737350
23,31,1,65741440
19,30,4,65742186
22,29,1,65742593
19,29,7,65742956
18,31,1,65743099
22,30,1,65748669
22,31,2,65748672
17,32,2,65750012
18,30,4,65760989
17,30,7,65760992
17,31,1,65761794
16,31,2,65766091
17,32,1,65766907
21,29,1,65767297
22,31,1,65773777
17,33,2,65775515
21,31,2,65775950
20,30,2,65775952
16,32,2,65776600
16,33,4,65776629
61,4,0,65777865
16,31,1,65777943
20,29,1,65786840
16,32,1,65790100
15,32,7,65791764
50,10,2,65792597
16,33,2,65795219
15,32,2,65795222
15,31,7,65795434
49,5,0,65796033
16,33,1,65797449
63,1,1,65799493
61,4,3,65800595
15,31,1,65800598
15,33,2,65800958
21,32,4,65800973
15,32,4,65801939
50,10,0,65802748
17,33,1,65803884
63,4,5,65804676
62,2,2,65805824
21,31,1,65806221
14,31,5,65806796
14,31,6,65807235
61,2,0,65807398
15,32,1,65809490
14,32,2,65811712
20,32,2,65811811
62,4,1,65812040
16,34,2,65812503
20,30,1,65819271
19,30,2,65819273
18,30,0,65823005
51,13,0,65823352
15,33,1,65824999
14,33,2,65825001
14,34,2,65827444
14,32,1,65827709
20,31,1,65829389
19,31,2,65829392
15,31,4,65829965
13,32,7,65830123
14,33,1,65830633
14,30,1,65832869
19,30,1,65834268
18,30,2,65834271
13,31,2,65836352
13,31,1,65837093
51,9,3,65837268
20,32,1,65839428
13,33,2,65839957
18,30,1,65840945
17,30,2,65843172
13,34,2,65843598
19,32,2,65849437
13,32,4,65850931
12,32,2,65854272
19,31,1,65855266
18,31,2,65855269
62,2,1,65855310
51,10,1,65855522
12,32,7,65856048
13,34,1,65857779
19,32,1,65858139
12,32,1,65858312
18,31,1,65863285
18,32,2,65863288
17,31,2,65863290
12,33,1,65865130
31,29,5,65866865
12,34,7,65867287
63,2,1,65867401
50,10,3,65867545
12,32,4,65867968
62,5,0,65870180
49,5,3,65870271
16,30,1,65870734
62,8,3,65871236
62,3,2,65871371
16,31,4,65871925
61,3,2,65873071
11,34,2,65873125
11,33,2,65873535
30,28,3,65874382
18,32,1,65874953
17,31,1,65874956
17,32,2,65874958
12,31,7,65875812
48,28,7,65875842
11,35,2,65882984
11,33,1,65883301
11,34,1,65884839
61,3,0,65885205
63,2,0,65885862
10,33,7,65887140
50,11,0,65888406
17,32,1,65889337
17,33,2,65889340
10,34,2,65890122
49,6,0,65890546
10,32,7,65892521
11,31,7,65892523
10,35,2,65893652
10,33,4,65894456
10,34,1,65897482
11,35,1,65898102
62,2,3,65898364
16,32,2,65898486
14,31,7,65898643
14,31,3,65899498
15,31,2,65899642
17,33,1,65901289
63,5,0,65902491
31,29,0,65902506
9,34,2,65904808
62,5,3,65905922
9,33,1,65906347
9,35,2,65906676
14,31,2,65909932
16,33,2,65911015
9,32,7,65911132
10,32,4,65913881
9,35,1,65915489
16,32,1,65916590
51,11,0,65918785
61,3,3,65919515
50,6,1,65919542
15,31,1,65920051
49,11,2,65920790
50,5,3,65921186
13,31,2,65921697
32,29,2,65921940
16,33,1,65922144
16,34,2,65922147
15,33,2,65922149
14,32,3,65924854
15,32,1,65925142
14,31,1,65925144
14,32,2,65925147
50,11,3,65925545
8,36,2,65925793
9,36,7,65925933
62,4,2,65926311
49,6,3,65927405
33,29,2,65927525
12,31,3,65927753
52,15,3,65928852
9,32,4,65929201
12,31,6,65929703
52,16,0,65929869
35,29,2,65929922
25,14,0,65929947
15,34,4,65930112
9,36,4,65930658
7,34,4,65930663
25,19,3,65931092
63,3,0,65931791
8,36,1,65932568
48,13,4,65934092
32,29,1,65934567
33,29,0,65935433
15,33,1,65936673
7,35,1,65937709
6,34,7,65937713
13,31,1,65940483
6,33,7,65941915
11,31,5,65941958
62,3,3,65942147
6,34,2,65942726
13,32,2,65943185
63,6,1,65943389
6,36,2,65943533
7,36,1,65944566
63,6,0,65944864
6,34,4,65945579
61,4,3,65947918
14,32,1,65948412
5,35,7,65949320
6,37,2,65949632
14,33,2,65949661
6,36,1,65950215
7,37,2,65950332
6,37,4,65950511
12,32,2,65951563
11,31,1,65951733
14,34,2,65952349
5,34,2,65953003
13,34,0,65953322
47,14,0,65953466
14,33,1,65953472
52,11,1,65954107
60,26,3,65954831
13,32,1,65955267
11,32,2,65956144
13,33,2,65956159
29,29,0,65956215
14,34,1,65956244
10,32,0,65956667
5,33,1,65956838
5,37,2,65957810
13,34,2,65958262
51,12,2,65958285
50,7,0,65958388
51,6,0,65958390
5,35,4,65959312
5,36,1,65959313
33,29,1,65959491
5,34,4,65959540
5,33,7,65959635
31,29,3,65959648
5,34,1,65959822
63,4,1,65959857
4,34,7,65959866
4,34,2,65960046
4,36,7,65960851
6,37,1,65961872
4,36,2,65962583
35,29,1,65962945
12,32,1,65962995
12,33,2,65962997
4,35,2,65963705
10,31,1,65965111
10,32,2,65965113
4,37,2,65965239
25,30,0,65965583
12,34,3,65966256
45,14,3,65967304
4,36,4,65967392
51,11,1,65967848
32,29,3,65968094
5,37,1,65968248
55,12,7,65969080
12,33,1,65972773
4,34,1,65973666
11,32,1,65974173
11,33,2,65974175
4,34,4,65974952
3,34,7,65974955
63,4,0,65975262
31,30,2,65975304
9,31,1,65975489
9,32,2,65976668
3,37,0,65978362
4,33,7,65978703
62,5,2,65978849
8,32,2,65980127
11,34,2,65980138
11,33,1,65980429
7,32,7,65980560
10,32,1,65981374
10,33,2,65981377
2,35,2,65982142
62,5,0,65983019
2,35,1,65983183
8,32,3,65983616
46,31,4,65984653
9,32,1,65986303
32,30,0,65986916
9,33,0,65986997
11,34,1,65987394
11,35,2,65987396
10,34,2,65987399
10,33,1,65987428
9,33,2,65987430
51,7,1,65987784
8,32,1,65988308
32,30,2,65989183
6,33,4,65989340
1,37,2,65989401
1,35,7,65989440
55,29,3,65989623
7,33,0,65991189
1,36,2,65991326
1,38,7,65991440
47,14,3,65991473
11,35,4,65991996
1,38,2,65992272
10,34,7,65992640
50,7,3,65994297
33,30,0,65994585
10,35,3,65994688
32,30,1,65994805
11,35,1,65994919
7,33,2,65995037
52,12,0,65995079
8,33,2,65995213
1,38,1,65995252
6,32,1,65995293
10,35,2,65995334
24,31,2,65995355
1,38,4,65995432
0,38,3,65995474
52,12,1,65995571
45,15,0,65995614
1,36,1,65995676
1,37,1,65995762
1,39,0,65995799
9,33,1,65996638
10,34,1,65997053
9,34,2,65997055
33,30,1,65998008
7,33,3,65998056
63,5,1,65998239
51,12,0,65998349
27,30,2,65999358
52,15,6,65999790
31,30,3,66000054
33,29,3,66000645
9,35,2,66003170
9,34,1,66003618
8,34,2,66003620
50,12,3,66004158
8,33,1,66004385
50,8,0,66004560
7,33,1,66007326
62,5,3,66007835
51,12,3,66008009
5,33,2,66008010
6,33,0,66008753
62,6,2,66008782
8,34,1,66010102
8,35,2,66010104
7,34,2,66010106
6,33,3,66010196
5,33,1,66010361
9,35,1,66010924
46,15,0,66011070
51,8,2,66011086
51,13,0,66011835
32,30,3,66011865
1,35,4,66012136
31,31,0,66012562
6,34,2,66012852
31,31,2,66013962
8,36,2,66014669
52,13,2,66014832
32,31,2,66014856
8,35,1,66015546
7,34,1,66015549
7,35,2,66015551
5,34,2,66015557
0,38,2,66015657
51,8,0,66016200
51,7,3,66016202
4,34,0,66016683
53,17,1,66016720
46,30,1,66017480
63,9,5,66017550
6,34,1,66017551
51,12,1,66017866
32,31,0,66018287
4,34,2,66018365
7,35,7,66018700
50,13,2,66019117
14,33,0,66019167
56,30,0,66019515
1,34,5,66020172
6,35,2,66020608
0,37,2,66020882
7,35,1,66021033
7,36,2,66021035
8,36,1,66021388
8,37,2,66021390
4,34,3,66021414
5,34,1,66021607
48,15,0,66021763
4,34,1,66021900
3,34,3,66022308
0,37,7,66022543
11,33,3,66022629
33,31,0,66022898
33,30,3,66022899
16,12,6,66023007
28,31,2,66023385
5,35,2,66023573
5,35,0,66024023
51,8,1,66024185
45,15,3,66024217
2,34,1,66024759
25,31,2,66024924
25,14,6,66024982
1,40,2,66025244
63,6,1,66025430
62,32,4,66026010
62,12,2,66026472
32,31,3,66026699
6,35,1,66026918
6,36,2,66026958
7,36,1,66026968
7,37,2,66026971
4,35,2,66027101
52,13,0,66027226
1,34,1,66027241
4,35,0,66027396
1,40,1,66028193
27,31,2,66028204
10,25,0,66028976
50,8,3,66029248
15,19,7,66029250
5,35,3,66029398
63,6,0,66029828
33,31,1,66030002
5,35,1,66030031
61,30,1,66030191
43,30,3,66030854
56,31,7,66030978
0,39,2,66031456
6,36,1,66031702
5,36,2,66031703
41,31,2,66031705
3,35,2,66032985
4,35,1,66036572
5,36,1,66036906
5,37,2,66036908
4,36,2,66036911
32,31,1,66037780
1,35,2,66039480
2,35,1,66039852
31,32,0,66040360
31,31,3,66040363
3,35,1,66040832
51,8,3,66040859
54,14,0,66041303
3,36,2,66041451
4,36,1,66042063
4,37,2,66042066
5,37,1,66042264
1,35,1,66042496
2,36,2,66043663
62,9,3,66044331
1,36,2,66044648
3,36,1,66045407
18,12,2,66045813
3,37,2,66045818
4,37,1,66045973
6,42,1,66046518
51,9,0,66046790
53,18,0,66046808
14,31,0,66047081
31,32,2,66047088
32,32,2,66047490
33,32,0,66047656
1,36,1,66047756
16,11,1,66047880
51,13,5,66048258
27,32,0,66048621
2,36,1,66048674
1,48,4,66049224
53,18,1,66049329
2,37,2,66049603
1,37,2,66050319
3,37,1,66050720
3,38,2,66050723
14,11,3,66051010
32,32,0,66051280
56,32,0,66051737
2,37,3,66052065
33,33,6,66052287
3,38,0,66052603
54,14,3,66053040
8,25,1,66053260
3,38,1,66054529
2,37,1,66054532
2,38,2,66054534
1,37,0,66054711
1,37,3,66055202
30,32,3,66055429
8,25,3,66055589
31,32,1,66055986
2,38,0,66056025
2,38,3,66056435
41,31,1,66056452
41,32,5,66056650
32,32,1,66056736
50,9,3,66056809
16,34,1,66056855
32,32,3,66056977
31,32,3,66057193
1,37,1,66057326
51,32,3,66057451
63,7,0,66057653
33,32,3,66057745
32,33,0,66057788
1,38,2,66057885
9,25,3,66057944
22,33,3,66057966
10,25,1,66058059
52,8,0,66058372
63,10,0,66058377
2,39,4,66058503
1,38,7,66058741
62,7,2,66058837
2,38,1,66059176
3,39,1,66059553
2,39,2,66059555
56,2,1,66059629
55,12,4,66060108
27,32,3,66060416
1,38,1,66060993
29,32,1,66061184
52,18,2,66061461
62,5,1,66061588
31,33,2,66061664
10,25,3,66061736
1,39,7,66062295
17,34,1,66062641
7,36,3,66062927
24,10,0,66063185
30,33,2,66066379
61,32,2,66066662
51,14,0,66067395
33,33,0,66067573
51,14,1,66069042
31,33,0,66069875
51,9,3,66070163
32,33,2,66070283
8,26,0,66073038
60,32,0,66073351
23,34,0,66073535
32,33,1,66073540
8,31,1,66073960
9,31,1,66074157
51,14,3,66074316
63,10,1,66074449
52,15,0,66074538
32,33,3,66074818
11,31,1,66074971
51,10,0,66074996
31,33,1,66075899
5,37,2,66076351
30,33,3,66076421
9,26,0,66076508
29,33,1,66076759
10,31,3,66076964
51,10,2,66076993
31,33,3,66077208
53,15,4,66077414
60,32,3,66077504
13,31,1,66077830
54,15,3,66077876
63,8,0,66078012
33,34,2,66078226
11,31,3,66078540
8,37,1,66079171
33,33,3,66079207
32,34,2,66079344
20,35,0,66079597
39,34,2,66079695
10,26,0,66079857
63,8,1,66080200
62,8,2,66080202
33,34,0,66080236
31,34,2,66080560
12,31,3,66080813
31,34,0,66080816
61,33,0,66081427
24,34,0,66081619
14,31,1,66081874
4,38,0,66082125
52,19,3,66082213
32,34,0,66082267
7,26,3,66082364
3,39,6,66082831
10,32,0,66083441
30,34,0,66083955
1,32,0,66084277
3,39,0,66084420
3,38,3,66084422
4,38,5,66084557
10,38,5,66084601
7,26,2,66084615
7,32,2,66084809
5,38,3,66084852
5,38,1,66085015
4,38,3,66085250
30,34,2,66085471
10,32,2,66085510
24,10,1,66085520
7,38,2,66086161
22,11,0,66086284
11,32,0,66086709
52,10,1,66086740
12,32,2,66086749
0,32,3,66086783
52,9,0,66086787
37,34,0,66086988
25,9,3,66087010
35,1,0,66087132
33,34,1,66087142
9,32,0,66087611
30,34,3,66087826
61,33,3,66087867
52,10,0,66087900
52,19,2,66088120
8,26,3,66088140
9,26,2,66088186
14,37,2,66088307
51,10,3,66088387
1,32,3,66088438
4,39,0,66088499
12,32,0,66088549
12,37,1,66088571
10,32,1,66088607
13,24,5,66088759
18,12,3,66089064
14,37,1,66089074
6,38,3,66089129
6,39,0,66089197
30,34,1,66089433
55,16,2,66089476
14,32,2,66089522
32,34,1,66089671
13,32,0,66089807
52,11,0,66089823
48,34,1,66089906
19,12,0,66090220
41,34,1,66090429
34,34,0,66090445
13,32,2,66090446
4,39,2,66090471
17,36,3,66090562
47,34,1,66090576
31,34,1,66090659
54,15,1,66090707
54,16,2,66090708
9,26,3,66090830
34,34,3,66091146
23,11,0,66091194
0,37,2,66091767
5,39,0,66091815
5,39,2,66092032
23,35,0,66092235
8,38,1,66092267
23,34,5,66092348
62,14,3,66092366
3,39,3,66092478
62,11,2,66092550
7,32,1,66093072
15,37,2,66093287
4,39,1,66093376
20,36,0,66093741
28,34,2,66093845
29,35,2,66093902
2,39,3,66094022
28,35,7,66094261
8,32,2,66094262
5,39,3,66094272
4,39,3,66094666
39,34,3,66094754
11,38,2,66096575
63,11,1,66099917
63,9,1,66100832
53,16,2,66101968
23,35,3,66102392
28,35,4,66102394
39,35,0,66102521
30,35,0,66102895
22,11,3,66103549
31,35,2,66103705
40,35,0,66103898
32,35,2,66104223
10,32,3,66104936
62,9,2,66105396
7,27,2,66105421
57,16,0,66105435
28,34,1,66105489
53,18,0,66105573
54,16,3,66105673
30,35,2,66105845
29,35,1,66105942
56,16,1,66106169
44,35,2,66106172
7,32,3,66106550
20,36,3,66106602
12,38,5,66106854
13,38,2,66106857
40,35,3,66106881
30,35,3,66107050
8,32,3,66107236
14,32,1,66107549
13,32,1,66107609
2,41,0,66107690
21,12,2,66107725
10,38,1,66107732
6,32,1,66108020
9,32,1,66108030
7,39,0,66108053
12,32,1,66108150
52,11,1,66108291
12,32,3,66108358
9,27,2,66108362
9,39,2,66108638
23,11,3,66108710
37,0,3,66109102
17,13,3,66109161
31,35,1,66109646
57,16,3,66109665
7,26,1,66110076
12,39,0,66110086
11,39,3,66110089
12,38,3,66110091
25,35,1,66110213
53,16,1,66110280
5,40,0,66110384
2,33,2,66110420
9,32,3,66110478
11,32,3,66110526
6,33,2,66110579
9,27,0,66110853
8,27,0,66111001
32,35,1,66111050
7,39,3,66111118
63,12,1,66111154
10,27,0,66111302
10,26,3,66111304
8,39,3,66111345
37,1,0,66111966
11,32,1,66111997
8,33,0,66112174
55,17,0,66112212
30,36,0,66112246
5,40,3,66112361
9,33,2,66112413
4,40,0,66112580
21,37,0,66112586
4,40,3,66112603
58,16,1,66112767
19,13,0,66112839
19,12,3,66112842
8,32,1,66113182
8,33,2,66113183
9,33,0,66113247
26,35,3,66113291
24,36,2,66113602
2,41,3,66113922
63,11,4,66113960
1,42,0,66114003
56,17,0,66114126
28,35,1,66114298
2,42,0,66114300
28,36,2,66114301
27,35,2,66114304
54,20,1,66114307
17,38,2,66114335
57,17,2,66114726
4,41,1,66114762
10,33,2,66114799
33,36,2,66114903
10,33,0,66114909
11,33,2,66114950
48,36,1,66115143
10,27,2,66115221
9,40,2,66115280
15,13,3,66115484
34,36,2,66115485
59,34,1,66115498
3,42,0,66115528
13,32,3,66115553
2,33,0,66115574
31,36,2,66115829
39,36,0,66115877
8,40,0,66116221
32,36,2,66116457
9,40,1,66116521
30,36,2,66116713
41,36,2,66116810
5,39,1,66116884
22,16,5,66116994
1,33,0,66117120
13,39,0,66117123
2,33,3,66117249
58,37,0,66117272
18,13,3,66117335
13,39,3,66117388
11,33,0,66117417
29,37,0,66117477
12,33,2,66117678
2,42,1,66117935
5,41,0,66118018
4,41,3,66118182
12,39,3,66118236
10,39,4,66118471
5,32,1,66118617
10,40,2,66118713
14,39,1,66118754
6,37,2,66118823
58,17,2,66118866
12,33,0,66118884
18,14,0,66119057
6,27,2,66119132
31,36,1,66119262
32,36,1,66119332
62,34,0,66119373
3,42,2,66119439
27,36,0,66119665
63,10,1,66119776
34,36,1,66119796
12,40,0,66119806
62,38,4,66119867
4,33,0,66120141
27,35,1,66120181
14,39,3,66120319
47,37,0,66120347
1,42,3,66120433
58,35,2,66120463
56,35,3,66120636
63,16,1,66120713
4,33,2,66120774
5,47,6,66120873
5,42,6,66120987
9,27,1,66120993
55,17,1,66121054
3,42,1,66121318
54,17,6,66121379
9,27,3,66121435
59,16,0,66121450
13,33,0,66121492
1,33,3,66121549
6,41,0,66121556
7,33,2,66121601
13,40,0,66122160
10,27,1,66122193
43,36,3,66122333
60,17,6,66122524
4,33,3,66122835
51,12,2,66122850
19,38,3,66122903
38,36,1,66123057
8,33,1,66123087
8,27,3,66123252
16,39,0,66123687
44,36,3,66123861
10,40,1,66123924
16,14,0,66123988
35,36,3,66124409
30,36,3,66124506
9,41,2,66124656
6,41,3,66124684
16,14,3,66124776
0,43,3,66124804
62,16,1,66124810
33,36,1,66125081
58,37,3,66125107
7,33,1,66125149
12,40,3,66125236
8,41,0,66125439
17,39,2,66125548
45,36,1,66125586
9,41,1,66125730
47,37,3,66125757
56,17,3,66125871
13,25,1,66125956
20,38,2,66125989
15,39,3,66126064
8,33,3,66126158
24,36,3,66129164
32,37,2,66131110
20,38,3,66131212
29,38,0,66131280
62,37,2,66131419
62,32,7,66132615
31,37,2,66132795
63,11,0,66132799
52,17,2,66132933
52,21,3,66133105
6,37,1,66133603
7,27,1,66133620
10,27,3,66133807
52,12,1,66134202
2,34,0,66135115
28,36,1,66135375
57,18,0,66135533
62,17,2,66135634
30,37,0,66135792
29,37,3,66135795
13,26,0,66135938
39,39,6,66136121
48,38,2,66136593
56,18,2,66136801
19,13,3,66136839
32,37,1,66136985
11,33,1,66137001
1,34,0,66137162
59,38,0,66137371
48,38,1,66137412
6,33,3,66137822
9,28,2,66138107
9,33,3,66138194
63,11,1,66138497
62,11,2,66138499
11,38,2,66139206
51,13,0,66139301
10,28,0,66139305
47,38,3,66139307
5,41,3,66140035
10,33,1,66140609
8,28,2,66140898
6,33,1,66141008
5,34,2,66141026
30,37,3,66141135
34,38,5,66141136
62,40,6,66141156
14,33,1,66141352
7,34,0,66141394
17,41,6,66141406
5,48,3,66141428
27,37,2,66141536
4,42,0,66141593
6,38,2,66141728
9,33,1,66141870
6,34,7,66142409
52,13,0,66142463
13,34,2,66142778
10,34,2,66142886
62,10,2,66142941
9,28,0,66142956
9,34,2,66142959
12,42,2,66143132
51,12,1,66143208
51,13,2,66143210
18,14,3,66143883
6,38,0,66143965
18,15,0,66144077
52,11,3,66144272
30,38,0,66144467
11,42,3,66144618
1,34,3,66144711
62,17,1,66145211
46,39,4,66145217
31,38,2,66145429
12,42,1,66145661
4,44,3,66145801
8,34,2,66146203
5,42,0,66146562
15,14,2,66146775
5,34,1,66146891
4,33,1,66146892
10,28,2,66147410
62,10,1,66147428
5,34,0,66147680
37,2,3,66147801
25,36,5,66148058
10,28,1,66148284
27,37,1,66148349
5,44,3,66148407
15,41,3,66148505
3,34,2,66148631
6,38,1,66148716
5,38,2,66148720
5,45,0,66148807
3,34,0,66149012
52,13,1,66149180
23,38,1,66149200
20,14,0,66149262
13,26,1,66149395
19,19,6,66149405
23,19,2,66149565
23,19,1,66149582
54,7,0,66149828
63,12,0,66149992
40,39,0,66149995
40,38,3,66149998
48,21,6,66150135
6,38,3,66150162
35,5,5,66150179
20,40,2,66150452
3,34,1,66150475
7,34,2,66150543
55,19,0,66150685
9,43,3,66150713
53,22,0,66150873
31,38,1,66150888
24,14,5,66150969
5,34,3,66151096
30,39,2,66151404
4,34,3,66151622
48,39,1,66151628
8,28,1,66151659
29,38,3,66151719
57,18,3,66151758
8,34,1,66151973
5,38,3,66152301
47,39,3,66152355
13,42,5,66152369
6,45,0,66152394
58,19,2,66152525
6,39,2,66152608
16,41,3,66152698
10,43,1,66152738
9,28,3,66152868
63,12,1,66152935
59,38,3,66152965
26,20,5,66153042
60,39,0,66153050
61,18,2,66153274
3,34,3,66153551
7,34,1,66153823
54,9,7,66154204
39,39,2,66154259
47,40,2,66154424
63,15,0,66154461
12,43,0,66154544
63,18,1,66154844
9,34,1,66154929
10,34,1,66155010
12,34,1,66155228
39,39,3,66155305
33,38,0,66155381
4,50,3,66155469
47,39,7,66155693
26,19,5,66155766
60,36,0,66155780
4,42,3,66155822
19,15,0,66155919
26,20,0,66156053
23,39,3,66156107
20,40,0,66156144
13,43,3,66156314
22,21,0,66156318
61,18,3,66156482
6,45,3,66159793
61,36,3,66160657
59,19,2,66161641
36,4,3,66161914
6,42,0,66162017
51,14,0,66162643
51,14,2,66163313
24,39,2,66163333
17,42,0,66163708
51,13,3,66163941
53,19,4,66163968
7,29,2,66163971
20,14,3,66164255
62,18,1,66164450
44,39,0,66164845
60,40,1,66165801
6,39,0,66166013
62,19,0,66166211
53,23,0,66166420
6,35,2,66166682
46,40,1,66167112
52,14,0,66167626
52,13,3,66167628
30,38,3,66167827
18,42,0,66168283
59,19,1,66168301
61,19,2,66168865
53,44,1,66169098
39,2,3,66169162
14,44,0,66169470
56,19,0,66169630
17,42,3,66169747
22,41,5,66169855
4,35,0,66170166
56,20,2,66170272
58,19,0,66170300
57,19,3,66170303
7,39,1,66170339
59,19,0,66170381
58,19,3,66170384
62,19,2,66170463
30,39,0,66170788
51,14,3,66170965
52,18,1,66171185
2,35,0,66171298
9,29,0,66171340
62,12,2,66171541
6,39,1,66171574
63,13,1,66172025
18,42,3,66172190
61,19,0,66172293
6,35,0,66172364
18,43,0,66172527
62,19,1,66172626
59,41,2,66172670
63,19,1,66172805
9,29,2,66172892
60,19,0,66172987
19,43,0,66173082
61,19,3,66173107
39,40,3,66173291
26,17,3,66173381
54,20,2,66173394
53,21,0,66173562
19,15,3,66173881
15,35,2,66173905
5,35,0,66173959
17,43,3,66173966
6,35,1,66173970
22,14,3,66174012
6,42,3,66174027
9,35,2,66174341
22,15,0,66174372
6,35,3,66174439
62,11,1,66174553
5,48,5,66174586
3,35,2,66174648
10,42,5,66174683
60,43,4,66175021
10,29,0,66175510
10,28,3,66175512
6,40,2,66175556
21,15,1,66175699
7,35,2,66175719
31,39,2,66175742
15,44,1,66175955
25,14,2,66176465
58,20,0,66176509
11,45,6,66176622
47,41,1,66176956
47,42,2,66176958
52,9,3,66176973
1,35,3,66177093
21,42,1,66177374
55,20,4,66177774
62,19,3,66177831
17,17,6,66177960
52,22,0,66178022
43,41,0,66178047
44,41,7,66178049
7,35,1,66178083
24,42,6,66178208
12,45,3,66178235
25,14,1,66178352
16,17,4,66178768
9,29,1,66178869
5,48,3,66178949
59,43,0,66179099
10,29,1,66179237
50,9,2,66179454
61,19,1,66179724
54,20,1,66179750
52,10,3,66179803
60,19,3,66179832
8,29,3,66179995
9,29,3,66180002
17,44,0,66180017
59,38,4,66180025
31,39,1,66180029
60,42,4,66180503
14,45,2,66180554
45,41,0,66180559
18,44,0,66180643
18,43,3,66180646
22,42,5,66181059
53,23,1,66181149
61,20,0,66181265
24,41,6,66181343
20,43,2,66181541
51,9,2,66181737
45,21,3,66182044
62,20,0,66182081
58,43,6,66182092
4,43,1,66182180
13,27,1,66182433
48,42,1,66182438
52,19,2,66182498
12,46,0,66183023
11,46,3,66183025
20,15,3,66183043
13,26,0,66183100
19,43,3,66183240
51,15,2,66183324
19,44,0,66183400
6,48,1,66183431
52,15,0,66183536
52,14,3,66183539
6,48,3,66183689
57,9,1,66183707
41,2,3,66183812
25,18,1,66183897
2,35,3,66183932
20,43,1,66184129
51,9,1,66184141
15,44,4,66184179
62,20,2,66184316
40,3,0,66184352
15,35,1,66184353
63,14,0,66184355
55,20,5,66184448
12,41,4,66184533
16,23,3,66184587
9,41,0,66184858
17,44,3,66185028
7,48,1,66185068
60,40,4,66185203
28,40,1,66185528
24,15,2,66185666
48,43,5,66185803
25,14,3,66186040
19,43,1,66186259
48,42,5,66186261
23,15,0,66186353
10,47,3,66186369
20,15,1,66186374
59,20,0,66186557
53,20,2,66186793
42,41,7,66186821
18,17,0,66186840
24,40,3,66186900
39,40,2,66186916
20,43,0,66186951
20,42,3,66186954
25,41,5,66187206
9,48,6,66187280
6,36,2,66187379
2,36,0,66187594
63,14,1,66187709
21,43,1,66187748
18,44,2,66187860
25,41,0,66187863
16,23,6,66188000
12,46,3,66188089
11,51,3,66188166
12,46,2,66188169
37,9,4,66188227
59,43,3,66188390
8,48,5,66188401
27,40,3,66188436
7,35,3,66189084
23,42,0,66193219
52,22,3,66193528
52,15,1,66194619
51,15,3,66194857
58,20,3,66195288
63,20,1,66195347
20,44,0,66195486
19,44,3,66195489
14,36,2,66196734
22,24,3,66196785
48,44,5,66196863
46,21,3,66196968
22,42,3,66197744
62,13,2,66197775
53,24,0,66197933
58,21,2,66198019
8,30,0,66198651
24,15,1,66198797
62,20,3,66198963
9,30,0,66199028
25,41,3,66199417
9,42,2,66199612
9,30,2,66199628
23,15,3,66200060
19,17,0,66200153
10,30,2,66200426
10,30,0,66200906
10,29,3,66200909
9,41,3,66201079
22,15,3,66201122
8,30,3,66201219
62,14,2,66201257
23,16,0,66201344
50,12,2,66201409
20,44,3,66201769
18,17,3,66201781
5,50,3,66201866
9,45,2,66202426
22,23,1,66202476
21,25,6,66202478
63,20,0,66202624
13,46,6,66202944
57,21,3,66203268
9,42,0,66203626
62,20,1,66203657
62,21,2,66203659
24,16,0,66203735
23,43,0,66203797
14,36,1,66203863
60,44,2,66204167
10,30,1,66204380
58,21,1,66204451
26,42,0,66204467
26,15,0,66204472
47,21,1,66204759
39,7,4,66204874
23,16,2,66205067
9,30,1,66205189
5,36,2,66205431
54,10,0,66205519
52,16,0,66205635
52,15,3,66205636
23,16,1,66205806
26,20,3,66205949
20,45,0,66205986
9,30,3,66206025
63,15,1,66206215
62,15,2,66206218
57,45,4,66206592
19,45,1,66206768
53,20,1,66206816
6,36,1,66206836
10,50,0,66207056
2,36,3,66207080
60,44,1,66207095
15,17,3,66207187
13,36,3,66207490
48,44,3,66207643
4,36,3,66207659
15,43,7,66207718
23,43,3,66207958
26,19,6,66208295
61,20,1,66208368
61,21,2,66208370
21,23,2,66208678
46,45,7,66208711
7,37,2,66209134
53,21,2,66209381
8,51,0,66209413
50,12,1,66209936
50,13,2,66209938
23,20,0,66209955
21,45,0,66210092
63,18,0,66210116
62,46,6,66210404
5,36,1,66210463
4,36,2,66210465
14,31,3,66210758
11,25,0,66210880
24,43,6,66210928
15,43,4,66211024
57,21,5,66211274
61,21,3,66211720
62,21,1,66211761
12,46,1,66211858
10,30,3,66211917
51,16,2,66212017
19,17,3,66212155
15,30,7,66212227
25,42,3,66212287
20,45,3,66212356
9,50,3,66212360
23,16,3,66212461
59,21,3,66212567
13,29,2,66212855
26,42,3,66213069
22,45,2,66213114
7,42,1,66213180
6,41,1,66213183
6,42,2,66213187
53,25,2,66213250
4,37,2,66213252
51,16,3,66213465
22,45,0,66213837
22,44,3,66213840
11,30,0,66213983
12,50,0,66214161
11,50,3,66214164
8,51,3,66214184
5,37,0,66214312
8,31,0,66214385
52,21,0,66214389
10,31,0,66214905
8,37,2,66215012
4,36,1,66215408
22,17,2,66215494
23,45,0,66215684
10,42,0,66215845
11,28,0,66215884
10,31,2,66215927
8,31,2,66215930
3,37,2,66215942
52,16,1,66216163
15,25,5,66216167
11,37,0,66216184
24,44,0,66216260
24,45,6,66216499
3,37,0,66216516
9,31,2,66216572
49,45,0,66216663
9,31,0,66216784
16,18,0,66217231
45,43,5,66217794
18,45,2,66217828
19,47,2,66217854
56,44,2,66217988
17,44,1,66218027
60,45,1,66218448
53,23,0,66218619
7,37,1,66218665
22,45,1,66218781
13,29,0,66218782
60,22,2,66219033
54,21,1,66219560
60,45,3,66219732
21,46,0,66219760
26,16,0,66223231
59,39,1,66225405
63,16,0,66225696
14,37,0,66226197
52,17,2,66226840
20,18,5,66227658
52,17,0,66228476
18,44,1,66229202
23,17,0,66229289
9,42,3,66229695
14,44,4,66230184
59,22,1,66230200
52,16,3,66230202
20,18,0,66230503
61,22,0,66230882
44,45,3,66231133
50,21,3,66231195
48,46,3,66232263
13,29,3,66232316
8,31,1,66232759
6,43,2,66232847
23,45,3,66233145
24,44,3,66233147
23,22,7,66233172
9,31,1,66233179
24,17,0,66233281
57,22,2,66233577
53,21,1,66233815
53,22,2,66233817
7,43,1,66233874
21,46,3,66234049
22,47,0,66234419
8,31,3,66234764
9,31,3,66234862
60,42,4,66234926
4,37,1,66235135
12,43,2,66235182
16,18,2,66235242
19,45,5,66235257
51,17,3,66235666
10,43,0,66235979
11,31,1,66236091
7,31,3,66236836
61,22,3,66236897
5,37,3,66237072
60,22,1,66237164
10,31,1,66237637
11,31,0,66237767
10,31,3,66237770
22,47,3,66238014
61,47,2,66238290
24,17,3,66238569
16,45,2,66238715
63,16,1,66238875
10,32,2,66239369
48,47,2,66239381
53,23,3,66239539
6,38,2,66239610
23,43,2,66239797
11,53,5,66239856
11,53,6,66239871
17,24,0,66239949
15,51,0,66240230
51,22,0,66240291
4,46,3,66240442
23,44,4,66240864
9,44,0,66241011
9,43,3,66241014
23,22,3,66241058
22,18,0,66241103
24,23,0,66241253
49,47,0,66241283
6,38,0,66241308
12,47,0,66241402
8,32,2,66241562
14,37,3,66241577
11,47,2,66241582
52,17,1,66241689
48,13,0,66241736
8,32,0,66241754
9,32,2,66242071
47,47,0,66242078
9,32,0,66242095
50,21,2,66242276
18,43,2,66242469
16,19,0,66242526
16,18,3,66242529
10,32,0,66242564
20,43,2,66242566
18,43,1,66242651
59,23,2,66242680
16,45,1,66242742
17,19,0,66242769
9,9,3,66242883
15,48,6,66242897
17,25,5,66242987
62,14,1,66243076
51,13,1,66243379
54,39,6,66243473
21,48,1,66243527
52,21,1,66243867
51,21,2,66243870
4,43,3,66243942
11,32,6,66244263
17,50,3,66244366
24,46,0,66244648
7,54,7,66244940
62,47,1,66245165
24,46,2,66245473
10,54,0,66246101
52,17,3,66246167
10,43,3,66246757
11,47,1,66246943
49,49,6,66247125
49,48,2,66247494
18,45,1,66247504
17,23,3,66247644
4,44,5,66247907
46,46,1,66248203
6,38,1,66248270
11,29,0,66248316
17,30,5,66248423
18,19,3,66248585
8,54,2,66248800
27,21,0,66248896
52,18,0,66248970
23,48,0,66249046
23,47,3,66249048
51,22,2,66249283
16,19,3,66249627
19,43,1,66249713
59,13,7,66249781
47,24,3,66249825
15,51,3,66251455
53,22,1,66258559
51,22,3,66259326
9,45,0,66259586
24,47,0,66259995
52,23,2,66260864
63,17,1,66261055
8,32,3,66261120
8,32,1,66261139
3,38,2,66261184
25,18,0,66261358
51,23,0,66262382
22,18,3,66262491
26,18,2,66263266
6,38,3,66263303
49,49,2,66263712
63,18,0,66263835
10,32,1,66263989
18,44,2,66264110
27,34,7,66264709
49,50,6,66264753
9,32,3,66264857
23,23,3,66265212
11,32,0,66265414
10,32,3,66265417
6,44,2,66265754
9,33,0,66265788
23,19,2,66265804
10,33,0,66266187
16,37,3,66266281
19,20,0,66266412
17,35,0,66266457
13,55,1,66266816
24,47,3,66266974
23,19,0,66266996
62,22,3,66267597
6,55,2,66269007
26,18,0,66269846
25,18,3,66269848
17,20,0,66270459
61,49,1,66270573
19,44,0,66270690
52,23,0,66271019
18,44,1,66271354
15,60,7,66272054
52,18,3,66272163
17,20,3,66272887
27,22,5,66272910
60,42,5,66272929
7,33,2,66273094
15,61,4,66273171
20,20,0,66273463
13,29,3,66273588
7,52,4,66273665
9,33,2,66273844
19,20,3,66273898
19,20,1,66273956
19,44,3,66273989
11,33,0,66274331
11,32,3,66274334
6,39,1,66274355
10,54,3,66274815
11,55,2,66274924
23,50,1,66275528
52,19,2,66275546
62,50,2,66275805
27,24,5,66275897
6,49,2,66276349
8,48,0,66276754
43,13,2,66276840
23,19,1,66276856
23,51,5,66276915
47,16,5,66277313
8,33,3,66277820
41,15,1,66277822
15,39,1,66277834
52,19,0,66277929
3,40,2,66278028
60,50,2,66278194
54,23,1,66278299
49,50,2,66278309
26,18,1,66278410
11,29,3,66278437
15,28,3,66278516
27,21,3,66278661
24,19,0,66278681
17,24,3,66278700
23,19,3,66278913
45,49,6,66278935
27,24,6,66279007
18,21,0,66279129
25,48,0,66279428
20,47,0,66279844
9,33,3,66280417
7,22,0,66280579
61,23,1,66280728
15,33,6,66280901
17,30,3,66281222
10,33,1,66281790
9,33,1,66282012
25,19,2,66282279
47,50,3,66284602
11,31,3,66288282
18,21,2,66288887
8,48,3,66289124
20,20,3,66290252
14,40,2,66291504
26,18,3,66292244
9,34,2,66293119
8,34,0,66293394
12,45,1,66293476
53,23,1,66293508
52,23,3,66294349
56,24,2,66294496
27,19,0,66294504
52,19,1,66294877
14,32,0,66295228
54,24,2,66295427
19,21,2,66295477
16,36,7,66295510
9,47,0,66295832
25,19,1,66295848
11,33,3,66296290
10,34,0,66296361
22,53,0,66296389
23,29,2,66297439
11,34,2,66297593
18,21,3,66297600
63,50,1,66297764
20,21,0,66297805
24,19,3,66298300
14,40,1,66299125
13,32,3,66299248
23,20,0,66299292
11,23,6,66299347
9,34,0,66299394
8,34,2,66299475
10,34,1,66299893
15,40,1,66300367
7,57,0,66300451
21,53,3,66300616
52,19,3,66301324
23,20,1,66301879
18,21,1,66302169
48,52,4,66302399
9,34,3,66302601
23,28,5,66303014
7,46,1,66303249
59,24,0,66303798
47,51,7,66304006
10,34,3,66304223
13,41,2,66304638
62,25,5,66304702
53,24,2,66305383
25,20,6,66305460
9,34,1,66305561
50,51,1,66305684
15,50,3,66305937
17,33,6,66306070
1,42,1,66306166
14,32,1,66306187
9,56,0,66306556
46,50,6,66306783
11,34,1,66306786
52,20,2,66306839
24,20,0,66307247
17,32,6,66307330
19,22,0,66307437
53,24,0,66307572
21,21,0,66307695
50,25,4,66307709
24,53,6,66307967
59,41,6,66307975
4,40,1,66308024
8,34,3,66308104
9,41,0,66308374
3,40,1,66308415
6,41,5,66308693
62,17,2,66308759
63,21,0,66308948
6,41,0,66309377
19,21,1,66309409
7,57,3,66309601
18,53,0,66309636
18,22,2,66309642
10,51,0,66309751
11,55,1,66309908
10,56,2,66310057
26,20,2,66310203
54,24,1,66310545
20,21,3,66310709
6,41,3,66310872
53,24,3,66311301
55,24,1,66311314
16,26,0,66311370
62,25,6,66311402
51,19,2,66311571
25,20,0,66311823
42,8,0,66311962
15,60,4,66312021
27,22,6,66312128
18,31,0,66312161
17,37,3,66312233
14,41,2,66312273
39,10,0,66312646
10,47,0,66312713
24,20,3,66313176
9,48,0,66313202
26,20,0,66313224
13,60,0,66313316
13,50,0,66319784
1,43,2,66320135
7,53,3,66320791
21,58,4,66320994
22,21,0,66321383
13,14,7,66321385
24,51,3,66322117
0,43,2,66322195
5,55,6,66322635
8,35,0,66323155
8,35,2,66323320
14,47,1,66323380
9,35,2,66323603
9,35,0,66324219
26,20,1,66324243
10,42,5,66325476
16,32,5,66325587
52,24,2,66325720
17,40,2,66325743
10,35,2,66326157
10,35,0,66326418
25,20,3,66326880
9,41,3,66327959
19,47,3,66328087
10,35,1,66328265
25,21,0,66328281
1,43,1,66328417
9,48,3,66328603
13,41,1,66328609
27,20,1,66328751
11,35,0,66330137
10,35,3,66330140
26,21,2,66330512
12,50,3,66330731
9,35,1,66330741
12,33,0,66330824
8,35,3,66330990
8,35,1,66331037
22,21,3,66331076
53,24,2,66331312
19,22,2,66331935
10,42,0,66331970
12,42,2,66332027
25,21,2,66332333
54,26,3,66332520
6,42,2,66332864
9,35,3,66333052
17,22,2,66334110
7,58,1,66334124
12,32,5,66334161
7,59,2,66334472
25,52,5,66334565
15,61,0,66335314
18,53,5,66335338
7,56,4,66335341
9,42,2,66335559
52,53,0,66335880
19,22,3,66336279
26,20,3,66336303
56,25,0,66337340
17,36,5,66337461
18,22,1,66337594
17,39,3,66337780
0,44,2,66337908
49,54,2,66337989
54,27,1,66338263
11,36,2,66338949
27,33,5,66339004
8,49,3,66339159
16,26,3,66339348
53,20,0,66339463
27,20,0,66340032
26,21,0,66340035
20,23,0,66340673
10,36,2,66340738
17,36,0,66340827
48,55,3,66341249
26,21,1,66341969
9,36,2,66342439
11,35,3,66343017
23,22,2,66343217
18,27,0,66343594
13,51,0,66343749
36,34,5,66343920
0,44,3,66343940
49,54,3,66344001
15,61,3,66344304
23,30,3,66344924
27,30,3,66351666
9,36,0,66353126
10,36,0,66353704
53,27,3,66355301
10,42,1,66355449
7,59,3,66355655
27,36,3,66356713
50,55,0,66356903
27,21,1,66357101
8,36,2,66357180
11,36,0,66357529
25,21,3,66358483
15,42,1,66358686
1,44,3,66358892
12,36,0,66358894
0,45,2,66359526
13,43,2,66360971
53,25,4,66360975
12,43,2,66361382
9,36,3,66361402
11,36,3,66361637
18,29,0,66361805
11,36,1,66361904
21,23,0,66362062
10,36,1,66362241
18,40,0,66363275
15,42,3,66363414
10,36,3,66363627
10,50,0,66363631
26,22,2,66363840
16,32,6,66364388
56,25,1,66364510
7,60,2,66364565
60,26,3,66364586
12,24,2,66364591
19,23,3,66364725
18,31,5,66365441
17,23,2,66365610
9,36,1,66365735
56,27,2,66365912
8,60,0,66366520
52,43,3,66366563
25,22,2,66367310
51,54,0,66367449
5,50,0,66367554
7,52,0,66367699
12,25,6,66368306
13,43,1,66368532
23,22,1,66368853
12,34,6,66370214
54,28,2,66370599
12,14,3,66370734
9,37,2,66370926
7,60,1,66371116
14,43,2,66371519
12,34,0,66372131
25,22,1,66372334
12,32,6,66372385
22,23,2,66372581
51,19,4,66373052
36,37,0,66373100
20,23,3,66373141
20,24,0,66373305
9,60,5,66373577
8,37,0,66374087
9,43,3,66374191
17,37,6,66374319
26,22,0,66374343
18,53,1,66374603
17,53,2,66374605
53,21,1,66374669
17,36,6,66374926
18,32,5,66374939
13,34,2,66375077
7,58,1,66381100
10,37,0,66382552
9,37,0,66383931
52,21,3,66384286
58,27,2,66385429
12,37,0,66385696
12,36,3,66385699
10,37,2,66386783
11,37,0,66386808
25,22,3,66387098
12,35,3,66387813
18,40,5,66387906
4,43,3,66388306
10,37,3,66388806
0,47,7,66388856
9,51,3,66389452
9,44,4,66389630
3,43,1,66389728
9,37,3,66390561
21,24,0,66390913
12,34,3,66391242
7,61,1,66391401
20,49,0,66391799
16,43,0,66391944
0,44,3,66392036
23,23,0,66392094
18,29,6,66392185
21,23,3,66392723
24,23,2,66393112
12,51,7,66393267
10,43,3,66393508
9,62,2,66393718
56,26,2,66393782
10,37,1,66394126
28,35,5,66394937
7,53,2,66395214
20,24,3,66395335
8,58,1,66395371
26,22,3,66395486
36,34,6,66395950
11,37,3,66396099
13,28,5,66396517
24,26,3,66396835
38,17,7,66396851
8,59,4,66397016
18,33,5,66397394
8,62,2,66398001
8,37,3,66398036
8,62,0,66398143
10,51,3,66398433
54,26,5,66399514
28,41,0,66399526
18,29,3,66399896
9,54,5,66400013
18,27,3,66400089
10,44,2,66400758
28,40,5,66400875
28,40,0,66401182
24,23,1,66401347
26,23,0,66401390
28,33,0,66401460
53,25,7,66401909
18,32,6,66401965
28,39,0,66402022
7,53,1,66402470
28,31,0,66402650
52,61,1,66402985
19,28,0,66403206
28,39,5,66403282
6,62,7,66403642
28,37,0,66403673
17,34,0,66403743
18,39,6,66404282
52,45,0,66404908
53,45,7,66404910
23,23,3,66404918
12,62,2,66405096
54,23,3,66405161
36,38,6,66405187
6,62,2,66405344
22,24,5,66405543
12,37,3,66405965
36,37,3,66405998
7,56,5,66406067
9,60,6,66406130
60,26,2,66406355
13,36,0,66406591
12,33,3,66406907
7,60,2,66415002
21,24,3,66416200
11,38,0,66416253
9,38,2,66416436
9,38,0,66417152
11,52,0,66417230
27,23,0,66417736
8,62,1,66417772
11,38,2,66418089
15,44,3,66418642
0,47,3,66418972
52,24,6,66419222
20,25,0,66420803
13,35,0,66420869
10,38,1,66421023
16,43,3,66421127
8,27,6,66421154
0,46,2,66421266
54,26,6,66422260
12,38,0,66422508
12,39,6,66422577
18,37,6,66422610
23,34,6,66422623
25,23,3,66423312
10,62,4,66423484
18,42,6,66423554
1,47,5,66423844
22,24,0,66424421
5,52,3,66424609
16,43,6,66424713
7,63,2,66424813
9,38,3,66424894
21,25,0,66424971
24,23,3,66425430
12,45,2,66426031
11,38,1,66427374
19,37,0,66427811
18,38,3,66428120
1,46,1,66428325
7,54,3,66428779
17,27,0,66429472
23,24,0,66429495
11,38,3,66429784
18,41,0,66430086
31,0,1,66430268
14,32,3,66430290
23,24,2,66430347
24,24,0,66430404
8,63,2,66430532
28,38,3,66430652
17,43,5,66431268
28,40,3,66431299
37,35,0,66431445
13,38,0,66431855
53,25,3,66431999
28,41,6,66432268
20,25,3,66433295
48,37,6,66433399
54,26,0,66434269
9,38,1,66434743
11,53,0,66434888
11,52,3,66434890
13,29,3,66435035
13,31,5,66435154
28,35,6,66435548
12,38,3,66435970
28,37,3,66436247
19,41,5,66436273
37,38,0,66436355
14,45,3,66436471
25,24,0,66436595
53,22,0,66436895
52,22,3,66436898
28,33,6,66437105
11,62,4,66437614
19,53,1,66437859
48,30,3,66437896
24,24,2,66437932
10,39,0,66442360
10,39,2,66448017
0,47,2,66450367
54,29,3,66451121
22,24,3,66451208
7,53,0,66451425
22,25,0,66452036
21,25,3,66452039
54,27,5,66452128
12,53,0,66452404
11,53,3,66452407
12,39,0,66452513
37,36,6,66453513
27,23,3,66453563
20,26,2,66453678
22,53,3,66454525
13,38,3,66454673
37,38,6,66454700
15,46,0,66455139
19,36,5,66455572
19,36,0,66455612
0,50,7,66455691
26,29,0,66455940
26,28,3,66455945
10,39,3,66456727
13,39,0,66457106
28,39,3,66457147
28,40,6,66457319
19,30,3,66458058
9,61,1,66458207
9,39,2,66458342
24,24,1,66458517
13,34,6,66458596
23,24,3,66458625
12,39,1,66458753
37,33,5,66459235
37,34,6,66459237
55,24,0,66459516
49,31,0,66460049
21,26,0,66460813
12,45,1,66461151
53,24,5,66461259
14,33,0,66461466
55,25,5,66461489
22,54,0,66461672
18,45,3,66461937
13,39,1,66462340
18,41,2,66462472
54,26,3,66462788
29,39,0,66462832
24,24,3,66462847
54,28,6,66463678
37,38,3,66463837
25,24,1,66464074
18,31,6,66464847
51,61,2,66465064
53,24,3,66465165
0,47,3,66465304
38,38,5,66465971
23,25,0,66466125
29,38,0,66466437
56,29,5,66466705
29,40,5,66467762
29,39,5,66467895
26,24,0,66468128
9,47,0,66468492
12,40,2,66468567
10,39,1,66468821
7,53,3,66469144
12,39,3,66469586
19,36,3,66469776
20,26,0,66471346
55,23,5,66474799
20,26,1,66477447
18,30,2,66477603
55,25,0,66477797
1,50,1,66478632
11,40,2,66479732
61,26,0,66481257
18,31,3,66481730
24,25,2,66481753
25,24,3,66482294
29,32,0,66483324
19,32,0,66483507
0,48,2,66483613
14,29,5,66483740
11,40,0,66484476
36,16,3,66484994
38,39,0,66485341
20,26,3,66485344
24,25,0,66485507
29,34,5,66485689
29,33,0,66485783
13,39,3,66486010
53,23,5,66486169
19,33,6,66486726
0,50,3,66486975
22,32,6,66487028
21,54,3,66487397
8,54,0,66487623
19,26,3,66487829
19,46,0,66487969
10,40,2,66488448
53,23,0,66488563
55,25,6,66488972
55,23,3,66489086
19,35,6,66489118
13,40,0,66489276
12,40,1,66489832
14,39,0,66489880
26,24,3,66490134
22,26,0,66490153
22,25,3,66490156
29,32,5,66490474
29,36,5,66490607
55,29,5,66490873
53,23,6,66491085
8,35,3,66491795
16,55,5,66491815
21,26,3,66492083
19,41,3,66492641
37,35,3,66492901
29,36,0,66493131
55,24,3,66493281
29,31,5,66493455
12,40,0,66493461
19,41,2,66493655
49,60,7,66493795
41,34,3,66494368
18,46,6,66494391
15,54,7,66494456
1,50,3,66494573
1,48,0,66494630
18,45,6,66494645
29,35,6,66494650
19,29,3,66494657
25,33,5,66495212
14,32,0,66495219
7,47,2,66495431
53,23,3,66495470
18,40,6,66495566
20,27,0,66495605
58,26,2,66495875
22,21,2,66496234
38,36,0,66496892
28,24,0,66497303
9,40,3,66497842
29,40,0,66497851
29,39,3,66497854
29,40,6,66497971
29,33,3,66498573
53,22,3,66498806
28,24,1,66498994
20,32,5,66499053
14,36,5,66499078
1,48,3,66499111
29,37,6,66499176
29,38,3,66499198
26,25,0,66499405
23,25,3,66499770
21,27,2,66500220
36,38,0,66500944
29,30,3,66507871
27,24,3,66512059
57,30,5,66513859
55,25,3,66514231
25,25,0,66514334
57,29,0,66514509
4,50,2,66514725
57,29,5,66515287
55,24,6,66515766
29,32,6,66515841
21,27,0,66515896
14,33,5,66516539
18,30,0,66516650
29,34,6,66516798
19,35,3,66517264
29,36,6,66518163
38,35,3,66518194
11,40,1,66518226
27,25,2,66518515
28,25,5,66518744
10,47,0,66519132
20,32,0,66519912
14,29,3,66520131
56,25,0,66520269
55,30,0,66520463
38,39,3,66520561
14,38,3,66520981
59,62,5,66521202
29,32,3,66521366
0,19,3,66521621
56,24,5,66522588
10,29,0,66522801
20,33,5,66522805
56,62,5,66522903
20,39,0,66523014
58,26,1,66523122
14,40,0,66523253
27,25,0,66523386
20,31,5,66523447
16,57,3,66523484
14,39,3,66523813
29,39,6,66523896
23,26,0,66524482
24,34,3,66524550
14,33,3,66524813
57,62,0,66524818
0,41,2,66525048
56,26,5,66525160
12,57,3,66525312
56,24,0,66525845
22,26,3,66525888
20,34,0,66526051
11,40,3,66526463
54,24,0,66526472
55,29,6,66526928
51,31,3,66526941
61,26,3,66527087
17,57,4,66527097
3,50,3,66527248
55,28,6,66527382
22,27,0,66527424
16,38,4,66527512
9,36,0,66527699
29,36,3,66527763
20,39,2,66527857
1,36,1,66528194
15,37,7,66528836
14,35,6,66529002
14,33,6,66529059
59,26,1,66529260
39,33,4,66529316
12,40,3,66529319
38,37,3,66529754
14,37,6,66530066
20,32,3,66531000
24,25,3,66531157
29,31,7,66531287
15,36,5,66531374
16,56,7,66532090
56,23,0,66532263
54,24,5,66538195
1,49,0,66538874
54,23,0,66539090
56,24,3,66541045
30,33,5,66543050
30,36,5,66544537
30,34,0,66544880
30,35,5,66545093
18,47,0,66545313
9,35,3,66545471
0,35,2,66545664
54,25,6,66546311
30,37,5,66546609
20,33,6,66546937
60,26,1,66547341
61,26,1,66547930
14,36,6,66547998
56,29,6,66548195
27,25,1,66548349
20,34,3,66548377
25,25,3,66548479
39,36,0,66549582
30,34,5,66549775
20,32,6,66550010
28,25,0,66550098
28,24,3,66550101
56,25,6,66550131
30,31,5,66550549
56,23,3,66550738
30,31,0,66550818
30,39,5,66551387
56,27,5,66551838
62,26,3,66551852
20,27,3,66552262
20,34,7,66552625
54,24,3,66552847
15,32,5,66553175
58,27,2,66553327
9,36,3,66553598
56,27,6,66553701
15,39,0,66554281
30,37,0,66554471
30,30,0,66554669
20,42,5,66554969
13,40,3,66555068
30,38,5,66555108
15,30,0,66555300
56,28,5,66555367
30,34,3,66556548
54,23,3,66556582
59,27,2,66556778
20,41,7,66556973
60,27,2,66557122
30,37,6,66557254
26,25,3,66557969
15,34,5,66558043
15,35,5,66558055
51,63,2,66558622
54,62,5,66558754
23,26,3,66558955
30,36,6,66558985
55,23,0,66559305
38,31,3,66559443
15,40,0,66559547
55,25,0,66559649
14,55,0,66559811
30,35,6,66559869
15,34,0,66561436
49,24,7,66561504
57,25,0,66561732
20,43,2,66561892
15,30,3,66562236
21,32,5,66562669
17,47,0,66563031
25,26,0,66563377
8,55,3,66563550
23,27,6,66563560
29,31,4,66563784
5,50,0,66563796
21,41,0,66570322
14,40,3,66570363
19,27,3,66570886
30,34,6,66571485
30,33,6,66575434
1,31,5,66575742
15,32,6,66576567
30,30,6,66576641
21,32,0,66576974
10,39,5,66577229
30,33,3,66577894
0,34,3,66577895
59,27,1,66578247
10,37,0,66578254
53,33,6,66578746
15,35,3,66578773
57,25,3,66579111
63,29,5,66579117
10,36,0,66579180
20,38,0,66579648
17,47,3,66579920
55,24,0,66580070
55,23,3,66580072
30,31,3,66580221
39,32,0,66580455
20,37,2,66580590
15,39,3,66580677
60,29,2,66580917
22,37,4,66581555
60,27,3,66582319
55,24,3,66582622
60,27,1,66583013
30,39,6,66583034
0,31,6,66583038
15,36,6,66583465
26,26,2,66584030
10,39,0,66584058
32,3,2,66584154
63,27,0,66584454
21,32,3,66584567
22,27,3,66584609
0,36,3,66584796
0,35,3,66585140
27,26,0,66585156
27,25,3,66585158
0,36,6,66585501
21,38,5,66585606
16,56,4,66585703
30,38,6,66586400
10,39,3,66587041
20,28,0,66587119
20,29,5,66587436
16,31,0,66587530
45,46,6,66587577
30,37,3,66587648
31,35,5,66587886
21,27,3,66588478
10,37,3,66588535
1,52,4,66588778
30,36,3,66589196
20,30,5,66589297
42,14,3,66589614
21,28,0,66589892
21,31,5,66589922
0,37,3,66590495
31,33,0,66590564
31,33,5,66590640
31,31,5,66590745
20,28,5,66590773
57,25,6,66590786
31,34,5,66591071
52,37,5,66591129
40,18,3,66592248
29,30,3,66592277
16,32,5,66592297
24,27,0,66592589
29,25,0,66592679
28,25,3,66592681
31,32,5,66593179
16,30,0,66593199
58,25,0,66593317
31,31,0,66593388
31,30,3,66593391
26,26,0,66593918
31,31,6,66594312
43,19,4,66600192
31,34,0,66600256
10,40,6,66600911
0,51,7,66602360
58,26,0,66604825
31,37,5,66605053
13,41,0,66606288
16,36,0,66606874
31,35,0,66606913
10,39,6,66607180
56,24,0,66607201
0,41,6,66607562
16,30,3,66607606
21,41,4,66607810
41,19,0,66607818
56,24,6,66608028
31,36,5,66608051
31,37,0,66608803
59,30,0,66608864
60,28,2,66609181
31,38,0,66609460
40,33,5,66609707
26,26,1,66609742
31,29,3,66610662
31,30,6,66611034
25,26,3,66611164
0,42,6,66611168
22,36,5,66611221
20,29,6,66611261
0,42,3,66611365
21,38,2,66611418
58,25,3,66611522
31,32,6,66611640
57,28,4,66611808
0,43,6,66612473
31,32,3,66612935
24,27,3,66613238
16,37,5,66613380
16,38,2,66613459
61,28,2,66613574
59,31,1,66613873
11,38,5,66613926
28,26,0,66614245
29,25,3,66614364
30,31,0,66614404
25,35,5,66614550
57,30,6,66614650
20,30,6,66614665
0,44,6,66614685
58,26,3,66614690
2,30,3,66614694
31,34,3,66615022
37,29,6,66615097
31,37,3,66615237
20,29,3,66615250
1,37,6,66615489
11,39,0,66615561
38,28,5,66615758
16,37,0,66615879
15,40,3,66615946
61,28,0,66616376
0,43,3,66616505
0,45,6,66616598
59,30,3,66616717
39,25,4,66616843
60,30,2,66616869
58,26,6,66617384
32,30,5,66618001
58,24,3,66618094
17,33,5,66618175
18,48,0,66618653
18,47,3,66618658
31,33,6,66618684
33,26,1,66618970
11,40,5,66619040
11,36,5,66619159
58,31,0,66619272
57,31,3,66619275
1,40,5,66619362
28,31,6,66619450
16,37,6,66619663
16,32,3,66619891
11,36,0,66619971
30,31,1,66619999
9,56,0,66620053
16,40,0,66620056
29,32,2,66620057
16,31,3,66620091
16,36,3,66620325
11,36,3,66621045
11,39,5,66621227
22,33,0,66621613
11,38,0,66622075
26,26,3,66622199
24,37,7,66622493
29,26,2,66622663
11,38,3,66623060
11,40,0,66623135
11,39,3,66623138
56,24,3,66623340
59,28,0,66623405
16,38,6,66623484
11,38,6,66623743
1,34,7,66623843
59,26,5,66624407
30,32,0,66624450
31,37,6,66624669
11,40,6,66624785
31,36,6,66624857
59,26,0,66624862
31,32,2,66624920
1,34,4,66625301
17,48,0,66625674
59,28,3,66625761
12,36,0,66625778
29,26,0,66626036
58,30,5,66627610
31,34,6,66631609
59,27,0,66632864
31,36,3,66633797
61,28,1,66634536
58,30,3,66634977
32,36,5,66635339
22,39,3,66635738
22,33,6,66635993
21,29,5,66636337
62,30,0,66636524
21,28,3,66636534
1,49,6,66637618
16,41,0,66637757
16,40,3,66637759
31,35,3,66638319
14,57,0,66638351
11,39,6,66638417
12,34,5,66638580
32,30,0,66639400
17,32,0,66639488
26,27,0,66639662
32,36,0,66639724
32,35,0,66639735
22,39,5,66639957
62,28,1,66640219
17,36,5,66640442
17,37,5,66640621
39,38,0,66641428
63,28,1,66641622
59,26,3,66641641
9,56,3,66642021
17,33,0,66642089
41,33,5,66642235
32,32,5,66642585
17,37,0,66643031
1,40,2,66643075
57,25,0,66643327
63,28,0,66643441
31,32,4,66643450
28,26,1,66643964
32,38,0,66643999
30,26,0,66644309
25,27,3,66644310
63,30,0,66644411
53,34,2,66644579
61,28,3,66644640
32,38,5,66645029
58,30,6,66645036
12,37,0,66645068
57,24,3,66645386
2,32,3,66645545
22,47,5,66645746
17,39,5,66645978
32,33,5,66646101
31,32,1,66646252
17,32,3,66646323
32,32,6,66646327
12,38,5,66646503
23,39,0,66646578
57,25,3,66646678
32,36,3,66646780
25,28,0,66647435
29,32,3,66647450
32,35,3,66647499
32,30,6,66647644
29,26,1,66647711
32,36,6,66647783
32,34,3,66647830
23,40,0,66647868
17,34,0,66648233
23,34,5,66648283
27,26,3,66648293
1,44,6,66648462
33,28,4,66648481
32,29,3,66648521
21,30,6,66648631
58,28,7,66648968
31,31,5,66649104
33,36,0,66649123
17,36,3,66649262
59,26,6,66649420
32,30,3,66649423
32,33,6,66649554
33,32,5,66649647
27,27,0,66649657
1,35,4,66649916
12,33,0,66649957
1,45,6,66650131
28,26,3,66650584
12,37,5,66650704
61,29,2,66650737
17,30,6,66651038
12,34,6,66651496
2,35,4,66651541
1,33,7,66651713
29,26,3,66652172
33,31,0,66652269
22,40,5,66652347
33,30,0,66652432
33,38,2,66652956
17,37,6,66653142
33,35,5,66653342
12,32,6,66653523
2,31,3,66653781
61,30,3,66653880
12,40,5,66654038
57,34,5,66654082
12,36,3,66654318
17,35,3,66654613
60,26,5,66654806
1,40,0,66654887
17,36,6,66654965
31,31,3,66655268
17,33,3,66655644
17,20,6,66655694
21,29,6,66655874
18,36,0,66655889
2,33,3,66655999
12,31,5,66656518
43,18,4,66656640
12,37,6,66656914
31,31,6,66656934
12,33,3,66657191
12,39,0,66657322
23,32,5,66661160
2,34,5,66661432
12,38,6,66662537
12,39,5,66663292
61,31,0,66663375
2,50,6,66663493
62,29,2,66663707
12,32,3,66663793
3,34,0,66664065
58,25,0,66664104
60,27,0,66664169
3,31,0,66664267
1,41,0,66664569
17,33,6,66664763
58,26,0,66665961
22,47,6,66666096
3,51,5,66666408
2,51,6,66666410
3,33,0,66666673
12,40,0,66666813
17,39,3,66667725
60,26,3,66667855
60,27,3,66667889
1,40,6,66668690
17,41,0,66669083
17,40,3,66669086
18,31,0,66669200
17,34,3,66669311
61,32,5,66669350
18,39,4,66669594
60,27,6,66670029
60,25,0,66670063
63,29,0,66670086
12,39,6,66670270
1,42,6,66670350
22,29,5,66670598
58,26,3,66670736
30,32,3,66671164
61,31,3,66671177
17,35,6,66671920
30,32,5,66672169
3,35,0,66672172
28,27,2,66672359
18,36,5,66672376
13,32,0,66672463
18,35,0,66672535
12,37,3,66672630
13,31,5,66672637
58,27,6,66672640
26,28,0,66672748
2,35,7,66673346
33,37,0,66673823
23,42,3,66673836
18,34,5,66673966
2,33,1,66673988
28,27,0,66674437
58,25,3,66674646
12,38,3,66674662
59,25,5,66674977
58,25,6,66674979
42,41,5,66675104
26,27,3,66675296
12,36,6,66675326
41,28,3,66675570
18,33,5,66675617
62,31,0,66675838
12,57,3,66676117
13,34,5,66676119
12,40,3,66676124
31,33,0,66676144
2,45,5,66676176
32,31,1,66676273
3,30,3,66676369
3,35,2,66676394
23,39,3,66676421
23,40,3,66676546
12,39,3,66676613
18,30,3,66676735
18,34,0,66677027
3,50,5,66677149
54,31,0,66677270
17,48,3,66677609
18,31,3,66678061
33,37,3,66678073
17,39,6,66678231
31,32,7,66678232
60,26,6,66678276
42,44,6,66678294
13,36,5,66678338
5,51,3,66678511
11,11,3,66678519
13,32,3,66678556
3,36,4,66678644
18,35,3,66678863
59,27,0,66679046
33,36,3,66679112
61,27,5,66679480
24,33,0,66679481
13,39,0,66679551
43,45,5,66679638
13,57,0,66680287
33,30,3,66680406
13,36,6,66680436
27,32,7,66680968
3,35,1,66681033
30,33,0,66681084
33,36,6,66681089
61,27,0,66681153
3,37,2,66681302
2,40,0,66681353
2,45,6,66681424
32,31,0,66681587
33,29,3,66681631
18,34,6,66681828
60,22,0,66681853
4,31,2,66681955
32,32,0,66681963
18,37,1,66682131
27,33,0,66682153
59,34,7,66682220
42,32,0,66682464
60,31,5,66682486
59,28,3,66682718
23,32,6,66682780
26,37,0,66683188
2,38,4,66683281
19,38,4,66683640
14,30,7,66683779
3,40,1,66684038
24,40,0,66684259
23,28,0,66684393
30,26,3,66684403
20,59,1,66685143
18,36,6,66685512
30,32,6,66685719
13,38,0,66685734
2,45,4,66686153
59,26,0,66686158
26,28,6,66686246
6,24,4,66686925
13,31,3,66687110
3,51,6,66687182
32,33,6,66687657
24,28,3,66687676
59,27,3,66687748
17,57,7,66687794
27,32,6,66687867
33,33,7,66687891
43,46,6,66687943
13,40,5,66688007
60,29,0,66688058
29,27,0,66688088
44,16,3,66688153
13,38,5,66690185
62,33,5,66691079
59,26,5,66693410
62,32,0,66694465
27,28,0,66694614
2,43,5,66694956
18,33,6,66695039
61,29,6,66695388
4,35,1,66695567
13,40,0,66695585
24,37,0,66695904
60,32,6,66695910
33,35,6,66696804
18,41,0,66696859
18,40,3,66696863
61,27,6,66696982
62,32,3,66697260
20,48,3,66697363
23,29,5,66697420
18,41,6,66698207
62,33,6,66698258
16,59,0,66698269
62,31,3,66699430
34,37,0,66699821
13,38,6,66699949
20,58,1,66699975
13,38,3,66700338
60,30,3,66700442
19,32,0,66700485
61,27,3,66700565
24,43,5,66700713
59,26,3,66700791
28,32,0,66700796
27,27,3,66700975
24,37,6,66701152
24,42,5,66701231
13,40,6,66701480
3,38,7,66701485
31,31,5,66701590
21,39,0,66701834
59,26,6,66701906
24,43,0,66701976
24,48,2,66702053
19,31,0,66702054
4,34,6,66702166
26,28,3,66702227
13,39,3,66702413
59,25,3,66702906
3,45,5,66703057
13,41,6,66703287
3,39,0,66703434
3,43,4,66703646
3,41,4,66703682
4,35,2,66703991
25,28,3,66704030
3,37,1,66704354
63,31,0,66704406
20,36,1,66704435
33,33,4,66704884
19,31,3,66705074
60,27,0,66705193
33,33,2,66705358
13,40,3,66705593
24,40,3,66705705
60,25,0,66705736
62,28,0,66705837
4,39,5,66705871
3,50,6,66706080
4,50,5,66706083
43,28,5,66706148
14,32,0,66706260
62,27,0,66706289
24,40,6,66706301
19,36,0,66706307
31,33,4,66706597
3,45,6,66706800
33,32,1,66706837
63,32,5,66706841
24,36,3,66706980
30,27,0,66707264
4,37,2,66707471
25,37,5,66707593
19,58,0,66707826
24,43,6,66708446
3,46,6,66708594
61,31,5,66708708
24,42,3,66708734
24,49,5,66708791
62,27,5,66708852
19,32,3,66708948
42,38,5,66708991
5,34,5,66709044
34,35,5,66709105
34,36,6,66709107
63,26,4,66709133
62,26,5,66709675
19,33,5,66709746
19,30,3,66710054
14,39,0,66710123
14,39,5,66710449
6,28,5,66710568
14,40,5,66710612
34,34,5,66710753
33,34,6,66710755
14,33,0,66710835
14,32,3,66710838
60,29,6,66711026
60,27,5,66711231
19,36,3,66711408
4,51,6,66711513
5,26,3,66711537
27,32,7,66711611
33,31,0,66711651
63,32,0,66711695
40,23,6,66711742
23,31,6,66711755
14,37,5,66711988
4,34,2,66712101
1,50,0,66712170
19,35,5,66712255
4,33,3,66712275
5,34,0,66712418
3,45,2,66712560
60,26,5,66712758
41,22,5,66712790
19,40,5,66712889
18,40,6,66712891
19,40,0,66712923
11,57,3,66712935
4,39,6,66713035
4,39,4,66713158
27,37,0,66713175
62,26,3,66713358
3,41,1,66713393
42,35,5,66713512
44,45,5,66713534
60,26,0,66713593
3,42,1,66713634
2,42,2,66713636
14,36,3,66713974
28,27,3,66714360
18,39,6,66714366
19,39,5,66714516
19,40,6,66714519
14,37,6,66714634
34,35,6,66714691
14,40,6,66714735
4,40,4,66714762
20,61,6,66714795
62,27,3,66714915
30,27,2,66714929
62,28,6,66714938
4,42,1,66714979
34,38,0,66715091
34,37,3,66715093
19,36,6,66715510
60,27,3,66715566
60,25,5,66715605
60,26,6,66715608
43,30,6,66715616
14,39,6,66716002
44,22,4,66716480
1,31,1,66716603
60,28,6,66716703
15,33,5,66716875
26,32,7,66716949
14,38,6,66717000
34,33,5,66717011
34,34,6,66717013
55,31,3,66717033
4,39,2,66717142
4,39,1,66717317
44,46,6,66717323
24,30,5,66717342
62,29,3,66717442
62,27,6,66717521
19,35,6,66717556
13,14,4,66717756
41,22,6,66718004
42,28,4,66718015
41,26,3,66718017
28,28,6,66718171
24,45,2,66718206
24,45,1,66718245
60,26,3,66718266
5,36,1,66718457
4,41,4,66718576
25,36,0,66718641
41,26,5,66718693
41,27,6,66718694
45,50,4,66718724
14,33,3,66718775
24,37,3,66718891
44,43,2,66718942
57,44,0,66718978
14,40,0,66719184
6,29,3,66719220
25,42,5,66719551
19,41,6,66723685
34,33,6,66724220
19,33,6,66724866
60,25,3,66724934
19,40,3,66725272
19,32,5,66725599
19,32,6,66726027
1,50,5,66726084
31,27,0,66726343
63,27,0,66726542
25,39,5,66727339
62,28,3,66727433
63,28,0,66727669
19,41,0,66727953
17,57,3,66727989
14,58,3,66728047
61,28,5,66728061
28,28,0,66728098
25,40,0,66728191
5,37,0,66728296
27,28,3,66728355
63,27,5,66728726
35,29,5,66728936
44,29,5,66729321
4,45,5,66729443
25,42,0,66729481
60,27,6,66729495
5,36,3,66729754
20,32,5,66730075
44,35,0,66730555
25,33,3,66730566
62,32,5,66730668
15,36,0,66730673
5,50,5,66730746
4,50,6,66730749
5,50,0,66730755
14,40,3,66730894
17,58,0,66731041
42,35,6,66731342
61,27,5,66731397
11,58,3,66731402
44,35,1,66731764
4,44,3,66731930
6,33,1,66731965
0,53,3,66732295
61,26,0,66732382
5,38,0,66732443
5,37,3,66732447
33,31,3,66732662
20,31,5,66732744
19,31,6,66732748
4,45,6,66732820
5,50,3,66733103
7,34,1,66733179
12,58,0,66733376
12,57,3,66733379
5,39,5,66733754
62,31,0,66733821
25,40,6,66734006
25,36,3,66734045
25,46,0,66734056
25,45,3,66734059
15,32,5,66734168
35,33,5,66734300
14,39,3,66734346
22,48,3,66734393
25,40,3,66734445
42,41,6,66734630
7,30,0,66734654
5,38,3,66734737
20,37,0,66734783
25,42,6,66734855
1,48,3,66735040
15,37,0,66735055
9,51,3,66735123
5,39,6,66735270
6,35,2,66735273
4,46,6,66735359
45,49,0,66735403
0,48,6,66735502
20,33,0,66735744
20,35,5,66735795
25,34,3,66736044
62,33,6,66736150
15,30,3,66736375
5,49,3,66736683
24,30,6,66736696
42,37,3,66736740
15,38,5,66736820
5,51,6,66736859
33,33,7,66737517
57,44,6,66737550
30,27,1,66737576
45,29,1,66737720
2,49,0,66737729
6,35,1,66737846
45,49,3,66737933
35,29,6,66738137
26,40,0,66738341
25,47,6,66738456
34,32,0,66738465
61,25,3,66738630
15,33,0,66738751
14,58,6,66739000
24,30,3,66739008
15,33,6,66739192
20,34,5,66739241
32,33,3,66739258
4,45,4,66739263
43,43,5,66739296
35,32,1,66739431
15,36,3,66739514
5,43,5,66739568
4,42,7,66739590
25,31,5,66739856
25,42,3,66739927
15,37,5,66739962
29,27,3,66739970
15,35,3,66740116
7,51,1,66740217
31,24,7,66740257
15,40,0,66740368
62,32,6,66740401
5,40,2,66740580
20,33,3,66740621
15,31,3,66740661
62,31,3,66740747
43,21,7,66740843
6,34,7,66740863
26,42,5,66741121
16,32,0,66741236
4,43,7,66741318
15,38,6,66741480
61,28,6,66741610
26,41,0,66741650
42,23,6,66741657
43,34,5,66741750
32,31,1,66741784
6,34,4,66741847
20,39,0,66742503
32,27,0,66742526
16,31,0,66742555
35,32,0,66742627
34,32,3,66742630
26,34,0,66742856
34,33,2,66742945
32,27,2,66743005
44,43,1,66743226
44,30,2,66743267
15,38,0,66743362
43,36,2,66743439
29,34,6,66743490
35,33,1,66743724
4,43,4,66743777
61,27,6,66743876
3,53,1,66743892
63,32,0,66743938
61,26,3,66743961
46,33,4,66743981
15,37,3,66744336
26,35,0,66744352
35,33,0,66744472
35,32,3,66744477
30,27,3,66744681
5,34,4,66744704
6,37,1,66744726
20,34,6,66744854
29,28,0,66744905
28,28,3,66744907
5,45,5,66745317
46,51,0,66745450
12,59,0,66745487
62,29,3,66745535
45,47,0,66745537
7,35,4,66745889
5,44,1,66745936
18,41,3,66746071
45,47,3,66746073
5,42,2,66746087
2,50,3,66746208
42,21,5,66746352
42,22,6,66746354
8,28,0,66746385
15,38,3,66746401
27,29,0,66746414
6,38,1,66746420
5,38,2,66746423
33,26,3,66746520
25,29,0,66746617
2,49,3,66746654
21,37,2,66746682
25,29,5,66746779
30,33,5,66746862
45,32,7,66747039
25,39,6,66747146
45,31,5,66747165
26,37,0,66747300
22,39,5,66747591
22,40,6,66747594
26,29,0,66747924
62,28,5,66747927
34,33,1,66747954
43,31,0,66748485
46,50,0,66748602
5,41,3,66748618
5,42,0,66748621
36,34,5,66748716
20,31,6,66749133
16,36,0,66749203
2,52,6,66749382
34,32,6,66749557
35,33,5,66749627
20,32,6,66749655
5,40,7,66749733
5,42,3,66749822
43,43,6,66749838
45,31,3,66749899
35,33,6,66749955
5,36,6,66749960
57,41,3,66749982
26,35,3,66749993
62,27,0,66750024
44,29,6,66750064
43,38,0,66750072
15,40,3,66750148
15,37,6,66750215
4,41,2,66750296
33,34,2,66750327
36,35,5,66750428
8,29,5,66750445
43,42,6,66750538
43,37,3,66750719
36,28,5,66750902
20,41,0,66753033
16,33,5,66753168
19,41,3,66753832
25,32,6,66756117
34,27,0,66757557
20,35,6,66757666
63,32,5,66758479
43,40,5,66758514
26,41,5,66758519
26,42,6,66758521
25,31,0,66758531
63,30,5,66759577
36,35,6,66759591
20,34,3,66759715
63,31,5,66759919
8,29,6,66759982
62,27,5,66760031
26,43,0,66760138
3,51,5,66760146
26,43,3,66760285
51,15,0,66760448
6,39,1,66761298
6,40,0,66761438
6,50,5,66761460
62,26,0,66761885
26,34,3,66761970
7,34,0,66762175
62,28,6,66762484
62,26,5,66762528
16,39,0,66762851
6,42,5,66763073
62,26,3,66763316
21,34,0,66763500
10,51,3,66763631
6,36,3,66763642
2,54,2,66763657
16,37,0,66763898
3,49,0,66764148
15,40,6,66764167
33,33,3,66764247
6,41,4,66764364
5,46,6,66764385
16,58,0,66764553
17,58,3,66764647
30,28,0,66764881
7,51,5,66765047
62,27,3,66765267
31,36,0,66765346
21,34,5,66765868
25,30,6,66765892
63,28,0,66765920
3,49,3,66766093
25,31,6,66766106
17,33,5,66766327
16,33,6,66766330
19,57,3,66766446
36,36,4,66766521
10,52,2,66766523
16,31,3,66766543
6,40,1,66766714
27,34,0,66766826
3,51,6,66766841
35,33,4,66767204
7,36,5,66767213
16,36,3,66767381
21,35,6,66767511
46,50,3,66767765
11,52,6,66767887
9,29,5,66767942
7,35,4,66768038
16,37,5,66768056
35,33,2,66768217
45,26,6,66768363
8,32,6,66768423
21,37,3,66768495
16,39,5,66768522
26,40,6,66768591
62,27,6,66768616
27,39,5,66768798
8,27,3,66768816
43,34,6,66768850
8,29,0,66768890
6,42,4,66769106
33,31,1,66769203
63,28,5,66769273
6,38,2,66769440
36,33,5,66769470
4,53,1,66769945
43,25,0,66770001
8,33,0,66770074
7,38,1,66770098
46,48,6,66770130
23,49,2,66770149
7,36,6,66770259
26,29,5,66770297
44,41,5,66770758
29,28,3,66770781
7,52,6,66770839
43,25,3,66770910
6,39,2,66771125
27,35,0,66771466
45,32,4,66771755
43,31,3,66771758
21,33,5,66771866
21,34,6,66771869
35,32,1,66771876
3,48,5,66771896
35,32,7,66771908
8,29,3,66772071
34,33,3,66772361
27,32,4,66772494
9,29,0,66772497
13,13,3,66772806
36,32,1,66772993
17,32,5,66773075
32,27,3,66773086
44,32,0,66773132
7,50,5,66773686
4,50,0,66773707
45,37,1,66773792
28,29,0,66773823
16,39,3,66773872
27,37,0,66773892
21,32,3,66774335
63,27,0,66774443
16,39,6,66774450
33,27,1,66774485
8,34,0,66774562
16,41,0,66774568
16,58,3,66774611
26,29,3,66774617
26,30,5,66775019
9,30,0,66775026
43,28,6,66775195
9,31,0,66775226
47,46,7,66775249
20,41,3,66775362
16,37,3,66775403
27,36,0,66775610
26,41,6,66775612
36,31,3,66775615
58,34,5,66775717
26,31,5,66776191
6,44,2,66776266
63,26,0,66776347
21,38,3,66776357
10,52,0,66776449
37,36,6,66776451
27,40,5,66776463
27,41,5,66776678
27,37,3,66776751
17,38,0,66776783
22,33,0,66777054
46,32,0,66777056
27,41,0,66777068
44,27,5,66777110
17,38,5,66777127
17,37,5,66777170
14,59,5,66777425
21,34,3,66777493
17,33,6,66777758
6,34,7,66777825
63,27,5,66777926
46,36,7,66777958
63,26,5,66778033
62,26,6,66778035
27,40,6,66778121
4,50,5,66778228
20,42,0,66778355
6,40,3,66778367
7,34,1,66778407
45,35,1,66778458
22,34,5,66778472
8,51,0,66778683
27,39,3,66778754
17,32,0,66778819
7,41,0,66778872
6,41,3,66778874
27,35,3,66779005
30,29,6,66779033
6,45,2,66779144
34,27,2,66779232
13,13,5,66779300
37,33,1,66779319
7,37,3,66779582
6,46,6,66779609
47,47,5,66779811
17,37,0,66779973
8,33,0,66780031
4,54,2,66780037
35,32,2,66780224
33,27,3,66780298
7,41,1,66780315
6,41,1,66780336
37,32,0,66780349
17,36,0,66780410
6,44,3,66780521
58,33,5,66780623
7,38,3,66780651
45,52,2,66780703
4,50,6,66780745
16,59,3,66780797
22,32,0,66780814
31,28,5,66780828
22,58,5,66781005
44,45,6,66781023
0,50,2,66781133
45,44,5,66781235
13,14,0,66781258
34,27,1,66781564
45,41,0,66781617
37,32,5,66781618
7,51,6,66781698
27,37,6,66781943
8,52,0,66782857
14,58,3,66785891
17,32,3,66787919
22,33,5,66788296
7,42,0,66788429
4,50,3,66788745
15,58,0,66789154
47,48,3,66789250
27,36,3,66789303
25,46,3,66789353
27,38,2,66789758
8,50,5,66790789
31,34,0,66790847
30,34,0,66791320
7,45,0,66791497
9,33,3,66791606
8,35,4,66791727
28,40,0,66793063
38,4,6,66793199
37,37,6,66793281
9,31,6,66793534
11,52,0,66793560
8,36,2,66793711
8,35,2,66793714
7,38,0,66793729
27,31,5,66794057
35,32,3,66794612
30,29,0,66794858
30,28,3,66794861
22,32,3,66795023
30,34,3,66795026
20,58,1,66795079
31,28,0,66795330
17,36,3,66795784
50,18,7,66795794
8,37,7,66796121
7,46,5,66796131
7,41,3,66796492
8,34,5,66796797
7,45,5,66796859
7,45,6,66796942
15,14,1,66797372
28,39,5,66797434
17,37,3,66797543
36,34,2,66797603
27,30,0,66797675
9,37,1,66797760
24,40,0,66798198
27,38,0,66798208
2,50,0,66798260
36,32,3,66798273
8,51,5,66798401
38,36,5,66798762
17,58,3,66798768
1,50,0,66799087
28,37,0,66799088
22,49,3,66799437
37,29,3,66799532
8,51,6,66799646
23,31,0,66799722
17,38,6,66800070
27,38,3,66800110
28,38,0,66800209
17,40,0,66800425
17,39,3,66800430
7,46,6,66800991
47,46,4,66801189
35,27,3,66801215
8,39,7,66801238
18,37,0,66801640
22,33,6,66801790
28,33,3,66801996
28,39,0,66802092
21,59,3,66802103
17,40,3,66802216
5,49,5,66802222
22,33,3,66802499
22,35,6,66802635
28,37,3,66802647
22,34,6,66802714
18,36,7,66803133
23,34,5,66803140
28,36,3,66803291
28,39,3,66803330
27,33,2,66803425
47,41,1,66803727
46,42,2,66803751
23,35,5,66804086
28,36,6,66804104
8,34,3,66804110
22,34,3,66804132
26,47,5,66804566
35,34,0,66804582
18,37,5,66804940
37,33,6,66804968
18,50,4,66805183
15,58,3,66805240
34,34,3,66805321
23,35,0,66805605
10,28,3,66805674
28,34,4,66805764
10,30,5,66805769
53,35,3,66805820
37,31,3,66806087
7,42,3,66806220
32,32,7,66806565
47,54,4,66806602
27,31,6,66806637
8,36,1,66806772
7,36,2,66806775
18,34,5,66806871
34,27,3,66807011
22,39,6,66807233
8,43,0,66807348
8,41,6,66807368
28,38,3,66807374
8,41,4,66807543
17,38,3,66807570
47,50,7,66807793
31,29,0,66807989
31,28,3,66807991
28,30,5,66808090
31,34,1,66808102
23,50,0,66808192
37,32,7,66808422
23,32,5,66808441
30,24,6,66808510
11,52,3,66808596
26,45,0,66808637
10,32,6,66808791
7,40,7,66808797
22,49,1,66808959
18,39,0,66809144
38,35,5,66809173
38,29,6,66809222
0,45,3,66809237
28,35,2,66809326
21,42,0,66809370
8,43,1,66809383
8,37,2,66809532
33,28,2,66809549
8,33,3,66809569
5,50,6,66809637
18,35,6,66809807
37,34,2,66809993
23,31,5,66810545
6,43,2,66810655
47,39,4,66810994
1,43,3,66811206
24,40,3,66811246
47,54,1,66811263
47,55,1,66811405
8,34,1,66811461
38,35,6,66811509
8,45,5,66811552
23,38,5,66811570
45,36,6,66811615
36,27,1,66811642
23,38,6,66811721
48,34,5,66811824
35,34,2,66811882
48,37,0,66812035
8,41,3,66812043
49,52,5,66812066
36,34,0,66812140
28,36,2,66812541
11,23,7,66812591
16,59,0,66812624
23,59,1,66812726
7,52,0,66812924
38,32,1,66813018
23,34,0,66816401
23,33,0,66817085
23,31,3,66819129
5,45,5,66819600
31,34,3,66820349
3,50,0,66820583
9,52,6,66820833
26,45,6,66821129
23,40,0,66821332
29,39,0,66821396
6,51,0,66821448
9,35,1,66821674
18,40,0,66821913
0,43,6,66821924
9,51,6,66821953
18,39,3,66822811
6,49,5,66823263
16,58,3,66823460
39,30,5,66823467
23,37,3,66823510
6,50,3,66823535
38,36,6,66823561
8,45,1,66824009
13,50,3,66824125
39,34,5,66824826
8,43,3,66825270
23,32,3,66826134
9,40,0,66826275
23,33,3,66826339
23,40,5,66826541
0,50,3,66827211
11,33,5,66827357
1,50,3,66827514
23,34,6,66827808
23,36,6,66828024
34,28,0,66828042
35,28,2,66828351
24,40,7,66828457
35,34,6,66828797
39,32,0,66828930
23,41,0,66829034
29,38,3,66829339
6,50,6,66829535
23,41,3,66829743
8,46,6,66830187
37,34,5,66830216
36,33,5,66830220
24,40,1,66830510
18,37,6,66830622
16,51,3,66831145
2,43,0,66831227
47,47,6,66831265
33,28,0,66831279
18,38,0,66831363
18,37,3,66831369
35,28,0,66831393
36,34,1,66831403
9,36,7,66831419
23,34,3,66831531
16,59,3,66832148
24,34,0,66832153
5,46,2,66832606
8,40,2,66832649
9,33,5,66832704
30,29,3,66832836
29,36,6,66833140
47,38,5,66833206
36,33,6,66833468
4,55,2,66833581
32,29,0,66833592
47,36,5,66833606
46,36,6,66833609
34,28,2,66833849
48,45,7,66833873
24,33,0,66833925
37,33,0,66833992
29,37,6,66834230
22,59,2,66834242
9,33,3,66834321
7,51,0,66834495
9,36,5,66834513
37,33,3,66834583
37,34,6,66834631
18,40,3,66834813
19,38,0,66835170
48,45,4,66835209
34,36,4,66835243
28,32,6,66835301
9,42,4,66835427
9,41,6,66835439
29,36,3,66835496
49,52,6,66835530
10,51,5,66835623
63,45,4,66835698
19,32,3,66835869
9,36,6,66835892
47,35,5,66835914
9,44,0,66835924
47,23,1,66835960
62,33,7,66836276
36,28,0,66836332
9,38,7,66836344
31,29,3,66836427
40,38,5,66836558
50,53,3,66836583
6,51,3,66836929
6,46,1,66836969
10,38,0,66837251
11,52,5,66837300
33,35,7,66837320
12,28,1,66837379
47,34,7,66837487
48,41,7,66837705
38,34,0,66837867
7,49,5,66837877
23,32,6,66838183
29,40,0,66838309
19,40,0,66838395
39,35,5,66838692
17,59,0,66838763
17,58,3,66838768
46,26,6,66838811
49,45,3,66838820
4,55,1,66838892
49,36,5,66838911
48,41,4,66838927
10,37,4,66839281
10,39,5,66839751
9,38,1,66839814
28,29,3,66839982
2,43,6,66840175
32,24,5,66840249
1,46,0,66840407
9,44,6,66840422
19,38,3,66840435
3,56,2,66840548
50,52,6,66840652
39,33,1,66840845
17,59,2,66840878
24,37,3,66841180
20,32,0,66841262
9,45,1,66841389
48,46,5,66841418
50,33,2,66841651
39,34,1,66842091
33,28,3,66842107
9,34,6,66842125
33,36,3,66842181
39,35,6,66842739
10,40,5,66842766
9,42,6,66843189
9,40,2,66843191
20,33,0,66843507
19,41,0,66843622
10,41,5,66843707
24,35,5,66843746
14,51,5,66843812
49,24,4,66843898
50,40,7,66843901
7,52,6,66843974
10,35,4,66844819
6,49,6,66846507
19,36,3,66847348
10,40,0,66848917
17,59,3,66849742
10,51,6,66853621
9,46,0,66854042
1,46,1,66854146
0,51,2,66854292
9,40,3,66854572
3,42,7,66854594
1,51,0,66854746
33,29,0,66855280
30,37,0,66855290
3,50,3,66855570
18,59,0,66855612
20,32,6,66855873
39,30,6,66855960
10,38,3,66856157
4,50,3,66856236
9,47,6,66856352
29,30,0,66856591
24,33,3,66856688
35,28,1,66856710
10,36,5,66856771
25,38,0,66857560
25,34,0,66858284
24,34,3,66858287
24,42,0,66858296
10,41,0,66858509
10,40,3,66858512
9,46,6,66858862
10,43,0,66858980
19,37,3,66859006
14,52,3,66859025
8,46,3,66859328
8,51,0,66859983
4,56,0,66859993
42,4,2,66860657
51,49,5,66860671
40,36,0,66860843
20,36,0,66860883
20,39,0,66860967
24,36,6,66860992
11,38,0,66861233
1,32,1,66861407
32,24,3,66861672
34,28,3,66861744
25,35,0,66861772
25,35,5,66861985
10,41,3,66861987
19,40,3,66862015
39,33,1,66862020
32,29,3,66862104
29,30,3,66862584
29,31,5,66862696
40,28,3,66862776
12,31,6,66863119
26,31,7,66863461
25,39,5,66863526
38,33,7,66863623
38,34,0,66863646
25,37,0,66863655
20,38,0,66863717
20,37,0,66863756
2,51,0,66863759
8,52,5,66863781
38,34,3,66863842
40,34,5,66864075
20,34,0,66864215
20,33,3,66864216
10,34,0,66864364
38,34,2,66864424
11,39,1,66864505
22,60,2,66864633
8,50,5,66864748
9,50,2,66864751
9,50,1,66864759
39,33,0,66865309
11,50,3,66865661
14,51,6,66865769
25,37,3,66865828
19,41,3,66865836
30,38,0,66865870
38,34,1,66865874
37,28,0,66866015
25,31,3,66866157
11,52,6,66866158
20,32,3,66866227
8,52,6,66866351
25,39,6,66866683
29,31,6,66866926
30,38,3,66867154
25,33,6,66867280
40,33,5,66867546
30,38,5,66867646
34,29,2,66867959
5,50,3,66868027
12,52,5,66868200
12,53,6,66868203
50,39,3,66868247
33,35,0,66868255
10,35,0,66868412
18,60,0,66868630
9,46,3,66868646
0,43,6,66868648
40,34,1,66868704
48,32,3,66868714
20,40,0,66868933
17,51,3,66868949
10,40,2,66869108
49,54,3,66869173
20,37,3,66869205
11,38,1,66869528
58,34,6,66869570
11,37,3,66869606
10,39,2,66869660
18,48,6,66869803
8,51,3,66869825
6,49,3,66869965
20,40,5,66870028
50,45,1,66870116
20,38,6,66870128
31,30,0,66870165
29,39,3,66870185
1,42,0,66870235
25,35,6,66870255
15,54,4,66870419
51,53,3,66870430
37,34,2,66870571
2,51,1,66870596
19,42,0,66870641
20,41,0,66870644
34,29,1,66870818
20,34,3,66870883
20,36,3,66870945
25,38,6,66871045
10,36,6,66871107
34,35,0,66871216
3,42,5,66871221
32,30,0,66871361
1,41,5,66871699
26,37,5,66871876
18,60,3,66872015
20,39,6,66872037
8,52,0,66872183
9,51,0,66872185
38,32,1,66872633
50,49,1,66872647
37,33,2,66873004
2,57,0,66873141
11,38,4,66873229
18,59,3,66873392
51,39,7,66873431
10,34,3,66873724
4,51,0,66873845
21,34,0,66874032
8,52,3,66874558
0,36,2,66874563
8,50,6,66874613
10,42,0,66874633
6,55,0,66874695
53,62,0,66874766
10,37,7,66874844
49,38,0,66874873
48,38,3,66874876
1,51,1,66874903
12,29,6,66874982
49,42,5,66875187
49,41,2,66875190
20,40,6,66875220
10,33,3,66875254
20,41,5,66875258
7,55,1,66875439
33,33,6,66875460
52,54,0,66875598
0,32,3,66875798
41,38,7,66876317
34,29,0,66878272
20,38,3,66880543
33,29,3,66881184
23,3,4,66881598
20,37,6,66882291
24,42,3,66882846
41,29,0,66885375
31,36,5,66885529
21,35,0,66885961
5,51,0,66885965
11,34,5,66887265
10,34,6,66887267
0,51,3,66887862
20,39,3,66888045
25,34,3,66888300
41,41,3,66888325
31,36,6,66888602
0,42,7,66888623
12,51,5,66888670
9,51,3,66888751
41,29,5,66888754
20,41,6,66888877
35,28,3,66888950
38,28,1,66889548
11,44,5,66889865
7,50,0,66890084
20,42,6,66890408
26,34,5,66890557
26,42,5,66890579
12,30,3,66890948
26,38,0,66891378
26,37,3,66891380
11,44,6,66891629
11,38,7,66891644
33,30,0,66891688
35,35,0,66891921
30,31,0,66891958
1,47,5,66891969
41,29,3,66892040
53,62,3,66892252
1,51,3,66892796
11,43,6,66892846
7,57,1,66892995
53,21,0,66893002
36,28,3,66893016
41,31,6,66893446
6,51,0,66893487
21,35,5,66893497
10,33,5,66893694
21,38,0,66893713
12,40,5,66893920
21,34,5,66894041
26,32,5,66894155
41,38,6,66894160
21,37,0,66894171
32,38,1,66894405
11,35,0,66894659
14,30,5,66894692
21,34,3,66894845
21,37,5,66894942
10,52,5,66894944
3,51,1,66895241
33,30,2,66895573
26,38,5,66896013
41,34,1,66896021
40,34,2,66896023
21,38,5,66896145
40,33,5,66896270
6,56,2,66896283
7,50,3,66896607
12,41,5,66896614
4,56,1,66896714
21,35,6,66896886
21,38,6,66897067
26,38,3,66897325
31,37,3,66897411
21,35,3,66897417
11,34,0,66897460
26,35,0,66897499
11,47,2,66897685
17,53,6,66897734
2,51,3,66898092
26,38,6,66898454
12,37,3,66898716
25,42,3,66898802
26,33,6,66898968
21,39,0,66899038
41,35,6,66899204
26,36,5,66900159
1,52,2,66900293
8,47,0,66900832
15,22,2,66900922
21,34,6,66900957
12,42,0,66901184
11,47,6,66901575
25,43,0,66901613
41,40,6,66901739
35,29,0,66901818
34,29,3,66901820
12,53,0,66901931
26,34,0,66901970
49,42,6,66902082
12,51,6,66902229
34,35,3,66902491
15,32,4,66902670
39,33,2,66902759
7,51,6,66903191
21,40,5,66903257
26,34,3,66903390
35,33,5,66903406
32,37,0,66903684
38,34,3,66903836
27,37,5,66904033
26,37,6,66904036
33,35,4,66904190
37,28,3,66904383
51,46,4,66904506
10,51,3,66904640
13,52,5,66904653
41,37,6,66905193
2,32,3,66905230
3,51,3,66905309
51,39,4,66905413
21,40,6,66905454
11,37,5,66905510
2,42,0,66905610
2,33,2,66905676
21,37,6,66905695
12,38,3,66906228
49,38,6,66906267
21,41,5,66906336
24,43,0,66906470
21,37,3,66906483
11,40,2,66906520
51,45,4,66906764
13,31,0,66906771
1,59,7,66906953
34,30,0,66907020
8,54,3,66907213
32,34,7,66907442
42,32,4,66910665
41,32,7,66910667
40,33,6,66912893
31,33,5,66913537
42,30,5,66914452
1,37,6,66914668
21,38,3,66915199
12,40,4,66915469
26,40,5,66915650
27,38,0,66915701
39,35,0,66916556
42,39,5,66916609
5,48,5,66916991
12,42,3,66917515
42,39,6,66917994
13,52,6,66918315
26,42,6,66918426
26,34,6,66918891
42,30,0,66918985
39,33,1,66919142
37,29,2,66919181
2,52,2,66919354
11,34,3,66919543
42,29,5,66920034
27,38,5,66920572
27,41,5,66920895
12,43,5,66921178
4,51,3,66921636
12,43,6,66921905
0,33,6,66921928
30,31,3,66922168
26,43,0,66922183
1,52,0,66922195
8,43,1,66922457
42,37,5,66922467
27,39,0,66922621
21,41,6,66922681
42,30,6,66922899
12,40,6,66923077
0,32,3,66923242
27,38,6,66923483
32,38,0,66923568
12,44,1,66923816
2,52,0,66924156
22,34,5,66924267
26,36,6,66924388
2,42,1,66924412
11,37,6,66924575
12,34,0,66924583
26,35,3,66924820
42,34,5,66925543
12,41,2,66926136
14,51,0,66926152
5,51,3,66926464
13,41,5,66926632
13,38,0,66926872
42,36,5,66926968
27,34,0,66926985
34,33,3,66927115
13,32,6,66927173
31,31,5,66927203
13,39,0,66927215
0,53,7,66928082
0,33,3,66928430
12,38,2,66929040
3,52,2,66929163
26,41,6,66929219
8,51,0,66929443
27,33,5,66929548
11,52,0,66929849
31,33,6,66929961
41,35,7,66930198
12,36,5,66930462
22,39,0,66930571
8,55,3,66930575
22,36,5,66930580
27,35,0,66930615
22,36,0,66930626
22,39,5,66930741
27,35,5,66930885
41,34,3,66931128
26,40,6,66931347
22,38,0,66931453
40,35,4,66931509
43,43,2,66931513
9,51,0,66931698
27,38,3,66931704
0,34,3,66932164
42,40,6,66932242
27,36,5,66932303
3,44,4,66932453
0,36,6,66932455
32,37,3,66932670
42,30,3,66932742
42,41,3,66932805
7,56,1,66932875
12,47,6,66933444
38,28,3,66933505
37,29,0,66933549
35,30,0,66933717
0,52,3,66933737
22,37,5,66933843
12,44,4,66933882
24,12,0,66934049
27,36,0,66934098
2,52,1,66934137
13,42,5,66934204
27,40,5,66934315
14,31,0,66934342
13,31,3,66934345
36,29,0,66934385
35,29,3,66934388
27,32,3,66934433
5,43,3,66934443
5,45,0,66934486
2,36,5,66934560
13,47,2,66934607
5,52,2,66934733
54,44,2,66935017
13,38,3,66935245
26,11,0,66935303
35,33,1,66935539
34,35,6,66935542
22,39,3,66935633
4,52,2,66935886
11,50,0,66935892
15,53,0,66935909
13,39,6,66936190
42,31,2,66936208
31,30,3,66936353
43,39,5,66936367
22,39,6,66936575
27,33,3,66936794
14,31,5,66936829
3,52,0,66936839
14,53,6,66937175
40,28,3,66937257
0,35,3,66937315
34,25,6,66937332
34,30,3,66937358
40,35,0,66937466
11,53,1,66937554
41,35,4,66937957
52,57,0,66938027
1,33,0,66938244
9,56,0,66938418
22,34,3,66940355
12,35,0,66944214
4,52,0,66944258
12,43,5,66944368
14,52,6,66944685
43,44,0,66944944
1,35,5,66945017
38,37,1,66945403
12,34,5,66946388
0,36,3,66946889
22,36,3,66947356
11,40,0,66947602
27,35,6,66947928
22,36,6,66948195
27,34,3,66948272
27,36,6,66948410
7,51,3,66948750
1,35,0,66949880
1,34,0,66950042
0,38,6,66950134
27,40,6,66950144
0,37,6,66950172
43,29,5,66950248
8,51,3,66950363
27,35,3,66950714
5,52,0,66950839
27,36,3,66950939
10,51,5,66950956
22,38,3,66952484
1,34,6,66952626
9,45,3,66952797
33,30,3,66953281
17,54,0,66954966
27,33,6,66955310
22,41,6,66955316
36,30,0,66955481
12,43,3,66955952
0,37,3,66955999
43,31,0,66956038
39,29,0,66956060
13,40,3,66956115
28,38,0,66956261
5,33,1,66956328
28,39,5,66957010
38,29,0,66957364
27,41,3,66957483
39,33,5,66958120
40,33,2,66958123
13,41,3,66958416
27,37,6,66958465
1,34,3,66958510
33,35,3,66958634
13,44,0,66958783
36,25,4,66958913
12,36,6,66959043
1,35,6,66959104
43,34,6,66959270
1,44,3,66959713
13,46,5,66959998
14,33,6,66960014
6,52,0,66960063
35,25,5,66960162
10,43,0,66960195
23,34,5,66960209
41,34,5,66960295
43,29,3,66960314
28,39,0,66960354
1,36,0,66960471
0,52,2,66960480
1,36,5,66960496
41,34,6,66960682
28,35,5,66960723
43,31,3,66960798
43,30,3,66960887
28,34,0,66961117
1,52,3,66961228
3,52,3,66961356
12,34,3,66961440
28,35,0,66961615
23,35,0,66961648
33,36,3,66961746
15,52,5,66961870
32,1,4,66961885
28,33,0,66962125
13,53,3,66962229
55,19,0,66962295
44,35,4,66962340
35,30,3,66962401
36,29,3,66962404
0,38,3,66962427
1,36,6,66962447
42,36,6,66962548
10,51,1,66962642
9,56,3,66962697
53,31,5,66962817
43,35,5,66962846
22,37,6,66962988
22,42,3,66963280
13,35,5,66963564
40,29,2,66963624
20,53,4,66963632
28,36,5,66963787
52,57,3,66964078
0,40,6,66964344
3,52,1,66964507
2,41,6,66964730
43,44,3,66964751
1,37,5,66964836
2,32,7,66965044
1,59,5,66965073
23,37,5,66965266
28,33,5,66965281
23,41,0,66965290
18,54,0,66965341
43,43,3,66966024
23,35,5,66966128
28,34,5,66966130
13,44,3,66966372
37,34,5,66966429
28,37,5,66966436
2,34,5,66966620
13,46,6,66966848
1,35,3,66966907
2,45,5,66967737
14,51,5,66967838
40,35,3,66968139
11,34,6,66968390
28,37,0,66968418
23,35,6,66968800
23,37,6,66968823
13,42,0,66969216
0,39,3,66969243
8,56,3,66969253
41,35,4,66969642
52,36,7,66969655
28,38,5,66969751
14,39,4,66970145
12,35,3,66971608
8,52,0,66973342
28,36,0,66973459
23,34,6,66973793
2,52,3,66974049
1,37,0,66974806
0,40,3,66975940
13,34,0,66976062
13,47,7,66976461
4,36,2,66976605
4,52,1,66976638
3,39,5,66976836
0,41,6,66977732
2,34,0,66977737
0,53,3,66978367
12,39,5,66978455
14,42,5,66978919
23,38,5,66979130
9,51,3,66979131
0,54,3,66979386
2,35,5,66979477
1,39,0,66979836
2,33,5,66979946
0,55,6,66980246
0,42,6,66980653
1,37,6,66980842
34,31,0,66981175
1,40,5,66981258
13,47,6,66981783
1,53,0,66982050
1,40,0,66982196
0,41,3,66982257
13,35,0,66982648
44,42,3,66983125
1,36,3,66983162
23,34,3,66983643
14,41,4,66983683
9,52,2,66983729
24,34,5,66983992
44,44,0,66984047
1,38,0,66984147
5,52,1,66984208
44,47,3,66984659
28,35,3,66984841
15,33,5,66984964
14,53,3,66985173
14,38,3,66985283
2,35,0,66985383
40,29,0,66985390
12,38,6,66985485
6,57,3,66985535
18,54,1,66985537
28,41,0,66985661
23,42,5,66986061
44,30,0,66986359
44,47,6,66986377
51,30,6,66986420
1,33,6,66986713
28,41,5,66987047
13,52,6,66987084
23,38,0,66987146
0,43,6,66987350
1,37,3,66987616
1,39,5,66987654
15,53,6,66987748
23,40,0,66987846
6,52,3,66988079
28,38,6,66988266
28,36,3,66988273
36,30,3,66988832
4,52,3,66989048
2,61,0,66989173
11,54,2,66989926
10,52,2,66990172
1,39,6,66990221
25,43,3,66990236
43,35,0,66990644
44,31,0,66990686
23,42,0,66990697
1,54,5,66990722
2,34,6,66990751
28,34,6,66991130
13,46,6,66991195
28,35,6,66991250
28,37,3,66991254
3,39,6,66991278
44,30,5,66991457
2,35,6,66991544
3,53,2,66992020
0,42,3,66992025
0,55,3,66992034
14,45,5,66992215
14,51,5,66992481
1,55,5,66992702
2,36,5,66992987
13,34,3,66993061
28,33,3,66993177
1,38,3,66993574
37,36,3,66993638
14,44,0,66993808
6,52,1,66994154
28,34,3,66994305
55,19,3,66994421
2,53,0,66994498
29,38,0,66994577
28,38,3,66994579
23,38,3,66994761
1,54,6,66994906
44,44,3,66994978
29,35,0,66995010
1,54,0,66995196
2,38,5,66995294
4,53,2,66995345
28,36,6,66995347
28,37,6,66995536
2,36,0,66995684
1,41,5,66995750
32,33,6,66995793
13,37,5,66996036
13,53,5,66996613
0,43,3,66996702
23,40,5,66996763
39,29,1,66996854
23,43,0,66996869
5,52,3,66996985
7,52,3,66996991
38,29,3,66997140
29,36,0,66997489
14,47,5,66997492
28,33,6,66997714
41,29,0,66997737
44,32,0,66997803
35,31,0,66997978
2,47,0,66998030
13,36,0,66998075
44,44,6,66998332
44,42,6,66998484
45,51,2,66998652
3,44,0,66998792
1,42,5,66999178
2,36,6,66999197
45,48,0,66999405
28,39,3,66999431
7,48,5,66999601
15,54,0,66999622
1,55,0,66999642
28,41,6,66999915
23,36,3,66999963
23,38,6,67000093
37,30,0,67000333
37,29,3,67000336
54,48,2,67000445
43,34,6,67000568
45,48,5,67000647
1,41,0,67000705
39,29,3,67000739
43,35,3,67000909
36,31,0,67000948
2,19,1,67005874
4,37,0,67006203
7,52,1,67006861
54,52,0,67007686
10,52,0,67007802
1,40,6,67009340
10,43,3,67009559
1,39,3,67009681
15,31,3,67009791
1,53,3,67009883
2,35,3,67010051
9,57,0,67010090
4,38,5,67010261
44,45,6,67010401
18,54,3,67010796
1,42,0,67010846
23,42,6,67011165
0,45,6,67011246
45,45,0,67012615
2,37,0,67012642
1,40,3,67012883
15,42,4,67013410
14,45,6,67013497
1,54,3,67013547
14,43,3,67013581
15,51,5,67014432
15,52,6,67014435
44,32,3,67014954
15,44,0,67015029
44,33,3,67015202
44,29,3,67015285
16,30,5,67015406
3,34,5,67015421
41,29,1,67015579
1,55,6,67015640
45,43,0,67015646
0,44,3,67015675
44,30,3,67015882
44,32,6,67016088
23,40,6,67016517
24,35,0,67016634
2,54,5,67018008
3,53,0,67018342
23,40,3,67018586
14,47,6,67018624
10,57,0,67019016
3,35,5,67019140
15,43,4,67019141
2,38,6,67019176
15,40,0,67019310
44,31,3,67019577
2,38,0,67019746
29,33,0,67020055
1,56,0,67020189
1,43,0,67020271
14,44,3,67020536
2,39,5,67020616
15,39,0,67021017
16,52,5,67021170
45,43,5,67021537
0,46,6,67021818
29,34,5,67021918
0,56,3,67022230
1,55,3,67022232
45,49,0,67022338
11,44,0,67022506
33,32,5,67022714
45,48,6,67022791
0,45,3,67022851
23,43,6,67022879
7,53,2,67023876
45,44,5,67024017
2,40,5,67024081
45,46,5,67024246
13,56,0,67024474
24,39,5,67024745
9,52,1,67024812
3,36,5,67025030
29,34,0,67025051
2,36,3,67025304
15,40,5,67025340
13,54,1,67026095
1,43,6,67026521
40,29,3,67026701
45,47,6,67026747
39,30,0,67026819
29,33,5,67026891
45,42,5,67026951
4,53,0,67027029
29,39,0,67027106
41,29,3,67027566
6,53,0,67027688
1,42,6,67027713
45,52,6,67027781
8,52,3,67027927
2,56,1,67028057
1,44,5,67028070
38,30,0,67028112
12,44,1,67028174
26,44,0,67028362
29,35,5,67028423
29,36,5,67028438
33,32,6,67028447
2,39,0,67028835
15,54,1,67028895
1,44,0,67028944
45,45,3,67029255
23,53,1,67029266
1,41,3,67029494
16,33,5,67029724
37,31,0,67029843
37,30,3,67029845
15,45,1,67029907
45,41,0,67029911
14,52,5,67030212
45,44,3,67030336
4,37,3,67030779
24,39,0,67030997
45,46,6,67030999
13,37,6,67031025
40,29,1,67031126
45,49,3,67031649
24,37,5,67031842
29,40,5,67031865
23,41,3,67031873
5,53,2,67033052
3,35,0,67037637
54,22,5,67038436
2,37,3,67039928
2,40,0,67041608
3,33,3,67041693
5,53,0,67042502
2,54,0,67042523
1,42,3,67043037
2,53,3,67043828
45,33,0,67044867
1,44,6,67044896
13,35,3,67044971
45,32,0,67045690
45,44,6,67045819
45,31,5,67046038
2,55,0,67046726
2,55,5,67046766
45,43,3,67046821
14,35,0,67047081
29,40,0,67047228
37,32,6,67047230
45,45,6,67047649
6,34,5,67047921
1,45,5,67048118
16,32,0,67048176
7,53,0,67048186
15,42,5,67048381
45,39,5,67048692
2,39,6,67049118
6,53,2,67049461
35,31,3,67049650
12,52,0,67049712
1,45,0,67050103
14,55,2,67050306
42,29,3,67050531
15,39,3,67050563
18,55,2,67050574
3,35,6,67050850
45,31,0,67050893
2,41,5,67051196
29,38,3,67051315
3,44,3,67051462
45,41,3,67051529
2,38,3,67052017
38,25,1,67052110
29,35,3,67052723
3,36,0,67052849
24,41,5,67053027
15,42,0,67053137
14,52,6,67053172
22,54,2,67053179
3,36,6,67053281
8,53,2,67053320
29,35,6,67053617
45,30,5,67053688
15,41,6,67053836
16,33,6,67054026
45,43,6,67054210
45,38,0,67054282
3,37,5,67054380
9,57,3,67054651
4,53,3,67054940
0,47,3,67055066
43,29,1,67055168
15,40,3,67055356
1,46,0,67055379
11,52,1,67055435
33,34,6,67055472
36,31,3,67055544
43,29,3,67055623
29,37,5,67055634
11,58,5,67055720
2,40,6,67055822
4,40,3,67055905
45,50,6,67055921
3,46,3,67055999
29,34,6,67056552
15,35,0,67056972
8,58,2,67057030
29,33,3,67057419
2,41,0,67057625
6,53,1,67057755
24,35,3,67057992
3,37,0,67058174
42,29,1,67058690
4,41,6,67059198
45,48,3,67059282
24,40,6,67059425
12,55,0,67059554
40,30,0,67059870
9,53,2,67059955
8,59,6,67060097
34,35,6,67060137
42,30,2,67060267
35,36,5,67060302
46,52,5,67060491
14,53,0,67060534
14,44,6,67060581
24,42,5,67060639
8,53,0,67060663
18,55,1,67061351
19,55,1,67061641
3,53,3,67061657
29,36,6,67061900
2,41,6,67062079
41,30,0,67062139
4,33,0,67062305
46,53,5,67062308
10,53,2,67062674
32,12,7,67062698
24,37,0,67062723
24,42,0,67063071
1,43,3,67063302
23,54,0,67063905
2,39,3,67067386
15,55,2,67067454
38,30,3,67068421
12,52,1,67069993
1,46,6,67073774
3,35,3,67074160
1,44,3,67074555
11,53,2,67076337
8,48,2,67076379
1,45,6,67076578
36,31,2,67077181
17,53,6,67077282
2,40,3,67077630
42,30,0,67077918
10,53,0,67078005
38,31,0,67078586
2,56,0,67078601
15,46,5,67078800
2,42,5,67078860
5,53,3,67079616
2,54,3,67079663
2,42,0,67079749
16,30,6,67079762
17,54,0,67079818
46,48,5,67080138
14,48,4,67080244
14,47,7,67080246
45,31,3,67080521
13,36,3,67080984
3,33,7,67080990
14,55,3,67081586
15,42,3,67081597
29,39,3,67081916
29,40,6,67082081
7,53,1,67082894
45,33,6,67082895
15,55,1,67083378
3,38,0,67083463
16,52,1,67083739
46,45,5,67083993
6,53,3,67084115
46,46,5,67084406
2,55,3,67084449
3,37,6,67084528
46,45,0,67084796
14,55,1,67084900
38,31,5,67085029
5,54,2,67085095
11,44,3,67085196
45,42,6,67085287
36,32,2,67085314
14,35,3,67085824
46,46,0,67085895
33,12,4,67085969
3,19,7,67086546
45,31,6,67086651
3,54,0,67086667
37,31,3,67086731
39,30,3,67087061
24,39,3,67087704
46,44,0,67087764
44,30,0,67087798
41,30,2,67087809
41,30,1,67087850
8,53,1,67087871
0,33,3,67088162
7,48,1,67088812
10,58,0,67089117
4,34,5,67089230
19,56,2,67089343
11,55,0,67089365
36,32,0,67089502
14,36,0,67089702
55,22,0,67090339
12,48,1,67090632
9,53,1,67090710
34,32,0,67090952
4,54,0,67091235
7,53,3,67091246
4,47,0,67091294
43,30,0,67091837
2,43,0,67091896
15,35,3,67092067
18,56,2,67092771
20,56,2,67092798
46,50,0,67093035
3,36,3,67093059
40,30,3,67093386
16,55,3,67093440
3,39,5,67093554
45,32,3,67093859
46,42,0,67093921
4,35,5,67094096
4,47,5,67099508
8,53,3,67099716
1,45,3,67100198
11,55,3,67100662
5,54,0,67101463
11,53,1,67101821
6,54,2,67103490
39,31,0,67104318
3,56,1,67104558
10,58,3,67106024
0,48,3,67106786
3,39,0,67107044
6,54,0,67107205
7,54,2,67107485
15,49,4,67107535
2,43,5,67107625
24,41,6,67107799
1,48,0,67108468
38,32,0,67109204
38,31,3,67109206
36,32,1,67109323
41,30,3,67109866
0,18,2,67109999
2,43,6,67110335
13,56,2,67110441
46,50,3,67110458
14,56,2,67110473
15,56,0,67110515
21,55,3,67111599
17,32,0,67112053
8,54,2,67112234
7,54,0,67112454
8,54,0,67112528
46,39,5,67112654
15,36,0,67112680
42,30,1,67113363
0,18,3,67113845
37,32,0,67113950
11,58,1,67113996
15,36,2,67114538
28,33,0,67115384
19,54,0,67115659
17,53,2,67115683
17,56,2,67116286
1,19,0,67116725
3,19,4,67116727
40,31,2,67116855
13,49,0,67116928
15,48,5,67117601
40,31,0,67117721
3,37,3,67117767
7,54,1,67118227
27,33,3,67119363
6,54,1,67119415
16,53,2,67119483
3,54,3,67119589
19,56,3,67119690
6,50,6,67121662
42,31,2,67122075
44,30,3,67122600
22,55,0,67122885
42,31,0,67123053
42,30,3,67123054
14,54,4,67123112
20,56,1,67123329
8,54,1,67123422
41,31,2,67123659
5,54,1,67123662
43,30,3,67124086
40,31,1,67124170
1,19,3,67124231
41,31,0,67124535
10,49,0,67124932
36,32,3,67124993
14,55,0,67125135
3,60,3,67125956
15,56,1,67129629
5,54,3,67130545
19,56,1,67134332
19,57,2,67134334
14,56,1,67136461
2,33,1,67136806
0,49,2,67136816
6,54,3,67137278
13,56,1,67137287
22,56,5,67138399
17,56,0,67138435
34,33,5,67138798
4,60,3,67139590
10,55,7,67139652
11,54,1,67139986
13,53,1,67140082
7,54,3,67140618
9,54,1,67141126
4,49,2,67141395
43,31,0,67141418
20,18,3,67141560
19,54,3,67141869
12,54,2,67142331
14,47,1,67142433
3,55,0,67142549
8,54,3,67142667
39,31,3,67142671
16,54,0,67143006
12,57,2,67143245
12,49,3,67143614
37,33,5,67144131
14,36,3,67144347
41,31,1,67144442
4,55,2,67145071
39,32,0,67145611
19,57,0,67146236
11,59,0,67146292
18,57,2,67146348
5,55,2,67146355
28,33,3,67146611
40,31,3,67147265
4,55,0,67148821
19,55,0,67149130
45,31,0,67149233
40,32,0,67149248
18,57,1,67149386
8,60,2,67150405
12,49,1,67150590
12,22,5,67150731
4,61,0,67150845
42,31,1,67152111
13,59,5,67152154
1,49,1,67152174
7,55,2,67152392
14,48,7,67152849
6,49,1,67152975
42,31,3,67153027
9,49,1,67153219
10,55,2,67153407
2,56,5,67153460
13,57,2,67153562
4,49,3,67153568
1,34,2,67154219
15,36,3,67154334
6,55,2,67154348
2,34,2,67154454
10,55,6,67155330
9,60,1,67155617
15,57,2,67155656
8,55,2,67155835
29,33,1,67155837
5,49,3,67156312
6,55,0,67158858
41,31,3,67159579
7,55,0,67160752
9,55,2,67164390
44,31,0,67164784
16,37,2,67164884
10,49,3,67166141
15,53,2,67166142
19,55,2,67166774
8,55,0,67167742
3,55,3,67168026
45,31,2,67168214
4,55,3,67169136
41,32,0,67169218
38,32,3,67169314
12,57,1,67170048
2,61,3,67170165
4,34,1,67170652
5,55,3,67170842
41,32,2,67171020
26,34,0,67171212
1,34,0,67171568
14,37,0,67171937
0,19,3,67172017
5,40,5,67172142
27,34,0,67172198
3,56,5,67172226
45,31,1,67172977
9,49,3,67173292
1,48,1,67173494
15,57,1,67173548
7,55,1,67173605
12,59,1,67173983
5,55,1,67174761
12,57,3,67175019
6,55,1,67175238
28,34,0,67175265
2,19,1,67175438
19,55,3,67175723
3,61,2,67175981
15,53,3,67176008
6,55,3,67176231
18,55,3,67176423
17,57,1,67176894
16,37,0,67177353
16,38,2,67177536
19,56,0,67177682
11,50,0,67177892
8,55,1,67178877
19,55,1,67178879
40,32,2,67178966
43,31,3,67179180
51,6,5,67179254
40,32,3,67179531
4,61,3,67180110
39,32,3,67180179
4,56,2,67180704
9,55,1,67180857
20,56,0,67180895
19,56,3,67180898
42,32,0,67181093
12,55,2,67181348
9,50,4,67181755
13,55,7,67181826
40,32,1,67182636
13,54,3,67182815
27,34,3,67182829
7,50,0,67183401
43,38,7,67183407
14,47,5,67183523
44,31,3,67183686
44,32,0,67183922
8,50,2,67183969
20,55,0,67184123
45,31,3,67184220
28,34,2,67184346
43,32,0,67184379
10,56,0,67184487
19,57,4,67184594
15,42,6,67184624
3,20,3,67184706
13,58,0,67184850
3,56,0,67184860
5,50,2,67184893
11,50,2,67184923
8,49,7,67185007
21,19,0,67185036
4,56,0,67185795
14,59,1,67185813
14,58,2,67185853
3,61,1,67185988
26,34,3,67186122
1,49,5,67186316
1,47,1,67186318
42,32,2,67186519
3,34,1,67186520
5,56,0,67186527
1,20,0,67186637
45,32,2,67186696
13,58,2,67186722
4,50,0,67186805
42,32,1,67187112
8,49,4,67187172
5,50,0,67187291
19,58,0,67187387
29,34,0,67187397
12,60,1,67187499
16,37,1,67187506
10,50,0,67187577
11,50,3,67188459
16,54,0,67188587
6,56,2,67190681
7,56,2,67194912
5,56,2,67195029
7,55,3,67195129
39,33,0,67195890
15,45,1,67196519
7,56,0,67197693
0,19,2,67197770
0,34,2,67198279
6,56,0,67198502
4,46,1,67199091
4,45,0,67199397
8,56,2,67200183
41,32,1,67200429
2,62,2,67200722
10,56,3,67200833
28,34,3,67200873
13,50,0,67201102
6,56,1,67201712
8,61,2,67201970
15,54,0,67202213
13,58,3,67202506
4,62,0,67202717
15,40,2,67203394
8,50,1,67203419
14,59,0,67204214
14,58,1,67204360
20,57,0,67204386
5,56,1,67204541
16,38,1,67204689
12,58,1,67204765
6,56,3,67205455
44,32,2,67205598
1,20,3,67205844
3,49,1,67206193
0,48,2,67206194
1,34,3,67206302
25,46,1,67206570
10,50,3,67206867
16,59,1,67207625
4,56,1,67207678
11,57,5,67207839
13,58,1,67208038
40,33,2,67208171
28,34,1,67208347
15,38,7,67208610
1,45,2,67208999
15,58,1,67209011
14,59,3,67209065
44,32,1,67209138
9,56,3,67209199
41,33,2,67209376
8,56,1,67209437
1,56,3,67209779
1,34,1,67209890
2,34,1,67210026
3,56,3,67210093
45,32,0,67210406
44,32,3,67210409
3,50,3,67210490
14,46,7,67210506
15,40,7,67210509
9,56,1,67210770
40,33,0,67211037
2,56,3,67211182
14,47,3,67211751
1,61,1,67211964
43,33,2,67212216
0,34,3,67212225
7,56,1,67212248
0,49,2,67212286
40,33,1,67212551
3,22,2,67212777
19,58,4,67212804
4,56,3,67212874
11,51,0,67212913
11,58,1,67213488
1,45,7,67213529
9,48,2,67214319
3,35,2,67214337
43,32,3,67215278
27,35,2,67215308
18,58,3,67215402
5,56,3,67215713
10,57,0,67215859
17,56,0,67215936
28,35,0,67216051
5,40,1,67216141
17,56,3,67216324
45,32,3,67216356
23,54,3,67216543
3,56,1,67216859
3,62,1,67217128
15,38,2,67217702
4,50,3,67217728
4,35,1,67217934
45,32,1,67218234
4,43,2,67218378
5,57,0,67218440
2,42,1,67218832
51,62,0,67218892
39,33,3,67219236
4,43,7,67219396
12,59,2,67219414
26,10,0,67219473
1,22,0,67219832
41,33,0,67222809
4,57,2,67224000
15,37,1,67224585
3,47,2,67224728
21,57,1,67225362
2,56,1,67226199
2,62,1,67226784
16,58,4,67226945
13,59,2,67227110
4,44,1,67227319
11,59,2,67228391
3,57,0,67228595
4,42,2,67228758
2,41,2,67228904
20,57,1,67228949
2,57,0,67229057
15,48,0,67229504
5,39,1,67229543
1,47,4,67230164
40,33,3,67230297
10,50,1,67230610
10,59,2,67230788
0,48,7,67231010
3,57,2,67231045
8,57,2,67231049
1,44,7,67231081
41,33,1,67231555
1,45,1,67231731
10,56,1,67231749
2,50,2,67232474
6,50,3,67232475
44,33,0,67232630
6,57,2,67232721
15,39,2,67233047
15,43,4,67233123
5,40,4,67233481
5,50,1,67233540
39,34,0,67233612
2,63,2,67233721
2,43,4,67233767
10,61,1,67234335
7,57,2,67234519
0,62,2,67234539
4,42,7,67234800
2,35,2,67234839
24,47,3,67235185
2,57,2,67235251
2,21,0,67235336
1,44,2,67235514
1,46,4,67235968
14,55,0,67236168
15,39,1,67236310
29,35,0,67236423
6,49,2,67236807
15,42,1,67237139
45,33,2,67237142
4,45,4,67237443
43,33,1,67237452
3,46,7,67237645
17,39,2,67237981
4,57,0,67238203
9,48,7,67238410
36,35,0,67238471
11,59,1,67238654
3,37,2,67238929
1,35,0,67238979
1,35,2,67239044
25,47,1,67239165
18,59,3,67239228
13,59,1,67239244
1,44,1,67239260
2,41,1,67239334
16,59,6,67239736
2,49,2,67239832
19,58,2,67239912
4,40,2,67239972
3,21,0,67240106
4,57,3,67240113
4,44,4,67240125
39,31,5,67240294
4,43,1,67240329
11,51,2,67240332
1,57,2,67240623
0,20,3,67240710
12,59,1,67240782
1,63,2,67240792
24,48,7,67240919
40,34,2,67241447
40,34,0,67241745
9,51,2,67241815
9,62,2,67241915
3,37,7,67242478
4,41,7,67242507
9,51,0,67242531
6,47,5,67242594
1,45,4,67242597
4,57,1,67242817
24,47,2,67243032
28,35,2,67243089
46,53,7,67243248
6,57,0,67243352
41,34,0,67243651
15,57,1,67243751
9,59,2,67244036
10,59,1,67244117
17,58,5,67244146
3,47,4,67244217
15,40,1,67244254
28,35,3,67244405
4,46,0,67244562
45,33,0,67244891
8,57,3,67244956
4,42,1,67244979
3,46,1,67244994
1,43,2,67245264
44,33,3,67245392
3,45,2,67245471
2,40,7,67245518
35,35,3,67246276
45,38,4,67246578
2,42,4,67246614
3,35,1,67246872
3,36,2,67246875
8,15,1,67246966
17,39,1,67247100
46,50,7,67247284
17,39,0,67247365
2,50,1,67247572
29,35,3,67248125
15,59,7,67248337
5,38,1,67248477
10,60,2,67248549
44,41,2,67248684
5,57,3,67248992
14,55,3,67249117
36,35,1,67249139
42,34,2,67249171
18,60,2,67249413
2,49,1,67249602
3,57,1,67249719
0,23,6,67249982
4,43,4,67250236
14,52,2,67250449
11,60,0,67250467
12,40,7,67251206
36,35,3,67251274
14,38,2,67251372
10,56,3,67253767
3,44,2,67255040
9,57,1,67255722
15,38,1,67255809
0,57,3,67257173
11,60,2,67257236
3,37,1,67257326
19,58,1,67257515
1,43,7,67257766
11,57,2,67258051
3,45,1,67258087
0,46,2,67258373
45,33,1,67258493
16,57,3,67259121
2,57,1,67259133
9,57,5,67259594
4,51,2,67259871
2,41,4,67259930
0,46,7,67260307
9,50,4,67261081
1,42,2,67261131
4,41,2,67261214
9,59,1,67261242
51,14,1,67261253
5,39,4,67261379
4,41,1,67261514
4,42,4,67261529
37,35,1,67261586
24,47,1,67261728
25,48,1,67261825
24,48,2,67261828
13,60,2,67262326
5,37,7,67262343
1,43,1,67262474
3,38,4,67262492
7,57,1,67262631
9,60,2,67262650
10,60,1,67262792
0,45,7,67263038
1,44,4,67263106
1,57,1,67263176
0,57,2,67263178
4,46,3,67263365
59,56,1,67263387
3,36,1,67263525
0,45,2,67263605
1,42,7,67263820
34,38,4,67263875
0,35,2,67264164
12,56,0,67264823
17,60,1,67264922
46,44,4,67265052
17,59,2,67265201
46,48,1,67265560
1,21,0,67265712
2,39,7,67265735
6,58,2,67265855
46,50,1,67265902
46,50,4,67265978
8,60,3,67266087
46,45,4,67266124
14,41,7,67266300
1,51,2,67266321
15,57,0,67266334
44,34,2,67266484
3,43,2,67266575
15,60,2,67266680
42,39,1,67266774
4,40,1,67266967
50,14,2,67267089
14,42,7,67267201
5,38,4,67267223
12,39,1,67267252
46,46,4,67267312
18,60,1,67267371
11,60,3,67267618
6,49,1,67267782
14,42,2,67267846
14,43,2,67267855
15,60,1,67268120
3,44,1,67268283
3,43,7,67268309
46,46,1,67268317
12,60,1,67268367
2,58,2,67268584
15,60,4,67268599
44,41,1,67268711
2,47,2,67268736
14,41,2,67268775
2,35,1,67269325
14,39,2,67269654
19,59,0,67269702
4,51,1,67270326
14,61,2,67270788
2,58,3,67270866
1,42,1,67271053
2,47,1,67271115
1,50,2,67271497
12,49,2,67271514
1,21,3,67271585
41,34,1,67271626
4,41,4,67271801
44,34,1,67272013
4,39,7,67272092
55,26,3,67272100
2,38,2,67272108
1,41,2,67272246
41,40,2,67272392
12,56,2,67272457
2,60,4,67272692
2,46,2,67272696
30,1,2,67272749
3,58,2,67272925
9,60,1,67273053
7,59,1,67273069
18,59,2,67273253
30,36,1,67273416
29,36,2,67273418
39,34,3,67273495
1,50,1,67273616
11,60,1,67273668
0,44,2,67274013
8,60,2,67274100
1,41,7,67274161
14,40,2,67274229
3,42,2,67274581
2,36,2,67274673
58,5,3,67274720
24,46,1,67274770
0,35,3,67274809
42,34,1,67274824
40,34,3,67274884
3,43,1,67275112
29,36,0,67275189
1,49,2,67275216
17,32,2,67275310
14,43,1,67275405
1,58,2,67275453
36,36,2,67275719
36,36,0,67275722
46,40,1,67275723
1,43,4,67275886
42,40,7,67276390
45,43,2,67276395
43,34,3,67276400
9,61,2,67276515
16,43,1,67276669
2,46,1,67276720
2,40,4,67277027
9,51,3,67277146
12,60,3,67277166
33,37,2,67277296
33,37,7,67277338
2,46,7,67277410
11,56,3,67277458
8,51,1,67277516
4,39,2,67277621
0,44,7,67278166
41,35,2,67278222
6,60,0,67278570
7,58,3,67278826
0,58,2,67278942
42,40,6,67279039
45,42,2,67279053
45,34,1,67279056
12,40,1,67279110
13,46,2,67279250
45,50,2,67279257
45,49,7,67279267
9,51,1,67279418
12,49,1,67279500
23,47,2,67279524
12,56,7,67279629
23,46,7,67279687
11,62,2,67279723
14,38,1,67279929
16,43,4,67279949
45,48,2,67279982
45,47,2,67280265
45,45,2,67280544
40,35,0,67280571
23,48,2,67280965
2,44,2,67281035
45,43,7,67281042
10,52,0,67281127
45,45,7,67281312
17,61,2,67281317
29,39,7,67281387
30,15,7,67281390
1,35,1,67281454
18,59,1,67281606
45,44,2,67281763
19,59,3,67281799
45,48,7,67281830
16,41,7,67281832
45,44,7,67282522
5,50,2,67285909
10,61,2,67286067
2,45,2,67286785
3,44,4,67286828
3,41,2,67286905
14,42,1,67287235
50,14,1,67287303
2,58,1,67287461
2,38,1,67287545
4,39,1,67288095
30,24,2,67288558
2,37,2,67288784
12,56,1,67288891
3,42,7,67289682
14,41,1,67289683
15,58,0,67289726
0,51,2,67290102
1,49,1,67290156
7,58,2,67290340
4,40,4,67290542
1,48,7,67290637
1,40,2,67290717
15,58,3,67290810
14,61,0,67290910
11,61,2,67291168
3,42,1,67291251
1,21,2,67291371
14,60,4,67291561
14,61,3,67291563
0,43,2,67291702
13,46,1,67291740
9,52,2,67292390
2,47,4,67292412
14,42,4,67292461
8,60,1,67292666
8,61,2,67292668
5,50,1,67292916
1,58,1,67293585
44,38,6,67293754
43,34,1,67293763
25,49,2,67293919
1,48,2,67294372
3,58,1,67294594
1,42,4,67294653
17,32,1,67295215
2,36,1,67295522
9,61,1,67295933
14,57,5,67296196
17,59,1,67296460
45,35,2,67296685
3,41,7,67296797
11,61,1,67296855
13,49,2,67296981
3,43,4,67297095
16,60,2,67297163
1,36,2,67297259
2,39,4,67297383
34,14,3,67297583
5,52,2,67297612
14,40,1,67297711
8,50,2,67297753
59,6,0,67297879
12,41,1,67298164
8,52,2,67298331
7,52,2,67298579
2,59,2,67298823
8,50,1,67298970
1,40,1,67298980
1,40,7,67299047
12,39,0,67299102
7,59,0,67299272
0,43,7,67299294
13,47,2,67299413
12,46,2,67299416
13,62,2,67299574
43,40,1,67299812
9,52,0,67299839
3,48,1,67299846
35,36,3,67300087
2,61,6,67300351
2,44,7,67300599
2,45,1,67300612
2,52,2,67300619
11,39,2,67300635
36,36,1,67300843
5,52,0,67300882
2,46,4,67301002
45,48,1,67301022
24,49,2,67301187
2,37,1,67301494
41,40,1,67301528
3,60,5,67301695
10,61,1,67302080
42,35,2,67302142
4,39,4,67302153
14,39,1,67302176
24,44,4,67302245
24,45,1,67302492
45,47,4,67302589
23,47,1,67302875
45,42,1,67302994
7,61,2,67303212
1,47,2,67303289
2,38,4,67303372
1,48,1,67303399
45,47,1,67303415
3,40,2,67303606
1,49,4,67303639
24,39,7,67303719
3,41,1,67303792
24,42,1,67304036
41,35,0,67304350
40,35,3,67304353
44,35,2,67304427
29,36,1,67304446
29,37,2,67304449
1,59,2,67304548
13,39,2,67304550
1,39,2,67304652
8,61,1,67304752
4,52,0,67304756
11,57,2,67304880
0,42,7,67305065
0,50,2,67305188
8,52,3,67305292
8,62,2,67305322
23,49,4,67305408
17,60,2,67305573
2,59,1,67305762
1,41,4,67305778
56,53,5,67305812
23,45,7,67305861
3,40,1,67305875
42,41,2,67305891
12,57,0,67305899
33,38,4,67305921
5,37,2,67305930
13,41,2,67305995
26,19,3,67306054
1,39,7,67306095
27,36,3,67306152
9,52,3,67306268
0,50,7,67306314
2,59,0,67306556
23,48,1,67306590
1,47,1,67306790
41,39,2,67306936
2,21,3,67306973
13,43,2,67307076
2,59,3,67307077
2,44,1,67307105
44,35,0,67307211
9,48,7,67307501
13,48,2,67307592
3,42,4,67307605
45,35,1,67307755
24,42,4,67307756
45,36,2,67307757
2,43,2,67307979
3,40,7,67308209
1,46,2,67308245
45,50,1,67308862
45,51,2,67308864
37,36,0,67309249
17,32,4,67309456
13,62,0,67309756
45,49,4,67309796
9,52,1,67309815
45,45,1,67309895
33,38,2,67310160
0,52,3,67310267
1,39,1,67310358
7,61,1,67310603
16,36,4,67310667
24,40,4,67310793
24,43,1,67310860
28,37,2,67310862
22,48,2,67311154
0,49,2,67311326
45,43,1,67311396
13,48,1,67311454
42,41,1,67311456
41,41,2,67311459
2,45,4,67311485
0,59,2,67311620
45,36,1,67311747
17,60,1,67311987
13,40,2,67311993
5,37,3,67312262
13,42,2,67312478
0,41,2,67312583
9,53,0,67312642
1,38,2,67312661
6,52,1,67312703
45,48,4,67312841
25,49,1,67313070
0,36,2,67313293
4,38,7,67313304
9,62,2,67314304
1,59,1,67315784
45,45,4,67317681
23,44,2,67318207
15,62,1,67318401
11,57,1,67319134
7,62,2,67319358
2,43,7,67319490
11,42,7,67320284
6,37,1,67320694
8,52,1,67322088
1,52,3,67322762
10,58,7,67323070
6,52,3,67323105
13,62,3,67323561
23,47,4,67323700
7,52,3,67323958
38,36,2,67324028
1,38,7,67324473
5,52,1,67324575
13,45,2,67324914
1,46,1,67325084
1,40,4,67325193
2,42,2,67325356
7,52,1,67325408
2,43,1,67325443
3,39,7,67325471
24,49,1,67325579
1,36,1,67325658
1,37,2,67325659
3,41,4,67325660
0,41,7,67325780
8,62,1,67326062
11,42,4,67326326
2,41,2,67326615
11,42,2,67327067
13,39,1,67327072
9,62,1,67327092
2,42,7,67327559
3,52,1,67327684
2,44,4,67327715
3,52,3,67328172
45,44,1,67328514
43,35,3,67329206
5,37,1,67329344
1,38,1,67329856
6,38,0,67329932
23,46,4,67330004
1,45,2,67330210
14,63,2,67330235
1,47,4,67330298
4,53,0,67330590
2,43,4,67330707
0,48,2,67331080
7,60,1,67331103
8,53,0,67331290
10,58,2,67331478
42,35,1,67331500
1,45,7,67331512
8,53,2,67331666
6,62,2,67331808
7,62,1,67331906
1,39,4,67332606
9,62,3,67333005
1,61,2,67333065
6,53,2,67333074
44,35,1,67333404
44,36,2,67333406
29,37,7,67333470
36,36,3,67333636
13,41,1,67333656
0,40,2,67333662
5,53,2,67333849
1,51,1,67334022
24,50,2,67334222
4,53,2,67334397
7,63,2,67334432
3,38,1,67334520
2,42,1,67334608
22,49,2,67334649
3,40,4,67334673
7,53,2,67334794
5,38,0,67334807
44,47,7,67334897
12,40,0,67334932
2,53,0,67334962
23,45,1,67335061
23,46,2,67335064
12,50,2,67335066
0,22,3,67335079
12,52,5,67335259
0,60,2,67335619
9,30,7,67335871
5,38,2,67335920
11,58,7,67336171
36,37,0,67336324
23,44,1,67336375
7,53,0,67336564
6,53,0,67336572
23,46,1,67336697
2,41,7,67336737
29,40,4,67336827
9,63,2,67336924
44,44,2,67336977
0,40,7,67337281
1,45,1,67337365
16,61,2,67337392
10,47,4,67337588
0,24,7,67337661
27,23,1,67337899
11,39,1,67338122
23,45,4,67338202
44,49,2,67338442
2,22,1,67338461
3,53,0,67338841
1,53,2,67338880
16,61,1,67338965
44,46,7,67338984
13,40,1,67339092
8,53,3,67339274
8,63,0,67339596
0,47,2,67339597
44,36,0,67339704
7,53,3,67339730
1,53,0,67339798
23,50,2,67340089
23,41,7,67340230
3,53,3,67340255
8,63,2,67340390
1,44,2,67340399
11,58,1,67340435
22,47,7,67340495
44,47,2,67340845
1,44,7,67341055
2,41,1,67341220
1,37,1,67341271
22,47,2,67341512
2,39,2,67341574
4,38,3,67341755
0,39,2,67341907
14,44,7,67341990
6,62,1,67342004
44,43,2,67342016
11,43,4,67342189
47,16,6,67342229
24,37,3,67342465
1,43,2,67342542
38,36,1,67342597
33,37,3,67342710
44,37,2,67342772
6,51,2,67342828
0,47,7,67342870
9,63,0,67343022
5,47,4,67343158
7,53,1,67343256
12,52,6,67343907
4,47,7,67343936
3,52,0,67344075
14,44,4,67344195
0,53,2,67344322
1,52,0,67344923
13,44,0,67345079
44,38,7,67345181
6,63,2,67348581
0,60,3,67349585
31,38,3,67349587
5,63,4,67349945
12,62,4,67350242
12,40,2,67350761
10,42,7,67351314
0,39,7,67351891
10,58,3,67352203
10,63,0,67352293
8,53,1,67352712
2,40,2,67352849
4,38,2,67353081
1,43,7,67353719
5,61,0,67353734
10,59,2,67353760
10,50,1,67354086
1,42,2,67354178
9,53,1,67354837
5,62,1,67356164
5,38,1,67356245
9,16,2,67356769
5,63,2,67356873
1,45,4,67357164
11,63,0,67357180
6,53,3,67357460
5,53,1,67357702
11,16,1,67357717
2,40,7,67357756
13,62,0,67357929
4,63,0,67357994
43,40,1,67358221
5,53,3,67358247
4,53,1,67358292
0,46,2,67358508
11,59,0,67358722
44,47,1,67358730
44,48,2,67358733
0,38,2,67358735
24,50,1,67358854
1,53,3,67359360
23,42,7,67359579
26,24,2,67359642
1,61,0,67359773
5,61,3,67359832
1,49,1,67359898
12,63,4,67359983
1,53,1,67360139
6,53,1,67360390
50,18,1,67360405
44,36,1,67361129
5,39,0,67361296
9,59,2,67361306
7,54,2,67361320
2,53,1,67361599
15,61,1,67361606
7,60,0,67361629
44,46,4,67361773
0,53,3,67362273
15,62,2,67362332
2,42,4,67362345
16,22,1,67362393
22,49,1,67362498
22,50,2,67362501
8,54,0,67362717
24,39,6,67362799
44,43,1,67362969
15,62,1,67363072
2,39,1,67363109
7,61,1,67363172
28,37,1,67363242
10,41,7,67363278
44,48,1,67363449
12,45,2,67363942
13,61,4,67363975
35,38,2,67364705
12,40,1,67364745
12,41,2,67364748
6,52,2,67364896
23,40,7,67364994
22,50,3,67365335
9,54,2,67365357
22,45,7,67365391
1,43,1,67365902
2,52,3,67366097
52,41,1,67366174
10,59,0,67366386
10,40,2,67366470
6,54,2,67366497
6,54,0,67366516
37,37,0,67366580
7,54,0,67366774
44,37,1,67366916
22,59,7,67367242
8,54,2,67367261
2,54,2,67367287
1,42,1,67367416
26,30,6,67367443
23,50,1,67367595
5,54,0,67367746
25,38,0,67367957
1,54,2,67368088
12,42,2,67368155
2,54,0,67368171
4,62,0,67368313
5,60,3,67368610
22,46,7,67368636
44,47,4,67368784
22,46,2,67368819
11,53,5,67368880
8,54,1,67368941
1,61,1,67369121
3,54,2,67369457
6,62,2,67369476
4,54,2,67369632
5,62,0,67369762
4,39,0,67369764
22,46,1,67370530
1,42,7,67370592
13,62,3,67370762
14,63,2,67371053
4,39,2,67371284
2,41,4,67371495
3,54,1,67371678
33,38,2,67371760
10,17,2,67371787
13,44,3,67371920
23,51,0,67372143
22,50,1,67372505
1,44,4,67372877
16,62,0,67372880
37,37,2,67373168
11,53,6,67373259
0,54,2,67373277
0,52,3,67373475
0,61,3,67373764
10,61,7,67373880
10,59,3,67373995
13,61,2,67374280
21,50,2,67375473
24,38,3,67375799
12,43,3,67376370
13,60,1,67378576
5,39,3,67381907
7,54,1,67382480
4,62,3,67384022
6,62,1,67384056
4,39,3,67384233
10,47,2,67384417
1,62,0,67385276
12,61,3,67385485
0,54,3,67385517
2,54,1,67385641
5,54,3,67386162
6,54,3,67386733
3,62,0,67387137
25,38,3,67387228
3,62,3,67387614
7,62,2,67387725
0,62,2,67387811
2,52,1,67388051
2,54,3,67388057
6,54,1,67388072
12,42,1,67388157
8,49,4,67388213
1,54,3,67388333
1,54,1,67388430
7,54,3,67388482
4,39,1,67388546
6,61,0,67388552
4,54,3,67388583
22,44,7,67388665
4,54,1,67388682
12,41,1,67388719
5,54,1,67388731
11,63,2,67388987
22,46,4,67389373
6,52,1,67389740
38,4,2,67390304
10,62,2,67390327
13,61,1,67390516
0,24,2,67390744
1,43,4,67391064
12,48,1,67391806
5,40,0,67391913
10,41,3,67392213
5,39,1,67392272
37,37,1,67392494
11,42,0,67392531
5,49,3,67392543
0,44,7,67392900
4,63,0,67393397
5,55,0,67393541
6,55,0,67393556
23,41,4,67393601
22,47,4,67393630
6,40,0,67393710
1,41,7,67393960
12,61,2,67394123
22,51,2,67394131
1,55,2,67394290
7,62,1,67394568
7,60,3,67394623
4,55,2,67395196
10,40,1,67395596
3,63,6,67395682
4,55,0,67395703
7,55,0,67395738
6,55,2,67395750
2,55,0,67395759
1,55,0,67395761
10,55,2,67396251
0,44,2,67396444
7,55,2,67396650
2,55,2,67396674
10,60,0,67397195
1,53,0,67397238
3,55,2,67397336
24,12,3,67397573
10,60,3,67397668
3,55,0,67397733
4,62,5,67397747
5,55,2,67397751
2,62,1,67398807
1,50,4,67398825
23,51,3,67398918
24,52,0,67398949
22,45,4,67399033
1,62,3,67399765
2,49,3,67399888
9,62,2,67400275
21,48,7,67400370
21,50,1,67400854
0,50,2,67400880
27,41,2,67401242
2,49,1,67401587
5,62,2,67402200
10,62,1,67402309
5,50,0,67402499
36,37,3,67402500
11,49,2,67402658
35,33,2,67402712
6,51,1,67403159
5,55,3,67404286
6,55,3,67404791
4,40,2,67404806
23,42,4,67404875
4,62,1,67405202
43,38,2,67405452
3,53,1,67405653
3,40,0,67406045
12,60,7,67406485
0,43,2,67406894
42,42,4,67407061
8,60,1,67409421
22,41,7,67409532
12,62,2,67410515
12,61,1,67410899
6,50,0,67410937
5,50,3,67410939
9,60,3,67411050
1,63,2,67411324
3,63,2,67411750
11,42,2,67412149
3,40,2,67412845
0,55,3,67414182
5,62,1,67414202
2,55,1,67414737
8,41,2,67414939
1,55,1,67414991
10,47,1,67415258
3,55,1,67415297
9,61,7,67415394
11,44,2,67415572
6,63,2,67415660
1,55,3,67416221
7,55,3,67416386
24,52,3,67416429
1,53,3,67416890
10,61,0,67417020
5,55,1,67417256
4,55,1,67417703
1,42,4,67417737
0,43,7,67418003
3,55,3,67418146
2,63,0,67418626
22,47,1,67419625
12,22,6,67420028
5,40,1,67420559
2,56,2,67420630
36,38,2,67421080
12,63,4,67421084
1,56,0,67421160
22,60,2,67421686
11,43,4,67421822
12,45,1,67421855
1,56,2,67423370
6,50,3,67423453
21,60,2,67423935
4,63,2,67424294
5,50,7,67424435
4,40,1,67424469
6,56,0,67424871
37,37,3,67424978
21,47,2,67425013
3,48,1,67425245
26,39,0,67425551
4,56,2,67425578
3,56,2,67425789
0,56,2,67426300
10,42,2,67426596
1,48,1,67426712
6,62,1,67426737
7,61,2,67426911
3,40,1,67427116
5,56,2,67427206
4,56,0,67427397
2,56,0,67428052
11,21,6,67428568
8,63,4,67428600
11,43,2,67429001
7,62,7,67429218
3,50,0,67429508
4,63,0,67429637
0,40,2,67429942
2,40,3,67430112
8,41,1,67430617
5,56,1,67430665
11,42,1,67431217
10,62,7,67431305
4,50,3,67431507
0,54,2,67431534
21,45,7,67432402
12,62,1,67432659
11,62,2,67432661
5,51,0,67433447
5,63,2,67433539
26,30,2,67433589
11,44,1,67433639
5,54,1,67434251
42,41,5,67434337
0,42,7,67434975
22,43,4,67435525
50,39,5,67435610
10,49,5,67436056
4,41,2,67436205
6,42,5,67436399
21,60,1,67436663
2,50,3,67437362
9,56,2,67437796
24,26,5,67437851
6,56,1,67437881
9,48,2,67437924
6,63,6,67443828
7,62,5,67444468
3,41,0,67445640
9,61,1,67445695
3,56,3,67445784
5,63,0,67446118
10,43,0,67446938
3,56,1,67447050
0,56,3,67448309
2,56,1,67449246
4,56,3,67450193
21,48,4,67450426
3,41,2,67451015
4,56,1,67451427
2,41,2,67452097
6,56,3,67452577
14,34,1,67453102
25,5,5,67453682
2,56,3,67454262
11,62,1,67454691
11,63,2,67454692
5,51,2,67455201
3,57,2,67457511
0,41,2,67457654
1,57,0,67457806
7,61,1,67457846
3,41,1,67457907
5,57,0,67458646
42,41,7,67458668
3,57,0,67459167
8,62,0,67459959
10,63,2,67460368
47,20,2,67460608
4,41,1,67461158
22,42,4,67461185
44,16,2,67461437
1,57,2,67462400
0,57,2,67463469
2,57,2,67464287
2,41,3,67464392
21,44,7,67465149
6,57,2,67465320
10,44,4,67465325
3,41,3,67465401
10,50,2,67466039
42,42,7,67467743
13,26,6,67467837
9,56,1,67468438
26,39,1,67468979
4,57,2,67469390
9,43,7,67474173
6,63,0,67479371
8,53,1,67481407
8,62,3,67482258
1,41,3,67482349
6,63,2,67483369
4,42,0,67484302
9,48,1,67484376
8,43,2,67487134
9,57,1,67488535
26,42,7,67489661
2,41,1,67490214
3,57,1,67490998
2,57,3,67492190
5,51,3,67493002
5,57,3,67493142
1,57,3,67493352
0,57,3,67494298
12,45,7,67495344
9,53,2,67495736
22,53,2,67495874
4,42,2,67495884
25,43,5,67497741
5,57,1,67497898
12,39,7,67498100
21,45,4,67498211
1,57,1,67498469
20,53,0,67498669
3,42,0,67498912
3,42,2,67498973
9,63,2,67499575
42,42,4,67500407
36,5,1,67510846
8,63,0,67513359
8,49,2,67514090
2,42,0,67516519
12,41,4,67516971
2,42,2,67517078
4,57,1,67517769
47,20,1,67518197
47,21,2,67518200
8,63,2,67518877
3,57,3,67519388
42,17,6,67519897
9,47,2,67520977
26,42,4,67523731
7,63,0,67523837
4,42,3,67528604
25,50,4,67531762
1,42,0,67539611
1,42,2,67555524
3,42,3,67557253
9,44,4,67592060
10,43,4,67647414
0,55,3,67648184
34,38,0,67655775
33,2,1,67656641
41,12,0,67657206
8,43,6,67662676
8,63,4,67662921
9,44,4,67665982
7,63,4,67666000
6,63,6,67673712
6,62,5,67675099
3,42,7,67676819
7,62,5,67677916
5,59,6,67678526
8,62,7,67682829
2,51,5,67682956
11,45,6,67683173
22,41,4,67683389
2,51,0,67685972
7,50,2,67686642
6,52,0,67686985
9,46,4,67687042
31,2,6,67687355
11,44,0,67687360
5,57,5,67687677
5,42,7,67688022
4,42,7,67688391
8,56,0,67691824
11,63,0,67696147
4,57,5,67697436
7,63,4,67698243
0,42,6,67700032
1,42,4,67700482
8,53,5,67701134
7,43,6,67701162
41,37,5,67701167
40,37,6,67702218
9,42,5,67703605
9,49,0,67704256
2,42,4,67705408
11,46,7,67706550
5,42,5,67708599
3,57,5,67708992
1,42,6,67709062
2,57,5,67709380
10,49,1,67710075
5,57,4,67710110
3,51,5,67710774
2,51,6,67710779
6,42,5,67711858
10,44,4,67712032
35,38,6,67712202
20,47,7,67712540
12,63,0,67713298
6,42,7,67713460
10,51,4,67713768
9,49,3,67714206
3,42,4,67714438
11,44,3,67716125
22,53,6,67716147
9,62,4,67718635
21,53,4,67718956
13,63,4,67719970
11,63,6,67726146
7,42,5,67731417
10,50,0,67732783
6,57,6,67733361
10,49,0,67734170
11,47,4,67736428
3,42,6,67737125
45,18,6,67738029
12,63,6,67738417
21,47,4,67739627
10,53,4,67739685
42,42,0,67740124
4,63,4,67740156
12,62,7,67740163
20,52,5,67740750
8,42,5,67740771
41,41,6,67740928
3,63,6,67740957
2,63,6,67742361
0,57,7,67742396
4,42,4,67742759
37,37,7,67742877
9,53,6,67743006
10,49,3,67743279
5,42,4,67743440
9,61,7,67743539
10,52,5,67743653
20,52,7,67744868
13,36,5,67745472
12,38,3,67745891
4,42,6,67746341
12,43,5,67746596
12,43,6,67747285
12,44,3,67747389
2,41,7,67747609
2,42,6,67747627
3,58,5,67747635
11,50,0,67748541
14,63,4,67749015
10,51,2,67749177
41,37,6,67749211
10,52,6,67749272
3,51,0,67749372
20,51,2,67749573
9,42,6,67749585
8,61,5,67749618
42,38,5,67749834
26,42,0,67750222
4,62,5,67750612
11,50,3,67750960
13,62,7,67755256
12,40,3,67755464
10,44,5,67755779
12,62,4,67758016
11,54,0,67759847
45,16,5,67760737
45,17,6,67760740
20,47,3,67761321
20,52,6,67763035
46,17,5,67763500
3,41,7,67764104
13,63,6,67764118
11,61,7,67764264
5,42,6,67765182
6,42,4,67765486
1,42,1,67765693
42,36,5,67765763
0,43,2,67765854
7,61,1,67766335
11,51,4,67766512
1,41,7,67766630
13,62,5,67767960
13,39,0,67768404
6,62,7,67768575
11,53,3,67768879
21,47,0,67770027
9,62,4,67770669
6,42,6,67770978
13,62,4,67771377
42,37,6,67771418
7,61,7,67771497
0,44,6,67771879
13,42,5,67771924
42,37,0,67772073
0,52,3,67772145
3,57,6,67772495
11,49,7,67772608
13,37,6,67773657
30,39,5,67773667
11,56,5,67774676
0,51,6,67774922
21,45,0,67775136
13,43,5,67775236
13,45,5,67775294
12,47,3,67775554
3,50,6,67775588
7,62,3,67775630
11,45,6,67776507
13,43,4,67776609
22,43,1,67776693
21,51,5,67776988
3,41,5,67777001
23,52,5,67777429
21,44,3,67777496
11,50,6,67777579
0,42,3,67777708
12,48,3,67777995
41,41,6,67778319
52,57,6,67778480
1,50,5,67778681
11,56,6,67778818
30,39,6,67779112
13,41,0,67779422
12,61,7,67779491
0,51,3,67779800
21,46,0,67780018
14,63,6,67780266
1,52,0,67780433
42,38,6,67780627
53,56,5,67781060
12,52,0,67781514
13,43,6,67786538
46,16,5,67786805
0,47,2,67789472
10,43,6,67789716
8,62,3,67791970
21,48,0,67792117
21,49,0,67792201
12,63,6,67793383
1,52,5,67793881
11,50,4,67793959
14,62,5,67794229
44,44,1,67795252
12,63,0,67795319
13,42,6,67795433
0,47,7,67795746
13,61,7,67795819
21,46,3,67795903
14,36,0,67796278
10,49,7,67796295
0,43,3,67796385
8,63,0,67796471
0,44,3,67796813
4,41,7,67796865
43,39,0,67796901
11,55,4,67797276
11,61,4,67797448
8,42,4,67797641
21,47,6,67798021
21,48,3,67798180
15,63,6,67798263
11,49,5,67799219
22,46,5,67799724
1,43,0,67799748
11,44,5,67800361
7,42,6,67800546
9,47,6,67800814
4,41,5,67800829
21,43,3,67801138
22,42,0,67801822
48,18,5,67801831
22,43,5,67801952
1,41,3,67801977
14,42,5,67802085
32,38,5,67802532
21,45,3,67802746
13,45,4,67802765
0,46,6,67802850
1,50,6,67802873
15,62,5,67802943
5,41,7,67803150
13,50,4,67803419
0,50,7,67803608
21,47,3,67803694
1,53,0,67803711
5,41,5,67804090
22,44,0,67804206
11,42,0,67804426
43,43,6,67804755
0,45,3,67804894
21,50,6,67804975
22,43,0,67805144
22,45,5,67805431
43,39,3,67806139
42,41,5,67806140
11,55,7,67806415
35,2,5,67806478
43,36,5,67806956
42,36,6,67806958
21,51,6,67807252
41,41,6,67807426
22,45,0,67807447
41,41,3,67807461
31,38,5,67807467
22,47,0,67807617
11,42,5,67807663
43,37,5,67807696
22,50,5,67807729
14,39,1,67807876
2,42,0,67808393
42,42,0,67808713
14,37,3,67808765
12,56,6,67808847
11,51,7,67809314
1,44,0,67809360
27,41,6,67809719
12,45,6,67809810
12,49,7,67810019
42,41,4,67810052
42,40,7,67810057
16,62,4,67810195
44,44,5,67810805
14,41,5,67811456
14,42,6,67811460
43,37,6,67811930
9,62,0,67812311
21,49,3,67812560
22,46,0,67812637
14,43,3,67812640
22,45,3,67812899
56,52,5,67813084
16,63,6,67813229
52,41,3,67813422
14,40,5,67814458
22,47,5,67816108
1,45,5,67817516
14,39,7,67817984
15,61,7,67819882
1,45,0,67820428
46,16,6,67820612
47,17,6,67820887
41,41,2,67821074
10,60,7,67821163
10,48,5,67821440
22,43,3,67821759
43,39,6,67822206
48,17,5,67822219
22,48,0,67822728
43,42,2,67823370
25,3,6,67823666
1,52,3,67823683
11,44,6,67823761
15,43,5,67823902
14,43,6,67823905
1,43,3,67824142
8,42,6,67825700
1,44,3,67825941
9,61,5,67826330
13,62,3,67826347
13,46,0,67826377
14,41,6,67826540
42,42,2,67826631
22,47,6,67826953
22,46,6,67827060
2,41,3,67827338
14,61,0,67827680
22,46,3,67828995
13,53,0,67829090
22,44,3,67829683
12,48,6,67829870
13,47,5,67830056
22,42,3,67830422
6,41,5,67830539
13,46,5,67830673
15,41,5,67831105
15,40,5,67831216
1,63,6,67831751
35,2,6,67831976
6,41,7,67832602
23,45,0,67832712
2,43,5,67832859
16,62,5,67832880
7,41,7,67833195
15,62,6,67833368
22,45,6,67833457
13,47,6,67833853
22,49,0,67834008
22,48,3,67834011
1,47,6,67834218
12,60,7,67834465
15,45,0,67834636
0,42,6,67834971
11,61,7,67834975
22,50,0,67835023
22,49,5,67835053
22,50,6,67835055
44,40,0,67835106
22,47,3,67835112
43,40,5,67835760
45,14,6,67835783
22,48,6,67835935
2,52,6,67836039
13,46,6,67836164
7,41,5,67836286
15,61,4,67836642
1,45,6,67836830
23,41,0,67836846
12,43,5,67837093
2,44,5,67837222
56,55,1,67837737
23,47,0,67838011
2,44,0,67838242
22,49,6,67838356
13,53,3,67838616
15,41,6,67839129
0,41,6,67839142
5,56,5,67839241
10,61,4,67839327
13,50,7,67839362
45,49,5,67839382
44,49,6,67839385
14,54,0,67839681
2,51,3,67839999
23,43,5,67840077
24,11,6,67840307
6,63,0,67840433
44,43,5,67840945
44,42,5,67841132
23,44,0,67841367
15,42,5,67841400
23,43,0,67841432
10,63,6,67841588
0,51,3,67841593
44,36,5,67841599
43,36,6,67841601
22,49,3,67841639
15,36,7,67841720
31,38,6,67841942
2,44,6,67842059
0,55,2,67842103
14,45,5,67842137
31,38,3,67842144
14,61,3,67842507
23,44,5,67843050
4,56,7,67843201
22,50,3,67843239
23,47,5,67843265
44,44,6,67843878
0,41,3,67843935
15,35,3,67844365
55,39,3,67844455
15,44,0,67846733
0,42,3,67850168
23,46,5,67850500
0,56,7,67851026
0,43,6,67851978
13,55,4,67852302
11,42,6,67852790
14,63,6,67853184
15,38,6,67853245
2,45,0,67854413
1,42,5,67854431
11,63,0,67854474
17,62,5,67854502
2,46,5,67854772
3,42,0,67854795
1,41,5,67855385
2,44,3,67855478
23,42,0,67855957
5,56,6,67856044
23,46,0,67856202
26,2,5,67856266
17,63,6,67856402
4,55,3,67856459
23,40,3,67856497
15,42,6,67856580
0,44,6,67856870
46,13,5,67857075
2,43,3,67857292
0,55,6,67858035
0,43,3,67858159
0,56,6,67858175
23,45,5,67858426
17,61,7,67858569
3,51,3,67858988
12,43,6,67859049
44,40,3,67859609
8,41,5,67859714
43,41,5,67859773
44,38,3,67860013
23,42,3,67860102
3,41,3,67860154
15,63,0,67860232
1,52,0,67860235
43,41,6,67860309
2,50,2,67860337
23,41,3,67860364
15,43,3,67860429
3,43,5,67860478
38,1,1,67860631
36,1,5,67860633
44,42,0,67860685
23,44,6,67860889
13,44,5,67860959
0,44,3,67861468
2,45,3,67861476
16,40,5,67861615
16,38,5,67861728
23,43,3,67861746
45,48,5,67861848
45,49,6,67861850
45,48,3,67861978
1,41,6,67862005
45,43,5,67862639
44,43,6,67862644
12,42,3,67862924
3,51,5,67862928
16,41,5,67862958
10,60,2,67863152
1,42,0,67863255
43,41,4,67863348
43,40,7,67863353
11,47,3,67863655
23,45,6,67863788
30,39,4,67864239
23,51,5,67864381
44,36,6,67864389
45,40,3,67864473
45,48,6,67864482
23,48,5,67864658
1,52,6,67864691
1,43,0,67864966
15,62,0,67864996
1,43,5,67865005
24,41,0,67865610
24,43,5,67865946
23,43,6,67865948
14,50,0,67866262
1,42,6,67866542
0,46,6,67866589
23,49,0,67866914
5,41,4,67867294
16,39,0,67867603
9,41,5,67867681
23,47,6,67867710
3,44,0,67868134
3,50,3,67868269
4,14,0,67868325
4,51,0,67868751
46,51,0,67868798
18,62,5,67868808
18,63,6,67868810
46,51,5,67868844
16,36,0,67868899
24,42,5,67869139
15,47,1,67869654
23,50,0,67869833
23,49,3,67869837
23,48,0,67869994
23,45,3,67870016
15,44,3,67870048
11,61,7,67870098
23,44,3,67870229
46,52,0,67870308
46,51,3,67870311
23,51,6,67870384
6,41,4,67870459
1,51,3,67870566
0,45,3,67870693
14,46,2,67870754
14,48,2,67871342
45,42,5,67872302
24,42,0,67872458
1,43,6,67872464
44,37,6,67872521
44,40,0,67872810
1,45,5,67872832
13,55,7,67872863
43,40,1,67872954
10,55,7,67873055
23,46,6,67873101
43,41,5,67873267
17,62,6,67873274
16,41,0,67873661
1,44,0,67873745
15,44,7,67873996
0,25,3,67874066
3,45,0,67874155
3,44,3,67874158
10,55,4,67874328
24,45,5,67874654
23,48,3,67874660
15,52,6,67874885
19,62,5,67874909
1,52,3,67875065
16,44,0,67875368
3,63,4,67875429
57,62,2,67875865
16,43,6,67875879
37,1,5,67879153
14,49,2,67880438
0,46,3,67880914
2,40,5,67881180
45,35,0,67881273
2,41,0,67881329
1,42,3,67881379
29,39,0,67881695
45,43,6,67881926
1,43,3,67882393
46,53,6,67882507
2,41,5,67882786
45,36,5,67883049
45,39,7,67883808
13,42,5,67883842
14,56,6,67884280
15,63,6,67884297
1,44,6,67884300
23,46,3,67884418
23,50,3,67884573
15,48,4,67884801
11,60,3,67885015
27,3,6,67885017
1,45,6,67885616
0,49,6,67886176
10,53,0,67886225
0,47,3,67886644
45,36,6,67886710
7,41,4,67886748
12,63,6,67886896
14,51,1,67887271
1,45,0,67887317
2,43,5,67887402
1,56,6,67887436
1,46,0,67887536
2,42,5,67888847
2,41,6,67888853
10,41,5,67888857
16,45,1,67888870
16,39,6,67888930
12,61,0,67889338
43,41,6,67889585
46,42,5,67889690
26,2,6,67890449
1,44,3,67890518
6,41,6,67890610
17,38,5,67890789
0,48,3,67890814
2,53,0,67891304
24,44,5,67891521
45,37,6,67891535
46,43,6,67891822
5,50,7,67892082
24,41,3,67892086
44,40,5,67892128
16,62,5,67892275
44,40,6,67892374
0,50,6,67892457
24,49,5,67892499
45,40,5,67892647
4,41,3,67892768
24,47,0,67892845
16,40,6,67892993
16,41,3,67893112
2,44,5,67893172
1,46,6,67893301
24,43,0,67893414
45,41,1,67893494
16,41,6,67893791
15,46,2,67893855
17,39,5,67894056
24,43,3,67894281
8,41,4,67894473
24,44,6,67894474
1,47,0,67894475
17,40,5,67894554
46,42,6,67894589
14,54,7,67894779
4,41,6,67894780
24,46,5,67894832
2,43,6,67895088
2,42,6,67895491
46,36,5,67895518
2,55,5,67895602
24,43,6,67895753
4,42,3,67895776
45,40,0,67895874
13,43,6,67896121
4,45,5,67896125
2,41,3,67896161
7,41,6,67896191
12,61,3,67896288
46,41,1,67896375
33,38,6,67896383
3,50,5,67896411
2,53,6,67896485
58,42,0,67896541
1,45,3,67896712
18,61,5,67896884
3,41,5,67896934
15,44,3,67896957
0,50,3,67897199
1,48,5,67897376
44,42,2,67897416
24,42,3,67897532
5,41,0,67897577
0,51,6,67897657
58,35,1,67897763
15,48,6,67898043
25,43,0,67898152
13,62,0,67898373
2,25,0,67898449
16,62,6,67898835
25,44,0,67899060
46,45,6,67899420
2,42,3,67899495
1,38,4,67899834
1,48,0,67900034
24,45,6,67900141
1,46,3,67900276
44,42,0,67900563
30,39,0,67900991
1,26,0,67901042
25,44,5,67901135
47,49,5,67901273
13,42,6,67901466
47,52,5,67901611
16,63,6,67901823
4,44,6,67901883
25,42,0,67901996
15,46,6,67902532
1,48,6,67903042
3,42,5,67903050
24,48,6,67903225
1,49,5,67903332
2,44,6,67903737
47,52,6,67903792
14,55,7,67904056
4,50,7,67904137
13,60,3,67904662
0,51,3,67904728
3,50,3,67904757
25,43,5,67904874
3,40,5,67905344
16,45,5,67905606
1,49,0,67905729
15,47,7,67905871
2,45,0,67905925
1,50,0,67906015
4,45,6,67906079
13,63,6,67906170
47,13,6,67906271
24,49,6,67906398
14,42,5,67906690
24,47,3,67906777
1,50,5,67906904
3,43,5,67910850
0,53,6,67911525
3,41,6,67911539
3,40,3,67912029
3,42,0,67912329
2,47,0,67912551
1,47,3,67912553
9,41,4,67912593
2,46,5,67913590
28,2,5,67913693
49,14,5,67913701
25,42,5,67913727
24,42,6,67913729
0,52,3,67914621
14,42,0,67914684
1,50,6,67915112
5,43,5,67915223
2,44,3,67915540
1,49,6,67915621
1,48,3,67915973
1,51,0,67916089
5,43,0,67916236
0,53,3,67916549
0,54,6,67916591
13,62,3,67916815
1,51,5,67917480
49,15,6,67917600
2,46,0,67918050
1,52,0,67918859
3,43,0,67918924
3,54,3,67918989
5,43,6,67919324
2,48,5,67919334
17,62,5,67919774
17,63,6,67919776
3,42,6,67919779
8,41,6,67919823
2,25,3,67919898
1,51,6,67919970
1,26,4,67919992
6,42,5,67920199
5,41,3,67920207
1,49,3,67920325
48,51,5,67920359
2,47,5,67920539
5,50,4,67920729
25,42,6,67921486
46,40,5,67921827
2,45,3,67921972
1,50,3,67921998
12,41,5,67922155
16,54,6,67922187
8,49,5,67922207
2,46,3,67922285
2,48,0,67922386
0,54,3,67922576
2,47,6,67922645
47,37,5,67922670
2,46,6,67922798
15,51,4,67922900
17,61,5,67922969
17,62,6,67922971
13,21,5,67923086
3,43,6,67923309
3,44,0,67923480
5,41,6,67923518
4,52,5,67923556
44,40,6,67923663
14,62,5,67923756
13,60,6,67924139
1,53,5,67924495
4,41,5,67924830
16,47,0,67925045
13,63,0,67925211
16,47,6,67925348
6,41,0,67925653
20,61,4,67925742
5,42,3,67925992
0,45,6,67926032
2,49,5,67926088
9,11,0,67926370
5,48,3,67926489
44,41,0,67926551
8,54,0,67926717
1,53,0,67926846
25,42,3,67927280
3,55,6,67927283
1,51,3,67927384
25,43,6,67927855
1,54,5,67927926
3,42,3,67928093
45,39,5,67928109
2,49,0,67928169
14,59,5,67928234
13,59,6,67928236
15,60,7,67928320
3,45,5,67928659
26,41,5,67928784
4,51,0,67928914
25,44,6,67928922
62,50,1,67929059
16,44,7,67929210
2,48,6,67929406
6,42,6,67929468
5,43,3,67929656
25,40,6,67929808
16,52,5,67929903
25,44,3,67929966
16,44,5,67930150
16,45,6,67930151
16,48,6,67930520
46,36,6,67930651
48,49,3,67930687
45,41,0,67930765
42,40,1,67930863
45,41,6,67930886
14,43,6,67930916
0,44,3,67931104
26,43,5,67931179
45,41,4,67931394
15,44,6,67931400
2,40,6,67931417
2,47,3,67931532
4,40,5,67931545
3,40,6,67931547
26,42,5,67931550
1,53,6,67931569
4,42,5,67931638
1,54,0,67931744
14,45,0,67931970
3,45,0,67932222
25,43,3,67932286
21,61,3,67932508
45,39,3,67932527
2,50,5,67932804
45,40,5,67932867
9,41,6,67933164
46,40,0,67933201
16,48,3,67933339
26,44,0,67933366
16,47,3,67933401
4,53,6,67933514
14,42,6,67933581
2,49,6,67933783
1,55,5,67933813
48,46,5,67934157
6,42,0,67934252
2,50,0,67934515
6,49,0,67934546
42,42,4,67934794
46,42,6,67934842
46,40,5,67934926
47,46,6,67935135
46,40,3,67935406
41,41,7,67935422
48,45,5,67935744
4,43,5,67935844
3,46,5,67935898
48,51,6,67936133
26,43,0,67936163
47,37,6,67936191
1,52,3,67936208
47,41,5,67936339
17,45,5,67936527
5,46,3,67936594
18,61,5,67936688
3,45,6,67937000
46,40,6,67937010
10,54,3,67937159
17,40,0,67937199
50,14,5,67937409
49,14,6,67937412
3,48,5,67937432
3,46,0,67937528
62,59,6,67937765
21,63,6,67937814
21,63,0,67937850
4,41,6,67938331
57,35,4,67938631
4,42,6,67940112
6,41,6,67942434
1,54,6,67942730
51,16,6,67942975
1,53,3,67943760
14,63,6,67944269
2,51,0,67944281
14,63,0,67944476
3,47,5,67944620
49,50,0,67944637
1,55,0,67944765
2,48,3,67944770
6,46,7,67944776
18,62,5,67945007
18,63,6,67945010
3,47,6,67945086
3,48,0,67945163
1,54,3,67945244
6,41,3,67946128
4,40,3,67946161
4,44,5,67946174
3,44,3,67946305
5,40,0,67946380
2,52,5,67946635
15,62,5,67946813
16,45,7,67946818
2,50,6,67947536
4,43,0,67947687
2,49,3,67947699
1,55,6,67948003
3,47,0,67948253
3,46,6,67948304
2,52,0,67948775
11,54,0,67948821
2,50,3,67948878
17,47,5,67949099
6,42,3,67949149
5,55,7,67949204
3,45,3,67949269
17,44,4,67949447
14,61,3,67949610
0,25,7,67949814
18,62,6,67949955
15,61,0,67950079
49,55,3,67950271
3,49,5,67950307
10,41,6,67950443
2,53,0,67950534
7,41,0,67950734
15,42,5,67950949
4,43,6,67951151
7,41,5,67951266
4,45,5,67951485
3,46,3,67951570
1,63,6,67952019
46,41,6,67952055
14,49,6,67952097
2,51,3,67952970
17,55,5,67953038
5,41,5,67953338
5,55,5,67953483
3,48,6,67953590
26,43,6,67953798
2,54,5,67953885
47,40,5,67953986
17,47,0,67954022
49,48,3,67954099
2,53,5,67954338
17,55,6,67954551
4,44,6,67954556
5,42,5,67954595
6,44,6,67954776
17,48,5,67955102
48,44,7,67955235
3,49,0,67955272
2,52,6,67955318
50,14,6,67955585
5,41,0,67955621
5,40,5,67955844
4,40,6,67955846
2,54,0,67955896
